/* Generated by tools/nvshader.py from shader_setup_compact_small.cu.
 * Real sm_120 (Blackwell) machine code for shader_setup_compact_small, verified
 * against cuobjdump -sass.  Do not edit by hand. */
#ifndef KESTREL_SHADER_SHADER_SETUP_COMPACT_SMALL_H
#define KESTREL_SHADER_SHADER_SETUP_COMPACT_SMALL_H

static const unsigned int shader_setup_compact_small_sass_reg_count = 40;
static const unsigned int shader_setup_compact_small_sass_shared = 0;
static const unsigned int shader_setup_compact_small_sass_const0 = 980;

static const unsigned char shader_setup_compact_small_sass[22528] = {
    0x82, 0x7b, 0x01, 0xff, 0x00, 0xdf, 0x00, 0x00, 0x00, 0x08, 0x00, 0x00,
    0x00, 0xe2, 0x0f, 0x00, 0x19, 0x79, 0x02, 0x00, 0x00, 0x00, 0x00, 0x00,
    0x00, 0x21, 0x00, 0x00, 0x00, 0x2e, 0x0e, 0x00, 0xc3, 0x79, 0x04, 0x00,
    0x00, 0x00, 0x00, 0x00, 0x00, 0x25, 0x00, 0x00, 0x00, 0x22, 0x0e, 0x00,
    0x31, 0x74, 0x03, 0xff, 0x00, 0x00, 0x00, 0x00, 0xff, 0x01, 0x00, 0x00,
    0x00, 0xe2, 0x0f, 0x00, 0xac, 0x77, 0x06, 0xff, 0x00, 0x74, 0x00, 0x00,
    0x00, 0x0a, 0x00, 0x08, 0x00, 0x62, 0x0e, 0x00, 0x02, 0x72, 0x07, 0x00,
    0xff, 0x00, 0x00, 0x00, 0x00, 0x0f, 0x00, 0x00, 0x00, 0xca, 0x0f, 0x00,
    0x82, 0x7b, 0x05, 0xff, 0x00, 0xd8, 0x00, 0x00, 0x00, 0x08, 0x00, 0x00,
    0x00, 0x30, 0x0e, 0x00, 0x82, 0x7b, 0x06, 0xff, 0x00, 0xf4, 0x00, 0x00,
    0x00, 0x08, 0x00, 0x00, 0x00, 0xa2, 0x0e, 0x00, 0x25, 0x7c, 0x02, 0x05,
    0x04, 0x00, 0x00, 0x00, 0x02, 0x00, 0x8e, 0x0f, 0x00, 0xca, 0x1f, 0x00,
    0x0c, 0x72, 0x00, 0x02, 0x06, 0x00, 0x00, 0x00, 0x70, 0x60, 0xf1, 0x03,
    0x00, 0xe4, 0x4f, 0x00, 0x35, 0x78, 0x00, 0x06, 0xaa, 0xfa, 0xff, 0xff,
    0x00, 0x00, 0x8e, 0x07, 0x00, 0xca, 0x0f, 0x00, 0x0c, 0x78, 0x00, 0x00,
    0xab, 0xfa, 0xff, 0xff, 0x70, 0x14, 0x70, 0x00, 0x00, 0xca, 0x0f, 0x00,
    0x0c, 0x7c, 0x00, 0xff, 0x06, 0x00, 0x00, 0x00, 0x70, 0x24, 0x71, 0x08,
    0x00, 0xdc, 0x2f, 0x00, 0x4d, 0x09, 0x00, 0x00, 0x00, 0x00, 0x00, 0x00,
    0x00, 0x00, 0x80, 0x03, 0x00, 0xea, 0x0f, 0x00, 0xac, 0x77, 0x04, 0xff,
    0x00, 0x79, 0x00, 0x00, 0x00, 0x0a, 0x00, 0x08, 0x00, 0x22, 0x0e, 0x00,
    0x25, 0x78, 0x04, 0x06, 0x10, 0x00, 0x00, 0x00, 0xff, 0x00, 0x8e, 0x07,
    0x00, 0xca, 0x0f, 0x00, 0x0c, 0x7c, 0x00, 0x04, 0x04, 0x00, 0x00, 0x00,
    0x70, 0x40, 0xf1, 0x0b, 0x00, 0xdc, 0x1f, 0x00, 0x4d, 0x09, 0x00, 0x00,
    0x00, 0x00, 0x00, 0x00, 0x00, 0x00, 0x80, 0x03, 0x00, 0xea, 0x0f, 0x00,
    0xac, 0x77, 0x08, 0xff, 0x00, 0x70, 0x00, 0x00, 0x00, 0x0c, 0x00, 0x08,
    0x00, 0x22, 0x0e, 0x00, 0x82, 0x7b, 0x04, 0xff, 0x00, 0xe4, 0x00, 0x00,
    0x00, 0x0a, 0x00, 0x00, 0x00, 0x62, 0x0e, 0x00, 0xac, 0x77, 0x06, 0xff,
    0x00, 0x74, 0x00, 0x00, 0x00, 0x0a, 0x00, 0x08, 0x00, 0xa2, 0x0e, 0x00,
    0xac, 0x77, 0x04, 0xff, 0x00, 0x6b, 0x00, 0x00, 0x00, 0x0a, 0x00, 0x08,
    0x00, 0xec, 0x0e, 0x00, 0x82, 0x7b, 0x08, 0xff, 0x00, 0xe6, 0x00, 0x00,
    0x00, 0x0a, 0x00, 0x00, 0x00, 0x22, 0x0f, 0x00, 0x0c, 0x7c, 0x00, 0xff,
    0x0a, 0x00, 0x00, 0x00, 0x70, 0x50, 0xf1, 0x0b, 0x00, 0xcc, 0x1f, 0x00,
    0x0c, 0x7c, 0x00, 0xff, 0x08, 0x00, 0x00, 0x00, 0x70, 0x24, 0x71, 0x0c,
    0x00, 0xcc, 0x0f, 0x00, 0x0c, 0x72, 0x00, 0x04, 0xff, 0x00, 0x00, 0x00,
    0x70, 0x24, 0x71, 0x00, 0x00, 0xc6, 0x2f, 0x00, 0x11, 0x7c, 0x04, 0x02,
    0x06, 0x00, 0x00, 0x00, 0xff, 0x20, 0x82, 0x0f, 0x00, 0xc6, 0x4f, 0x00,
    0x0c, 0x72, 0x00, 0x08, 0xff, 0x00, 0x00, 0x00, 0x70, 0x24, 0x71, 0x00,
    0x00, 0xe4, 0x0f, 0x01, 0x31, 0x74, 0x09, 0xff, 0x05, 0x00, 0x00, 0x00,
    0xff, 0x01, 0x00, 0x00, 0x00, 0xe2, 0x0f, 0x00, 0x11, 0x7c, 0x05, 0x02,
    0x07, 0x00, 0x00, 0x00, 0x03, 0x24, 0x8f, 0x08, 0x00, 0xca, 0x0f, 0x00,
    0x86, 0x79, 0x00, 0x04, 0x09, 0x00, 0x00, 0x00, 0x04, 0x19, 0x10, 0x0c,
    0x00, 0xe8, 0x81, 0x00, 0x86, 0x79, 0x00, 0x04, 0xff, 0x04, 0x00, 0x00,
    0x04, 0x19, 0x10, 0x0c, 0x00, 0xe8, 0x03, 0x00, 0x86, 0x79, 0x00, 0x04,
    0xff, 0x08, 0x00, 0x00, 0x04, 0x19, 0x10, 0x0c, 0x00, 0xe8, 0x03, 0x00,
    0x86, 0x79, 0x00, 0x04, 0xff, 0x0c, 0x00, 0x00, 0x04, 0x19, 0x10, 0x0c,
    0x00, 0xe2, 0x03, 0x00, 0x4d, 0x09, 0x00, 0x00, 0x00, 0x00, 0x00, 0x00,
    0x00, 0x00, 0x80, 0x03, 0x00, 0xea, 0x0f, 0x00, 0xac, 0x77, 0x06, 0xff,
    0x00, 0x75, 0x00, 0x00, 0x00, 0x0a, 0x00, 0x08, 0x00, 0xa2, 0x0e, 0x00,
    0x25, 0x78, 0x08, 0x06, 0x00, 0x12, 0x00, 0x00, 0xff, 0x00, 0x8e, 0x07,
    0x00, 0xca, 0x1f, 0x00, 0x0c, 0x7c, 0x00, 0x08, 0x06, 0x00, 0x00, 0x00,
    0x70, 0x40, 0xf1, 0x0b, 0x00, 0xdc, 0x4f, 0x00, 0x4d, 0x09, 0x00, 0x00,
    0x00, 0x00, 0x00, 0x00, 0x00, 0x00, 0x80, 0x03, 0x00, 0xea, 0x0f, 0x00,
    0xac, 0x77, 0x06, 0xff, 0x00, 0x76, 0x00, 0x00, 0x00, 0x0a, 0x00, 0x08,
    0x00, 0x22, 0x0e, 0x00, 0x25, 0x78, 0x06, 0x06, 0x88, 0x00, 0x00, 0x00,
    0xff, 0x00, 0x8e, 0x07, 0x00, 0xca, 0x0f, 0x00, 0x0c, 0x7c, 0x00, 0x06,
    0x06, 0x00, 0x00, 0x00, 0x70, 0x40, 0xf1, 0x0b, 0x00, 0xdc, 0x1f, 0x00,
    0x4d, 0x09, 0x00, 0x00, 0x00, 0x00, 0x00, 0x00, 0x00, 0x00, 0x80, 0x03,
    0x00, 0xea, 0x0f, 0x00, 0x82, 0x7b, 0x08, 0xff, 0x00, 0xe2, 0x00, 0x00,
    0x00, 0x0a, 0x00, 0x00, 0x00, 0x22, 0x0e, 0x00, 0x31, 0x74, 0x15, 0xff,
    0x00, 0x00, 0x00, 0x00, 0xff, 0x01, 0x00, 0x00, 0x00, 0xe2, 0x0f, 0x00,
    0x02, 0x72, 0x0b, 0x00, 0xff, 0x00, 0x00, 0x00, 0x00, 0x0f, 0x00, 0x00,
    0x00, 0xe2, 0x0f, 0x00, 0x02, 0x72, 0x00, 0x00, 0xff, 0x00, 0x00, 0x00,
    0x00, 0x0f, 0x00, 0x00, 0x00, 0xe2, 0x0f, 0x00, 0xac, 0x77, 0x0a, 0xff,
    0x00, 0x7a, 0x00, 0x00, 0x00, 0x08, 0x00, 0x08, 0x00, 0xac, 0x2e, 0x00,
    0x25, 0x78, 0x06, 0x0b, 0x88, 0x00, 0x00, 0x00, 0x08, 0x00, 0x8e, 0x07,
    0x00, 0xca, 0x1f, 0x00, 0x81, 0x79, 0x0c, 0x06, 0x04, 0x04, 0x00, 0x00,
    0x00, 0x19, 0x1e, 0x0c, 0x00, 0xe8, 0x0e, 0x00, 0x81, 0x79, 0x0a, 0x06,
    0x04, 0x00, 0x00, 0x00, 0x00, 0x19, 0x1e, 0x0c, 0x00, 0x22, 0x0f, 0x00,
    0x0c, 0x78, 0x00, 0x0c, 0x09, 0x00, 0x00, 0x00, 0x70, 0x60, 0xf0, 0x03,
    0x00, 0xca, 0x8f, 0x00, 0x0c, 0x78, 0x00, 0x0a, 0x01, 0x00, 0x00, 0x00,
    0x70, 0x20, 0x70, 0x04, 0x00, 0xda, 0x0f, 0x01, 0x47, 0x89, 0xf0, 0x00,
    0x50, 0x00, 0x00, 0x00, 0x00, 0x00, 0x80, 0x03, 0x00, 0xea, 0x0f, 0x00,
    0x0c, 0x72, 0x00, 0x0b, 0x02, 0x00, 0x00, 0x00, 0x70, 0x60, 0xf0, 0x03,
    0x00, 0xe2, 0x0f, 0x04, 0x35, 0x78, 0x0b, 0x0b, 0x01, 0x00, 0x00, 0x00,
    0x00, 0x00, 0x8e, 0x07, 0x00, 0xe2, 0x0f, 0x00, 0x35, 0x72, 0x15, 0x0c,
    0x15, 0x00, 0x00, 0x00, 0x00, 0x00, 0x8e, 0x07, 0x00, 0xc6, 0x0f, 0x00,
    0x07, 0x72, 0x07, 0x0c, 0xff, 0x00, 0x00, 0x00, 0x00, 0x00, 0x00, 0x04,
    0x00, 0xe2, 0x0f, 0x00, 0x0c, 0x7c, 0x00, 0x0b, 0x0a, 0x00, 0x00, 0x00,
    0x70, 0x50, 0xf2, 0x0b, 0x00, 0xc8, 0x4f, 0x00, 0x35, 0x72, 0x00, 0x07,
    0x00, 0x00, 0x00, 0x00, 0x00, 0x00, 0x8e, 0x07, 0x00, 0xd2, 0x0f, 0x00,
    0x47, 0x19, 0xcc, 0x00, 0xfc, 0xff, 0xff, 0xff, 0xff, 0xff, 0x83, 0x03,
    0x00, 0xea, 0x0f, 0x00, 0xac, 0x77, 0x06, 0xff, 0x00, 0x78, 0x00, 0x00,
    0x00, 0x0a, 0x00, 0x08, 0x00, 0x22, 0x0e, 0x00, 0x25, 0x78, 0x06, 0x15,
    0x10, 0x00, 0x00, 0x00, 0xff, 0x00, 0x8e, 0x07, 0x00, 0xe2, 0x0f, 0x00,
    0xac, 0x77, 0x08, 0xff, 0x00, 0x77, 0x00, 0x00, 0x00, 0x0a, 0x00, 0x08,
    0x00, 0x68, 0x0e, 0x00, 0x0c, 0x7c, 0x00, 0x06, 0x06, 0x00, 0x00, 0x00,
    0x70, 0x40, 0xf1, 0x0b, 0x00, 0xe4, 0x1f, 0x00, 0x25, 0x78, 0x06, 0x15,
    0x40, 0x02, 0x00, 0x00, 0xff, 0x00, 0x8e, 0x07, 0x00, 0xca, 0x0f, 0x00,
    0x0c, 0x7c, 0x00, 0x06, 0x08, 0x00, 0x00, 0x00, 0x70, 0x44, 0x71, 0x08,
    0x00, 0xdc, 0x2f, 0x00, 0x4d, 0x09, 0x00, 0x00, 0x00, 0x00, 0x00, 0x00,
    0x00, 0x00, 0x80, 0x03, 0x00, 0xea, 0x0f, 0x00, 0x25, 0x78, 0x06, 0x02,
    0x88, 0x00, 0x00, 0x00, 0x08, 0x00, 0x8e, 0x07, 0x00, 0xc8, 0x0f, 0x00,
    0x24, 0x78, 0x09, 0x03, 0x88, 0x00, 0x00, 0x00, 0xff, 0x02, 0x8e, 0x07,
    0x00, 0xca, 0x0f, 0x00, 0x35, 0x72, 0x07, 0x07, 0x09, 0x00, 0x00, 0x00,
    0x00, 0x00, 0x8e, 0x07, 0x00, 0xca, 0x0f, 0x00, 0x81, 0x79, 0x17, 0x06,
    0x04, 0x04, 0x00, 0x00, 0x00, 0x19, 0x1e, 0x0c, 0x00, 0xa2, 0x0e, 0x00,
    0x35, 0x72, 0x08, 0x15, 0x00, 0x00, 0x00, 0x80, 0x00, 0x00, 0x8e, 0x07,
    0x00, 0xca, 0x0f, 0x00, 0x0c, 0x72, 0x00, 0x17, 0x08, 0x00, 0x00, 0x00,
    0x70, 0x40, 0xf0, 0x03, 0x00, 0xca, 0x4f, 0x00, 0x0c, 0x72, 0x00, 0x15,
    0x00, 0x00, 0x00, 0x00, 0x70, 0x14, 0x70, 0x00, 0x00, 0xda, 0x0f, 0x00,
    0x4d, 0x09, 0x00, 0x00, 0x00, 0x00, 0x00, 0x00, 0x00, 0x00, 0x80, 0x03,
    0x00, 0xea, 0x0f, 0x00, 0x0c, 0x72, 0x00, 0x17, 0xff, 0x00, 0x00, 0x00,
    0x70, 0x50, 0xf0, 0x03, 0x00, 0xe2, 0x0f, 0x00, 0x45, 0x79, 0x00, 0x00,
    0xb0, 0x51, 0x00, 0x00, 0x00, 0x02, 0x80, 0x03, 0x00, 0xd8, 0x0f, 0x00,
    0x47, 0x89, 0x60, 0x00, 0x50, 0x00, 0x00, 0x00, 0x00, 0x00, 0x80, 0x03,
    0x00, 0xea, 0x0f, 0x00, 0x82, 0x7b, 0x08, 0xff, 0x00, 0xe0, 0x00, 0x00,
    0x00, 0x0a, 0x00, 0x00, 0x00, 0x22, 0x0e, 0x00, 0x31, 0x74, 0x0d, 0xff,
    0x00, 0x00, 0x00, 0x00, 0xff, 0x01, 0x00, 0x00, 0x00, 0xe2, 0x0f, 0x00,
    0x45, 0x79, 0x01, 0x00, 0x90, 0x02, 0x00, 0x00, 0x00, 0x02, 0x80, 0x03,
    0x00, 0xec, 0x0f, 0x00, 0x25, 0x78, 0x0a, 0x0d, 0x10, 0x00, 0x00, 0x00,
    0x06, 0x00, 0x8e, 0x07, 0x00, 0xca, 0x0f, 0x00, 0x81, 0x79, 0x0f, 0x0a,
    0x04, 0x08, 0x00, 0x00, 0x00, 0x19, 0x1e, 0x0c, 0x00, 0xa4, 0x0e, 0x00,
    0x0c, 0x72, 0x00, 0x0f, 0xff, 0x00, 0x00, 0x00, 0x70, 0x62, 0xf0, 0x03,
    0x00, 0xda, 0x4f, 0x00, 0x47, 0x89, 0x64, 0x00, 0x50, 0x00, 0x00, 0x00,
    0x00, 0x00, 0x80, 0x03, 0x00, 0xea, 0x0f, 0x00, 0x81, 0x79, 0x10, 0x0a,
    0x04, 0x0c, 0x00, 0x00, 0x00, 0x19, 0x1e, 0x0c, 0x00, 0xa4, 0x0e, 0x00,
    0x0c, 0x72, 0x00, 0x10, 0xff, 0x00, 0x00, 0x00, 0x70, 0x62, 0xf0, 0x03,
    0x00, 0xda, 0x4f, 0x00, 0x47, 0x89, 0x58, 0x00, 0x50, 0x00, 0x00, 0x00,
    0x00, 0x00, 0x80, 0x03, 0x00, 0xea, 0x0f, 0x00, 0x81, 0x79, 0x11, 0x0a,
    0x04, 0x10, 0x00, 0x00, 0x00, 0x19, 0x1e, 0x0c, 0x00, 0xa4, 0x0e, 0x00,
    0x0c, 0x78, 0x00, 0x11, 0x01, 0x00, 0x00, 0x00, 0x70, 0x62, 0xf0, 0x03,
    0x00, 0xda, 0x4f, 0x00, 0x47, 0x89, 0x4c, 0x00, 0x50, 0x00, 0x00, 0x00,
    0x00, 0x00, 0x80, 0x03, 0x00, 0xea, 0x0f, 0x00, 0x81, 0x79, 0x13, 0x0a,
    0x04, 0x14, 0x00, 0x00, 0x00, 0x19, 0x1e, 0x0c, 0x00, 0xa2, 0x0e, 0x00,
    0x35, 0x78, 0x0e, 0x0f, 0x00, 0x80, 0x00, 0x00, 0x00, 0x01, 0x8e, 0x07,
    0x00, 0xe2, 0x0f, 0x04, 0x48, 0x72, 0x0c, 0x0f, 0x10, 0x00, 0x00, 0x00,
    0x00, 0x00, 0xfe, 0x07, 0x00, 0xc8, 0x0f, 0x00, 0x0c, 0x72, 0x00, 0x11,
    0x0e, 0x00, 0x00, 0x00, 0x70, 0x40, 0xf0, 0x03, 0x00, 0xca, 0x0f, 0x00,
    0x0c, 0x78, 0x00, 0x0c, 0xff, 0x7f, 0x00, 0x00, 0x70, 0x44, 0x70, 0x00,
    0x00, 0xe2, 0x0f, 0x00, 0x35, 0x78, 0x0c, 0x10, 0x00, 0x80, 0x00, 0x00,
    0x00, 0x01, 0x8e, 0x07, 0x00, 0xc8, 0x0f, 0x00, 0x0c, 0x78, 0x00, 0x13,
    0x01, 0x00, 0x00, 0x00, 0x70, 0x16, 0x70, 0x00, 0x00, 0xca, 0x4f, 0x00,
    0x0c, 0x72, 0x00, 0x13, 0x0c, 0x00, 0x00, 0x00, 0x70, 0x44, 0x70, 0x00,
    0x00, 0xda, 0x0f, 0x00, 0x47, 0x09, 0x28, 0x00, 0x50, 0x00, 0x00, 0x00,
    0x00, 0x00, 0x80, 0x03, 0x00, 0xea, 0x0f, 0x00, 0x24, 0x78, 0x0b, 0x02,
    0x08, 0x00, 0x00, 0x00, 0x0d, 0x02, 0x8e, 0x07, 0x00, 0xc8, 0x0f, 0x00,
    0x25, 0x78, 0x0a, 0x0b, 0x40, 0x02, 0x00, 0x00, 0x08, 0x00, 0x8e, 0x07,
    0x00, 0xca, 0x1f, 0x00, 0x81, 0x79, 0x0c, 0x0a, 0x04, 0x78, 0x00, 0x00,
    0x00, 0x19, 0x1e, 0x0c, 0x00, 0xa4, 0x0e, 0x00, 0x0c, 0x72, 0x00, 0x0c,
    0x0f, 0x00, 0x00, 0x00, 0x70, 0x50, 0xf0, 0x03, 0x00, 0xda, 0x4f, 0x00,
    0x47, 0x09, 0x14, 0x00, 0x50, 0x00, 0x00, 0x00, 0x00, 0x00, 0x80, 0x03,
    0x00, 0xea, 0x0f, 0x00, 0x81, 0x79, 0x0c, 0x0a, 0x04, 0x7c, 0x00, 0x00,
    0x00, 0x19, 0x1e, 0x0c, 0x00, 0xa4, 0x0e, 0x00, 0x0c, 0x72, 0x00, 0x0c,
    0x10, 0x00, 0x00, 0x00, 0x70, 0x50, 0xf0, 0x03, 0x00, 0xda, 0x4f, 0x00,
    0x47, 0x09, 0x08, 0x00, 0x50, 0x00, 0x00, 0x00, 0x00, 0x00, 0x80, 0x03,
    0x00, 0xea, 0x0f, 0x00, 0x81, 0x79, 0x0c, 0x0a, 0x04, 0x80, 0x00, 0x00,
    0x00, 0x19, 0x1e, 0x0c, 0x00, 0xa4, 0x0e, 0x00, 0x0c, 0x72, 0x00, 0x0c,
    0x11, 0x00, 0x00, 0x00, 0x70, 0x50, 0xf0, 0x03, 0x00, 0xda, 0x4f, 0x00,
    0x47, 0x09, 0xfc, 0x00, 0x4c, 0x00, 0x00, 0x00, 0x00, 0x00, 0x80, 0x03,
    0x00, 0xea, 0x0f, 0x00, 0x81, 0x79, 0x0c, 0x0a, 0x04, 0x84, 0x00, 0x00,
    0x00, 0x19, 0x1e, 0x0c, 0x00, 0xa4, 0x0e, 0x00, 0x0c, 0x72, 0x00, 0x0c,
    0x13, 0x00, 0x00, 0x00, 0x70, 0x50, 0xf0, 0x03, 0x00, 0xda, 0x4f, 0x00,
    0x47, 0x09, 0xf0, 0x00, 0x4c, 0x00, 0x00, 0x00, 0x00, 0x00, 0x80, 0x03,
    0x00, 0xea, 0x0f, 0x00, 0x81, 0x79, 0x0a, 0x0a, 0x04, 0x88, 0x00, 0x00,
    0x00, 0x19, 0x1e, 0x0c, 0x00, 0xa4, 0x0e, 0x00, 0x0c, 0x78, 0x00, 0x0a,
    0x10, 0x00, 0x00, 0x00, 0x70, 0x60, 0xf0, 0x03, 0x00, 0xda, 0x4f, 0x00,
    0x47, 0x09, 0xe4, 0x00, 0x4c, 0x00, 0x00, 0x00, 0x00, 0x00, 0x80, 0x03,
    0x00, 0xea, 0x0f, 0x00, 0x35, 0x78, 0x0d, 0x0d, 0x01, 0x00, 0x00, 0x00,
    0x00, 0x00, 0x8e, 0x07, 0x00, 0xca, 0x0f, 0x00, 0x0c, 0x72, 0x00, 0x0d,
    0x17, 0x00, 0x00, 0x00, 0x70, 0x50, 0xf0, 0x03, 0x00, 0xda, 0x0f, 0x00,
    0x47, 0x09, 0x64, 0x00, 0xfc, 0xff, 0xff, 0xff, 0xff, 0xff, 0x83, 0x03,
    0x00, 0xea, 0x0f, 0x00, 0x18, 0x79, 0x00, 0x00, 0x00, 0x00, 0x00, 0x00,
    0x00, 0x00, 0x00, 0x00, 0x00, 0xe2, 0x0f, 0x00, 0x41, 0x79, 0x01, 0x00,
    0x00, 0x00, 0x00, 0x00, 0x00, 0x02, 0x80, 0x03, 0x00, 0xea, 0x0f, 0x00,
    0x0c, 0x78, 0x00, 0x17, 0x04, 0x00, 0x00, 0x00, 0x70, 0x60, 0xf0, 0x03,
    0x00, 0xe2, 0x0f, 0x04, 0x45, 0x79, 0x01, 0x00, 0x90, 0x4c, 0x00, 0x00,
    0x00, 0x01, 0x80, 0x03, 0x00, 0xe2, 0x0f, 0x00, 0x12, 0x78, 0x14, 0x17,
    0x03, 0x00, 0x00, 0x00, 0xff, 0xc0, 0x8e, 0x07, 0x00, 0xe2, 0x0f, 0x00,
    0x02, 0x72, 0x19, 0x00, 0xff, 0x00, 0x00, 0x00, 0x00, 0x0f, 0x00, 0x00,
    0x00, 0xd4, 0x0f, 0x00, 0x47, 0x89, 0x10, 0x00, 0x4c, 0x00, 0x00, 0x00,
    0x00, 0x00, 0x80, 0x03, 0x00, 0xea, 0x0f, 0x00, 0x31, 0x74, 0x19, 0xff,
    0x00, 0x00, 0x00, 0x00, 0xff, 0x01, 0x00, 0x00, 0x00, 0xe2, 0x0f, 0x00,
    0x45, 0x79, 0x02, 0x00, 0xf0, 0x4b, 0x00, 0x00, 0x00, 0x02, 0x80, 0x03,
    0x00, 0xe2, 0x0f, 0x00, 0x12, 0x78, 0x16, 0x17, 0xfc, 0xff, 0xff, 0xff,
    0xff, 0xc0, 0x8e, 0x07, 0x00, 0xe2, 0x0f, 0x00, 0x02, 0x72, 0x1b, 0x00,
    0xff, 0x00, 0x00, 0x00, 0x00, 0x0f, 0x00, 0x00, 0x00, 0xce, 0x0f, 0x00,
    0x24, 0x78, 0x21, 0x02, 0x08, 0x00, 0x00, 0x00, 0x19, 0x02, 0x8e, 0x07,
    0x00, 0xe2, 0x2f, 0x00, 0x82, 0x7b, 0x0c, 0xff, 0x00, 0xe4, 0x00, 0x00,
    0x00, 0x0a, 0x00, 0x00, 0x00, 0x26, 0x1e, 0x00, 0x25, 0x78, 0x22, 0x21,
    0x40, 0x02, 0x00, 0x00, 0x08, 0x00, 0x8e, 0x07, 0x00, 0xca, 0x4f, 0x00,
    0x81, 0x79, 0x0b, 0x22, 0x04, 0x00, 0x00, 0x00, 0x00, 0x19, 0x1e, 0x0c,
    0x00, 0xa2, 0x8e, 0x00, 0x35, 0x72, 0x1d, 0x00, 0x19, 0x00, 0x00, 0x00,
    0x00, 0x00, 0x8e, 0x07, 0x00, 0xca, 0x0f, 0x00, 0x25, 0x78, 0x1e, 0x1d,
    0x40, 0x02, 0x00, 0x00, 0x0c, 0x00, 0x8e, 0x07, 0x00, 0xca, 0x1f, 0x00,
    0x86, 0x79, 0x00, 0x1e, 0x0b, 0x00, 0x00, 0x00, 0x04, 0x19, 0x10, 0x0c,
    0x00, 0xe8, 0x41, 0x00, 0x81, 0x79, 0x0f, 0x22, 0x04, 0x04, 0x00, 0x00,
    0x00, 0x19, 0x1e, 0x0c, 0x00, 0xa8, 0x0e, 0x00, 0x86, 0x79, 0x00, 0x1e,
    0x0f, 0x04, 0x00, 0x00, 0x04, 0x19, 0x10, 0x0c, 0x00, 0xe8, 0x43, 0x00,
    0x81, 0x79, 0x11, 0x22, 0x04, 0x08, 0x00, 0x00, 0x00, 0x19, 0x1e, 0x0c,
    0x00, 0xa8, 0x0e, 0x00, 0x86, 0x79, 0x00, 0x1e, 0x11, 0x08, 0x00, 0x00,
    0x04, 0x19, 0x10, 0x0c, 0x00, 0xe8, 0x45, 0x00, 0x81, 0x79, 0x13, 0x22,
    0x04, 0x0c, 0x00, 0x00, 0x00, 0x19, 0x1e, 0x0c, 0x00, 0xe8, 0x0e, 0x00,
    0x86, 0x79, 0x00, 0x1e, 0x13, 0x0c, 0x00, 0x00, 0x04, 0x19, 0x10, 0x0c,
    0x00, 0xe8, 0x87, 0x00, 0x81, 0x79, 0x25, 0x22, 0x04, 0x10, 0x00, 0x00,
    0x00, 0x19, 0x1e, 0x0c, 0x00, 0x28, 0x0f, 0x00, 0x86, 0x79, 0x00, 0x1e,
    0x25, 0x10, 0x00, 0x00, 0x04, 0x19, 0x10, 0x0c, 0x00, 0xe8, 0x09, 0x01,
    0x81, 0x79, 0x0a, 0x22, 0x04, 0x14, 0x00, 0x00, 0x00, 0x19, 0x1e, 0x0c,
    0x00, 0x68, 0x0f, 0x00, 0x86, 0x79, 0x00, 0x1e, 0x0a, 0x14, 0x00, 0x00,
    0x04, 0x19, 0x10, 0x0c, 0x00, 0xe8, 0x0b, 0x02, 0x81, 0x79, 0x0b, 0x22,
    0x04, 0x18, 0x00, 0x00, 0x00, 0x19, 0x1e, 0x0c, 0x00, 0xa8, 0x1e, 0x00,
    0x86, 0x79, 0x00, 0x1e, 0x0b, 0x18, 0x00, 0x00, 0x04, 0x19, 0x10, 0x0c,
    0x00, 0xe8, 0x41, 0x00, 0x81, 0x79, 0x0f, 0x22, 0x04, 0x1c, 0x00, 0x00,
    0x00, 0x19, 0x1e, 0x0c, 0x00, 0xa8, 0x2e, 0x00, 0x86, 0x79, 0x00, 0x1e,
    0x0f, 0x1c, 0x00, 0x00, 0x04, 0x19, 0x10, 0x0c, 0x00, 0xe8, 0x43, 0x00,
    0x81, 0x79, 0x11, 0x22, 0x04, 0x20, 0x00, 0x00, 0x00, 0x19, 0x1e, 0x0c,
    0x00, 0xa8, 0x0e, 0x00, 0x86, 0x79, 0x00, 0x1e, 0x11, 0x20, 0x00, 0x00,
    0x04, 0x19, 0x10, 0x0c, 0x00, 0xe8, 0x45, 0x00, 0x81, 0x79, 0x13, 0x22,
    0x04, 0x24, 0x00, 0x00, 0x00, 0x19, 0x1e, 0x0c, 0x00, 0xe8, 0x8e, 0x00,
    0x86, 0x79, 0x00, 0x1e, 0x13, 0x24, 0x00, 0x00, 0x04, 0x19, 0x10, 0x0c,
    0x00, 0xe8, 0x87, 0x00, 0x81, 0x79, 0x25, 0x22, 0x04, 0x28, 0x00, 0x00,
    0x00, 0x19, 0x1e, 0x0c, 0x00, 0x28, 0x0f, 0x01, 0x86, 0x79, 0x00, 0x1e,
    0x25, 0x28, 0x00, 0x00, 0x04, 0x19, 0x10, 0x0c, 0x00, 0xe8, 0x09, 0x01,
    0x81, 0x79, 0x0a, 0x22, 0x04, 0x2c, 0x00, 0x00, 0x00, 0x19, 0x1e, 0x0c,
    0x00, 0x68, 0x0f, 0x02, 0x86, 0x79, 0x00, 0x1e, 0x0a, 0x2c, 0x00, 0x00,
    0x04, 0x19, 0x10, 0x0c, 0x00, 0xe8, 0x0b, 0x02, 0x81, 0x79, 0x0b, 0x22,
    0x04, 0x30, 0x00, 0x00, 0x00, 0x19, 0x1e, 0x0c, 0x00, 0xa8, 0x1e, 0x00,
    0x86, 0x79, 0x00, 0x1e, 0x0b, 0x30, 0x00, 0x00, 0x04, 0x19, 0x10, 0x0c,
    0x00, 0xe8, 0x41, 0x00, 0x81, 0x79, 0x0f, 0x22, 0x04, 0x34, 0x00, 0x00,
    0x00, 0x19, 0x1e, 0x0c, 0x00, 0xa8, 0x2e, 0x00, 0x86, 0x79, 0x00, 0x1e,
    0x0f, 0x34, 0x00, 0x00, 0x04, 0x19, 0x10, 0x0c, 0x00, 0xe8, 0x43, 0x00,
    0x81, 0x79, 0x11, 0x22, 0x04, 0x38, 0x00, 0x00, 0x00, 0x19, 0x1e, 0x0c,
    0x00, 0xa8, 0x0e, 0x00, 0x86, 0x79, 0x00, 0x1e, 0x11, 0x38, 0x00, 0x00,
    0x04, 0x19, 0x10, 0x0c, 0x00, 0xe8, 0x45, 0x00, 0x81, 0x79, 0x13, 0x22,
    0x04, 0x3c, 0x00, 0x00, 0x00, 0x19, 0x1e, 0x0c, 0x00, 0xe8, 0x8e, 0x00,
    0x86, 0x79, 0x00, 0x1e, 0x13, 0x3c, 0x00, 0x00, 0x04, 0x19, 0x10, 0x0c,
    0x00, 0xe8, 0x87, 0x00, 0x81, 0x79, 0x25, 0x22, 0x04, 0x40, 0x00, 0x00,
    0x00, 0x19, 0x1e, 0x0c, 0x00, 0x28, 0x0f, 0x01, 0x86, 0x79, 0x00, 0x1e,
    0x25, 0x40, 0x00, 0x00, 0x04, 0x19, 0x10, 0x0c, 0x00, 0xe8, 0x09, 0x01,
    0x81, 0x79, 0x0a, 0x22, 0x04, 0x44, 0x00, 0x00, 0x00, 0x19, 0x1e, 0x0c,
    0x00, 0x68, 0x0f, 0x02, 0x86, 0x79, 0x00, 0x1e, 0x0a, 0x44, 0x00, 0x00,
    0x04, 0x19, 0x10, 0x0c, 0x00, 0xe8, 0x0b, 0x02, 0x81, 0x79, 0x0b, 0x22,
    0x04, 0x48, 0x00, 0x00, 0x00, 0x19, 0x1e, 0x0c, 0x00, 0xa8, 0x1e, 0x00,
    0x86, 0x79, 0x00, 0x1e, 0x0b, 0x48, 0x00, 0x00, 0x04, 0x19, 0x10, 0x0c,
    0x00, 0xe8, 0x41, 0x00, 0x81, 0x79, 0x0f, 0x22, 0x04, 0x4c, 0x00, 0x00,
    0x00, 0x19, 0x1e, 0x0c, 0x00, 0xa8, 0x2e, 0x00, 0x86, 0x79, 0x00, 0x1e,
    0x0f, 0x4c, 0x00, 0x00, 0x04, 0x19, 0x10, 0x0c, 0x00, 0xe8, 0x43, 0x00,
    0x81, 0x79, 0x11, 0x22, 0x04, 0x50, 0x00, 0x00, 0x00, 0x19, 0x1e, 0x0c,
    0x00, 0xa8, 0x0e, 0x00, 0x86, 0x79, 0x00, 0x1e, 0x11, 0x50, 0x00, 0x00,
    0x04, 0x19, 0x10, 0x0c, 0x00, 0xe8, 0x45, 0x00, 0x81, 0x79, 0x13, 0x22,
    0x04, 0x54, 0x00, 0x00, 0x00, 0x19, 0x1e, 0x0c, 0x00, 0xe8, 0x8e, 0x00,
    0x86, 0x79, 0x00, 0x1e, 0x13, 0x54, 0x00, 0x00, 0x04, 0x19, 0x10, 0x0c,
    0x00, 0xe8, 0x87, 0x00, 0x81, 0x79, 0x25, 0x22, 0x04, 0x58, 0x00, 0x00,
    0x00, 0x19, 0x1e, 0x0c, 0x00, 0x28, 0x0f, 0x01, 0x86, 0x79, 0x00, 0x1e,
    0x25, 0x58, 0x00, 0x00, 0x04, 0x19, 0x10, 0x0c, 0x00, 0xe8, 0x09, 0x01,
    0x81, 0x79, 0x0a, 0x22, 0x04, 0x5c, 0x00, 0x00, 0x00, 0x19, 0x1e, 0x0c,
    0x00, 0x68, 0x0f, 0x02, 0x86, 0x79, 0x00, 0x1e, 0x0a, 0x5c, 0x00, 0x00,
    0x04, 0x19, 0x10, 0x0c, 0x00, 0xe8, 0x0b, 0x02, 0x81, 0x79, 0x0b, 0x22,
    0x04, 0x60, 0x00, 0x00, 0x00, 0x19, 0x1e, 0x0c, 0x00, 0xa8, 0x1e, 0x00,
    0x86, 0x79, 0x00, 0x1e, 0x0b, 0x60, 0x00, 0x00, 0x04, 0x19, 0x10, 0x0c,
    0x00, 0xe8, 0x41, 0x00, 0x81, 0x79, 0x0f, 0x22, 0x04, 0x64, 0x00, 0x00,
    0x00, 0x19, 0x1e, 0x0c, 0x00, 0xa8, 0x2e, 0x00, 0x86, 0x79, 0x00, 0x1e,
    0x0f, 0x64, 0x00, 0x00, 0x04, 0x19, 0x10, 0x0c, 0x00, 0xe8, 0x43, 0x00,
    0x81, 0x79, 0x11, 0x22, 0x04, 0x68, 0x00, 0x00, 0x00, 0x19, 0x1e, 0x0c,
    0x00, 0xa8, 0x0e, 0x00, 0x86, 0x79, 0x00, 0x1e, 0x11, 0x68, 0x00, 0x00,
    0x04, 0x19, 0x10, 0x0c, 0x00, 0xe8, 0x45, 0x00, 0x81, 0x79, 0x13, 0x22,
    0x04, 0x6c, 0x00, 0x00, 0x00, 0x19, 0x1e, 0x0c, 0x00, 0xe8, 0x8e, 0x00,
    0x86, 0x79, 0x00, 0x1e, 0x13, 0x6c, 0x00, 0x00, 0x04, 0x19, 0x10, 0x0c,
    0x00, 0xe8, 0x87, 0x00, 0x81, 0x79, 0x25, 0x22, 0x04, 0x70, 0x00, 0x00,
    0x00, 0x19, 0x1e, 0x0c, 0x00, 0x28, 0x0f, 0x01, 0x86, 0x79, 0x00, 0x1e,
    0x25, 0x70, 0x00, 0x00, 0x04, 0x19, 0x10, 0x0c, 0x00, 0xe8, 0x09, 0x01,
    0x81, 0x79, 0x0a, 0x22, 0x04, 0x74, 0x00, 0x00, 0x00, 0x19, 0x1e, 0x0c,
    0x00, 0x68, 0x0f, 0x02, 0x86, 0x79, 0x00, 0x1e, 0x0a, 0x74, 0x00, 0x00,
    0x04, 0x19, 0x10, 0x0c, 0x00, 0xe8, 0x0b, 0x02, 0x81, 0x79, 0x0b, 0x22,
    0x04, 0x78, 0x00, 0x00, 0x00, 0x19, 0x1e, 0x0c, 0x00, 0xa8, 0x1e, 0x00,
    0x86, 0x79, 0x00, 0x1e, 0x0b, 0x78, 0x00, 0x00, 0x04, 0x19, 0x10, 0x0c,
    0x00, 0xe8, 0x41, 0x00, 0x81, 0x79, 0x0f, 0x22, 0x04, 0x7c, 0x00, 0x00,
    0x00, 0x19, 0x1e, 0x0c, 0x00, 0xa8, 0x2e, 0x00, 0x86, 0x79, 0x00, 0x1e,
    0x0f, 0x7c, 0x00, 0x00, 0x04, 0x19, 0x10, 0x0c, 0x00, 0xe8, 0x43, 0x00,
    0x81, 0x79, 0x11, 0x22, 0x04, 0x80, 0x00, 0x00, 0x00, 0x19, 0x1e, 0x0c,
    0x00, 0xa8, 0x0e, 0x00, 0x86, 0x79, 0x00, 0x1e, 0x11, 0x80, 0x00, 0x00,
    0x04, 0x19, 0x10, 0x0c, 0x00, 0xe8, 0x45, 0x00, 0x81, 0x79, 0x13, 0x22,
    0x04, 0x84, 0x00, 0x00, 0x00, 0x19, 0x1e, 0x0c, 0x00, 0xe8, 0x8e, 0x00,
    0x86, 0x79, 0x00, 0x1e, 0x13, 0x84, 0x00, 0x00, 0x04, 0x19, 0x10, 0x0c,
    0x00, 0xe8, 0x87, 0x00, 0x81, 0x79, 0x25, 0x22, 0x04, 0x88, 0x00, 0x00,
    0x00, 0x19, 0x1e, 0x0c, 0x00, 0x28, 0x0f, 0x01, 0x86, 0x79, 0x00, 0x1e,
    0x25, 0x88, 0x00, 0x00, 0x04, 0x19, 0x10, 0x0c, 0x00, 0xe8, 0x09, 0x01,
    0x81, 0x79, 0x0a, 0x22, 0x04, 0x8c, 0x00, 0x00, 0x00, 0x19, 0x1e, 0x0c,
    0x00, 0x68, 0x0f, 0x02, 0x86, 0x79, 0x00, 0x1e, 0x0a, 0x8c, 0x00, 0x00,
    0x04, 0x19, 0x10, 0x0c, 0x00, 0xe8, 0x0b, 0x02, 0x81, 0x79, 0x0b, 0x22,
    0x04, 0x90, 0x00, 0x00, 0x00, 0x19, 0x1e, 0x0c, 0x00, 0xa8, 0x1e, 0x00,
    0x86, 0x79, 0x00, 0x1e, 0x0b, 0x90, 0x00, 0x00, 0x04, 0x19, 0x10, 0x0c,
    0x00, 0xe8, 0x41, 0x00, 0x81, 0x79, 0x0f, 0x22, 0x04, 0x94, 0x00, 0x00,
    0x00, 0x19, 0x1e, 0x0c, 0x00, 0xa8, 0x2e, 0x00, 0x86, 0x79, 0x00, 0x1e,
    0x0f, 0x94, 0x00, 0x00, 0x04, 0x19, 0x10, 0x0c, 0x00, 0xe8, 0x43, 0x00,
    0x81, 0x79, 0x11, 0x22, 0x04, 0x98, 0x00, 0x00, 0x00, 0x19, 0x1e, 0x0c,
    0x00, 0xa8, 0x0e, 0x00, 0x86, 0x79, 0x00, 0x1e, 0x11, 0x98, 0x00, 0x00,
    0x04, 0x19, 0x10, 0x0c, 0x00, 0xe8, 0x45, 0x00, 0x81, 0x79, 0x13, 0x22,
    0x04, 0x9c, 0x00, 0x00, 0x00, 0x19, 0x1e, 0x0c, 0x00, 0xe8, 0x8e, 0x00,
    0x86, 0x79, 0x00, 0x1e, 0x13, 0x9c, 0x00, 0x00, 0x04, 0x19, 0x10, 0x0c,
    0x00, 0xe8, 0x87, 0x00, 0x81, 0x79, 0x25, 0x22, 0x04, 0xa0, 0x00, 0x00,
    0x00, 0x19, 0x1e, 0x0c, 0x00, 0x28, 0x0f, 0x01, 0x86, 0x79, 0x00, 0x1e,
    0x25, 0xa0, 0x00, 0x00, 0x04, 0x19, 0x10, 0x0c, 0x00, 0xe8, 0x09, 0x01,
    0x81, 0x79, 0x0a, 0x22, 0x04, 0xa4, 0x00, 0x00, 0x00, 0x19, 0x1e, 0x0c,
    0x00, 0x68, 0x0f, 0x02, 0x86, 0x79, 0x00, 0x1e, 0x0a, 0xa4, 0x00, 0x00,
    0x04, 0x19, 0x10, 0x0c, 0x00, 0xe8, 0x0b, 0x02, 0x81, 0x79, 0x0b, 0x22,
    0x04, 0xa8, 0x00, 0x00, 0x00, 0x19, 0x1e, 0x0c, 0x00, 0xa8, 0x1e, 0x00,
    0x86, 0x79, 0x00, 0x1e, 0x0b, 0xa8, 0x00, 0x00, 0x04, 0x19, 0x10, 0x0c,
    0x00, 0xe8, 0x41, 0x00, 0x81, 0x79, 0x0f, 0x22, 0x04, 0xac, 0x00, 0x00,
    0x00, 0x19, 0x1e, 0x0c, 0x00, 0xa8, 0x2e, 0x00, 0x86, 0x79, 0x00, 0x1e,
    0x0f, 0xac, 0x00, 0x00, 0x04, 0x19, 0x10, 0x0c, 0x00, 0xe8, 0x43, 0x00,
    0x81, 0x79, 0x11, 0x22, 0x04, 0xb0, 0x00, 0x00, 0x00, 0x19, 0x1e, 0x0c,
    0x00, 0xa8, 0x0e, 0x00, 0x86, 0x79, 0x00, 0x1e, 0x11, 0xb0, 0x00, 0x00,
    0x04, 0x19, 0x10, 0x0c, 0x00, 0xe8, 0x45, 0x00, 0x81, 0x79, 0x13, 0x22,
    0x04, 0xb4, 0x00, 0x00, 0x00, 0x19, 0x1e, 0x0c, 0x00, 0xe8, 0x8e, 0x00,
    0x86, 0x79, 0x00, 0x1e, 0x13, 0xb4, 0x00, 0x00, 0x04, 0x19, 0x10, 0x0c,
    0x00, 0xe8, 0x87, 0x00, 0x81, 0x79, 0x25, 0x22, 0x04, 0xb8, 0x00, 0x00,
    0x00, 0x19, 0x1e, 0x0c, 0x00, 0x28, 0x0f, 0x01, 0x86, 0x79, 0x00, 0x1e,
    0x25, 0xb8, 0x00, 0x00, 0x04, 0x19, 0x10, 0x0c, 0x00, 0xe8, 0x09, 0x01,
    0x81, 0x79, 0x0a, 0x22, 0x04, 0xbc, 0x00, 0x00, 0x00, 0x19, 0x1e, 0x0c,
    0x00, 0x68, 0x0f, 0x02, 0x86, 0x79, 0x00, 0x1e, 0x0a, 0xbc, 0x00, 0x00,
    0x04, 0x19, 0x10, 0x0c, 0x00, 0xe8, 0x0b, 0x02, 0x81, 0x79, 0x0b, 0x22,
    0x04, 0xc0, 0x00, 0x00, 0x00, 0x19, 0x1e, 0x0c, 0x00, 0xa8, 0x1e, 0x00,
    0x86, 0x79, 0x00, 0x1e, 0x0b, 0xc0, 0x00, 0x00, 0x04, 0x19, 0x10, 0x0c,
    0x00, 0xe8, 0x41, 0x00, 0x81, 0x79, 0x0f, 0x22, 0x04, 0xc4, 0x00, 0x00,
    0x00, 0x19, 0x1e, 0x0c, 0x00, 0xa8, 0x2e, 0x00, 0x86, 0x79, 0x00, 0x1e,
    0x0f, 0xc4, 0x00, 0x00, 0x04, 0x19, 0x10, 0x0c, 0x00, 0xe8, 0x43, 0x00,
    0x81, 0x79, 0x11, 0x22, 0x04, 0xc8, 0x00, 0x00, 0x00, 0x19, 0x1e, 0x0c,
    0x00, 0xa8, 0x0e, 0x00, 0x86, 0x79, 0x00, 0x1e, 0x11, 0xc8, 0x00, 0x00,
    0x04, 0x19, 0x10, 0x0c, 0x00, 0xe8, 0x45, 0x00, 0x81, 0x79, 0x13, 0x22,
    0x04, 0xcc, 0x00, 0x00, 0x00, 0x19, 0x1e, 0x0c, 0x00, 0xe8, 0x8e, 0x00,
    0x86, 0x79, 0x00, 0x1e, 0x13, 0xcc, 0x00, 0x00, 0x04, 0x19, 0x10, 0x0c,
    0x00, 0xe8, 0x87, 0x00, 0x81, 0x79, 0x25, 0x22, 0x04, 0xd0, 0x00, 0x00,
    0x00, 0x19, 0x1e, 0x0c, 0x00, 0x28, 0x0f, 0x01, 0x86, 0x79, 0x00, 0x1e,
    0x25, 0xd0, 0x00, 0x00, 0x04, 0x19, 0x10, 0x0c, 0x00, 0xe8, 0x09, 0x01,
    0x81, 0x79, 0x0a, 0x22, 0x04, 0xd4, 0x00, 0x00, 0x00, 0x19, 0x1e, 0x0c,
    0x00, 0x68, 0x0f, 0x02, 0x86, 0x79, 0x00, 0x1e, 0x0a, 0xd4, 0x00, 0x00,
    0x04, 0x19, 0x10, 0x0c, 0x00, 0xe8, 0x0b, 0x02, 0x81, 0x79, 0x0b, 0x22,
    0x04, 0xd8, 0x00, 0x00, 0x00, 0x19, 0x1e, 0x0c, 0x00, 0xa8, 0x1e, 0x00,
    0x86, 0x79, 0x00, 0x1e, 0x0b, 0xd8, 0x00, 0x00, 0x04, 0x19, 0x10, 0x0c,
    0x00, 0xe8, 0x41, 0x00, 0x81, 0x79, 0x0f, 0x22, 0x04, 0xdc, 0x00, 0x00,
    0x00, 0x19, 0x1e, 0x0c, 0x00, 0xa8, 0x2e, 0x00, 0x86, 0x79, 0x00, 0x1e,
    0x0f, 0xdc, 0x00, 0x00, 0x04, 0x19, 0x10, 0x0c, 0x00, 0xe8, 0x43, 0x00,
    0x81, 0x79, 0x11, 0x22, 0x04, 0xe0, 0x00, 0x00, 0x00, 0x19, 0x1e, 0x0c,
    0x00, 0xa8, 0x0e, 0x00, 0x86, 0x79, 0x00, 0x1e, 0x11, 0xe0, 0x00, 0x00,
    0x04, 0x19, 0x10, 0x0c, 0x00, 0xe8, 0x45, 0x00, 0x81, 0x79, 0x13, 0x22,
    0x04, 0xe4, 0x00, 0x00, 0x00, 0x19, 0x1e, 0x0c, 0x00, 0xe8, 0x8e, 0x00,
    0x86, 0x79, 0x00, 0x1e, 0x13, 0xe4, 0x00, 0x00, 0x04, 0x19, 0x10, 0x0c,
    0x00, 0xe8, 0x87, 0x00, 0x81, 0x79, 0x25, 0x22, 0x04, 0xe8, 0x00, 0x00,
    0x00, 0x19, 0x1e, 0x0c, 0x00, 0x28, 0x0f, 0x01, 0x86, 0x79, 0x00, 0x1e,
    0x25, 0xe8, 0x00, 0x00, 0x04, 0x19, 0x10, 0x0c, 0x00, 0xe8, 0x09, 0x01,
    0x81, 0x79, 0x0a, 0x22, 0x04, 0xec, 0x00, 0x00, 0x00, 0x19, 0x1e, 0x0c,
    0x00, 0x68, 0x0f, 0x02, 0x86, 0x79, 0x00, 0x1e, 0x0a, 0xec, 0x00, 0x00,
    0x04, 0x19, 0x10, 0x0c, 0x00, 0xe8, 0x0b, 0x02, 0x81, 0x79, 0x0b, 0x22,
    0x04, 0xf0, 0x00, 0x00, 0x00, 0x19, 0x1e, 0x0c, 0x00, 0xa8, 0x1e, 0x00,
    0x86, 0x79, 0x00, 0x1e, 0x0b, 0xf0, 0x00, 0x00, 0x04, 0x19, 0x10, 0x0c,
    0x00, 0xe8, 0x41, 0x00, 0x81, 0x79, 0x0f, 0x22, 0x04, 0xf4, 0x00, 0x00,
    0x00, 0x19, 0x1e, 0x0c, 0x00, 0xa8, 0x2e, 0x00, 0x86, 0x79, 0x00, 0x1e,
    0x0f, 0xf4, 0x00, 0x00, 0x04, 0x19, 0x10, 0x0c, 0x00, 0xe8, 0x43, 0x00,
    0x81, 0x79, 0x11, 0x22, 0x04, 0xf8, 0x00, 0x00, 0x00, 0x19, 0x1e, 0x0c,
    0x00, 0xa8, 0x0e, 0x00, 0x86, 0x79, 0x00, 0x1e, 0x11, 0xf8, 0x00, 0x00,
    0x04, 0x19, 0x10, 0x0c, 0x00, 0xe8, 0x45, 0x00, 0x81, 0x79, 0x13, 0x22,
    0x04, 0xfc, 0x00, 0x00, 0x00, 0x19, 0x1e, 0x0c, 0x00, 0xe8, 0x8e, 0x00,
    0x86, 0x79, 0x00, 0x1e, 0x13, 0xfc, 0x00, 0x00, 0x04, 0x19, 0x10, 0x0c,
    0x00, 0xe8, 0x87, 0x00, 0x81, 0x79, 0x25, 0x22, 0x04, 0x00, 0x01, 0x00,
    0x00, 0x19, 0x1e, 0x0c, 0x00, 0x28, 0x0f, 0x01, 0x86, 0x79, 0x00, 0x1e,
    0x25, 0x00, 0x01, 0x00, 0x04, 0x19, 0x10, 0x0c, 0x00, 0xe8, 0x09, 0x01,
    0x81, 0x79, 0x0a, 0x22, 0x04, 0x04, 0x01, 0x00, 0x00, 0x19, 0x1e, 0x0c,
    0x00, 0x68, 0x0f, 0x02, 0x86, 0x79, 0x00, 0x1e, 0x0a, 0x04, 0x01, 0x00,
    0x04, 0x19, 0x10, 0x0c, 0x00, 0xe8, 0x0b, 0x02, 0x81, 0x79, 0x0b, 0x22,
    0x04, 0x08, 0x01, 0x00, 0x00, 0x19, 0x1e, 0x0c, 0x00, 0xa8, 0x1e, 0x00,
    0x86, 0x79, 0x00, 0x1e, 0x0b, 0x08, 0x01, 0x00, 0x04, 0x19, 0x10, 0x0c,
    0x00, 0xe8, 0x41, 0x00, 0x81, 0x79, 0x0f, 0x22, 0x04, 0x0c, 0x01, 0x00,
    0x00, 0x19, 0x1e, 0x0c, 0x00, 0xa8, 0x2e, 0x00, 0x86, 0x79, 0x00, 0x1e,
    0x0f, 0x0c, 0x01, 0x00, 0x04, 0x19, 0x10, 0x0c, 0x00, 0xe8, 0x43, 0x00,
    0x81, 0x79, 0x11, 0x22, 0x04, 0x10, 0x01, 0x00, 0x00, 0x19, 0x1e, 0x0c,
    0x00, 0xa8, 0x0e, 0x00, 0x86, 0x79, 0x00, 0x1e, 0x11, 0x10, 0x01, 0x00,
    0x04, 0x19, 0x10, 0x0c, 0x00, 0xe8, 0x45, 0x00, 0x81, 0x79, 0x13, 0x22,
    0x04, 0x14, 0x01, 0x00, 0x00, 0x19, 0x1e, 0x0c, 0x00, 0xe8, 0x8e, 0x00,
    0x86, 0x79, 0x00, 0x1e, 0x13, 0x14, 0x01, 0x00, 0x04, 0x19, 0x10, 0x0c,
    0x00, 0xe8, 0x87, 0x00, 0x81, 0x79, 0x25, 0x22, 0x04, 0x18, 0x01, 0x00,
    0x00, 0x19, 0x1e, 0x0c, 0x00, 0x28, 0x0f, 0x01, 0x86, 0x79, 0x00, 0x1e,
    0x25, 0x18, 0x01, 0x00, 0x04, 0x19, 0x10, 0x0c, 0x00, 0xe8, 0x09, 0x01,
    0x81, 0x79, 0x0a, 0x22, 0x04, 0x1c, 0x01, 0x00, 0x00, 0x19, 0x1e, 0x0c,
    0x00, 0x68, 0x0f, 0x02, 0x86, 0x79, 0x00, 0x1e, 0x0a, 0x1c, 0x01, 0x00,
    0x04, 0x19, 0x10, 0x0c, 0x00, 0xe8, 0x0b, 0x02, 0x81, 0x79, 0x0b, 0x22,
    0x04, 0x20, 0x01, 0x00, 0x00, 0x19, 0x1e, 0x0c, 0x00, 0xa8, 0x1e, 0x00,
    0x86, 0x79, 0x00, 0x1e, 0x0b, 0x20, 0x01, 0x00, 0x04, 0x19, 0x10, 0x0c,
    0x00, 0xe8, 0x41, 0x00, 0x81, 0x79, 0x0f, 0x22, 0x04, 0x24, 0x01, 0x00,
    0x00, 0x19, 0x1e, 0x0c, 0x00, 0xa8, 0x2e, 0x00, 0x86, 0x79, 0x00, 0x1e,
    0x0f, 0x24, 0x01, 0x00, 0x04, 0x19, 0x10, 0x0c, 0x00, 0xe8, 0x43, 0x00,
    0x81, 0x79, 0x11, 0x22, 0x04, 0x28, 0x01, 0x00, 0x00, 0x19, 0x1e, 0x0c,
    0x00, 0xa8, 0x0e, 0x00, 0x86, 0x79, 0x00, 0x1e, 0x11, 0x28, 0x01, 0x00,
    0x04, 0x19, 0x10, 0x0c, 0x00, 0xe8, 0x45, 0x00, 0x81, 0x79, 0x13, 0x22,
    0x04, 0x2c, 0x01, 0x00, 0x00, 0x19, 0x1e, 0x0c, 0x00, 0xe8, 0x8e, 0x00,
    0x86, 0x79, 0x00, 0x1e, 0x13, 0x2c, 0x01, 0x00, 0x04, 0x19, 0x10, 0x0c,
    0x00, 0xe8, 0x87, 0x00, 0x81, 0x79, 0x25, 0x22, 0x04, 0x30, 0x01, 0x00,
    0x00, 0x19, 0x1e, 0x0c, 0x00, 0x28, 0x0f, 0x01, 0x86, 0x79, 0x00, 0x1e,
    0x25, 0x30, 0x01, 0x00, 0x04, 0x19, 0x10, 0x0c, 0x00, 0xe8, 0x09, 0x01,
    0x81, 0x79, 0x0a, 0x22, 0x04, 0x34, 0x01, 0x00, 0x00, 0x19, 0x1e, 0x0c,
    0x00, 0x68, 0x0f, 0x02, 0x86, 0x79, 0x00, 0x1e, 0x0a, 0x34, 0x01, 0x00,
    0x04, 0x19, 0x10, 0x0c, 0x00, 0xe8, 0x0b, 0x02, 0x81, 0x79, 0x0b, 0x22,
    0x04, 0x38, 0x01, 0x00, 0x00, 0x19, 0x1e, 0x0c, 0x00, 0xa8, 0x1e, 0x00,
    0x86, 0x79, 0x00, 0x1e, 0x0b, 0x38, 0x01, 0x00, 0x04, 0x19, 0x10, 0x0c,
    0x00, 0xe8, 0x41, 0x00, 0x81, 0x79, 0x0f, 0x22, 0x04, 0x3c, 0x01, 0x00,
    0x00, 0x19, 0x1e, 0x0c, 0x00, 0xa8, 0x2e, 0x00, 0x86, 0x79, 0x00, 0x1e,
    0x0f, 0x3c, 0x01, 0x00, 0x04, 0x19, 0x10, 0x0c, 0x00, 0xe8, 0x43, 0x00,
    0x81, 0x79, 0x11, 0x22, 0x04, 0x40, 0x01, 0x00, 0x00, 0x19, 0x1e, 0x0c,
    0x00, 0xa8, 0x0e, 0x00, 0x86, 0x79, 0x00, 0x1e, 0x11, 0x40, 0x01, 0x00,
    0x04, 0x19, 0x10, 0x0c, 0x00, 0xe8, 0x45, 0x00, 0x81, 0x79, 0x13, 0x22,
    0x04, 0x44, 0x01, 0x00, 0x00, 0x19, 0x1e, 0x0c, 0x00, 0xe8, 0x8e, 0x00,
    0x86, 0x79, 0x00, 0x1e, 0x13, 0x44, 0x01, 0x00, 0x04, 0x19, 0x10, 0x0c,
    0x00, 0xe8, 0x87, 0x00, 0x81, 0x79, 0x25, 0x22, 0x04, 0x48, 0x01, 0x00,
    0x00, 0x19, 0x1e, 0x0c, 0x00, 0x28, 0x0f, 0x01, 0x86, 0x79, 0x00, 0x1e,
    0x25, 0x48, 0x01, 0x00, 0x04, 0x19, 0x10, 0x0c, 0x00, 0xe8, 0x09, 0x01,
    0x81, 0x79, 0x0a, 0x22, 0x04, 0x4c, 0x01, 0x00, 0x00, 0x19, 0x1e, 0x0c,
    0x00, 0x68, 0x0f, 0x02, 0x86, 0x79, 0x00, 0x1e, 0x0a, 0x4c, 0x01, 0x00,
    0x04, 0x19, 0x10, 0x0c, 0x00, 0xe8, 0x0b, 0x02, 0x81, 0x79, 0x0b, 0x22,
    0x04, 0x50, 0x01, 0x00, 0x00, 0x19, 0x1e, 0x0c, 0x00, 0xa8, 0x1e, 0x00,
    0x86, 0x79, 0x00, 0x1e, 0x0b, 0x50, 0x01, 0x00, 0x04, 0x19, 0x10, 0x0c,
    0x00, 0xe8, 0x41, 0x00, 0x81, 0x79, 0x0f, 0x22, 0x04, 0x54, 0x01, 0x00,
    0x00, 0x19, 0x1e, 0x0c, 0x00, 0xa8, 0x2e, 0x00, 0x86, 0x79, 0x00, 0x1e,
    0x0f, 0x54, 0x01, 0x00, 0x04, 0x19, 0x10, 0x0c, 0x00, 0xe8, 0x43, 0x00,
    0x81, 0x79, 0x11, 0x22, 0x04, 0x58, 0x01, 0x00, 0x00, 0x19, 0x1e, 0x0c,
    0x00, 0xa8, 0x0e, 0x00, 0x86, 0x79, 0x00, 0x1e, 0x11, 0x58, 0x01, 0x00,
    0x04, 0x19, 0x10, 0x0c, 0x00, 0xe8, 0x45, 0x00, 0x81, 0x79, 0x13, 0x22,
    0x04, 0x5c, 0x01, 0x00, 0x00, 0x19, 0x1e, 0x0c, 0x00, 0xe8, 0x8e, 0x00,
    0x86, 0x79, 0x00, 0x1e, 0x13, 0x5c, 0x01, 0x00, 0x04, 0x19, 0x10, 0x0c,
    0x00, 0xe8, 0x87, 0x00, 0x81, 0x79, 0x25, 0x22, 0x04, 0x60, 0x01, 0x00,
    0x00, 0x19, 0x1e, 0x0c, 0x00, 0x28, 0x0f, 0x01, 0x86, 0x79, 0x00, 0x1e,
    0x25, 0x60, 0x01, 0x00, 0x04, 0x19, 0x10, 0x0c, 0x00, 0xe8, 0x09, 0x01,
    0x81, 0x79, 0x0a, 0x22, 0x04, 0x64, 0x01, 0x00, 0x00, 0x19, 0x1e, 0x0c,
    0x00, 0x68, 0x0f, 0x02, 0x86, 0x79, 0x00, 0x1e, 0x0a, 0x64, 0x01, 0x00,
    0x04, 0x19, 0x10, 0x0c, 0x00, 0xe8, 0x0b, 0x02, 0x81, 0x79, 0x0b, 0x22,
    0x04, 0x68, 0x01, 0x00, 0x00, 0x19, 0x1e, 0x0c, 0x00, 0xa8, 0x1e, 0x00,
    0x86, 0x79, 0x00, 0x1e, 0x0b, 0x68, 0x01, 0x00, 0x04, 0x19, 0x10, 0x0c,
    0x00, 0xe8, 0x41, 0x00, 0x81, 0x79, 0x0f, 0x22, 0x04, 0x6c, 0x01, 0x00,
    0x00, 0x19, 0x1e, 0x0c, 0x00, 0xa8, 0x2e, 0x00, 0x86, 0x79, 0x00, 0x1e,
    0x0f, 0x6c, 0x01, 0x00, 0x04, 0x19, 0x10, 0x0c, 0x00, 0xe8, 0x43, 0x00,
    0x81, 0x79, 0x11, 0x22, 0x04, 0x70, 0x01, 0x00, 0x00, 0x19, 0x1e, 0x0c,
    0x00, 0xa8, 0x0e, 0x00, 0x86, 0x79, 0x00, 0x1e, 0x11, 0x70, 0x01, 0x00,
    0x04, 0x19, 0x10, 0x0c, 0x00, 0xe8, 0x45, 0x00, 0x81, 0x79, 0x13, 0x22,
    0x04, 0x74, 0x01, 0x00, 0x00, 0x19, 0x1e, 0x0c, 0x00, 0xe8, 0x8e, 0x00,
    0x86, 0x79, 0x00, 0x1e, 0x13, 0x74, 0x01, 0x00, 0x04, 0x19, 0x10, 0x0c,
    0x00, 0xe8, 0x87, 0x00, 0x81, 0x79, 0x25, 0x22, 0x04, 0x78, 0x01, 0x00,
    0x00, 0x19, 0x1e, 0x0c, 0x00, 0x28, 0x0f, 0x01, 0x86, 0x79, 0x00, 0x1e,
    0x25, 0x78, 0x01, 0x00, 0x04, 0x19, 0x10, 0x0c, 0x00, 0xe8, 0x09, 0x01,
    0x81, 0x79, 0x0a, 0x22, 0x04, 0x7c, 0x01, 0x00, 0x00, 0x19, 0x1e, 0x0c,
    0x00, 0x68, 0x0f, 0x02, 0x86, 0x79, 0x00, 0x1e, 0x0a, 0x7c, 0x01, 0x00,
    0x04, 0x19, 0x10, 0x0c, 0x00, 0xe8, 0x0b, 0x02, 0x81, 0x79, 0x0b, 0x22,
    0x04, 0x80, 0x01, 0x00, 0x00, 0x19, 0x1e, 0x0c, 0x00, 0xa8, 0x1e, 0x00,
    0x86, 0x79, 0x00, 0x1e, 0x0b, 0x80, 0x01, 0x00, 0x04, 0x19, 0x10, 0x0c,
    0x00, 0xe8, 0x41, 0x00, 0x81, 0x79, 0x0f, 0x22, 0x04, 0x84, 0x01, 0x00,
    0x00, 0x19, 0x1e, 0x0c, 0x00, 0xa8, 0x2e, 0x00, 0x86, 0x79, 0x00, 0x1e,
    0x0f, 0x84, 0x01, 0x00, 0x04, 0x19, 0x10, 0x0c, 0x00, 0xe8, 0x43, 0x00,
    0x81, 0x79, 0x11, 0x22, 0x04, 0x88, 0x01, 0x00, 0x00, 0x19, 0x1e, 0x0c,
    0x00, 0xa8, 0x0e, 0x00, 0x86, 0x79, 0x00, 0x1e, 0x11, 0x88, 0x01, 0x00,
    0x04, 0x19, 0x10, 0x0c, 0x00, 0xe8, 0x45, 0x00, 0x81, 0x79, 0x13, 0x22,
    0x04, 0x8c, 0x01, 0x00, 0x00, 0x19, 0x1e, 0x0c, 0x00, 0xe8, 0x8e, 0x00,
    0x86, 0x79, 0x00, 0x1e, 0x13, 0x8c, 0x01, 0x00, 0x04, 0x19, 0x10, 0x0c,
    0x00, 0xe8, 0x87, 0x00, 0x81, 0x79, 0x25, 0x22, 0x04, 0x90, 0x01, 0x00,
    0x00, 0x19, 0x1e, 0x0c, 0x00, 0x28, 0x0f, 0x01, 0x86, 0x79, 0x00, 0x1e,
    0x25, 0x90, 0x01, 0x00, 0x04, 0x19, 0x10, 0x0c, 0x00, 0xe8, 0x09, 0x01,
    0x81, 0x79, 0x0a, 0x22, 0x04, 0x94, 0x01, 0x00, 0x00, 0x19, 0x1e, 0x0c,
    0x00, 0x68, 0x0f, 0x02, 0x86, 0x79, 0x00, 0x1e, 0x0a, 0x94, 0x01, 0x00,
    0x04, 0x19, 0x10, 0x0c, 0x00, 0xe8, 0x0b, 0x02, 0x81, 0x79, 0x0b, 0x22,
    0x04, 0x98, 0x01, 0x00, 0x00, 0x19, 0x1e, 0x0c, 0x00, 0xa8, 0x1e, 0x00,
    0x86, 0x79, 0x00, 0x1e, 0x0b, 0x98, 0x01, 0x00, 0x04, 0x19, 0x10, 0x0c,
    0x00, 0xe8, 0x41, 0x00, 0x81, 0x79, 0x0f, 0x22, 0x04, 0x9c, 0x01, 0x00,
    0x00, 0x19, 0x1e, 0x0c, 0x00, 0xa8, 0x2e, 0x00, 0x86, 0x79, 0x00, 0x1e,
    0x0f, 0x9c, 0x01, 0x00, 0x04, 0x19, 0x10, 0x0c, 0x00, 0xe8, 0x43, 0x00,
    0x81, 0x79, 0x11, 0x22, 0x04, 0xa0, 0x01, 0x00, 0x00, 0x19, 0x1e, 0x0c,
    0x00, 0xa8, 0x0e, 0x00, 0x86, 0x79, 0x00, 0x1e, 0x11, 0xa0, 0x01, 0x00,
    0x04, 0x19, 0x10, 0x0c, 0x00, 0xe8, 0x45, 0x00, 0x81, 0x79, 0x13, 0x22,
    0x04, 0xa4, 0x01, 0x00, 0x00, 0x19, 0x1e, 0x0c, 0x00, 0xe8, 0x8e, 0x00,
    0x86, 0x79, 0x00, 0x1e, 0x13, 0xa4, 0x01, 0x00, 0x04, 0x19, 0x10, 0x0c,
    0x00, 0xe8, 0x87, 0x00, 0x81, 0x79, 0x25, 0x22, 0x04, 0xa8, 0x01, 0x00,
    0x00, 0x19, 0x1e, 0x0c, 0x00, 0x28, 0x0f, 0x01, 0x86, 0x79, 0x00, 0x1e,
    0x25, 0xa8, 0x01, 0x00, 0x04, 0x19, 0x10, 0x0c, 0x00, 0xe8, 0x09, 0x01,
    0x81, 0x79, 0x0a, 0x22, 0x04, 0xac, 0x01, 0x00, 0x00, 0x19, 0x1e, 0x0c,
    0x00, 0x68, 0x0f, 0x02, 0x86, 0x79, 0x00, 0x1e, 0x0a, 0xac, 0x01, 0x00,
    0x04, 0x19, 0x10, 0x0c, 0x00, 0xe8, 0x0b, 0x02, 0x81, 0x79, 0x0b, 0x22,
    0x04, 0xb0, 0x01, 0x00, 0x00, 0x19, 0x1e, 0x0c, 0x00, 0xa8, 0x1e, 0x00,
    0x86, 0x79, 0x00, 0x1e, 0x0b, 0xb0, 0x01, 0x00, 0x04, 0x19, 0x10, 0x0c,
    0x00, 0xe8, 0x41, 0x00, 0x81, 0x79, 0x0f, 0x22, 0x04, 0xb4, 0x01, 0x00,
    0x00, 0x19, 0x1e, 0x0c, 0x00, 0xa8, 0x2e, 0x00, 0x86, 0x79, 0x00, 0x1e,
    0x0f, 0xb4, 0x01, 0x00, 0x04, 0x19, 0x10, 0x0c, 0x00, 0xe8, 0x43, 0x00,
    0x81, 0x79, 0x11, 0x22, 0x04, 0xb8, 0x01, 0x00, 0x00, 0x19, 0x1e, 0x0c,
    0x00, 0xa8, 0x0e, 0x00, 0x86, 0x79, 0x00, 0x1e, 0x11, 0xb8, 0x01, 0x00,
    0x04, 0x19, 0x10, 0x0c, 0x00, 0xe8, 0x45, 0x00, 0x81, 0x79, 0x13, 0x22,
    0x04, 0xbc, 0x01, 0x00, 0x00, 0x19, 0x1e, 0x0c, 0x00, 0xe8, 0x8e, 0x00,
    0x86, 0x79, 0x00, 0x1e, 0x13, 0xbc, 0x01, 0x00, 0x04, 0x19, 0x10, 0x0c,
    0x00, 0xe8, 0x87, 0x00, 0x81, 0x79, 0x25, 0x22, 0x04, 0xc0, 0x01, 0x00,
    0x00, 0x19, 0x1e, 0x0c, 0x00, 0x28, 0x0f, 0x01, 0x86, 0x79, 0x00, 0x1e,
    0x25, 0xc0, 0x01, 0x00, 0x04, 0x19, 0x10, 0x0c, 0x00, 0xe8, 0x09, 0x01,
    0x81, 0x79, 0x0a, 0x22, 0x04, 0xc4, 0x01, 0x00, 0x00, 0x19, 0x1e, 0x0c,
    0x00, 0x68, 0x0f, 0x02, 0x86, 0x79, 0x00, 0x1e, 0x0a, 0xc4, 0x01, 0x00,
    0x04, 0x19, 0x10, 0x0c, 0x00, 0xe8, 0x0b, 0x02, 0x81, 0x79, 0x0b, 0x22,
    0x04, 0xc8, 0x01, 0x00, 0x00, 0x19, 0x1e, 0x0c, 0x00, 0xa8, 0x1e, 0x00,
    0x86, 0x79, 0x00, 0x1e, 0x0b, 0xc8, 0x01, 0x00, 0x04, 0x19, 0x10, 0x0c,
    0x00, 0xe8, 0x41, 0x00, 0x81, 0x79, 0x0f, 0x22, 0x04, 0xcc, 0x01, 0x00,
    0x00, 0x19, 0x1e, 0x0c, 0x00, 0xa8, 0x2e, 0x00, 0x86, 0x79, 0x00, 0x1e,
    0x0f, 0xcc, 0x01, 0x00, 0x04, 0x19, 0x10, 0x0c, 0x00, 0xe8, 0x43, 0x00,
    0x81, 0x79, 0x11, 0x22, 0x04, 0xd0, 0x01, 0x00, 0x00, 0x19, 0x1e, 0x0c,
    0x00, 0xa8, 0x0e, 0x00, 0x86, 0x79, 0x00, 0x1e, 0x11, 0xd0, 0x01, 0x00,
    0x04, 0x19, 0x10, 0x0c, 0x00, 0xe8, 0x45, 0x00, 0x81, 0x79, 0x13, 0x22,
    0x04, 0xd4, 0x01, 0x00, 0x00, 0x19, 0x1e, 0x0c, 0x00, 0xe8, 0x8e, 0x00,
    0x86, 0x79, 0x00, 0x1e, 0x13, 0xd4, 0x01, 0x00, 0x04, 0x19, 0x10, 0x0c,
    0x00, 0xe8, 0x87, 0x00, 0x81, 0x79, 0x25, 0x22, 0x04, 0xd8, 0x01, 0x00,
    0x00, 0x19, 0x1e, 0x0c, 0x00, 0x28, 0x0f, 0x01, 0x86, 0x79, 0x00, 0x1e,
    0x25, 0xd8, 0x01, 0x00, 0x04, 0x19, 0x10, 0x0c, 0x00, 0xe8, 0x09, 0x01,
    0x81, 0x79, 0x0a, 0x22, 0x04, 0xdc, 0x01, 0x00, 0x00, 0x19, 0x1e, 0x0c,
    0x00, 0x68, 0x0f, 0x02, 0x86, 0x79, 0x00, 0x1e, 0x0a, 0xdc, 0x01, 0x00,
    0x04, 0x19, 0x10, 0x0c, 0x00, 0xe8, 0x0b, 0x02, 0x81, 0x79, 0x0b, 0x22,
    0x04, 0xe0, 0x01, 0x00, 0x00, 0x19, 0x1e, 0x0c, 0x00, 0xa8, 0x1e, 0x00,
    0x86, 0x79, 0x00, 0x1e, 0x0b, 0xe0, 0x01, 0x00, 0x04, 0x19, 0x10, 0x0c,
    0x00, 0xe8, 0x41, 0x00, 0x81, 0x79, 0x0f, 0x22, 0x04, 0xe4, 0x01, 0x00,
    0x00, 0x19, 0x1e, 0x0c, 0x00, 0xa8, 0x2e, 0x00, 0x86, 0x79, 0x00, 0x1e,
    0x0f, 0xe4, 0x01, 0x00, 0x04, 0x19, 0x10, 0x0c, 0x00, 0xe8, 0x43, 0x00,
    0x81, 0x79, 0x11, 0x22, 0x04, 0xe8, 0x01, 0x00, 0x00, 0x19, 0x1e, 0x0c,
    0x00, 0xa8, 0x0e, 0x00, 0x86, 0x79, 0x00, 0x1e, 0x11, 0xe8, 0x01, 0x00,
    0x04, 0x19, 0x10, 0x0c, 0x00, 0xe8, 0x45, 0x00, 0x81, 0x79, 0x13, 0x22,
    0x04, 0xec, 0x01, 0x00, 0x00, 0x19, 0x1e, 0x0c, 0x00, 0xe8, 0x8e, 0x00,
    0x86, 0x79, 0x00, 0x1e, 0x13, 0xec, 0x01, 0x00, 0x04, 0x19, 0x10, 0x0c,
    0x00, 0xe8, 0x87, 0x00, 0x81, 0x79, 0x25, 0x22, 0x04, 0xf0, 0x01, 0x00,
    0x00, 0x19, 0x1e, 0x0c, 0x00, 0x28, 0x0f, 0x01, 0x86, 0x79, 0x00, 0x1e,
    0x25, 0xf0, 0x01, 0x00, 0x04, 0x19, 0x10, 0x0c, 0x00, 0xe8, 0x09, 0x01,
    0x81, 0x79, 0x0a, 0x22, 0x04, 0xf4, 0x01, 0x00, 0x00, 0x19, 0x1e, 0x0c,
    0x00, 0x68, 0x0f, 0x02, 0x86, 0x79, 0x00, 0x1e, 0x0a, 0xf4, 0x01, 0x00,
    0x04, 0x19, 0x10, 0x0c, 0x00, 0xe8, 0x0b, 0x02, 0x81, 0x79, 0x0b, 0x22,
    0x04, 0xf8, 0x01, 0x00, 0x00, 0x19, 0x1e, 0x0c, 0x00, 0xa8, 0x1e, 0x00,
    0x86, 0x79, 0x00, 0x1e, 0x0b, 0xf8, 0x01, 0x00, 0x04, 0x19, 0x10, 0x0c,
    0x00, 0xe8, 0x41, 0x00, 0x81, 0x79, 0x0f, 0x22, 0x04, 0xfc, 0x01, 0x00,
    0x00, 0x19, 0x1e, 0x0c, 0x00, 0xa8, 0x2e, 0x00, 0x86, 0x79, 0x00, 0x1e,
    0x0f, 0xfc, 0x01, 0x00, 0x04, 0x19, 0x10, 0x0c, 0x00, 0xe8, 0x43, 0x00,
    0x81, 0x79, 0x11, 0x22, 0x04, 0x00, 0x02, 0x00, 0x00, 0x19, 0x1e, 0x0c,
    0x00, 0xa8, 0x0e, 0x00, 0x86, 0x79, 0x00, 0x1e, 0x11, 0x00, 0x02, 0x00,
    0x04, 0x19, 0x10, 0x0c, 0x00, 0xe8, 0x45, 0x00, 0x81, 0x79, 0x13, 0x22,
    0x04, 0x04, 0x02, 0x00, 0x00, 0x19, 0x1e, 0x0c, 0x00, 0xe8, 0x8e, 0x00,
    0x86, 0x79, 0x00, 0x1e, 0x13, 0x04, 0x02, 0x00, 0x04, 0x19, 0x10, 0x0c,
    0x00, 0xe8, 0x87, 0x00, 0x81, 0x79, 0x25, 0x22, 0x04, 0x08, 0x02, 0x00,
    0x00, 0x19, 0x1e, 0x0c, 0x00, 0x28, 0x0f, 0x01, 0x86, 0x79, 0x00, 0x1e,
    0x25, 0x08, 0x02, 0x00, 0x04, 0x19, 0x10, 0x0c, 0x00, 0xe8, 0x09, 0x01,
    0x81, 0x79, 0x0a, 0x22, 0x04, 0x0c, 0x02, 0x00, 0x00, 0x19, 0x1e, 0x0c,
    0x00, 0x68, 0x0f, 0x02, 0x86, 0x79, 0x00, 0x1e, 0x0a, 0x0c, 0x02, 0x00,
    0x04, 0x19, 0x10, 0x0c, 0x00, 0xe8, 0x0b, 0x02, 0x81, 0x79, 0x0b, 0x22,
    0x04, 0x10, 0x02, 0x00, 0x00, 0x19, 0x1e, 0x0c, 0x00, 0xa8, 0x1e, 0x00,
    0x86, 0x79, 0x00, 0x1e, 0x0b, 0x10, 0x02, 0x00, 0x04, 0x19, 0x10, 0x0c,
    0x00, 0xe8, 0x41, 0x00, 0x81, 0x79, 0x0f, 0x22, 0x04, 0x14, 0x02, 0x00,
    0x00, 0x19, 0x1e, 0x0c, 0x00, 0xa8, 0x2e, 0x00, 0x86, 0x79, 0x00, 0x1e,
    0x0f, 0x14, 0x02, 0x00, 0x04, 0x19, 0x10, 0x0c, 0x00, 0xe8, 0x43, 0x00,
    0x81, 0x79, 0x11, 0x22, 0x04, 0x18, 0x02, 0x00, 0x00, 0x19, 0x1e, 0x0c,
    0x00, 0xa8, 0x0e, 0x00, 0x86, 0x79, 0x00, 0x1e, 0x11, 0x18, 0x02, 0x00,
    0x04, 0x19, 0x10, 0x0c, 0x00, 0xe8, 0x4f, 0x00, 0x81, 0x79, 0x13, 0x22,
    0x04, 0x1c, 0x02, 0x00, 0x00, 0x19, 0x1e, 0x0c, 0x00, 0xa8, 0x8e, 0x00,
    0x86, 0x79, 0x00, 0x1e, 0x13, 0x1c, 0x02, 0x00, 0x04, 0x19, 0x10, 0x0c,
    0x00, 0xe8, 0x4f, 0x00, 0x81, 0x79, 0x25, 0x22, 0x04, 0x20, 0x02, 0x00,
    0x00, 0x19, 0x1e, 0x0c, 0x00, 0xa8, 0x0e, 0x01, 0x86, 0x79, 0x00, 0x1e,
    0x25, 0x20, 0x02, 0x00, 0x04, 0x19, 0x10, 0x0c, 0x00, 0xe8, 0x4f, 0x00,
    0x81, 0x79, 0x0a, 0x22, 0x04, 0x24, 0x02, 0x00, 0x00, 0x19, 0x1e, 0x0c,
    0x00, 0xa8, 0x0e, 0x02, 0x86, 0x79, 0x00, 0x1e, 0x0a, 0x24, 0x02, 0x00,
    0x04, 0x19, 0x10, 0x0c, 0x00, 0xe8, 0x4f, 0x00, 0x81, 0x79, 0x0b, 0x22,
    0x04, 0x28, 0x02, 0x00, 0x00, 0x19, 0x1e, 0x0c, 0x00, 0xa8, 0x1e, 0x00,
    0x86, 0x79, 0x00, 0x1e, 0x0b, 0x28, 0x02, 0x00, 0x04, 0x19, 0x10, 0x0c,
    0x00, 0xe8, 0x41, 0x00, 0x81, 0x79, 0x10, 0x22, 0x04, 0x2c, 0x02, 0x00,
    0x00, 0x19, 0x1e, 0x0c, 0x00, 0xa2, 0x0e, 0x00, 0x25, 0x78, 0x0e, 0x19,
    0x10, 0x00, 0x00, 0x00, 0x06, 0x00, 0x8e, 0x07, 0x00, 0xe2, 0x2f, 0x00,
    0x82, 0x7b, 0x0a, 0xff, 0x00, 0xe6, 0x00, 0x00, 0x00, 0x0a, 0x00, 0x00,
    0x00, 0x24, 0x1e, 0x00, 0x86, 0x79, 0x00, 0x1e, 0x10, 0x2c, 0x02, 0x00,
    0x04, 0x19, 0x10, 0x0c, 0x00, 0xe8, 0x4f, 0x00, 0x81, 0x79, 0x11, 0x22,
    0x04, 0x30, 0x02, 0x00, 0x00, 0x19, 0x1e, 0x0c, 0x00, 0xa8, 0x0e, 0x00,
    0x86, 0x79, 0x00, 0x1e, 0x11, 0x30, 0x02, 0x00, 0x04, 0x19, 0x10, 0x0c,
    0x00, 0xe8, 0x43, 0x00, 0x81, 0x79, 0x13, 0x22, 0x04, 0x34, 0x02, 0x00,
    0x00, 0x19, 0x1e, 0x0c, 0x00, 0xa8, 0x0e, 0x00, 0x86, 0x79, 0x00, 0x1e,
    0x13, 0x34, 0x02, 0x00, 0x04, 0x19, 0x10, 0x0c, 0x00, 0xe8, 0x41, 0x00,
    0x81, 0x79, 0x24, 0x22, 0x04, 0x38, 0x02, 0x00, 0x00, 0x19, 0x1e, 0x0c,
    0x00, 0xa8, 0x0e, 0x00, 0x86, 0x79, 0x00, 0x1e, 0x24, 0x38, 0x02, 0x00,
    0x04, 0x19, 0x10, 0x0c, 0x00, 0xe8, 0x4f, 0x00, 0x81, 0x79, 0x25, 0x22,
    0x04, 0x3c, 0x02, 0x00, 0x00, 0x19, 0x1e, 0x0c, 0x00, 0xa2, 0x0e, 0x00,
    0x35, 0x78, 0x11, 0x21, 0x01, 0x00, 0x00, 0x00, 0x00, 0x00, 0x8e, 0x07,
    0x00, 0xe2, 0x2f, 0x00, 0x25, 0x78, 0x12, 0x1d, 0x10, 0x00, 0x00, 0x00,
    0x0a, 0x00, 0x8e, 0x07, 0x00, 0xc4, 0x1f, 0x00, 0x86, 0x79, 0x00, 0x1e,
    0x25, 0x3c, 0x02, 0x00, 0x04, 0x19, 0x10, 0x0c, 0x00, 0xe8, 0x41, 0x00,
    0x81, 0x79, 0x18, 0x0e, 0x04, 0x08, 0x00, 0x00, 0x00, 0x19, 0x1e, 0x0c,
    0x00, 0xa8, 0x0e, 0x00, 0x81, 0x79, 0x1a, 0x0e, 0x04, 0x0c, 0x00, 0x00,
    0x00, 0x19, 0x1e, 0x0c, 0x00, 0xe8, 0x0e, 0x00, 0x81, 0x79, 0x1c, 0x0e,
    0x04, 0x10, 0x00, 0x00, 0x00, 0x19, 0x1e, 0x0c, 0x00, 0x28, 0x0f, 0x00,
    0x81, 0x79, 0x20, 0x0e, 0x04, 0x14, 0x00, 0x00, 0x00, 0x19, 0x1e, 0x0c,
    0x00, 0x62, 0x0f, 0x00, 0x25, 0x78, 0x10, 0x11, 0x40, 0x02, 0x00, 0x00,
    0x08, 0x00, 0x8e, 0x07, 0x00, 0xc6, 0x0f, 0x00, 0x86, 0x79, 0x00, 0x12,
    0x18, 0x00, 0x00, 0x00, 0x04, 0x19, 0x10, 0x0c, 0x00, 0xe8, 0x43, 0x00,
    0x86, 0x79, 0x00, 0x12, 0x1a, 0x04, 0x00, 0x00, 0x04, 0x19, 0x10, 0x0c,
    0x00, 0xe8, 0x8f, 0x00, 0x86, 0x79, 0x00, 0x12, 0x1c, 0x08, 0x00, 0x00,
    0x04, 0x19, 0x10, 0x0c, 0x00, 0xe8, 0x0f, 0x01, 0x86, 0x79, 0x00, 0x12,
    0x20, 0x0c, 0x00, 0x00, 0x04, 0x19, 0x10, 0x0c, 0x00, 0xe8, 0x05, 0x02,
    0x81, 0x79, 0x25, 0x10, 0x04, 0x00, 0x00, 0x00, 0x00, 0x19, 0x1e, 0x0c,
    0x00, 0xe2, 0x1e, 0x00, 0x35, 0x78, 0x23, 0x1d, 0x01, 0x00, 0x00, 0x00,
    0x00, 0x00, 0x8e, 0x07, 0x00, 0xca, 0x0f, 0x00, 0x25, 0x78, 0x1e, 0x23,
    0x40, 0x02, 0x00, 0x00, 0x0c, 0x00, 0x8e, 0x07, 0x00, 0xca, 0x0f, 0x00,
    0x86, 0x79, 0x00, 0x1e, 0x25, 0x00, 0x00, 0x00, 0x04, 0x19, 0x10, 0x0c,
    0x00, 0xe8, 0x81, 0x00, 0x81, 0x79, 0x22, 0x10, 0x04, 0x04, 0x00, 0x00,
    0x00, 0x19, 0x1e, 0x0c, 0x00, 0xe8, 0x0e, 0x00, 0x86, 0x79, 0x00, 0x1e,
    0x22, 0x04, 0x00, 0x00, 0x04, 0x19, 0x10, 0x0c, 0x00, 0xe8, 0x8f, 0x00,
    0x81, 0x79, 0x24, 0x10, 0x04, 0x08, 0x00, 0x00, 0x00, 0x19, 0x1e, 0x0c,
    0x00, 0xe8, 0x0e, 0x00, 0x86, 0x79, 0x00, 0x1e, 0x24, 0x08, 0x00, 0x00,
    0x04, 0x19, 0x10, 0x0c, 0x00, 0xe8, 0x8f, 0x00, 0x81, 0x79, 0x18, 0x10,
    0x04, 0x0c, 0x00, 0x00, 0x00, 0x19, 0x1e, 0x0c, 0x00, 0xe8, 0x2e, 0x00,
    0x86, 0x79, 0x00, 0x1e, 0x18, 0x0c, 0x00, 0x00, 0x04, 0x19, 0x10, 0x0c,
    0x00, 0xe8, 0x83, 0x00, 0x81, 0x79, 0x13, 0x10, 0x04, 0x10, 0x00, 0x00,
    0x00, 0x19, 0x1e, 0x0c, 0x00, 0xa8, 0x4e, 0x00, 0x86, 0x79, 0x00, 0x1e,
    0x13, 0x10, 0x00, 0x00, 0x04, 0x19, 0x10, 0x0c, 0x00, 0xe8, 0x45, 0x00,
    0x81, 0x79, 0x12, 0x10, 0x04, 0x14, 0x00, 0x00, 0x00, 0x19, 0x1e, 0x0c,
    0x00, 0xe8, 0x0e, 0x00, 0x86, 0x79, 0x00, 0x1e, 0x12, 0x14, 0x00, 0x00,
    0x04, 0x19, 0x10, 0x0c, 0x00, 0xe8, 0x87, 0x00, 0x81, 0x79, 0x25, 0x10,
    0x04, 0x18, 0x00, 0x00, 0x00, 0x19, 0x1e, 0x0c, 0x00, 0x28, 0x1f, 0x00,
    0x86, 0x79, 0x00, 0x1e, 0x25, 0x18, 0x00, 0x00, 0x04, 0x19, 0x10, 0x0c,
    0x00, 0xe8, 0x01, 0x01, 0x81, 0x79, 0x1a, 0x10, 0x04, 0x1c, 0x00, 0x00,
    0x00, 0x19, 0x1e, 0x0c, 0x00, 0x28, 0x0f, 0x00, 0x86, 0x79, 0x00, 0x1e,
    0x1a, 0x1c, 0x00, 0x00, 0x04, 0x19, 0x10, 0x0c, 0x00, 0xe8, 0x09, 0x01,
    0x81, 0x79, 0x1c, 0x10, 0x04, 0x20, 0x00, 0x00, 0x00, 0x19, 0x1e, 0x0c,
    0x00, 0x68, 0x0f, 0x00, 0x86, 0x79, 0x00, 0x1e, 0x1c, 0x20, 0x00, 0x00,
    0x04, 0x19, 0x10, 0x0c, 0x00, 0xe8, 0x0b, 0x02, 0x81, 0x79, 0x18, 0x10,
    0x04, 0x24, 0x00, 0x00, 0x00, 0x19, 0x1e, 0x0c, 0x00, 0xa8, 0x2e, 0x00,
    0x86, 0x79, 0x00, 0x1e, 0x18, 0x24, 0x00, 0x00, 0x04, 0x19, 0x10, 0x0c,
    0x00, 0xe8, 0x43, 0x00, 0x81, 0x79, 0x13, 0x10, 0x04, 0x28, 0x00, 0x00,
    0x00, 0x19, 0x1e, 0x0c, 0x00, 0xa8, 0x0e, 0x00, 0x86, 0x79, 0x00, 0x1e,
    0x13, 0x28, 0x00, 0x00, 0x04, 0x19, 0x10, 0x0c, 0x00, 0xe8, 0x45, 0x00,
    0x81, 0x79, 0x12, 0x10, 0x04, 0x2c, 0x00, 0x00, 0x00, 0x19, 0x1e, 0x0c,
    0x00, 0xe8, 0x8e, 0x00, 0x86, 0x79, 0x00, 0x1e, 0x12, 0x2c, 0x00, 0x00,
    0x04, 0x19, 0x10, 0x0c, 0x00, 0xe8, 0x87, 0x00, 0x81, 0x79, 0x25, 0x10,
    0x04, 0x30, 0x00, 0x00, 0x00, 0x19, 0x1e, 0x0c, 0x00, 0x28, 0x1f, 0x00,
    0x86, 0x79, 0x00, 0x1e, 0x25, 0x30, 0x00, 0x00, 0x04, 0x19, 0x10, 0x0c,
    0x00, 0xe8, 0x01, 0x01, 0x81, 0x79, 0x1a, 0x10, 0x04, 0x34, 0x00, 0x00,
    0x00, 0x19, 0x1e, 0x0c, 0x00, 0x28, 0x0f, 0x00, 0x86, 0x79, 0x00, 0x1e,
    0x1a, 0x34, 0x00, 0x00, 0x04, 0x19, 0x10, 0x0c, 0x00, 0xe8, 0x09, 0x01,
    0x81, 0x79, 0x1c, 0x10, 0x04, 0x38, 0x00, 0x00, 0x00, 0x19, 0x1e, 0x0c,
    0x00, 0x68, 0x0f, 0x02, 0x86, 0x79, 0x00, 0x1e, 0x1c, 0x38, 0x00, 0x00,
    0x04, 0x19, 0x10, 0x0c, 0x00, 0xe8, 0x0b, 0x02, 0x81, 0x79, 0x18, 0x10,
    0x04, 0x3c, 0x00, 0x00, 0x00, 0x19, 0x1e, 0x0c, 0x00, 0xa8, 0x2e, 0x00,
    0x86, 0x79, 0x00, 0x1e, 0x18, 0x3c, 0x00, 0x00, 0x04, 0x19, 0x10, 0x0c,
    0x00, 0xe8, 0x43, 0x00, 0x81, 0x79, 0x13, 0x10, 0x04, 0x40, 0x00, 0x00,
    0x00, 0x19, 0x1e, 0x0c, 0x00, 0xa8, 0x0e, 0x00, 0x86, 0x79, 0x00, 0x1e,
    0x13, 0x40, 0x00, 0x00, 0x04, 0x19, 0x10, 0x0c, 0x00, 0xe8, 0x45, 0x00,
    0x81, 0x79, 0x12, 0x10, 0x04, 0x44, 0x00, 0x00, 0x00, 0x19, 0x1e, 0x0c,
    0x00, 0xe8, 0x8e, 0x00, 0x86, 0x79, 0x00, 0x1e, 0x12, 0x44, 0x00, 0x00,
    0x04, 0x19, 0x10, 0x0c, 0x00, 0xe8, 0x87, 0x00, 0x81, 0x79, 0x25, 0x10,
    0x04, 0x48, 0x00, 0x00, 0x00, 0x19, 0x1e, 0x0c, 0x00, 0x28, 0x1f, 0x00,
    0x86, 0x79, 0x00, 0x1e, 0x25, 0x48, 0x00, 0x00, 0x04, 0x19, 0x10, 0x0c,
    0x00, 0xe8, 0x01, 0x01, 0x81, 0x79, 0x1a, 0x10, 0x04, 0x4c, 0x00, 0x00,
    0x00, 0x19, 0x1e, 0x0c, 0x00, 0x28, 0x0f, 0x00, 0x86, 0x79, 0x00, 0x1e,
    0x1a, 0x4c, 0x00, 0x00, 0x04, 0x19, 0x10, 0x0c, 0x00, 0xe8, 0x09, 0x01,
    0x81, 0x79, 0x1c, 0x10, 0x04, 0x50, 0x00, 0x00, 0x00, 0x19, 0x1e, 0x0c,
    0x00, 0x68, 0x0f, 0x02, 0x86, 0x79, 0x00, 0x1e, 0x1c, 0x50, 0x00, 0x00,
    0x04, 0x19, 0x10, 0x0c, 0x00, 0xe8, 0x0b, 0x02, 0x81, 0x79, 0x18, 0x10,
    0x04, 0x54, 0x00, 0x00, 0x00, 0x19, 0x1e, 0x0c, 0x00, 0xa8, 0x2e, 0x00,
    0x86, 0x79, 0x00, 0x1e, 0x18, 0x54, 0x00, 0x00, 0x04, 0x19, 0x10, 0x0c,
    0x00, 0xe8, 0x43, 0x00, 0x81, 0x79, 0x13, 0x10, 0x04, 0x58, 0x00, 0x00,
    0x00, 0x19, 0x1e, 0x0c, 0x00, 0xa8, 0x0e, 0x00, 0x86, 0x79, 0x00, 0x1e,
    0x13, 0x58, 0x00, 0x00, 0x04, 0x19, 0x10, 0x0c, 0x00, 0xe8, 0x45, 0x00,
    0x81, 0x79, 0x12, 0x10, 0x04, 0x5c, 0x00, 0x00, 0x00, 0x19, 0x1e, 0x0c,
    0x00, 0xe8, 0x8e, 0x00, 0x86, 0x79, 0x00, 0x1e, 0x12, 0x5c, 0x00, 0x00,
    0x04, 0x19, 0x10, 0x0c, 0x00, 0xe8, 0x87, 0x00, 0x81, 0x79, 0x25, 0x10,
    0x04, 0x60, 0x00, 0x00, 0x00, 0x19, 0x1e, 0x0c, 0x00, 0x28, 0x1f, 0x00,
    0x86, 0x79, 0x00, 0x1e, 0x25, 0x60, 0x00, 0x00, 0x04, 0x19, 0x10, 0x0c,
    0x00, 0xe8, 0x01, 0x01, 0x81, 0x79, 0x1a, 0x10, 0x04, 0x64, 0x00, 0x00,
    0x00, 0x19, 0x1e, 0x0c, 0x00, 0x28, 0x0f, 0x00, 0x86, 0x79, 0x00, 0x1e,
    0x1a, 0x64, 0x00, 0x00, 0x04, 0x19, 0x10, 0x0c, 0x00, 0xe8, 0x09, 0x01,
    0x81, 0x79, 0x1c, 0x10, 0x04, 0x68, 0x00, 0x00, 0x00, 0x19, 0x1e, 0x0c,
    0x00, 0x68, 0x0f, 0x02, 0x86, 0x79, 0x00, 0x1e, 0x1c, 0x68, 0x00, 0x00,
    0x04, 0x19, 0x10, 0x0c, 0x00, 0xe8, 0x0b, 0x02, 0x81, 0x79, 0x18, 0x10,
    0x04, 0x6c, 0x00, 0x00, 0x00, 0x19, 0x1e, 0x0c, 0x00, 0xa8, 0x2e, 0x00,
    0x86, 0x79, 0x00, 0x1e, 0x18, 0x6c, 0x00, 0x00, 0x04, 0x19, 0x10, 0x0c,
    0x00, 0xe8, 0x43, 0x00, 0x81, 0x79, 0x13, 0x10, 0x04, 0x70, 0x00, 0x00,
    0x00, 0x19, 0x1e, 0x0c, 0x00, 0xa8, 0x0e, 0x00, 0x86, 0x79, 0x00, 0x1e,
    0x13, 0x70, 0x00, 0x00, 0x04, 0x19, 0x10, 0x0c, 0x00, 0xe8, 0x45, 0x00,
    0x81, 0x79, 0x12, 0x10, 0x04, 0x74, 0x00, 0x00, 0x00, 0x19, 0x1e, 0x0c,
    0x00, 0xe8, 0x8e, 0x00, 0x86, 0x79, 0x00, 0x1e, 0x12, 0x74, 0x00, 0x00,
    0x04, 0x19, 0x10, 0x0c, 0x00, 0xe8, 0x87, 0x00, 0x81, 0x79, 0x25, 0x10,
    0x04, 0x78, 0x00, 0x00, 0x00, 0x19, 0x1e, 0x0c, 0x00, 0x28, 0x1f, 0x00,
    0x86, 0x79, 0x00, 0x1e, 0x25, 0x78, 0x00, 0x00, 0x04, 0x19, 0x10, 0x0c,
    0x00, 0xe8, 0x01, 0x01, 0x81, 0x79, 0x1a, 0x10, 0x04, 0x7c, 0x00, 0x00,
    0x00, 0x19, 0x1e, 0x0c, 0x00, 0x28, 0x0f, 0x00, 0x86, 0x79, 0x00, 0x1e,
    0x1a, 0x7c, 0x00, 0x00, 0x04, 0x19, 0x10, 0x0c, 0x00, 0xe8, 0x09, 0x01,
    0x81, 0x79, 0x1c, 0x10, 0x04, 0x80, 0x00, 0x00, 0x00, 0x19, 0x1e, 0x0c,
    0x00, 0x68, 0x0f, 0x02, 0x86, 0x79, 0x00, 0x1e, 0x1c, 0x80, 0x00, 0x00,
    0x04, 0x19, 0x10, 0x0c, 0x00, 0xe8, 0x0b, 0x02, 0x81, 0x79, 0x18, 0x10,
    0x04, 0x84, 0x00, 0x00, 0x00, 0x19, 0x1e, 0x0c, 0x00, 0xa8, 0x2e, 0x00,
    0x86, 0x79, 0x00, 0x1e, 0x18, 0x84, 0x00, 0x00, 0x04, 0x19, 0x10, 0x0c,
    0x00, 0xe8, 0x43, 0x00, 0x81, 0x79, 0x13, 0x10, 0x04, 0x88, 0x00, 0x00,
    0x00, 0x19, 0x1e, 0x0c, 0x00, 0xa8, 0x0e, 0x00, 0x86, 0x79, 0x00, 0x1e,
    0x13, 0x88, 0x00, 0x00, 0x04, 0x19, 0x10, 0x0c, 0x00, 0xe8, 0x45, 0x00,
    0x81, 0x79, 0x12, 0x10, 0x04, 0x8c, 0x00, 0x00, 0x00, 0x19, 0x1e, 0x0c,
    0x00, 0xe8, 0x8e, 0x00, 0x86, 0x79, 0x00, 0x1e, 0x12, 0x8c, 0x00, 0x00,
    0x04, 0x19, 0x10, 0x0c, 0x00, 0xe8, 0x87, 0x00, 0x81, 0x79, 0x25, 0x10,
    0x04, 0x90, 0x00, 0x00, 0x00, 0x19, 0x1e, 0x0c, 0x00, 0x28, 0x1f, 0x00,
    0x86, 0x79, 0x00, 0x1e, 0x25, 0x90, 0x00, 0x00, 0x04, 0x19, 0x10, 0x0c,
    0x00, 0xe8, 0x01, 0x01, 0x81, 0x79, 0x1a, 0x10, 0x04, 0x94, 0x00, 0x00,
    0x00, 0x19, 0x1e, 0x0c, 0x00, 0x28, 0x0f, 0x00, 0x86, 0x79, 0x00, 0x1e,
    0x1a, 0x94, 0x00, 0x00, 0x04, 0x19, 0x10, 0x0c, 0x00, 0xe8, 0x09, 0x01,
    0x81, 0x79, 0x1c, 0x10, 0x04, 0x98, 0x00, 0x00, 0x00, 0x19, 0x1e, 0x0c,
    0x00, 0x68, 0x0f, 0x02, 0x86, 0x79, 0x00, 0x1e, 0x1c, 0x98, 0x00, 0x00,
    0x04, 0x19, 0x10, 0x0c, 0x00, 0xe8, 0x0b, 0x02, 0x81, 0x79, 0x18, 0x10,
    0x04, 0x9c, 0x00, 0x00, 0x00, 0x19, 0x1e, 0x0c, 0x00, 0xa8, 0x2e, 0x00,
    0x86, 0x79, 0x00, 0x1e, 0x18, 0x9c, 0x00, 0x00, 0x04, 0x19, 0x10, 0x0c,
    0x00, 0xe8, 0x43, 0x00, 0x81, 0x79, 0x13, 0x10, 0x04, 0xa0, 0x00, 0x00,
    0x00, 0x19, 0x1e, 0x0c, 0x00, 0xa8, 0x0e, 0x00, 0x86, 0x79, 0x00, 0x1e,
    0x13, 0xa0, 0x00, 0x00, 0x04, 0x19, 0x10, 0x0c, 0x00, 0xe8, 0x45, 0x00,
    0x81, 0x79, 0x12, 0x10, 0x04, 0xa4, 0x00, 0x00, 0x00, 0x19, 0x1e, 0x0c,
    0x00, 0xe8, 0x8e, 0x00, 0x86, 0x79, 0x00, 0x1e, 0x12, 0xa4, 0x00, 0x00,
    0x04, 0x19, 0x10, 0x0c, 0x00, 0xe8, 0x87, 0x00, 0x81, 0x79, 0x25, 0x10,
    0x04, 0xa8, 0x00, 0x00, 0x00, 0x19, 0x1e, 0x0c, 0x00, 0x28, 0x1f, 0x00,
    0x86, 0x79, 0x00, 0x1e, 0x25, 0xa8, 0x00, 0x00, 0x04, 0x19, 0x10, 0x0c,
    0x00, 0xe8, 0x01, 0x01, 0x81, 0x79, 0x1a, 0x10, 0x04, 0xac, 0x00, 0x00,
    0x00, 0x19, 0x1e, 0x0c, 0x00, 0x28, 0x0f, 0x00, 0x86, 0x79, 0x00, 0x1e,
    0x1a, 0xac, 0x00, 0x00, 0x04, 0x19, 0x10, 0x0c, 0x00, 0xe8, 0x09, 0x01,
    0x81, 0x79, 0x1c, 0x10, 0x04, 0xb0, 0x00, 0x00, 0x00, 0x19, 0x1e, 0x0c,
    0x00, 0x68, 0x0f, 0x02, 0x86, 0x79, 0x00, 0x1e, 0x1c, 0xb0, 0x00, 0x00,
    0x04, 0x19, 0x10, 0x0c, 0x00, 0xe8, 0x0b, 0x02, 0x81, 0x79, 0x18, 0x10,
    0x04, 0xb4, 0x00, 0x00, 0x00, 0x19, 0x1e, 0x0c, 0x00, 0xa8, 0x2e, 0x00,
    0x86, 0x79, 0x00, 0x1e, 0x18, 0xb4, 0x00, 0x00, 0x04, 0x19, 0x10, 0x0c,
    0x00, 0xe8, 0x43, 0x00, 0x81, 0x79, 0x13, 0x10, 0x04, 0xb8, 0x00, 0x00,
    0x00, 0x19, 0x1e, 0x0c, 0x00, 0xa8, 0x0e, 0x00, 0x86, 0x79, 0x00, 0x1e,
    0x13, 0xb8, 0x00, 0x00, 0x04, 0x19, 0x10, 0x0c, 0x00, 0xe8, 0x45, 0x00,
    0x81, 0x79, 0x12, 0x10, 0x04, 0xbc, 0x00, 0x00, 0x00, 0x19, 0x1e, 0x0c,
    0x00, 0xe8, 0x8e, 0x00, 0x86, 0x79, 0x00, 0x1e, 0x12, 0xbc, 0x00, 0x00,
    0x04, 0x19, 0x10, 0x0c, 0x00, 0xe8, 0x87, 0x00, 0x81, 0x79, 0x25, 0x10,
    0x04, 0xc0, 0x00, 0x00, 0x00, 0x19, 0x1e, 0x0c, 0x00, 0x28, 0x1f, 0x00,
    0x86, 0x79, 0x00, 0x1e, 0x25, 0xc0, 0x00, 0x00, 0x04, 0x19, 0x10, 0x0c,
    0x00, 0xe8, 0x01, 0x01, 0x81, 0x79, 0x1a, 0x10, 0x04, 0xc4, 0x00, 0x00,
    0x00, 0x19, 0x1e, 0x0c, 0x00, 0x28, 0x0f, 0x00, 0x86, 0x79, 0x00, 0x1e,
    0x1a, 0xc4, 0x00, 0x00, 0x04, 0x19, 0x10, 0x0c, 0x00, 0xe8, 0x09, 0x01,
    0x81, 0x79, 0x1c, 0x10, 0x04, 0xc8, 0x00, 0x00, 0x00, 0x19, 0x1e, 0x0c,
    0x00, 0x68, 0x0f, 0x02, 0x86, 0x79, 0x00, 0x1e, 0x1c, 0xc8, 0x00, 0x00,
    0x04, 0x19, 0x10, 0x0c, 0x00, 0xe8, 0x0b, 0x02, 0x81, 0x79, 0x18, 0x10,
    0x04, 0xcc, 0x00, 0x00, 0x00, 0x19, 0x1e, 0x0c, 0x00, 0xa8, 0x2e, 0x00,
    0x86, 0x79, 0x00, 0x1e, 0x18, 0xcc, 0x00, 0x00, 0x04, 0x19, 0x10, 0x0c,
    0x00, 0xe8, 0x43, 0x00, 0x81, 0x79, 0x13, 0x10, 0x04, 0xd0, 0x00, 0x00,
    0x00, 0x19, 0x1e, 0x0c, 0x00, 0xa8, 0x0e, 0x00, 0x86, 0x79, 0x00, 0x1e,
    0x13, 0xd0, 0x00, 0x00, 0x04, 0x19, 0x10, 0x0c, 0x00, 0xe8, 0x45, 0x00,
    0x81, 0x79, 0x12, 0x10, 0x04, 0xd4, 0x00, 0x00, 0x00, 0x19, 0x1e, 0x0c,
    0x00, 0xe8, 0x8e, 0x00, 0x86, 0x79, 0x00, 0x1e, 0x12, 0xd4, 0x00, 0x00,
    0x04, 0x19, 0x10, 0x0c, 0x00, 0xe8, 0x87, 0x00, 0x81, 0x79, 0x25, 0x10,
    0x04, 0xd8, 0x00, 0x00, 0x00, 0x19, 0x1e, 0x0c, 0x00, 0x28, 0x1f, 0x00,
    0x86, 0x79, 0x00, 0x1e, 0x25, 0xd8, 0x00, 0x00, 0x04, 0x19, 0x10, 0x0c,
    0x00, 0xe8, 0x01, 0x01, 0x81, 0x79, 0x1a, 0x10, 0x04, 0xdc, 0x00, 0x00,
    0x00, 0x19, 0x1e, 0x0c, 0x00, 0x28, 0x0f, 0x00, 0x86, 0x79, 0x00, 0x1e,
    0x1a, 0xdc, 0x00, 0x00, 0x04, 0x19, 0x10, 0x0c, 0x00, 0xe8, 0x09, 0x01,
    0x81, 0x79, 0x1c, 0x10, 0x04, 0xe0, 0x00, 0x00, 0x00, 0x19, 0x1e, 0x0c,
    0x00, 0x68, 0x0f, 0x02, 0x86, 0x79, 0x00, 0x1e, 0x1c, 0xe0, 0x00, 0x00,
    0x04, 0x19, 0x10, 0x0c, 0x00, 0xe8, 0x0b, 0x02, 0x81, 0x79, 0x18, 0x10,
    0x04, 0xe4, 0x00, 0x00, 0x00, 0x19, 0x1e, 0x0c, 0x00, 0xa8, 0x2e, 0x00,
    0x86, 0x79, 0x00, 0x1e, 0x18, 0xe4, 0x00, 0x00, 0x04, 0x19, 0x10, 0x0c,
    0x00, 0xe8, 0x43, 0x00, 0x81, 0x79, 0x13, 0x10, 0x04, 0xe8, 0x00, 0x00,
    0x00, 0x19, 0x1e, 0x0c, 0x00, 0xa8, 0x0e, 0x00, 0x86, 0x79, 0x00, 0x1e,
    0x13, 0xe8, 0x00, 0x00, 0x04, 0x19, 0x10, 0x0c, 0x00, 0xe8, 0x45, 0x00,
    0x81, 0x79, 0x12, 0x10, 0x04, 0xec, 0x00, 0x00, 0x00, 0x19, 0x1e, 0x0c,
    0x00, 0xe8, 0x8e, 0x00, 0x86, 0x79, 0x00, 0x1e, 0x12, 0xec, 0x00, 0x00,
    0x04, 0x19, 0x10, 0x0c, 0x00, 0xe8, 0x87, 0x00, 0x81, 0x79, 0x25, 0x10,
    0x04, 0xf0, 0x00, 0x00, 0x00, 0x19, 0x1e, 0x0c, 0x00, 0x28, 0x1f, 0x00,
    0x86, 0x79, 0x00, 0x1e, 0x25, 0xf0, 0x00, 0x00, 0x04, 0x19, 0x10, 0x0c,
    0x00, 0xe8, 0x01, 0x01, 0x81, 0x79, 0x1a, 0x10, 0x04, 0xf4, 0x00, 0x00,
    0x00, 0x19, 0x1e, 0x0c, 0x00, 0x28, 0x0f, 0x00, 0x86, 0x79, 0x00, 0x1e,
    0x1a, 0xf4, 0x00, 0x00, 0x04, 0x19, 0x10, 0x0c, 0x00, 0xe8, 0x09, 0x01,
    0x81, 0x79, 0x1c, 0x10, 0x04, 0xf8, 0x00, 0x00, 0x00, 0x19, 0x1e, 0x0c,
    0x00, 0x68, 0x0f, 0x02, 0x86, 0x79, 0x00, 0x1e, 0x1c, 0xf8, 0x00, 0x00,
    0x04, 0x19, 0x10, 0x0c, 0x00, 0xe8, 0x0b, 0x02, 0x81, 0x79, 0x18, 0x10,
    0x04, 0xfc, 0x00, 0x00, 0x00, 0x19, 0x1e, 0x0c, 0x00, 0xa8, 0x2e, 0x00,
    0x86, 0x79, 0x00, 0x1e, 0x18, 0xfc, 0x00, 0x00, 0x04, 0x19, 0x10, 0x0c,
    0x00, 0xe8, 0x43, 0x00, 0x81, 0x79, 0x13, 0x10, 0x04, 0x00, 0x01, 0x00,
    0x00, 0x19, 0x1e, 0x0c, 0x00, 0xa8, 0x0e, 0x00, 0x86, 0x79, 0x00, 0x1e,
    0x13, 0x00, 0x01, 0x00, 0x04, 0x19, 0x10, 0x0c, 0x00, 0xe8, 0x45, 0x00,
    0x81, 0x79, 0x12, 0x10, 0x04, 0x04, 0x01, 0x00, 0x00, 0x19, 0x1e, 0x0c,
    0x00, 0xe8, 0x8e, 0x00, 0x86, 0x79, 0x00, 0x1e, 0x12, 0x04, 0x01, 0x00,
    0x04, 0x19, 0x10, 0x0c, 0x00, 0xe8, 0x87, 0x00, 0x81, 0x79, 0x25, 0x10,
    0x04, 0x08, 0x01, 0x00, 0x00, 0x19, 0x1e, 0x0c, 0x00, 0x28, 0x1f, 0x00,
    0x86, 0x79, 0x00, 0x1e, 0x25, 0x08, 0x01, 0x00, 0x04, 0x19, 0x10, 0x0c,
    0x00, 0xe8, 0x01, 0x01, 0x81, 0x79, 0x1a, 0x10, 0x04, 0x0c, 0x01, 0x00,
    0x00, 0x19, 0x1e, 0x0c, 0x00, 0x28, 0x0f, 0x00, 0x86, 0x79, 0x00, 0x1e,
    0x1a, 0x0c, 0x01, 0x00, 0x04, 0x19, 0x10, 0x0c, 0x00, 0xe8, 0x09, 0x01,
    0x81, 0x79, 0x1c, 0x10, 0x04, 0x10, 0x01, 0x00, 0x00, 0x19, 0x1e, 0x0c,
    0x00, 0x68, 0x0f, 0x02, 0x86, 0x79, 0x00, 0x1e, 0x1c, 0x10, 0x01, 0x00,
    0x04, 0x19, 0x10, 0x0c, 0x00, 0xe8, 0x0b, 0x02, 0x81, 0x79, 0x18, 0x10,
    0x04, 0x14, 0x01, 0x00, 0x00, 0x19, 0x1e, 0x0c, 0x00, 0xa8, 0x2e, 0x00,
    0x86, 0x79, 0x00, 0x1e, 0x18, 0x14, 0x01, 0x00, 0x04, 0x19, 0x10, 0x0c,
    0x00, 0xe8, 0x43, 0x00, 0x81, 0x79, 0x13, 0x10, 0x04, 0x18, 0x01, 0x00,
    0x00, 0x19, 0x1e, 0x0c, 0x00, 0xa8, 0x0e, 0x00, 0x86, 0x79, 0x00, 0x1e,
    0x13, 0x18, 0x01, 0x00, 0x04, 0x19, 0x10, 0x0c, 0x00, 0xe8, 0x45, 0x00,
    0x81, 0x79, 0x12, 0x10, 0x04, 0x1c, 0x01, 0x00, 0x00, 0x19, 0x1e, 0x0c,
    0x00, 0xe8, 0x8e, 0x00, 0x86, 0x79, 0x00, 0x1e, 0x12, 0x1c, 0x01, 0x00,
    0x04, 0x19, 0x10, 0x0c, 0x00, 0xe8, 0x87, 0x00, 0x81, 0x79, 0x25, 0x10,
    0x04, 0x20, 0x01, 0x00, 0x00, 0x19, 0x1e, 0x0c, 0x00, 0x28, 0x1f, 0x00,
    0x86, 0x79, 0x00, 0x1e, 0x25, 0x20, 0x01, 0x00, 0x04, 0x19, 0x10, 0x0c,
    0x00, 0xe8, 0x01, 0x01, 0x81, 0x79, 0x1a, 0x10, 0x04, 0x24, 0x01, 0x00,
    0x00, 0x19, 0x1e, 0x0c, 0x00, 0x28, 0x0f, 0x00, 0x86, 0x79, 0x00, 0x1e,
    0x1a, 0x24, 0x01, 0x00, 0x04, 0x19, 0x10, 0x0c, 0x00, 0xe8, 0x09, 0x01,
    0x81, 0x79, 0x1c, 0x10, 0x04, 0x28, 0x01, 0x00, 0x00, 0x19, 0x1e, 0x0c,
    0x00, 0x68, 0x0f, 0x02, 0x86, 0x79, 0x00, 0x1e, 0x1c, 0x28, 0x01, 0x00,
    0x04, 0x19, 0x10, 0x0c, 0x00, 0xe8, 0x0b, 0x02, 0x81, 0x79, 0x18, 0x10,
    0x04, 0x2c, 0x01, 0x00, 0x00, 0x19, 0x1e, 0x0c, 0x00, 0xa8, 0x2e, 0x00,
    0x86, 0x79, 0x00, 0x1e, 0x18, 0x2c, 0x01, 0x00, 0x04, 0x19, 0x10, 0x0c,
    0x00, 0xe8, 0x43, 0x00, 0x81, 0x79, 0x13, 0x10, 0x04, 0x30, 0x01, 0x00,
    0x00, 0x19, 0x1e, 0x0c, 0x00, 0xa8, 0x0e, 0x00, 0x86, 0x79, 0x00, 0x1e,
    0x13, 0x30, 0x01, 0x00, 0x04, 0x19, 0x10, 0x0c, 0x00, 0xe8, 0x45, 0x00,
    0x81, 0x79, 0x12, 0x10, 0x04, 0x34, 0x01, 0x00, 0x00, 0x19, 0x1e, 0x0c,
    0x00, 0xe8, 0x8e, 0x00, 0x86, 0x79, 0x00, 0x1e, 0x12, 0x34, 0x01, 0x00,
    0x04, 0x19, 0x10, 0x0c, 0x00, 0xe8, 0x87, 0x00, 0x81, 0x79, 0x25, 0x10,
    0x04, 0x38, 0x01, 0x00, 0x00, 0x19, 0x1e, 0x0c, 0x00, 0x28, 0x1f, 0x00,
    0x86, 0x79, 0x00, 0x1e, 0x25, 0x38, 0x01, 0x00, 0x04, 0x19, 0x10, 0x0c,
    0x00, 0xe8, 0x01, 0x01, 0x81, 0x79, 0x1a, 0x10, 0x04, 0x3c, 0x01, 0x00,
    0x00, 0x19, 0x1e, 0x0c, 0x00, 0x28, 0x0f, 0x00, 0x86, 0x79, 0x00, 0x1e,
    0x1a, 0x3c, 0x01, 0x00, 0x04, 0x19, 0x10, 0x0c, 0x00, 0xe8, 0x09, 0x01,
    0x81, 0x79, 0x1c, 0x10, 0x04, 0x40, 0x01, 0x00, 0x00, 0x19, 0x1e, 0x0c,
    0x00, 0x68, 0x0f, 0x02, 0x86, 0x79, 0x00, 0x1e, 0x1c, 0x40, 0x01, 0x00,
    0x04, 0x19, 0x10, 0x0c, 0x00, 0xe8, 0x0b, 0x02, 0x81, 0x79, 0x18, 0x10,
    0x04, 0x44, 0x01, 0x00, 0x00, 0x19, 0x1e, 0x0c, 0x00, 0xa8, 0x2e, 0x00,
    0x86, 0x79, 0x00, 0x1e, 0x18, 0x44, 0x01, 0x00, 0x04, 0x19, 0x10, 0x0c,
    0x00, 0xe8, 0x43, 0x00, 0x81, 0x79, 0x13, 0x10, 0x04, 0x48, 0x01, 0x00,
    0x00, 0x19, 0x1e, 0x0c, 0x00, 0xa8, 0x0e, 0x00, 0x86, 0x79, 0x00, 0x1e,
    0x13, 0x48, 0x01, 0x00, 0x04, 0x19, 0x10, 0x0c, 0x00, 0xe8, 0x45, 0x00,
    0x81, 0x79, 0x12, 0x10, 0x04, 0x4c, 0x01, 0x00, 0x00, 0x19, 0x1e, 0x0c,
    0x00, 0xe8, 0x8e, 0x00, 0x86, 0x79, 0x00, 0x1e, 0x12, 0x4c, 0x01, 0x00,
    0x04, 0x19, 0x10, 0x0c, 0x00, 0xe8, 0x87, 0x00, 0x81, 0x79, 0x25, 0x10,
    0x04, 0x50, 0x01, 0x00, 0x00, 0x19, 0x1e, 0x0c, 0x00, 0x28, 0x1f, 0x00,
    0x86, 0x79, 0x00, 0x1e, 0x25, 0x50, 0x01, 0x00, 0x04, 0x19, 0x10, 0x0c,
    0x00, 0xe8, 0x01, 0x01, 0x81, 0x79, 0x1a, 0x10, 0x04, 0x54, 0x01, 0x00,
    0x00, 0x19, 0x1e, 0x0c, 0x00, 0x28, 0x0f, 0x00, 0x86, 0x79, 0x00, 0x1e,
    0x1a, 0x54, 0x01, 0x00, 0x04, 0x19, 0x10, 0x0c, 0x00, 0xe8, 0x09, 0x01,
    0x81, 0x79, 0x1c, 0x10, 0x04, 0x58, 0x01, 0x00, 0x00, 0x19, 0x1e, 0x0c,
    0x00, 0x68, 0x0f, 0x02, 0x86, 0x79, 0x00, 0x1e, 0x1c, 0x58, 0x01, 0x00,
    0x04, 0x19, 0x10, 0x0c, 0x00, 0xe8, 0x0b, 0x02, 0x81, 0x79, 0x18, 0x10,
    0x04, 0x5c, 0x01, 0x00, 0x00, 0x19, 0x1e, 0x0c, 0x00, 0xa8, 0x2e, 0x00,
    0x86, 0x79, 0x00, 0x1e, 0x18, 0x5c, 0x01, 0x00, 0x04, 0x19, 0x10, 0x0c,
    0x00, 0xe8, 0x43, 0x00, 0x81, 0x79, 0x13, 0x10, 0x04, 0x60, 0x01, 0x00,
    0x00, 0x19, 0x1e, 0x0c, 0x00, 0xa8, 0x0e, 0x00, 0x86, 0x79, 0x00, 0x1e,
    0x13, 0x60, 0x01, 0x00, 0x04, 0x19, 0x10, 0x0c, 0x00, 0xe8, 0x45, 0x00,
    0x81, 0x79, 0x12, 0x10, 0x04, 0x64, 0x01, 0x00, 0x00, 0x19, 0x1e, 0x0c,
    0x00, 0xe8, 0x8e, 0x00, 0x86, 0x79, 0x00, 0x1e, 0x12, 0x64, 0x01, 0x00,
    0x04, 0x19, 0x10, 0x0c, 0x00, 0xe8, 0x87, 0x00, 0x81, 0x79, 0x25, 0x10,
    0x04, 0x68, 0x01, 0x00, 0x00, 0x19, 0x1e, 0x0c, 0x00, 0x28, 0x1f, 0x00,
    0x86, 0x79, 0x00, 0x1e, 0x25, 0x68, 0x01, 0x00, 0x04, 0x19, 0x10, 0x0c,
    0x00, 0xe8, 0x01, 0x01, 0x81, 0x79, 0x1a, 0x10, 0x04, 0x6c, 0x01, 0x00,
    0x00, 0x19, 0x1e, 0x0c, 0x00, 0x28, 0x0f, 0x00, 0x86, 0x79, 0x00, 0x1e,
    0x1a, 0x6c, 0x01, 0x00, 0x04, 0x19, 0x10, 0x0c, 0x00, 0xe8, 0x09, 0x01,
    0x81, 0x79, 0x1c, 0x10, 0x04, 0x70, 0x01, 0x00, 0x00, 0x19, 0x1e, 0x0c,
    0x00, 0x68, 0x0f, 0x02, 0x86, 0x79, 0x00, 0x1e, 0x1c, 0x70, 0x01, 0x00,
    0x04, 0x19, 0x10, 0x0c, 0x00, 0xe8, 0x0b, 0x02, 0x81, 0x79, 0x18, 0x10,
    0x04, 0x74, 0x01, 0x00, 0x00, 0x19, 0x1e, 0x0c, 0x00, 0xa8, 0x2e, 0x00,
    0x86, 0x79, 0x00, 0x1e, 0x18, 0x74, 0x01, 0x00, 0x04, 0x19, 0x10, 0x0c,
    0x00, 0xe8, 0x43, 0x00, 0x81, 0x79, 0x13, 0x10, 0x04, 0x78, 0x01, 0x00,
    0x00, 0x19, 0x1e, 0x0c, 0x00, 0xa8, 0x0e, 0x00, 0x86, 0x79, 0x00, 0x1e,
    0x13, 0x78, 0x01, 0x00, 0x04, 0x19, 0x10, 0x0c, 0x00, 0xe8, 0x45, 0x00,
    0x81, 0x79, 0x12, 0x10, 0x04, 0x7c, 0x01, 0x00, 0x00, 0x19, 0x1e, 0x0c,
    0x00, 0xe8, 0x8e, 0x00, 0x86, 0x79, 0x00, 0x1e, 0x12, 0x7c, 0x01, 0x00,
    0x04, 0x19, 0x10, 0x0c, 0x00, 0xe8, 0x87, 0x00, 0x81, 0x79, 0x25, 0x10,
    0x04, 0x80, 0x01, 0x00, 0x00, 0x19, 0x1e, 0x0c, 0x00, 0x28, 0x1f, 0x00,
    0x86, 0x79, 0x00, 0x1e, 0x25, 0x80, 0x01, 0x00, 0x04, 0x19, 0x10, 0x0c,
    0x00, 0xe8, 0x01, 0x01, 0x81, 0x79, 0x1a, 0x10, 0x04, 0x84, 0x01, 0x00,
    0x00, 0x19, 0x1e, 0x0c, 0x00, 0x28, 0x0f, 0x00, 0x86, 0x79, 0x00, 0x1e,
    0x1a, 0x84, 0x01, 0x00, 0x04, 0x19, 0x10, 0x0c, 0x00, 0xe8, 0x09, 0x01,
    0x81, 0x79, 0x1c, 0x10, 0x04, 0x88, 0x01, 0x00, 0x00, 0x19, 0x1e, 0x0c,
    0x00, 0x68, 0x0f, 0x02, 0x86, 0x79, 0x00, 0x1e, 0x1c, 0x88, 0x01, 0x00,
    0x04, 0x19, 0x10, 0x0c, 0x00, 0xe8, 0x0b, 0x02, 0x81, 0x79, 0x18, 0x10,
    0x04, 0x8c, 0x01, 0x00, 0x00, 0x19, 0x1e, 0x0c, 0x00, 0xa8, 0x2e, 0x00,
    0x86, 0x79, 0x00, 0x1e, 0x18, 0x8c, 0x01, 0x00, 0x04, 0x19, 0x10, 0x0c,
    0x00, 0xe8, 0x43, 0x00, 0x81, 0x79, 0x13, 0x10, 0x04, 0x90, 0x01, 0x00,
    0x00, 0x19, 0x1e, 0x0c, 0x00, 0xa8, 0x0e, 0x00, 0x86, 0x79, 0x00, 0x1e,
    0x13, 0x90, 0x01, 0x00, 0x04, 0x19, 0x10, 0x0c, 0x00, 0xe8, 0x45, 0x00,
    0x81, 0x79, 0x12, 0x10, 0x04, 0x94, 0x01, 0x00, 0x00, 0x19, 0x1e, 0x0c,
    0x00, 0xe8, 0x8e, 0x00, 0x86, 0x79, 0x00, 0x1e, 0x12, 0x94, 0x01, 0x00,
    0x04, 0x19, 0x10, 0x0c, 0x00, 0xe8, 0x87, 0x00, 0x81, 0x79, 0x25, 0x10,
    0x04, 0x98, 0x01, 0x00, 0x00, 0x19, 0x1e, 0x0c, 0x00, 0x28, 0x1f, 0x00,
    0x86, 0x79, 0x00, 0x1e, 0x25, 0x98, 0x01, 0x00, 0x04, 0x19, 0x10, 0x0c,
    0x00, 0xe8, 0x01, 0x01, 0x81, 0x79, 0x1a, 0x10, 0x04, 0x9c, 0x01, 0x00,
    0x00, 0x19, 0x1e, 0x0c, 0x00, 0x28, 0x0f, 0x00, 0x86, 0x79, 0x00, 0x1e,
    0x1a, 0x9c, 0x01, 0x00, 0x04, 0x19, 0x10, 0x0c, 0x00, 0xe8, 0x09, 0x01,
    0x81, 0x79, 0x1c, 0x10, 0x04, 0xa0, 0x01, 0x00, 0x00, 0x19, 0x1e, 0x0c,
    0x00, 0x68, 0x0f, 0x02, 0x86, 0x79, 0x00, 0x1e, 0x1c, 0xa0, 0x01, 0x00,
    0x04, 0x19, 0x10, 0x0c, 0x00, 0xe8, 0x0b, 0x02, 0x81, 0x79, 0x18, 0x10,
    0x04, 0xa4, 0x01, 0x00, 0x00, 0x19, 0x1e, 0x0c, 0x00, 0xa8, 0x2e, 0x00,
    0x86, 0x79, 0x00, 0x1e, 0x18, 0xa4, 0x01, 0x00, 0x04, 0x19, 0x10, 0x0c,
    0x00, 0xe8, 0x43, 0x00, 0x81, 0x79, 0x13, 0x10, 0x04, 0xa8, 0x01, 0x00,
    0x00, 0x19, 0x1e, 0x0c, 0x00, 0xa8, 0x0e, 0x00, 0x86, 0x79, 0x00, 0x1e,
    0x13, 0xa8, 0x01, 0x00, 0x04, 0x19, 0x10, 0x0c, 0x00, 0xe8, 0x45, 0x00,
    0x81, 0x79, 0x12, 0x10, 0x04, 0xac, 0x01, 0x00, 0x00, 0x19, 0x1e, 0x0c,
    0x00, 0xe8, 0x8e, 0x00, 0x86, 0x79, 0x00, 0x1e, 0x12, 0xac, 0x01, 0x00,
    0x04, 0x19, 0x10, 0x0c, 0x00, 0xe8, 0x87, 0x00, 0x81, 0x79, 0x25, 0x10,
    0x04, 0xb0, 0x01, 0x00, 0x00, 0x19, 0x1e, 0x0c, 0x00, 0x28, 0x1f, 0x00,
    0x86, 0x79, 0x00, 0x1e, 0x25, 0xb0, 0x01, 0x00, 0x04, 0x19, 0x10, 0x0c,
    0x00, 0xe8, 0x01, 0x01, 0x81, 0x79, 0x1a, 0x10, 0x04, 0xb4, 0x01, 0x00,
    0x00, 0x19, 0x1e, 0x0c, 0x00, 0x28, 0x0f, 0x00, 0x86, 0x79, 0x00, 0x1e,
    0x1a, 0xb4, 0x01, 0x00, 0x04, 0x19, 0x10, 0x0c, 0x00, 0xe8, 0x09, 0x01,
    0x81, 0x79, 0x1c, 0x10, 0x04, 0xb8, 0x01, 0x00, 0x00, 0x19, 0x1e, 0x0c,
    0x00, 0x68, 0x0f, 0x02, 0x86, 0x79, 0x00, 0x1e, 0x1c, 0xb8, 0x01, 0x00,
    0x04, 0x19, 0x10, 0x0c, 0x00, 0xe8, 0x0b, 0x02, 0x81, 0x79, 0x18, 0x10,
    0x04, 0xbc, 0x01, 0x00, 0x00, 0x19, 0x1e, 0x0c, 0x00, 0xa8, 0x2e, 0x00,
    0x86, 0x79, 0x00, 0x1e, 0x18, 0xbc, 0x01, 0x00, 0x04, 0x19, 0x10, 0x0c,
    0x00, 0xe8, 0x43, 0x00, 0x81, 0x79, 0x13, 0x10, 0x04, 0xc0, 0x01, 0x00,
    0x00, 0x19, 0x1e, 0x0c, 0x00, 0xa8, 0x0e, 0x00, 0x86, 0x79, 0x00, 0x1e,
    0x13, 0xc0, 0x01, 0x00, 0x04, 0x19, 0x10, 0x0c, 0x00, 0xe8, 0x45, 0x00,
    0x81, 0x79, 0x12, 0x10, 0x04, 0xc4, 0x01, 0x00, 0x00, 0x19, 0x1e, 0x0c,
    0x00, 0xe8, 0x8e, 0x00, 0x86, 0x79, 0x00, 0x1e, 0x12, 0xc4, 0x01, 0x00,
    0x04, 0x19, 0x10, 0x0c, 0x00, 0xe8, 0x87, 0x00, 0x81, 0x79, 0x25, 0x10,
    0x04, 0xc8, 0x01, 0x00, 0x00, 0x19, 0x1e, 0x0c, 0x00, 0x28, 0x1f, 0x00,
    0x86, 0x79, 0x00, 0x1e, 0x25, 0xc8, 0x01, 0x00, 0x04, 0x19, 0x10, 0x0c,
    0x00, 0xe8, 0x01, 0x01, 0x81, 0x79, 0x1a, 0x10, 0x04, 0xcc, 0x01, 0x00,
    0x00, 0x19, 0x1e, 0x0c, 0x00, 0x28, 0x0f, 0x00, 0x86, 0x79, 0x00, 0x1e,
    0x1a, 0xcc, 0x01, 0x00, 0x04, 0x19, 0x10, 0x0c, 0x00, 0xe8, 0x09, 0x01,
    0x81, 0x79, 0x1c, 0x10, 0x04, 0xd0, 0x01, 0x00, 0x00, 0x19, 0x1e, 0x0c,
    0x00, 0x68, 0x0f, 0x02, 0x86, 0x79, 0x00, 0x1e, 0x1c, 0xd0, 0x01, 0x00,
    0x04, 0x19, 0x10, 0x0c, 0x00, 0xe8, 0x0b, 0x02, 0x81, 0x79, 0x18, 0x10,
    0x04, 0xd4, 0x01, 0x00, 0x00, 0x19, 0x1e, 0x0c, 0x00, 0xa8, 0x2e, 0x00,
    0x86, 0x79, 0x00, 0x1e, 0x18, 0xd4, 0x01, 0x00, 0x04, 0x19, 0x10, 0x0c,
    0x00, 0xe8, 0x43, 0x00, 0x81, 0x79, 0x13, 0x10, 0x04, 0xd8, 0x01, 0x00,
    0x00, 0x19, 0x1e, 0x0c, 0x00, 0xa8, 0x0e, 0x00, 0x86, 0x79, 0x00, 0x1e,
    0x13, 0xd8, 0x01, 0x00, 0x04, 0x19, 0x10, 0x0c, 0x00, 0xe8, 0x45, 0x00,
    0x81, 0x79, 0x12, 0x10, 0x04, 0xdc, 0x01, 0x00, 0x00, 0x19, 0x1e, 0x0c,
    0x00, 0xe8, 0x8e, 0x00, 0x86, 0x79, 0x00, 0x1e, 0x12, 0xdc, 0x01, 0x00,
    0x04, 0x19, 0x10, 0x0c, 0x00, 0xe8, 0x87, 0x00, 0x81, 0x79, 0x25, 0x10,
    0x04, 0xe0, 0x01, 0x00, 0x00, 0x19, 0x1e, 0x0c, 0x00, 0x28, 0x1f, 0x00,
    0x86, 0x79, 0x00, 0x1e, 0x25, 0xe0, 0x01, 0x00, 0x04, 0x19, 0x10, 0x0c,
    0x00, 0xe8, 0x01, 0x01, 0x81, 0x79, 0x1a, 0x10, 0x04, 0xe4, 0x01, 0x00,
    0x00, 0x19, 0x1e, 0x0c, 0x00, 0x28, 0x0f, 0x00, 0x86, 0x79, 0x00, 0x1e,
    0x1a, 0xe4, 0x01, 0x00, 0x04, 0x19, 0x10, 0x0c, 0x00, 0xe8, 0x09, 0x01,
    0x81, 0x79, 0x1c, 0x10, 0x04, 0xe8, 0x01, 0x00, 0x00, 0x19, 0x1e, 0x0c,
    0x00, 0x68, 0x0f, 0x02, 0x86, 0x79, 0x00, 0x1e, 0x1c, 0xe8, 0x01, 0x00,
    0x04, 0x19, 0x10, 0x0c, 0x00, 0xe8, 0x0b, 0x02, 0x81, 0x79, 0x18, 0x10,
    0x04, 0xec, 0x01, 0x00, 0x00, 0x19, 0x1e, 0x0c, 0x00, 0xa8, 0x2e, 0x00,
    0x86, 0x79, 0x00, 0x1e, 0x18, 0xec, 0x01, 0x00, 0x04, 0x19, 0x10, 0x0c,
    0x00, 0xe8, 0x43, 0x00, 0x81, 0x79, 0x13, 0x10, 0x04, 0xf0, 0x01, 0x00,
    0x00, 0x19, 0x1e, 0x0c, 0x00, 0xa8, 0x0e, 0x00, 0x86, 0x79, 0x00, 0x1e,
    0x13, 0xf0, 0x01, 0x00, 0x04, 0x19, 0x10, 0x0c, 0x00, 0xe8, 0x45, 0x00,
    0x81, 0x79, 0x12, 0x10, 0x04, 0xf4, 0x01, 0x00, 0x00, 0x19, 0x1e, 0x0c,
    0x00, 0xe8, 0x8e, 0x00, 0x86, 0x79, 0x00, 0x1e, 0x12, 0xf4, 0x01, 0x00,
    0x04, 0x19, 0x10, 0x0c, 0x00, 0xe8, 0x87, 0x00, 0x81, 0x79, 0x25, 0x10,
    0x04, 0xf8, 0x01, 0x00, 0x00, 0x19, 0x1e, 0x0c, 0x00, 0x28, 0x1f, 0x00,
    0x86, 0x79, 0x00, 0x1e, 0x25, 0xf8, 0x01, 0x00, 0x04, 0x19, 0x10, 0x0c,
    0x00, 0xe8, 0x01, 0x01, 0x81, 0x79, 0x1a, 0x10, 0x04, 0xfc, 0x01, 0x00,
    0x00, 0x19, 0x1e, 0x0c, 0x00, 0x28, 0x0f, 0x00, 0x86, 0x79, 0x00, 0x1e,
    0x1a, 0xfc, 0x01, 0x00, 0x04, 0x19, 0x10, 0x0c, 0x00, 0xe8, 0x09, 0x01,
    0x81, 0x79, 0x1c, 0x10, 0x04, 0x00, 0x02, 0x00, 0x00, 0x19, 0x1e, 0x0c,
    0x00, 0x68, 0x0f, 0x02, 0x86, 0x79, 0x00, 0x1e, 0x1c, 0x00, 0x02, 0x00,
    0x04, 0x19, 0x10, 0x0c, 0x00, 0xe8, 0x0b, 0x02, 0x81, 0x79, 0x18, 0x10,
    0x04, 0x04, 0x02, 0x00, 0x00, 0x19, 0x1e, 0x0c, 0x00, 0xa8, 0x2e, 0x00,
    0x86, 0x79, 0x00, 0x1e, 0x18, 0x04, 0x02, 0x00, 0x04, 0x19, 0x10, 0x0c,
    0x00, 0xe8, 0x43, 0x00, 0x81, 0x79, 0x13, 0x10, 0x04, 0x08, 0x02, 0x00,
    0x00, 0x19, 0x1e, 0x0c, 0x00, 0xa8, 0x0e, 0x00, 0x86, 0x79, 0x00, 0x1e,
    0x13, 0x08, 0x02, 0x00, 0x04, 0x19, 0x10, 0x0c, 0x00, 0xe8, 0x45, 0x00,
    0x81, 0x79, 0x12, 0x10, 0x04, 0x0c, 0x02, 0x00, 0x00, 0x19, 0x1e, 0x0c,
    0x00, 0xe8, 0x8e, 0x00, 0x86, 0x79, 0x00, 0x1e, 0x12, 0x0c, 0x02, 0x00,
    0x04, 0x19, 0x10, 0x0c, 0x00, 0xe8, 0x87, 0x00, 0x81, 0x79, 0x25, 0x10,
    0x04, 0x10, 0x02, 0x00, 0x00, 0x19, 0x1e, 0x0c, 0x00, 0x28, 0x1f, 0x00,
    0x86, 0x79, 0x00, 0x1e, 0x25, 0x10, 0x02, 0x00, 0x04, 0x19, 0x10, 0x0c,
    0x00, 0xe8, 0x01, 0x01, 0x81, 0x79, 0x1a, 0x10, 0x04, 0x14, 0x02, 0x00,
    0x00, 0x19, 0x1e, 0x0c, 0x00, 0x28, 0x0f, 0x00, 0x86, 0x79, 0x00, 0x1e,
    0x1a, 0x14, 0x02, 0x00, 0x04, 0x19, 0x10, 0x0c, 0x00, 0xe8, 0x0f, 0x01,
    0x81, 0x79, 0x1c, 0x10, 0x04, 0x18, 0x02, 0x00, 0x00, 0x19, 0x1e, 0x0c,
    0x00, 0x28, 0x0f, 0x02, 0x86, 0x79, 0x00, 0x1e, 0x1c, 0x18, 0x02, 0x00,
    0x04, 0x19, 0x10, 0x0c, 0x00, 0xe8, 0x0f, 0x01, 0x81, 0x79, 0x18, 0x10,
    0x04, 0x1c, 0x02, 0x00, 0x00, 0x19, 0x1e, 0x0c, 0x00, 0x28, 0x2f, 0x00,
    0x86, 0x79, 0x00, 0x1e, 0x18, 0x1c, 0x02, 0x00, 0x04, 0x19, 0x10, 0x0c,
    0x00, 0xe8, 0x03, 0x01, 0x81, 0x79, 0x13, 0x10, 0x04, 0x20, 0x02, 0x00,
    0x00, 0x19, 0x1e, 0x0c, 0x00, 0xa8, 0x4e, 0x00, 0x86, 0x79, 0x00, 0x1e,
    0x13, 0x20, 0x02, 0x00, 0x04, 0x19, 0x10, 0x0c, 0x00, 0xe8, 0x4f, 0x00,
    0x81, 0x79, 0x12, 0x10, 0x04, 0x24, 0x02, 0x00, 0x00, 0x19, 0x1e, 0x0c,
    0x00, 0xa8, 0x8e, 0x00, 0x86, 0x79, 0x00, 0x1e, 0x12, 0x24, 0x02, 0x00,
    0x04, 0x19, 0x10, 0x0c, 0x00, 0xe8, 0x4f, 0x00, 0x81, 0x79, 0x20, 0x10,
    0x04, 0x28, 0x02, 0x00, 0x00, 0x19, 0x1e, 0x0c, 0x00, 0xa8, 0x0e, 0x00,
    0x86, 0x79, 0x00, 0x1e, 0x20, 0x28, 0x02, 0x00, 0x04, 0x19, 0x10, 0x0c,
    0x00, 0xe8, 0x4f, 0x00, 0x81, 0x79, 0x22, 0x10, 0x04, 0x2c, 0x02, 0x00,
    0x00, 0x19, 0x1e, 0x0c, 0x00, 0xa8, 0x0e, 0x00, 0x86, 0x79, 0x00, 0x1e,
    0x22, 0x2c, 0x02, 0x00, 0x04, 0x19, 0x10, 0x0c, 0x00, 0xe8, 0x4f, 0x00,
    0x81, 0x79, 0x24, 0x10, 0x04, 0x30, 0x02, 0x00, 0x00, 0x19, 0x1e, 0x0c,
    0x00, 0xa8, 0x0e, 0x00, 0x86, 0x79, 0x00, 0x1e, 0x24, 0x30, 0x02, 0x00,
    0x04, 0x19, 0x10, 0x0c, 0x00, 0xe8, 0x4f, 0x00, 0x81, 0x79, 0x25, 0x10,
    0x04, 0x34, 0x02, 0x00, 0x00, 0x19, 0x1e, 0x0c, 0x00, 0xa8, 0x1e, 0x00,
    0x86, 0x79, 0x00, 0x1e, 0x25, 0x34, 0x02, 0x00, 0x04, 0x19, 0x10, 0x0c,
    0x00, 0xe8, 0x41, 0x00, 0x81, 0x79, 0x18, 0x10, 0x04, 0x38, 0x02, 0x00,
    0x00, 0x19, 0x1e, 0x0c, 0x00, 0xa8, 0x2e, 0x00, 0x86, 0x79, 0x00, 0x1e,
    0x18, 0x38, 0x02, 0x00, 0x04, 0x19, 0x10, 0x0c, 0x00, 0xe8, 0x43, 0x00,
    0x81, 0x79, 0x25, 0x10, 0x04, 0x3c, 0x02, 0x00, 0x00, 0x19, 0x1e, 0x0c,
    0x00, 0xa2, 0x1e, 0x00, 0x35, 0x78, 0x13, 0x21, 0x02, 0x00, 0x00, 0x00,
    0x00, 0x00, 0x8e, 0x07, 0x00, 0xe2, 0x0f, 0x00, 0x25, 0x78, 0x22, 0x23,
    0x10, 0x00, 0x00, 0x00, 0x0a, 0x00, 0x8e, 0x07, 0x00, 0xc4, 0x0f, 0x00,
    0x86, 0x79, 0x00, 0x1e, 0x25, 0x3c, 0x02, 0x00, 0x04, 0x19, 0x10, 0x0c,
    0x00, 0xe8, 0x41, 0x00, 0x81, 0x79, 0x18, 0x0e, 0x04, 0x18, 0x00, 0x00,
    0x00, 0x19, 0x1e, 0x0c, 0x00, 0xa8, 0x2e, 0x00, 0x81, 0x79, 0x1a, 0x0e,
    0x04, 0x1c, 0x00, 0x00, 0x00, 0x19, 0x1e, 0x0c, 0x00, 0xe8, 0x0e, 0x00,
    0x81, 0x79, 0x1c, 0x0e, 0x04, 0x20, 0x00, 0x00, 0x00, 0x19, 0x1e, 0x0c,
    0x00, 0x28, 0x0f, 0x00, 0x81, 0x79, 0x20, 0x0e, 0x04, 0x24, 0x00, 0x00,
    0x00, 0x19, 0x1e, 0x0c, 0x00, 0x62, 0x0f, 0x00, 0x25, 0x78, 0x12, 0x13,
    0x40, 0x02, 0x00, 0x00, 0x08, 0x00, 0x8e, 0x07, 0x00, 0xc6, 0x0f, 0x00,
    0x86, 0x79, 0x00, 0x22, 0x18, 0x00, 0x00, 0x00, 0x04, 0x19, 0x10, 0x0c,
    0x00, 0xe8, 0x43, 0x00, 0x86, 0x79, 0x00, 0x22, 0x1a, 0x04, 0x00, 0x00,
    0x04, 0x19, 0x10, 0x0c, 0x00, 0xe8, 0x8f, 0x00, 0x86, 0x79, 0x00, 0x22,
    0x1c, 0x08, 0x00, 0x00, 0x04, 0x19, 0x10, 0x0c, 0x00, 0xe8, 0x0f, 0x01,
    0x86, 0x79, 0x00, 0x22, 0x20, 0x0c, 0x00, 0x00, 0x04, 0x19, 0x10, 0x0c,
    0x00, 0xe8, 0x05, 0x02, 0x81, 0x79, 0x25, 0x12, 0x04, 0x00, 0x00, 0x00,
    0x00, 0x19, 0x1e, 0x0c, 0x00, 0xe2, 0x1e, 0x00, 0x35, 0x78, 0x11, 0x1d,
    0x02, 0x00, 0x00, 0x00, 0x00, 0x00, 0x8e, 0x07, 0x00, 0xca, 0x0f, 0x00,
    0x25, 0x78, 0x1e, 0x11, 0x40, 0x02, 0x00, 0x00, 0x0c, 0x00, 0x8e, 0x07,
    0x00, 0xca, 0x0f, 0x00, 0x86, 0x79, 0x00, 0x1e, 0x25, 0x00, 0x00, 0x00,
    0x04, 0x19, 0x10, 0x0c, 0x00, 0xe8, 0x81, 0x00, 0x81, 0x79, 0x10, 0x12,
    0x04, 0x04, 0x00, 0x00, 0x00, 0x19, 0x1e, 0x0c, 0x00, 0xe8, 0x0e, 0x00,
    0x86, 0x79, 0x00, 0x1e, 0x10, 0x04, 0x00, 0x00, 0x04, 0x19, 0x10, 0x0c,
    0x00, 0xe8, 0x87, 0x00, 0x81, 0x79, 0x24, 0x12, 0x04, 0x08, 0x00, 0x00,
    0x00, 0x19, 0x1e, 0x0c, 0x00, 0x28, 0x0f, 0x00, 0x86, 0x79, 0x00, 0x1e,
    0x24, 0x08, 0x00, 0x00, 0x04, 0x19, 0x10, 0x0c, 0x00, 0xe8, 0x0f, 0x01,
    0x81, 0x79, 0x18, 0x12, 0x04, 0x0c, 0x00, 0x00, 0x00, 0x19, 0x1e, 0x0c,
    0x00, 0x28, 0x2f, 0x00, 0x86, 0x79, 0x00, 0x1e, 0x18, 0x0c, 0x00, 0x00,
    0x04, 0x19, 0x10, 0x0c, 0x00, 0xe8, 0x03, 0x01, 0x81, 0x79, 0x23, 0x12,
    0x04, 0x10, 0x00, 0x00, 0x00, 0x19, 0x1e, 0x0c, 0x00, 0xa8, 0x4e, 0x00,
    0x86, 0x79, 0x00, 0x1e, 0x23, 0x10, 0x00, 0x00, 0x04, 0x19, 0x10, 0x0c,
    0x00, 0xe8, 0x45, 0x00, 0x81, 0x79, 0x1a, 0x12, 0x04, 0x14, 0x00, 0x00,
    0x00, 0x19, 0x1e, 0x0c, 0x00, 0x28, 0x0f, 0x00, 0x86, 0x79, 0x00, 0x1e,
    0x1a, 0x14, 0x00, 0x00, 0x04, 0x19, 0x10, 0x0c, 0x00, 0xe8, 0x09, 0x01,
    0x81, 0x79, 0x25, 0x12, 0x04, 0x18, 0x00, 0x00, 0x00, 0x19, 0x1e, 0x0c,
    0x00, 0x68, 0x1f, 0x00, 0x86, 0x79, 0x00, 0x1e, 0x25, 0x18, 0x00, 0x00,
    0x04, 0x19, 0x10, 0x0c, 0x00, 0xe8, 0x01, 0x02, 0x81, 0x79, 0x10, 0x12,
    0x04, 0x1c, 0x00, 0x00, 0x00, 0x19, 0x1e, 0x0c, 0x00, 0xe8, 0x8e, 0x00,
    0x86, 0x79, 0x00, 0x1e, 0x10, 0x1c, 0x00, 0x00, 0x04, 0x19, 0x10, 0x0c,
    0x00, 0xe8, 0x87, 0x00, 0x81, 0x79, 0x1c, 0x12, 0x04, 0x20, 0x00, 0x00,
    0x00, 0x19, 0x1e, 0x0c, 0x00, 0x68, 0x0f, 0x00, 0x86, 0x79, 0x00, 0x1e,
    0x1c, 0x20, 0x00, 0x00, 0x04, 0x19, 0x10, 0x0c, 0x00, 0xe8, 0x0b, 0x02,
    0x81, 0x79, 0x18, 0x12, 0x04, 0x24, 0x00, 0x00, 0x00, 0x19, 0x1e, 0x0c,
    0x00, 0xa8, 0x2e, 0x00, 0x86, 0x79, 0x00, 0x1e, 0x18, 0x24, 0x00, 0x00,
    0x04, 0x19, 0x10, 0x0c, 0x00, 0xe8, 0x43, 0x00, 0x81, 0x79, 0x23, 0x12,
    0x04, 0x28, 0x00, 0x00, 0x00, 0x19, 0x1e, 0x0c, 0x00, 0xa8, 0x0e, 0x00,
    0x86, 0x79, 0x00, 0x1e, 0x23, 0x28, 0x00, 0x00, 0x04, 0x19, 0x10, 0x0c,
    0x00, 0xe8, 0x45, 0x00, 0x81, 0x79, 0x1a, 0x12, 0x04, 0x2c, 0x00, 0x00,
    0x00, 0x19, 0x1e, 0x0c, 0x00, 0x28, 0x0f, 0x01, 0x86, 0x79, 0x00, 0x1e,
    0x1a, 0x2c, 0x00, 0x00, 0x04, 0x19, 0x10, 0x0c, 0x00, 0xe8, 0x09, 0x01,
    0x81, 0x79, 0x25, 0x12, 0x04, 0x30, 0x00, 0x00, 0x00, 0x19, 0x1e, 0x0c,
    0x00, 0xe8, 0x1e, 0x00, 0x86, 0x79, 0x00, 0x1e, 0x25, 0x30, 0x00, 0x00,
    0x04, 0x19, 0x10, 0x0c, 0x00, 0xe8, 0x81, 0x00, 0x81, 0x79, 0x10, 0x12,
    0x04, 0x34, 0x00, 0x00, 0x00, 0x19, 0x1e, 0x0c, 0x00, 0xe8, 0x0e, 0x00,
    0x86, 0x79, 0x00, 0x1e, 0x10, 0x34, 0x00, 0x00, 0x04, 0x19, 0x10, 0x0c,
    0x00, 0xe8, 0x87, 0x00, 0x81, 0x79, 0x1c, 0x12, 0x04, 0x38, 0x00, 0x00,
    0x00, 0x19, 0x1e, 0x0c, 0x00, 0x68, 0x0f, 0x02, 0x86, 0x79, 0x00, 0x1e,
    0x1c, 0x38, 0x00, 0x00, 0x04, 0x19, 0x10, 0x0c, 0x00, 0xe8, 0x0b, 0x02,
    0x81, 0x79, 0x18, 0x12, 0x04, 0x3c, 0x00, 0x00, 0x00, 0x19, 0x1e, 0x0c,
    0x00, 0xa8, 0x2e, 0x00, 0x86, 0x79, 0x00, 0x1e, 0x18, 0x3c, 0x00, 0x00,
    0x04, 0x19, 0x10, 0x0c, 0x00, 0xe8, 0x43, 0x00, 0x81, 0x79, 0x23, 0x12,
    0x04, 0x40, 0x00, 0x00, 0x00, 0x19, 0x1e, 0x0c, 0x00, 0xa8, 0x0e, 0x00,
    0x86, 0x79, 0x00, 0x1e, 0x23, 0x40, 0x00, 0x00, 0x04, 0x19, 0x10, 0x0c,
    0x00, 0xe8, 0x45, 0x00, 0x81, 0x79, 0x1a, 0x12, 0x04, 0x44, 0x00, 0x00,
    0x00, 0x19, 0x1e, 0x0c, 0x00, 0x28, 0x0f, 0x01, 0x86, 0x79, 0x00, 0x1e,
    0x1a, 0x44, 0x00, 0x00, 0x04, 0x19, 0x10, 0x0c, 0x00, 0xe8, 0x09, 0x01,
    0x81, 0x79, 0x25, 0x12, 0x04, 0x48, 0x00, 0x00, 0x00, 0x19, 0x1e, 0x0c,
    0x00, 0xe8, 0x1e, 0x00, 0x86, 0x79, 0x00, 0x1e, 0x25, 0x48, 0x00, 0x00,
    0x04, 0x19, 0x10, 0x0c, 0x00, 0xe8, 0x81, 0x00, 0x81, 0x79, 0x10, 0x12,
    0x04, 0x4c, 0x00, 0x00, 0x00, 0x19, 0x1e, 0x0c, 0x00, 0xe8, 0x0e, 0x00,
    0x86, 0x79, 0x00, 0x1e, 0x10, 0x4c, 0x00, 0x00, 0x04, 0x19, 0x10, 0x0c,
    0x00, 0xe8, 0x87, 0x00, 0x81, 0x79, 0x1c, 0x12, 0x04, 0x50, 0x00, 0x00,
    0x00, 0x19, 0x1e, 0x0c, 0x00, 0x68, 0x0f, 0x02, 0x86, 0x79, 0x00, 0x1e,
    0x1c, 0x50, 0x00, 0x00, 0x04, 0x19, 0x10, 0x0c, 0x00, 0xe8, 0x0b, 0x02,
    0x81, 0x79, 0x18, 0x12, 0x04, 0x54, 0x00, 0x00, 0x00, 0x19, 0x1e, 0x0c,
    0x00, 0xa8, 0x2e, 0x00, 0x86, 0x79, 0x00, 0x1e, 0x18, 0x54, 0x00, 0x00,
    0x04, 0x19, 0x10, 0x0c, 0x00, 0xe8, 0x43, 0x00, 0x81, 0x79, 0x23, 0x12,
    0x04, 0x58, 0x00, 0x00, 0x00, 0x19, 0x1e, 0x0c, 0x00, 0xa8, 0x0e, 0x00,
    0x86, 0x79, 0x00, 0x1e, 0x23, 0x58, 0x00, 0x00, 0x04, 0x19, 0x10, 0x0c,
    0x00, 0xe8, 0x45, 0x00, 0x81, 0x79, 0x1a, 0x12, 0x04, 0x5c, 0x00, 0x00,
    0x00, 0x19, 0x1e, 0x0c, 0x00, 0x28, 0x0f, 0x01, 0x86, 0x79, 0x00, 0x1e,
    0x1a, 0x5c, 0x00, 0x00, 0x04, 0x19, 0x10, 0x0c, 0x00, 0xe8, 0x09, 0x01,
    0x81, 0x79, 0x25, 0x12, 0x04, 0x60, 0x00, 0x00, 0x00, 0x19, 0x1e, 0x0c,
    0x00, 0xe8, 0x1e, 0x00, 0x86, 0x79, 0x00, 0x1e, 0x25, 0x60, 0x00, 0x00,
    0x04, 0x19, 0x10, 0x0c, 0x00, 0xe8, 0x81, 0x00, 0x81, 0x79, 0x10, 0x12,
    0x04, 0x64, 0x00, 0x00, 0x00, 0x19, 0x1e, 0x0c, 0x00, 0xe8, 0x0e, 0x00,
    0x86, 0x79, 0x00, 0x1e, 0x10, 0x64, 0x00, 0x00, 0x04, 0x19, 0x10, 0x0c,
    0x00, 0xe8, 0x87, 0x00, 0x81, 0x79, 0x1c, 0x12, 0x04, 0x68, 0x00, 0x00,
    0x00, 0x19, 0x1e, 0x0c, 0x00, 0x68, 0x0f, 0x02, 0x86, 0x79, 0x00, 0x1e,
    0x1c, 0x68, 0x00, 0x00, 0x04, 0x19, 0x10, 0x0c, 0x00, 0xe8, 0x0b, 0x02,
    0x81, 0x79, 0x18, 0x12, 0x04, 0x6c, 0x00, 0x00, 0x00, 0x19, 0x1e, 0x0c,
    0x00, 0xa8, 0x2e, 0x00, 0x86, 0x79, 0x00, 0x1e, 0x18, 0x6c, 0x00, 0x00,
    0x04, 0x19, 0x10, 0x0c, 0x00, 0xe8, 0x43, 0x00, 0x81, 0x79, 0x23, 0x12,
    0x04, 0x70, 0x00, 0x00, 0x00, 0x19, 0x1e, 0x0c, 0x00, 0xa8, 0x0e, 0x00,
    0x86, 0x79, 0x00, 0x1e, 0x23, 0x70, 0x00, 0x00, 0x04, 0x19, 0x10, 0x0c,
    0x00, 0xe8, 0x45, 0x00, 0x81, 0x79, 0x1a, 0x12, 0x04, 0x74, 0x00, 0x00,
    0x00, 0x19, 0x1e, 0x0c, 0x00, 0x28, 0x0f, 0x01, 0x86, 0x79, 0x00, 0x1e,
    0x1a, 0x74, 0x00, 0x00, 0x04, 0x19, 0x10, 0x0c, 0x00, 0xe8, 0x09, 0x01,
    0x81, 0x79, 0x25, 0x12, 0x04, 0x78, 0x00, 0x00, 0x00, 0x19, 0x1e, 0x0c,
    0x00, 0xe8, 0x1e, 0x00, 0x86, 0x79, 0x00, 0x1e, 0x25, 0x78, 0x00, 0x00,
    0x04, 0x19, 0x10, 0x0c, 0x00, 0xe8, 0x81, 0x00, 0x81, 0x79, 0x10, 0x12,
    0x04, 0x7c, 0x00, 0x00, 0x00, 0x19, 0x1e, 0x0c, 0x00, 0xe8, 0x0e, 0x00,
    0x86, 0x79, 0x00, 0x1e, 0x10, 0x7c, 0x00, 0x00, 0x04, 0x19, 0x10, 0x0c,
    0x00, 0xe8, 0x87, 0x00, 0x81, 0x79, 0x1c, 0x12, 0x04, 0x80, 0x00, 0x00,
    0x00, 0x19, 0x1e, 0x0c, 0x00, 0x68, 0x0f, 0x02, 0x86, 0x79, 0x00, 0x1e,
    0x1c, 0x80, 0x00, 0x00, 0x04, 0x19, 0x10, 0x0c, 0x00, 0xe8, 0x0b, 0x02,
    0x81, 0x79, 0x18, 0x12, 0x04, 0x84, 0x00, 0x00, 0x00, 0x19, 0x1e, 0x0c,
    0x00, 0xa8, 0x2e, 0x00, 0x86, 0x79, 0x00, 0x1e, 0x18, 0x84, 0x00, 0x00,
    0x04, 0x19, 0x10, 0x0c, 0x00, 0xe8, 0x43, 0x00, 0x81, 0x79, 0x23, 0x12,
    0x04, 0x88, 0x00, 0x00, 0x00, 0x19, 0x1e, 0x0c, 0x00, 0xa8, 0x0e, 0x00,
    0x86, 0x79, 0x00, 0x1e, 0x23, 0x88, 0x00, 0x00, 0x04, 0x19, 0x10, 0x0c,
    0x00, 0xe8, 0x45, 0x00, 0x81, 0x79, 0x1a, 0x12, 0x04, 0x8c, 0x00, 0x00,
    0x00, 0x19, 0x1e, 0x0c, 0x00, 0x28, 0x0f, 0x01, 0x86, 0x79, 0x00, 0x1e,
    0x1a, 0x8c, 0x00, 0x00, 0x04, 0x19, 0x10, 0x0c, 0x00, 0xe8, 0x09, 0x01,
    0x81, 0x79, 0x25, 0x12, 0x04, 0x90, 0x00, 0x00, 0x00, 0x19, 0x1e, 0x0c,
    0x00, 0xe8, 0x1e, 0x00, 0x86, 0x79, 0x00, 0x1e, 0x25, 0x90, 0x00, 0x00,
    0x04, 0x19, 0x10, 0x0c, 0x00, 0xe8, 0x81, 0x00, 0x81, 0x79, 0x10, 0x12,
    0x04, 0x94, 0x00, 0x00, 0x00, 0x19, 0x1e, 0x0c, 0x00, 0xe8, 0x0e, 0x00,
    0x86, 0x79, 0x00, 0x1e, 0x10, 0x94, 0x00, 0x00, 0x04, 0x19, 0x10, 0x0c,
    0x00, 0xe8, 0x87, 0x00, 0x81, 0x79, 0x1c, 0x12, 0x04, 0x98, 0x00, 0x00,
    0x00, 0x19, 0x1e, 0x0c, 0x00, 0x68, 0x0f, 0x02, 0x86, 0x79, 0x00, 0x1e,
    0x1c, 0x98, 0x00, 0x00, 0x04, 0x19, 0x10, 0x0c, 0x00, 0xe8, 0x0b, 0x02,
    0x81, 0x79, 0x18, 0x12, 0x04, 0x9c, 0x00, 0x00, 0x00, 0x19, 0x1e, 0x0c,
    0x00, 0xa8, 0x2e, 0x00, 0x86, 0x79, 0x00, 0x1e, 0x18, 0x9c, 0x00, 0x00,
    0x04, 0x19, 0x10, 0x0c, 0x00, 0xe8, 0x43, 0x00, 0x81, 0x79, 0x23, 0x12,
    0x04, 0xa0, 0x00, 0x00, 0x00, 0x19, 0x1e, 0x0c, 0x00, 0xa8, 0x0e, 0x00,
    0x86, 0x79, 0x00, 0x1e, 0x23, 0xa0, 0x00, 0x00, 0x04, 0x19, 0x10, 0x0c,
    0x00, 0xe8, 0x45, 0x00, 0x81, 0x79, 0x1a, 0x12, 0x04, 0xa4, 0x00, 0x00,
    0x00, 0x19, 0x1e, 0x0c, 0x00, 0x28, 0x0f, 0x01, 0x86, 0x79, 0x00, 0x1e,
    0x1a, 0xa4, 0x00, 0x00, 0x04, 0x19, 0x10, 0x0c, 0x00, 0xe8, 0x09, 0x01,
    0x81, 0x79, 0x25, 0x12, 0x04, 0xa8, 0x00, 0x00, 0x00, 0x19, 0x1e, 0x0c,
    0x00, 0xe8, 0x1e, 0x00, 0x86, 0x79, 0x00, 0x1e, 0x25, 0xa8, 0x00, 0x00,
    0x04, 0x19, 0x10, 0x0c, 0x00, 0xe8, 0x81, 0x00, 0x81, 0x79, 0x10, 0x12,
    0x04, 0xac, 0x00, 0x00, 0x00, 0x19, 0x1e, 0x0c, 0x00, 0xe8, 0x0e, 0x00,
    0x86, 0x79, 0x00, 0x1e, 0x10, 0xac, 0x00, 0x00, 0x04, 0x19, 0x10, 0x0c,
    0x00, 0xe8, 0x87, 0x00, 0x81, 0x79, 0x1c, 0x12, 0x04, 0xb0, 0x00, 0x00,
    0x00, 0x19, 0x1e, 0x0c, 0x00, 0x68, 0x0f, 0x02, 0x86, 0x79, 0x00, 0x1e,
    0x1c, 0xb0, 0x00, 0x00, 0x04, 0x19, 0x10, 0x0c, 0x00, 0xe8, 0x0b, 0x02,
    0x81, 0x79, 0x18, 0x12, 0x04, 0xb4, 0x00, 0x00, 0x00, 0x19, 0x1e, 0x0c,
    0x00, 0xa8, 0x2e, 0x00, 0x86, 0x79, 0x00, 0x1e, 0x18, 0xb4, 0x00, 0x00,
    0x04, 0x19, 0x10, 0x0c, 0x00, 0xe8, 0x43, 0x00, 0x81, 0x79, 0x23, 0x12,
    0x04, 0xb8, 0x00, 0x00, 0x00, 0x19, 0x1e, 0x0c, 0x00, 0xa8, 0x0e, 0x00,
    0x86, 0x79, 0x00, 0x1e, 0x23, 0xb8, 0x00, 0x00, 0x04, 0x19, 0x10, 0x0c,
    0x00, 0xe8, 0x45, 0x00, 0x81, 0x79, 0x1a, 0x12, 0x04, 0xbc, 0x00, 0x00,
    0x00, 0x19, 0x1e, 0x0c, 0x00, 0x28, 0x0f, 0x01, 0x86, 0x79, 0x00, 0x1e,
    0x1a, 0xbc, 0x00, 0x00, 0x04, 0x19, 0x10, 0x0c, 0x00, 0xe8, 0x09, 0x01,
    0x81, 0x79, 0x25, 0x12, 0x04, 0xc0, 0x00, 0x00, 0x00, 0x19, 0x1e, 0x0c,
    0x00, 0xe8, 0x1e, 0x00, 0x86, 0x79, 0x00, 0x1e, 0x25, 0xc0, 0x00, 0x00,
    0x04, 0x19, 0x10, 0x0c, 0x00, 0xe8, 0x81, 0x00, 0x81, 0x79, 0x10, 0x12,
    0x04, 0xc4, 0x00, 0x00, 0x00, 0x19, 0x1e, 0x0c, 0x00, 0xe8, 0x0e, 0x00,
    0x86, 0x79, 0x00, 0x1e, 0x10, 0xc4, 0x00, 0x00, 0x04, 0x19, 0x10, 0x0c,
    0x00, 0xe8, 0x87, 0x00, 0x81, 0x79, 0x1c, 0x12, 0x04, 0xc8, 0x00, 0x00,
    0x00, 0x19, 0x1e, 0x0c, 0x00, 0x68, 0x0f, 0x02, 0x86, 0x79, 0x00, 0x1e,
    0x1c, 0xc8, 0x00, 0x00, 0x04, 0x19, 0x10, 0x0c, 0x00, 0xe8, 0x0b, 0x02,
    0x81, 0x79, 0x18, 0x12, 0x04, 0xcc, 0x00, 0x00, 0x00, 0x19, 0x1e, 0x0c,
    0x00, 0xa8, 0x2e, 0x00, 0x86, 0x79, 0x00, 0x1e, 0x18, 0xcc, 0x00, 0x00,
    0x04, 0x19, 0x10, 0x0c, 0x00, 0xe8, 0x43, 0x00, 0x81, 0x79, 0x23, 0x12,
    0x04, 0xd0, 0x00, 0x00, 0x00, 0x19, 0x1e, 0x0c, 0x00, 0xa8, 0x0e, 0x00,
    0x86, 0x79, 0x00, 0x1e, 0x23, 0xd0, 0x00, 0x00, 0x04, 0x19, 0x10, 0x0c,
    0x00, 0xe8, 0x45, 0x00, 0x81, 0x79, 0x1a, 0x12, 0x04, 0xd4, 0x00, 0x00,
    0x00, 0x19, 0x1e, 0x0c, 0x00, 0x28, 0x0f, 0x01, 0x86, 0x79, 0x00, 0x1e,
    0x1a, 0xd4, 0x00, 0x00, 0x04, 0x19, 0x10, 0x0c, 0x00, 0xe8, 0x09, 0x01,
    0x81, 0x79, 0x25, 0x12, 0x04, 0xd8, 0x00, 0x00, 0x00, 0x19, 0x1e, 0x0c,
    0x00, 0xe8, 0x1e, 0x00, 0x86, 0x79, 0x00, 0x1e, 0x25, 0xd8, 0x00, 0x00,
    0x04, 0x19, 0x10, 0x0c, 0x00, 0xe8, 0x81, 0x00, 0x81, 0x79, 0x10, 0x12,
    0x04, 0xdc, 0x00, 0x00, 0x00, 0x19, 0x1e, 0x0c, 0x00, 0xe8, 0x0e, 0x00,
    0x86, 0x79, 0x00, 0x1e, 0x10, 0xdc, 0x00, 0x00, 0x04, 0x19, 0x10, 0x0c,
    0x00, 0xe8, 0x87, 0x00, 0x81, 0x79, 0x1c, 0x12, 0x04, 0xe0, 0x00, 0x00,
    0x00, 0x19, 0x1e, 0x0c, 0x00, 0x68, 0x0f, 0x02, 0x86, 0x79, 0x00, 0x1e,
    0x1c, 0xe0, 0x00, 0x00, 0x04, 0x19, 0x10, 0x0c, 0x00, 0xe8, 0x0b, 0x02,
    0x81, 0x79, 0x18, 0x12, 0x04, 0xe4, 0x00, 0x00, 0x00, 0x19, 0x1e, 0x0c,
    0x00, 0xa8, 0x2e, 0x00, 0x86, 0x79, 0x00, 0x1e, 0x18, 0xe4, 0x00, 0x00,
    0x04, 0x19, 0x10, 0x0c, 0x00, 0xe8, 0x43, 0x00, 0x81, 0x79, 0x23, 0x12,
    0x04, 0xe8, 0x00, 0x00, 0x00, 0x19, 0x1e, 0x0c, 0x00, 0xa8, 0x0e, 0x00,
    0x86, 0x79, 0x00, 0x1e, 0x23, 0xe8, 0x00, 0x00, 0x04, 0x19, 0x10, 0x0c,
    0x00, 0xe8, 0x45, 0x00, 0x81, 0x79, 0x1a, 0x12, 0x04, 0xec, 0x00, 0x00,
    0x00, 0x19, 0x1e, 0x0c, 0x00, 0x28, 0x0f, 0x01, 0x86, 0x79, 0x00, 0x1e,
    0x1a, 0xec, 0x00, 0x00, 0x04, 0x19, 0x10, 0x0c, 0x00, 0xe8, 0x09, 0x01,
    0x81, 0x79, 0x25, 0x12, 0x04, 0xf0, 0x00, 0x00, 0x00, 0x19, 0x1e, 0x0c,
    0x00, 0xe8, 0x1e, 0x00, 0x86, 0x79, 0x00, 0x1e, 0x25, 0xf0, 0x00, 0x00,
    0x04, 0x19, 0x10, 0x0c, 0x00, 0xe8, 0x81, 0x00, 0x81, 0x79, 0x10, 0x12,
    0x04, 0xf4, 0x00, 0x00, 0x00, 0x19, 0x1e, 0x0c, 0x00, 0xe8, 0x0e, 0x00,
    0x86, 0x79, 0x00, 0x1e, 0x10, 0xf4, 0x00, 0x00, 0x04, 0x19, 0x10, 0x0c,
    0x00, 0xe8, 0x87, 0x00, 0x81, 0x79, 0x1c, 0x12, 0x04, 0xf8, 0x00, 0x00,
    0x00, 0x19, 0x1e, 0x0c, 0x00, 0x68, 0x0f, 0x02, 0x86, 0x79, 0x00, 0x1e,
    0x1c, 0xf8, 0x00, 0x00, 0x04, 0x19, 0x10, 0x0c, 0x00, 0xe8, 0x0b, 0x02,
    0x81, 0x79, 0x18, 0x12, 0x04, 0xfc, 0x00, 0x00, 0x00, 0x19, 0x1e, 0x0c,
    0x00, 0xa8, 0x2e, 0x00, 0x86, 0x79, 0x00, 0x1e, 0x18, 0xfc, 0x00, 0x00,
    0x04, 0x19, 0x10, 0x0c, 0x00, 0xe8, 0x43, 0x00, 0x81, 0x79, 0x23, 0x12,
    0x04, 0x00, 0x01, 0x00, 0x00, 0x19, 0x1e, 0x0c, 0x00, 0xa8, 0x0e, 0x00,
    0x86, 0x79, 0x00, 0x1e, 0x23, 0x00, 0x01, 0x00, 0x04, 0x19, 0x10, 0x0c,
    0x00, 0xe8, 0x45, 0x00, 0x81, 0x79, 0x1a, 0x12, 0x04, 0x04, 0x01, 0x00,
    0x00, 0x19, 0x1e, 0x0c, 0x00, 0x28, 0x0f, 0x01, 0x86, 0x79, 0x00, 0x1e,
    0x1a, 0x04, 0x01, 0x00, 0x04, 0x19, 0x10, 0x0c, 0x00, 0xe8, 0x09, 0x01,
    0x81, 0x79, 0x25, 0x12, 0x04, 0x08, 0x01, 0x00, 0x00, 0x19, 0x1e, 0x0c,
    0x00, 0xe8, 0x1e, 0x00, 0x86, 0x79, 0x00, 0x1e, 0x25, 0x08, 0x01, 0x00,
    0x04, 0x19, 0x10, 0x0c, 0x00, 0xe8, 0x81, 0x00, 0x81, 0x79, 0x10, 0x12,
    0x04, 0x0c, 0x01, 0x00, 0x00, 0x19, 0x1e, 0x0c, 0x00, 0xe8, 0x0e, 0x00,
    0x86, 0x79, 0x00, 0x1e, 0x10, 0x0c, 0x01, 0x00, 0x04, 0x19, 0x10, 0x0c,
    0x00, 0xe8, 0x87, 0x00, 0x81, 0x79, 0x1c, 0x12, 0x04, 0x10, 0x01, 0x00,
    0x00, 0x19, 0x1e, 0x0c, 0x00, 0x68, 0x0f, 0x02, 0x86, 0x79, 0x00, 0x1e,
    0x1c, 0x10, 0x01, 0x00, 0x04, 0x19, 0x10, 0x0c, 0x00, 0xe8, 0x0b, 0x02,
    0x81, 0x79, 0x18, 0x12, 0x04, 0x14, 0x01, 0x00, 0x00, 0x19, 0x1e, 0x0c,
    0x00, 0xa8, 0x2e, 0x00, 0x86, 0x79, 0x00, 0x1e, 0x18, 0x14, 0x01, 0x00,
    0x04, 0x19, 0x10, 0x0c, 0x00, 0xe8, 0x43, 0x00, 0x81, 0x79, 0x23, 0x12,
    0x04, 0x18, 0x01, 0x00, 0x00, 0x19, 0x1e, 0x0c, 0x00, 0xa8, 0x0e, 0x00,
    0x86, 0x79, 0x00, 0x1e, 0x23, 0x18, 0x01, 0x00, 0x04, 0x19, 0x10, 0x0c,
    0x00, 0xe8, 0x45, 0x00, 0x81, 0x79, 0x1a, 0x12, 0x04, 0x1c, 0x01, 0x00,
    0x00, 0x19, 0x1e, 0x0c, 0x00, 0x28, 0x0f, 0x01, 0x86, 0x79, 0x00, 0x1e,
    0x1a, 0x1c, 0x01, 0x00, 0x04, 0x19, 0x10, 0x0c, 0x00, 0xe8, 0x09, 0x01,
    0x81, 0x79, 0x25, 0x12, 0x04, 0x20, 0x01, 0x00, 0x00, 0x19, 0x1e, 0x0c,
    0x00, 0xe8, 0x1e, 0x00, 0x86, 0x79, 0x00, 0x1e, 0x25, 0x20, 0x01, 0x00,
    0x04, 0x19, 0x10, 0x0c, 0x00, 0xe8, 0x81, 0x00, 0x81, 0x79, 0x10, 0x12,
    0x04, 0x24, 0x01, 0x00, 0x00, 0x19, 0x1e, 0x0c, 0x00, 0xe8, 0x0e, 0x00,
    0x86, 0x79, 0x00, 0x1e, 0x10, 0x24, 0x01, 0x00, 0x04, 0x19, 0x10, 0x0c,
    0x00, 0xe8, 0x87, 0x00, 0x81, 0x79, 0x1c, 0x12, 0x04, 0x28, 0x01, 0x00,
    0x00, 0x19, 0x1e, 0x0c, 0x00, 0x68, 0x0f, 0x02, 0x86, 0x79, 0x00, 0x1e,
    0x1c, 0x28, 0x01, 0x00, 0x04, 0x19, 0x10, 0x0c, 0x00, 0xe8, 0x0b, 0x02,
    0x81, 0x79, 0x18, 0x12, 0x04, 0x2c, 0x01, 0x00, 0x00, 0x19, 0x1e, 0x0c,
    0x00, 0xa8, 0x2e, 0x00, 0x86, 0x79, 0x00, 0x1e, 0x18, 0x2c, 0x01, 0x00,
    0x04, 0x19, 0x10, 0x0c, 0x00, 0xe8, 0x43, 0x00, 0x81, 0x79, 0x23, 0x12,
    0x04, 0x30, 0x01, 0x00, 0x00, 0x19, 0x1e, 0x0c, 0x00, 0xa8, 0x0e, 0x00,
    0x86, 0x79, 0x00, 0x1e, 0x23, 0x30, 0x01, 0x00, 0x04, 0x19, 0x10, 0x0c,
    0x00, 0xe8, 0x45, 0x00, 0x81, 0x79, 0x1a, 0x12, 0x04, 0x34, 0x01, 0x00,
    0x00, 0x19, 0x1e, 0x0c, 0x00, 0x28, 0x0f, 0x01, 0x86, 0x79, 0x00, 0x1e,
    0x1a, 0x34, 0x01, 0x00, 0x04, 0x19, 0x10, 0x0c, 0x00, 0xe8, 0x09, 0x01,
    0x81, 0x79, 0x25, 0x12, 0x04, 0x38, 0x01, 0x00, 0x00, 0x19, 0x1e, 0x0c,
    0x00, 0xe8, 0x1e, 0x00, 0x86, 0x79, 0x00, 0x1e, 0x25, 0x38, 0x01, 0x00,
    0x04, 0x19, 0x10, 0x0c, 0x00, 0xe8, 0x81, 0x00, 0x81, 0x79, 0x10, 0x12,
    0x04, 0x3c, 0x01, 0x00, 0x00, 0x19, 0x1e, 0x0c, 0x00, 0xe8, 0x0e, 0x00,
    0x86, 0x79, 0x00, 0x1e, 0x10, 0x3c, 0x01, 0x00, 0x04, 0x19, 0x10, 0x0c,
    0x00, 0xe8, 0x87, 0x00, 0x81, 0x79, 0x1c, 0x12, 0x04, 0x40, 0x01, 0x00,
    0x00, 0x19, 0x1e, 0x0c, 0x00, 0x68, 0x0f, 0x02, 0x86, 0x79, 0x00, 0x1e,
    0x1c, 0x40, 0x01, 0x00, 0x04, 0x19, 0x10, 0x0c, 0x00, 0xe8, 0x0b, 0x02,
    0x81, 0x79, 0x18, 0x12, 0x04, 0x44, 0x01, 0x00, 0x00, 0x19, 0x1e, 0x0c,
    0x00, 0xa8, 0x2e, 0x00, 0x86, 0x79, 0x00, 0x1e, 0x18, 0x44, 0x01, 0x00,
    0x04, 0x19, 0x10, 0x0c, 0x00, 0xe8, 0x43, 0x00, 0x81, 0x79, 0x23, 0x12,
    0x04, 0x48, 0x01, 0x00, 0x00, 0x19, 0x1e, 0x0c, 0x00, 0xa8, 0x0e, 0x00,
    0x86, 0x79, 0x00, 0x1e, 0x23, 0x48, 0x01, 0x00, 0x04, 0x19, 0x10, 0x0c,
    0x00, 0xe8, 0x45, 0x00, 0x81, 0x79, 0x1a, 0x12, 0x04, 0x4c, 0x01, 0x00,
    0x00, 0x19, 0x1e, 0x0c, 0x00, 0x28, 0x0f, 0x01, 0x86, 0x79, 0x00, 0x1e,
    0x1a, 0x4c, 0x01, 0x00, 0x04, 0x19, 0x10, 0x0c, 0x00, 0xe8, 0x09, 0x01,
    0x81, 0x79, 0x25, 0x12, 0x04, 0x50, 0x01, 0x00, 0x00, 0x19, 0x1e, 0x0c,
    0x00, 0xe8, 0x1e, 0x00, 0x86, 0x79, 0x00, 0x1e, 0x25, 0x50, 0x01, 0x00,
    0x04, 0x19, 0x10, 0x0c, 0x00, 0xe8, 0x81, 0x00, 0x81, 0x79, 0x10, 0x12,
    0x04, 0x54, 0x01, 0x00, 0x00, 0x19, 0x1e, 0x0c, 0x00, 0xe8, 0x0e, 0x00,
    0x86, 0x79, 0x00, 0x1e, 0x10, 0x54, 0x01, 0x00, 0x04, 0x19, 0x10, 0x0c,
    0x00, 0xe8, 0x87, 0x00, 0x81, 0x79, 0x1c, 0x12, 0x04, 0x58, 0x01, 0x00,
    0x00, 0x19, 0x1e, 0x0c, 0x00, 0x68, 0x0f, 0x02, 0x86, 0x79, 0x00, 0x1e,
    0x1c, 0x58, 0x01, 0x00, 0x04, 0x19, 0x10, 0x0c, 0x00, 0xe8, 0x0b, 0x02,
    0x81, 0x79, 0x18, 0x12, 0x04, 0x5c, 0x01, 0x00, 0x00, 0x19, 0x1e, 0x0c,
    0x00, 0xa8, 0x2e, 0x00, 0x86, 0x79, 0x00, 0x1e, 0x18, 0x5c, 0x01, 0x00,
    0x04, 0x19, 0x10, 0x0c, 0x00, 0xe8, 0x43, 0x00, 0x81, 0x79, 0x23, 0x12,
    0x04, 0x60, 0x01, 0x00, 0x00, 0x19, 0x1e, 0x0c, 0x00, 0xa8, 0x0e, 0x00,
    0x86, 0x79, 0x00, 0x1e, 0x23, 0x60, 0x01, 0x00, 0x04, 0x19, 0x10, 0x0c,
    0x00, 0xe8, 0x45, 0x00, 0x81, 0x79, 0x1a, 0x12, 0x04, 0x64, 0x01, 0x00,
    0x00, 0x19, 0x1e, 0x0c, 0x00, 0x28, 0x0f, 0x01, 0x86, 0x79, 0x00, 0x1e,
    0x1a, 0x64, 0x01, 0x00, 0x04, 0x19, 0x10, 0x0c, 0x00, 0xe8, 0x09, 0x01,
    0x81, 0x79, 0x25, 0x12, 0x04, 0x68, 0x01, 0x00, 0x00, 0x19, 0x1e, 0x0c,
    0x00, 0xe8, 0x1e, 0x00, 0x86, 0x79, 0x00, 0x1e, 0x25, 0x68, 0x01, 0x00,
    0x04, 0x19, 0x10, 0x0c, 0x00, 0xe8, 0x81, 0x00, 0x81, 0x79, 0x10, 0x12,
    0x04, 0x6c, 0x01, 0x00, 0x00, 0x19, 0x1e, 0x0c, 0x00, 0xe8, 0x0e, 0x00,
    0x86, 0x79, 0x00, 0x1e, 0x10, 0x6c, 0x01, 0x00, 0x04, 0x19, 0x10, 0x0c,
    0x00, 0xe8, 0x87, 0x00, 0x81, 0x79, 0x1c, 0x12, 0x04, 0x70, 0x01, 0x00,
    0x00, 0x19, 0x1e, 0x0c, 0x00, 0x68, 0x0f, 0x02, 0x86, 0x79, 0x00, 0x1e,
    0x1c, 0x70, 0x01, 0x00, 0x04, 0x19, 0x10, 0x0c, 0x00, 0xe8, 0x0b, 0x02,
    0x81, 0x79, 0x18, 0x12, 0x04, 0x74, 0x01, 0x00, 0x00, 0x19, 0x1e, 0x0c,
    0x00, 0xa8, 0x2e, 0x00, 0x86, 0x79, 0x00, 0x1e, 0x18, 0x74, 0x01, 0x00,
    0x04, 0x19, 0x10, 0x0c, 0x00, 0xe8, 0x43, 0x00, 0x81, 0x79, 0x23, 0x12,
    0x04, 0x78, 0x01, 0x00, 0x00, 0x19, 0x1e, 0x0c, 0x00, 0xa8, 0x0e, 0x00,
    0x86, 0x79, 0x00, 0x1e, 0x23, 0x78, 0x01, 0x00, 0x04, 0x19, 0x10, 0x0c,
    0x00, 0xe8, 0x45, 0x00, 0x81, 0x79, 0x1a, 0x12, 0x04, 0x7c, 0x01, 0x00,
    0x00, 0x19, 0x1e, 0x0c, 0x00, 0x28, 0x0f, 0x01, 0x86, 0x79, 0x00, 0x1e,
    0x1a, 0x7c, 0x01, 0x00, 0x04, 0x19, 0x10, 0x0c, 0x00, 0xe8, 0x09, 0x01,
    0x81, 0x79, 0x25, 0x12, 0x04, 0x80, 0x01, 0x00, 0x00, 0x19, 0x1e, 0x0c,
    0x00, 0xe8, 0x1e, 0x00, 0x86, 0x79, 0x00, 0x1e, 0x25, 0x80, 0x01, 0x00,
    0x04, 0x19, 0x10, 0x0c, 0x00, 0xe8, 0x81, 0x00, 0x81, 0x79, 0x10, 0x12,
    0x04, 0x84, 0x01, 0x00, 0x00, 0x19, 0x1e, 0x0c, 0x00, 0xe8, 0x0e, 0x00,
    0x86, 0x79, 0x00, 0x1e, 0x10, 0x84, 0x01, 0x00, 0x04, 0x19, 0x10, 0x0c,
    0x00, 0xe8, 0x87, 0x00, 0x81, 0x79, 0x1c, 0x12, 0x04, 0x88, 0x01, 0x00,
    0x00, 0x19, 0x1e, 0x0c, 0x00, 0x68, 0x0f, 0x02, 0x86, 0x79, 0x00, 0x1e,
    0x1c, 0x88, 0x01, 0x00, 0x04, 0x19, 0x10, 0x0c, 0x00, 0xe8, 0x0b, 0x02,
    0x81, 0x79, 0x18, 0x12, 0x04, 0x8c, 0x01, 0x00, 0x00, 0x19, 0x1e, 0x0c,
    0x00, 0xa8, 0x2e, 0x00, 0x86, 0x79, 0x00, 0x1e, 0x18, 0x8c, 0x01, 0x00,
    0x04, 0x19, 0x10, 0x0c, 0x00, 0xe8, 0x43, 0x00, 0x81, 0x79, 0x23, 0x12,
    0x04, 0x90, 0x01, 0x00, 0x00, 0x19, 0x1e, 0x0c, 0x00, 0xa8, 0x0e, 0x00,
    0x86, 0x79, 0x00, 0x1e, 0x23, 0x90, 0x01, 0x00, 0x04, 0x19, 0x10, 0x0c,
    0x00, 0xe8, 0x45, 0x00, 0x81, 0x79, 0x1a, 0x12, 0x04, 0x94, 0x01, 0x00,
    0x00, 0x19, 0x1e, 0x0c, 0x00, 0x28, 0x0f, 0x01, 0x86, 0x79, 0x00, 0x1e,
    0x1a, 0x94, 0x01, 0x00, 0x04, 0x19, 0x10, 0x0c, 0x00, 0xe8, 0x09, 0x01,
    0x81, 0x79, 0x25, 0x12, 0x04, 0x98, 0x01, 0x00, 0x00, 0x19, 0x1e, 0x0c,
    0x00, 0xe8, 0x1e, 0x00, 0x86, 0x79, 0x00, 0x1e, 0x25, 0x98, 0x01, 0x00,
    0x04, 0x19, 0x10, 0x0c, 0x00, 0xe8, 0x81, 0x00, 0x81, 0x79, 0x10, 0x12,
    0x04, 0x9c, 0x01, 0x00, 0x00, 0x19, 0x1e, 0x0c, 0x00, 0xe8, 0x0e, 0x00,
    0x86, 0x79, 0x00, 0x1e, 0x10, 0x9c, 0x01, 0x00, 0x04, 0x19, 0x10, 0x0c,
    0x00, 0xe8, 0x87, 0x00, 0x81, 0x79, 0x1c, 0x12, 0x04, 0xa0, 0x01, 0x00,
    0x00, 0x19, 0x1e, 0x0c, 0x00, 0x68, 0x0f, 0x02, 0x86, 0x79, 0x00, 0x1e,
    0x1c, 0xa0, 0x01, 0x00, 0x04, 0x19, 0x10, 0x0c, 0x00, 0xe8, 0x0b, 0x02,
    0x81, 0x79, 0x18, 0x12, 0x04, 0xa4, 0x01, 0x00, 0x00, 0x19, 0x1e, 0x0c,
    0x00, 0xa8, 0x2e, 0x00, 0x86, 0x79, 0x00, 0x1e, 0x18, 0xa4, 0x01, 0x00,
    0x04, 0x19, 0x10, 0x0c, 0x00, 0xe8, 0x43, 0x00, 0x81, 0x79, 0x23, 0x12,
    0x04, 0xa8, 0x01, 0x00, 0x00, 0x19, 0x1e, 0x0c, 0x00, 0xa8, 0x0e, 0x00,
    0x86, 0x79, 0x00, 0x1e, 0x23, 0xa8, 0x01, 0x00, 0x04, 0x19, 0x10, 0x0c,
    0x00, 0xe8, 0x45, 0x00, 0x81, 0x79, 0x1a, 0x12, 0x04, 0xac, 0x01, 0x00,
    0x00, 0x19, 0x1e, 0x0c, 0x00, 0x28, 0x0f, 0x01, 0x86, 0x79, 0x00, 0x1e,
    0x1a, 0xac, 0x01, 0x00, 0x04, 0x19, 0x10, 0x0c, 0x00, 0xe8, 0x09, 0x01,
    0x81, 0x79, 0x25, 0x12, 0x04, 0xb0, 0x01, 0x00, 0x00, 0x19, 0x1e, 0x0c,
    0x00, 0xe8, 0x1e, 0x00, 0x86, 0x79, 0x00, 0x1e, 0x25, 0xb0, 0x01, 0x00,
    0x04, 0x19, 0x10, 0x0c, 0x00, 0xe8, 0x81, 0x00, 0x81, 0x79, 0x10, 0x12,
    0x04, 0xb4, 0x01, 0x00, 0x00, 0x19, 0x1e, 0x0c, 0x00, 0xe8, 0x0e, 0x00,
    0x86, 0x79, 0x00, 0x1e, 0x10, 0xb4, 0x01, 0x00, 0x04, 0x19, 0x10, 0x0c,
    0x00, 0xe8, 0x87, 0x00, 0x81, 0x79, 0x1c, 0x12, 0x04, 0xb8, 0x01, 0x00,
    0x00, 0x19, 0x1e, 0x0c, 0x00, 0x68, 0x0f, 0x02, 0x86, 0x79, 0x00, 0x1e,
    0x1c, 0xb8, 0x01, 0x00, 0x04, 0x19, 0x10, 0x0c, 0x00, 0xe8, 0x0b, 0x02,
    0x81, 0x79, 0x18, 0x12, 0x04, 0xbc, 0x01, 0x00, 0x00, 0x19, 0x1e, 0x0c,
    0x00, 0xa8, 0x2e, 0x00, 0x86, 0x79, 0x00, 0x1e, 0x18, 0xbc, 0x01, 0x00,
    0x04, 0x19, 0x10, 0x0c, 0x00, 0xe8, 0x43, 0x00, 0x81, 0x79, 0x23, 0x12,
    0x04, 0xc0, 0x01, 0x00, 0x00, 0x19, 0x1e, 0x0c, 0x00, 0xa8, 0x0e, 0x00,
    0x86, 0x79, 0x00, 0x1e, 0x23, 0xc0, 0x01, 0x00, 0x04, 0x19, 0x10, 0x0c,
    0x00, 0xe8, 0x45, 0x00, 0x81, 0x79, 0x1a, 0x12, 0x04, 0xc4, 0x01, 0x00,
    0x00, 0x19, 0x1e, 0x0c, 0x00, 0x28, 0x0f, 0x01, 0x86, 0x79, 0x00, 0x1e,
    0x1a, 0xc4, 0x01, 0x00, 0x04, 0x19, 0x10, 0x0c, 0x00, 0xe8, 0x09, 0x01,
    0x81, 0x79, 0x25, 0x12, 0x04, 0xc8, 0x01, 0x00, 0x00, 0x19, 0x1e, 0x0c,
    0x00, 0xe8, 0x1e, 0x00, 0x86, 0x79, 0x00, 0x1e, 0x25, 0xc8, 0x01, 0x00,
    0x04, 0x19, 0x10, 0x0c, 0x00, 0xe8, 0x81, 0x00, 0x81, 0x79, 0x10, 0x12,
    0x04, 0xcc, 0x01, 0x00, 0x00, 0x19, 0x1e, 0x0c, 0x00, 0xe8, 0x0e, 0x00,
    0x86, 0x79, 0x00, 0x1e, 0x10, 0xcc, 0x01, 0x00, 0x04, 0x19, 0x10, 0x0c,
    0x00, 0xe8, 0x87, 0x00, 0x81, 0x79, 0x1c, 0x12, 0x04, 0xd0, 0x01, 0x00,
    0x00, 0x19, 0x1e, 0x0c, 0x00, 0x68, 0x0f, 0x02, 0x86, 0x79, 0x00, 0x1e,
    0x1c, 0xd0, 0x01, 0x00, 0x04, 0x19, 0x10, 0x0c, 0x00, 0xe8, 0x0b, 0x02,
    0x81, 0x79, 0x18, 0x12, 0x04, 0xd4, 0x01, 0x00, 0x00, 0x19, 0x1e, 0x0c,
    0x00, 0xa8, 0x2e, 0x00, 0x86, 0x79, 0x00, 0x1e, 0x18, 0xd4, 0x01, 0x00,
    0x04, 0x19, 0x10, 0x0c, 0x00, 0xe8, 0x43, 0x00, 0x81, 0x79, 0x23, 0x12,
    0x04, 0xd8, 0x01, 0x00, 0x00, 0x19, 0x1e, 0x0c, 0x00, 0xa8, 0x0e, 0x00,
    0x86, 0x79, 0x00, 0x1e, 0x23, 0xd8, 0x01, 0x00, 0x04, 0x19, 0x10, 0x0c,
    0x00, 0xe8, 0x45, 0x00, 0x81, 0x79, 0x1a, 0x12, 0x04, 0xdc, 0x01, 0x00,
    0x00, 0x19, 0x1e, 0x0c, 0x00, 0x28, 0x0f, 0x01, 0x86, 0x79, 0x00, 0x1e,
    0x1a, 0xdc, 0x01, 0x00, 0x04, 0x19, 0x10, 0x0c, 0x00, 0xe8, 0x09, 0x01,
    0x81, 0x79, 0x25, 0x12, 0x04, 0xe0, 0x01, 0x00, 0x00, 0x19, 0x1e, 0x0c,
    0x00, 0xe8, 0x1e, 0x00, 0x86, 0x79, 0x00, 0x1e, 0x25, 0xe0, 0x01, 0x00,
    0x04, 0x19, 0x10, 0x0c, 0x00, 0xe8, 0x81, 0x00, 0x81, 0x79, 0x10, 0x12,
    0x04, 0xe4, 0x01, 0x00, 0x00, 0x19, 0x1e, 0x0c, 0x00, 0xe8, 0x0e, 0x00,
    0x86, 0x79, 0x00, 0x1e, 0x10, 0xe4, 0x01, 0x00, 0x04, 0x19, 0x10, 0x0c,
    0x00, 0xe8, 0x87, 0x00, 0x81, 0x79, 0x1c, 0x12, 0x04, 0xe8, 0x01, 0x00,
    0x00, 0x19, 0x1e, 0x0c, 0x00, 0x68, 0x0f, 0x02, 0x86, 0x79, 0x00, 0x1e,
    0x1c, 0xe8, 0x01, 0x00, 0x04, 0x19, 0x10, 0x0c, 0x00, 0xe8, 0x0b, 0x02,
    0x81, 0x79, 0x18, 0x12, 0x04, 0xec, 0x01, 0x00, 0x00, 0x19, 0x1e, 0x0c,
    0x00, 0xa8, 0x2e, 0x00, 0x86, 0x79, 0x00, 0x1e, 0x18, 0xec, 0x01, 0x00,
    0x04, 0x19, 0x10, 0x0c, 0x00, 0xe8, 0x43, 0x00, 0x81, 0x79, 0x23, 0x12,
    0x04, 0xf0, 0x01, 0x00, 0x00, 0x19, 0x1e, 0x0c, 0x00, 0xa8, 0x0e, 0x00,
    0x86, 0x79, 0x00, 0x1e, 0x23, 0xf0, 0x01, 0x00, 0x04, 0x19, 0x10, 0x0c,
    0x00, 0xe8, 0x45, 0x00, 0x81, 0x79, 0x1a, 0x12, 0x04, 0xf4, 0x01, 0x00,
    0x00, 0x19, 0x1e, 0x0c, 0x00, 0x28, 0x0f, 0x01, 0x86, 0x79, 0x00, 0x1e,
    0x1a, 0xf4, 0x01, 0x00, 0x04, 0x19, 0x10, 0x0c, 0x00, 0xe8, 0x09, 0x01,
    0x81, 0x79, 0x25, 0x12, 0x04, 0xf8, 0x01, 0x00, 0x00, 0x19, 0x1e, 0x0c,
    0x00, 0xe8, 0x1e, 0x00, 0x86, 0x79, 0x00, 0x1e, 0x25, 0xf8, 0x01, 0x00,
    0x04, 0x19, 0x10, 0x0c, 0x00, 0xe8, 0x81, 0x00, 0x81, 0x79, 0x10, 0x12,
    0x04, 0xfc, 0x01, 0x00, 0x00, 0x19, 0x1e, 0x0c, 0x00, 0xe8, 0x0e, 0x00,
    0x86, 0x79, 0x00, 0x1e, 0x10, 0xfc, 0x01, 0x00, 0x04, 0x19, 0x10, 0x0c,
    0x00, 0xe8, 0x87, 0x00, 0x81, 0x79, 0x1c, 0x12, 0x04, 0x00, 0x02, 0x00,
    0x00, 0x19, 0x1e, 0x0c, 0x00, 0x68, 0x0f, 0x02, 0x86, 0x79, 0x00, 0x1e,
    0x1c, 0x00, 0x02, 0x00, 0x04, 0x19, 0x10, 0x0c, 0x00, 0xe8, 0x0b, 0x02,
    0x81, 0x79, 0x18, 0x12, 0x04, 0x04, 0x02, 0x00, 0x00, 0x19, 0x1e, 0x0c,
    0x00, 0xa8, 0x2e, 0x00, 0x86, 0x79, 0x00, 0x1e, 0x18, 0x04, 0x02, 0x00,
    0x04, 0x19, 0x10, 0x0c, 0x00, 0xe8, 0x43, 0x00, 0x81, 0x79, 0x23, 0x12,
    0x04, 0x08, 0x02, 0x00, 0x00, 0x19, 0x1e, 0x0c, 0x00, 0xa8, 0x0e, 0x00,
    0x86, 0x79, 0x00, 0x1e, 0x23, 0x08, 0x02, 0x00, 0x04, 0x19, 0x10, 0x0c,
    0x00, 0xe8, 0x45, 0x00, 0x81, 0x79, 0x1a, 0x12, 0x04, 0x0c, 0x02, 0x00,
    0x00, 0x19, 0x1e, 0x0c, 0x00, 0x28, 0x0f, 0x01, 0x86, 0x79, 0x00, 0x1e,
    0x1a, 0x0c, 0x02, 0x00, 0x04, 0x19, 0x10, 0x0c, 0x00, 0xe8, 0x09, 0x01,
    0x81, 0x79, 0x25, 0x12, 0x04, 0x10, 0x02, 0x00, 0x00, 0x19, 0x1e, 0x0c,
    0x00, 0xe8, 0x1e, 0x00, 0x86, 0x79, 0x00, 0x1e, 0x25, 0x10, 0x02, 0x00,
    0x04, 0x19, 0x10, 0x0c, 0x00, 0xe8, 0x81, 0x00, 0x81, 0x79, 0x10, 0x12,
    0x04, 0x14, 0x02, 0x00, 0x00, 0x19, 0x1e, 0x0c, 0x00, 0xe8, 0x0e, 0x00,
    0x86, 0x79, 0x00, 0x1e, 0x10, 0x14, 0x02, 0x00, 0x04, 0x19, 0x10, 0x0c,
    0x00, 0xe8, 0x87, 0x00, 0x81, 0x79, 0x1c, 0x12, 0x04, 0x18, 0x02, 0x00,
    0x00, 0x19, 0x1e, 0x0c, 0x00, 0x68, 0x0f, 0x02, 0x86, 0x79, 0x00, 0x1e,
    0x1c, 0x18, 0x02, 0x00, 0x04, 0x19, 0x10, 0x0c, 0x00, 0xe8, 0x0f, 0x02,
    0x81, 0x79, 0x18, 0x12, 0x04, 0x1c, 0x02, 0x00, 0x00, 0x19, 0x1e, 0x0c,
    0x00, 0x68, 0x2f, 0x00, 0x86, 0x79, 0x00, 0x1e, 0x18, 0x1c, 0x02, 0x00,
    0x04, 0x19, 0x10, 0x0c, 0x00, 0xe8, 0x0f, 0x02, 0x81, 0x79, 0x23, 0x12,
    0x04, 0x20, 0x02, 0x00, 0x00, 0x19, 0x1e, 0x0c, 0x00, 0xa8, 0x4e, 0x00,
    0x86, 0x79, 0x00, 0x1e, 0x23, 0x20, 0x02, 0x00, 0x04, 0x19, 0x10, 0x0c,
    0x00, 0xe8, 0x43, 0x00, 0x81, 0x79, 0x1a, 0x12, 0x04, 0x24, 0x02, 0x00,
    0x00, 0x19, 0x1e, 0x0c, 0x00, 0xa8, 0x0e, 0x01, 0x86, 0x79, 0x00, 0x1e,
    0x1a, 0x24, 0x02, 0x00, 0x04, 0x19, 0x10, 0x0c, 0x00, 0xe8, 0x4f, 0x00,
    0x81, 0x79, 0x25, 0x12, 0x04, 0x28, 0x02, 0x00, 0x00, 0x19, 0x1e, 0x0c,
    0x00, 0xa8, 0x1e, 0x00, 0x86, 0x79, 0x00, 0x1e, 0x25, 0x28, 0x02, 0x00,
    0x04, 0x19, 0x10, 0x0c, 0x00, 0xe8, 0x4f, 0x00, 0x81, 0x79, 0x10, 0x12,
    0x04, 0x2c, 0x02, 0x00, 0x00, 0x19, 0x1e, 0x0c, 0x00, 0xa8, 0x8e, 0x00,
    0x86, 0x79, 0x00, 0x1e, 0x10, 0x2c, 0x02, 0x00, 0x04, 0x19, 0x10, 0x0c,
    0x00, 0xe8, 0x41, 0x00, 0x81, 0x79, 0x20, 0x12, 0x04, 0x30, 0x02, 0x00,
    0x00, 0x19, 0x1e, 0x0c, 0x00, 0xa8, 0x0e, 0x00, 0x86, 0x79, 0x00, 0x1e,
    0x20, 0x30, 0x02, 0x00, 0x04, 0x19, 0x10, 0x0c, 0x00, 0xe8, 0x45, 0x00,
    0x81, 0x79, 0x22, 0x12, 0x04, 0x34, 0x02, 0x00, 0x00, 0x19, 0x1e, 0x0c,
    0x00, 0xe8, 0x0e, 0x00, 0x86, 0x79, 0x00, 0x1e, 0x22, 0x34, 0x02, 0x00,
    0x04, 0x19, 0x10, 0x0c, 0x00, 0xe8, 0x8f, 0x00, 0x81, 0x79, 0x24, 0x12,
    0x04, 0x38, 0x02, 0x00, 0x00, 0x19, 0x1e, 0x0c, 0x00, 0xe8, 0x0e, 0x00,
    0x86, 0x79, 0x00, 0x1e, 0x24, 0x38, 0x02, 0x00, 0x04, 0x19, 0x10, 0x0c,
    0x00, 0xe8, 0x8f, 0x00, 0x81, 0x79, 0x23, 0x12, 0x04, 0x3c, 0x02, 0x00,
    0x00, 0x19, 0x1e, 0x0c, 0x00, 0xe2, 0x2e, 0x00, 0x35, 0x78, 0x10, 0x21,
    0x03, 0x00, 0x00, 0x00, 0x00, 0x00, 0x8e, 0x07, 0x00, 0xe2, 0x1f, 0x00,
    0x25, 0x78, 0x20, 0x11, 0x10, 0x00, 0x00, 0x00, 0x0a, 0x00, 0x8e, 0x07,
    0x00, 0xc4, 0x4f, 0x00, 0x86, 0x79, 0x00, 0x1e, 0x23, 0x3c, 0x02, 0x00,
    0x04, 0x19, 0x10, 0x0c, 0x00, 0xe8, 0x81, 0x00, 0x81, 0x79, 0x25, 0x0e,
    0x04, 0x28, 0x00, 0x00, 0x00, 0x19, 0x1e, 0x0c, 0x00, 0xa8, 0x0e, 0x00,
    0x81, 0x79, 0x18, 0x0e, 0x04, 0x2c, 0x00, 0x00, 0x00, 0x19, 0x1e, 0x0c,
    0x00, 0xe8, 0x0e, 0x00, 0x81, 0x79, 0x1a, 0x0e, 0x04, 0x30, 0x00, 0x00,
    0x00, 0x19, 0x1e, 0x0c, 0x00, 0x28, 0x0f, 0x00, 0x81, 0x79, 0x1c, 0x0e,
    0x04, 0x34, 0x00, 0x00, 0x00, 0x19, 0x1e, 0x0c, 0x00, 0x62, 0x0f, 0x00,
    0x25, 0x78, 0x10, 0x10, 0x40, 0x02, 0x00, 0x00, 0x08, 0x00, 0x8e, 0x07,
    0x00, 0xe2, 0x0f, 0x00, 0x35, 0x78, 0x1d, 0x1d, 0x03, 0x00, 0x00, 0x00,
    0x00, 0x00, 0x8e, 0x07, 0x00, 0xc4, 0x0f, 0x00, 0x86, 0x79, 0x00, 0x20,
    0x25, 0x00, 0x00, 0x00, 0x04, 0x19, 0x10, 0x0c, 0x00, 0xe8, 0x43, 0x00,
    0x86, 0x79, 0x00, 0x20, 0x18, 0x04, 0x00, 0x00, 0x04, 0x19, 0x10, 0x0c,
    0x00, 0xe8, 0x8f, 0x00, 0x86, 0x79, 0x00, 0x20, 0x1a, 0x08, 0x00, 0x00,
    0x04, 0x19, 0x10, 0x0c, 0x00, 0xe8, 0x0f, 0x01, 0x86, 0x79, 0x00, 0x20,
    0x1c, 0x0c, 0x00, 0x00, 0x04, 0x19, 0x10, 0x0c, 0x00, 0xe8, 0x05, 0x02,
    0x81, 0x79, 0x13, 0x10, 0x04, 0x00, 0x00, 0x00, 0x00, 0x19, 0x1e, 0x0c,
    0x00, 0xe2, 0x0e, 0x00, 0x25, 0x78, 0x0c, 0x1d, 0x40, 0x02, 0x00, 0x00,
    0x0c, 0x00, 0x8e, 0x07, 0x00, 0xca, 0x0f, 0x00, 0x86, 0x79, 0x00, 0x0c,
    0x13, 0x00, 0x00, 0x00, 0x04, 0x19, 0x10, 0x0c, 0x00, 0xe8, 0x87, 0x00,
    0x81, 0x79, 0x1f, 0x10, 0x04, 0x04, 0x00, 0x00, 0x00, 0x19, 0x1e, 0x0c,
    0x00, 0x28, 0x1f, 0x00, 0x86, 0x79, 0x00, 0x0c, 0x1f, 0x04, 0x00, 0x00,
    0x04, 0x19, 0x10, 0x0c, 0x00, 0xe8, 0x01, 0x01, 0x81, 0x79, 0x23, 0x10,
    0x04, 0x08, 0x00, 0x00, 0x00, 0x19, 0x1e, 0x0c, 0x00, 0x28, 0x0f, 0x00,
    0x86, 0x79, 0x00, 0x0c, 0x23, 0x08, 0x00, 0x00, 0x04, 0x19, 0x10, 0x0c,
    0x00, 0xe8, 0x09, 0x01, 0x81, 0x79, 0x25, 0x10, 0x04, 0x0c, 0x00, 0x00,
    0x00, 0x19, 0x1e, 0x0c, 0x00, 0x68, 0x2f, 0x00, 0x86, 0x79, 0x00, 0x0c,
    0x25, 0x0c, 0x00, 0x00, 0x04, 0x19, 0x10, 0x0c, 0x00, 0xe8, 0x03, 0x02,
    0x81, 0x79, 0x21, 0x10, 0x04, 0x10, 0x00, 0x00, 0x00, 0x19, 0x1e, 0x0c,
    0x00, 0xa8, 0x4e, 0x00, 0x86, 0x79, 0x00, 0x0c, 0x21, 0x10, 0x00, 0x00,
    0x04, 0x19, 0x10, 0x0c, 0x00, 0xe8, 0x45, 0x00, 0x81, 0x79, 0x12, 0x10,
    0x04, 0x14, 0x00, 0x00, 0x00, 0x19, 0x1e, 0x0c, 0x00, 0x68, 0x0f, 0x00,
    0x86, 0x79, 0x00, 0x0c, 0x12, 0x14, 0x00, 0x00, 0x04, 0x19, 0x10, 0x0c,
    0x00, 0xe8, 0x0b, 0x02, 0x81, 0x79, 0x13, 0x10, 0x04, 0x18, 0x00, 0x00,
    0x00, 0x19, 0x1e, 0x0c, 0x00, 0xe8, 0x8e, 0x00, 0x86, 0x79, 0x00, 0x0c,
    0x13, 0x18, 0x00, 0x00, 0x04, 0x19, 0x10, 0x0c, 0x00, 0xe8, 0x87, 0x00,
    0x81, 0x79, 0x1f, 0x10, 0x04, 0x1c, 0x00, 0x00, 0x00, 0x19, 0x1e, 0x0c,
    0x00, 0x28, 0x1f, 0x00, 0x86, 0x79, 0x00, 0x0c, 0x1f, 0x1c, 0x00, 0x00,
    0x04, 0x19, 0x10, 0x0c, 0x00, 0xe8, 0x01, 0x01, 0x81, 0x79, 0x23, 0x10,
    0x04, 0x20, 0x00, 0x00, 0x00, 0x19, 0x1e, 0x0c, 0x00, 0x28, 0x0f, 0x00,
    0x86, 0x79, 0x00, 0x0c, 0x23, 0x20, 0x00, 0x00, 0x04, 0x19, 0x10, 0x0c,
    0x00, 0xe8, 0x09, 0x01, 0x81, 0x79, 0x25, 0x10, 0x04, 0x24, 0x00, 0x00,
    0x00, 0x19, 0x1e, 0x0c, 0x00, 0xa8, 0x2e, 0x00, 0x86, 0x79, 0x00, 0x0c,
    0x25, 0x24, 0x00, 0x00, 0x04, 0x19, 0x10, 0x0c, 0x00, 0xe8, 0x43, 0x00,
    0x81, 0x79, 0x21, 0x10, 0x04, 0x28, 0x00, 0x00, 0x00, 0x19, 0x1e, 0x0c,
    0x00, 0xa8, 0x0e, 0x00, 0x86, 0x79, 0x00, 0x0c, 0x21, 0x28, 0x00, 0x00,
    0x04, 0x19, 0x10, 0x0c, 0x00, 0xe8, 0x45, 0x00, 0x81, 0x79, 0x12, 0x10,
    0x04, 0x2c, 0x00, 0x00, 0x00, 0x19, 0x1e, 0x0c, 0x00, 0x68, 0x0f, 0x02,
    0x86, 0x79, 0x00, 0x0c, 0x12, 0x2c, 0x00, 0x00, 0x04, 0x19, 0x10, 0x0c,
    0x00, 0xe8, 0x0b, 0x02, 0x81, 0x79, 0x13, 0x10, 0x04, 0x30, 0x00, 0x00,
    0x00, 0x19, 0x1e, 0x0c, 0x00, 0xe8, 0x8e, 0x00, 0x86, 0x79, 0x00, 0x0c,
    0x13, 0x30, 0x00, 0x00, 0x04, 0x19, 0x10, 0x0c, 0x00, 0xe8, 0x87, 0x00,
    0x81, 0x79, 0x1f, 0x10, 0x04, 0x34, 0x00, 0x00, 0x00, 0x19, 0x1e, 0x0c,
    0x00, 0x28, 0x1f, 0x00, 0x86, 0x79, 0x00, 0x0c, 0x1f, 0x34, 0x00, 0x00,
    0x04, 0x19, 0x10, 0x0c, 0x00, 0xe8, 0x01, 0x01, 0x81, 0x79, 0x23, 0x10,
    0x04, 0x38, 0x00, 0x00, 0x00, 0x19, 0x1e, 0x0c, 0x00, 0x28, 0x0f, 0x00,
    0x86, 0x79, 0x00, 0x0c, 0x23, 0x38, 0x00, 0x00, 0x04, 0x19, 0x10, 0x0c,
    0x00, 0xe8, 0x09, 0x01, 0x81, 0x79, 0x25, 0x10, 0x04, 0x3c, 0x00, 0x00,
    0x00, 0x19, 0x1e, 0x0c, 0x00, 0xa8, 0x2e, 0x00, 0x86, 0x79, 0x00, 0x0c,
    0x25, 0x3c, 0x00, 0x00, 0x04, 0x19, 0x10, 0x0c, 0x00, 0xe8, 0x43, 0x00,
    0x81, 0x79, 0x21, 0x10, 0x04, 0x40, 0x00, 0x00, 0x00, 0x19, 0x1e, 0x0c,
    0x00, 0xa8, 0x0e, 0x00, 0x86, 0x79, 0x00, 0x0c, 0x21, 0x40, 0x00, 0x00,
    0x04, 0x19, 0x10, 0x0c, 0x00, 0xe8, 0x45, 0x00, 0x81, 0x79, 0x12, 0x10,
    0x04, 0x44, 0x00, 0x00, 0x00, 0x19, 0x1e, 0x0c, 0x00, 0x68, 0x0f, 0x02,
    0x86, 0x79, 0x00, 0x0c, 0x12, 0x44, 0x00, 0x00, 0x04, 0x19, 0x10, 0x0c,
    0x00, 0xe8, 0x0b, 0x02, 0x81, 0x79, 0x13, 0x10, 0x04, 0x48, 0x00, 0x00,
    0x00, 0x19, 0x1e, 0x0c, 0x00, 0xe8, 0x8e, 0x00, 0x86, 0x79, 0x00, 0x0c,
    0x13, 0x48, 0x00, 0x00, 0x04, 0x19, 0x10, 0x0c, 0x00, 0xe8, 0x87, 0x00,
    0x81, 0x79, 0x1f, 0x10, 0x04, 0x4c, 0x00, 0x00, 0x00, 0x19, 0x1e, 0x0c,
    0x00, 0x28, 0x1f, 0x00, 0x86, 0x79, 0x00, 0x0c, 0x1f, 0x4c, 0x00, 0x00,
    0x04, 0x19, 0x10, 0x0c, 0x00, 0xe8, 0x01, 0x01, 0x81, 0x79, 0x23, 0x10,
    0x04, 0x50, 0x00, 0x00, 0x00, 0x19, 0x1e, 0x0c, 0x00, 0x28, 0x0f, 0x00,
    0x86, 0x79, 0x00, 0x0c, 0x23, 0x50, 0x00, 0x00, 0x04, 0x19, 0x10, 0x0c,
    0x00, 0xe8, 0x09, 0x01, 0x81, 0x79, 0x25, 0x10, 0x04, 0x54, 0x00, 0x00,
    0x00, 0x19, 0x1e, 0x0c, 0x00, 0xa8, 0x2e, 0x00, 0x86, 0x79, 0x00, 0x0c,
    0x25, 0x54, 0x00, 0x00, 0x04, 0x19, 0x10, 0x0c, 0x00, 0xe8, 0x43, 0x00,
    0x81, 0x79, 0x21, 0x10, 0x04, 0x58, 0x00, 0x00, 0x00, 0x19, 0x1e, 0x0c,
    0x00, 0xa8, 0x0e, 0x00, 0x86, 0x79, 0x00, 0x0c, 0x21, 0x58, 0x00, 0x00,
    0x04, 0x19, 0x10, 0x0c, 0x00, 0xe8, 0x45, 0x00, 0x81, 0x79, 0x12, 0x10,
    0x04, 0x5c, 0x00, 0x00, 0x00, 0x19, 0x1e, 0x0c, 0x00, 0x68, 0x0f, 0x02,
    0x86, 0x79, 0x00, 0x0c, 0x12, 0x5c, 0x00, 0x00, 0x04, 0x19, 0x10, 0x0c,
    0x00, 0xe8, 0x0b, 0x02, 0x81, 0x79, 0x13, 0x10, 0x04, 0x60, 0x00, 0x00,
    0x00, 0x19, 0x1e, 0x0c, 0x00, 0xe8, 0x8e, 0x00, 0x86, 0x79, 0x00, 0x0c,
    0x13, 0x60, 0x00, 0x00, 0x04, 0x19, 0x10, 0x0c, 0x00, 0xe8, 0x87, 0x00,
    0x81, 0x79, 0x1f, 0x10, 0x04, 0x64, 0x00, 0x00, 0x00, 0x19, 0x1e, 0x0c,
    0x00, 0x28, 0x1f, 0x00, 0x86, 0x79, 0x00, 0x0c, 0x1f, 0x64, 0x00, 0x00,
    0x04, 0x19, 0x10, 0x0c, 0x00, 0xe8, 0x01, 0x01, 0x81, 0x79, 0x23, 0x10,
    0x04, 0x68, 0x00, 0x00, 0x00, 0x19, 0x1e, 0x0c, 0x00, 0x28, 0x0f, 0x00,
    0x86, 0x79, 0x00, 0x0c, 0x23, 0x68, 0x00, 0x00, 0x04, 0x19, 0x10, 0x0c,
    0x00, 0xe8, 0x09, 0x01, 0x81, 0x79, 0x25, 0x10, 0x04, 0x6c, 0x00, 0x00,
    0x00, 0x19, 0x1e, 0x0c, 0x00, 0xa8, 0x2e, 0x00, 0x86, 0x79, 0x00, 0x0c,
    0x25, 0x6c, 0x00, 0x00, 0x04, 0x19, 0x10, 0x0c, 0x00, 0xe8, 0x43, 0x00,
    0x81, 0x79, 0x21, 0x10, 0x04, 0x70, 0x00, 0x00, 0x00, 0x19, 0x1e, 0x0c,
    0x00, 0xa8, 0x0e, 0x00, 0x86, 0x79, 0x00, 0x0c, 0x21, 0x70, 0x00, 0x00,
    0x04, 0x19, 0x10, 0x0c, 0x00, 0xe8, 0x45, 0x00, 0x81, 0x79, 0x12, 0x10,
    0x04, 0x74, 0x00, 0x00, 0x00, 0x19, 0x1e, 0x0c, 0x00, 0x68, 0x0f, 0x02,
    0x86, 0x79, 0x00, 0x0c, 0x12, 0x74, 0x00, 0x00, 0x04, 0x19, 0x10, 0x0c,
    0x00, 0xe8, 0x0b, 0x02, 0x81, 0x79, 0x13, 0x10, 0x04, 0x78, 0x00, 0x00,
    0x00, 0x19, 0x1e, 0x0c, 0x00, 0xe8, 0x8e, 0x00, 0x86, 0x79, 0x00, 0x0c,
    0x13, 0x78, 0x00, 0x00, 0x04, 0x19, 0x10, 0x0c, 0x00, 0xe8, 0x87, 0x00,
    0x81, 0x79, 0x1f, 0x10, 0x04, 0x7c, 0x00, 0x00, 0x00, 0x19, 0x1e, 0x0c,
    0x00, 0x28, 0x1f, 0x00, 0x86, 0x79, 0x00, 0x0c, 0x1f, 0x7c, 0x00, 0x00,
    0x04, 0x19, 0x10, 0x0c, 0x00, 0xe8, 0x01, 0x01, 0x81, 0x79, 0x23, 0x10,
    0x04, 0x80, 0x00, 0x00, 0x00, 0x19, 0x1e, 0x0c, 0x00, 0x28, 0x0f, 0x00,
    0x86, 0x79, 0x00, 0x0c, 0x23, 0x80, 0x00, 0x00, 0x04, 0x19, 0x10, 0x0c,
    0x00, 0xe8, 0x09, 0x01, 0x81, 0x79, 0x25, 0x10, 0x04, 0x84, 0x00, 0x00,
    0x00, 0x19, 0x1e, 0x0c, 0x00, 0xa8, 0x2e, 0x00, 0x86, 0x79, 0x00, 0x0c,
    0x25, 0x84, 0x00, 0x00, 0x04, 0x19, 0x10, 0x0c, 0x00, 0xe8, 0x43, 0x00,
    0x81, 0x79, 0x21, 0x10, 0x04, 0x88, 0x00, 0x00, 0x00, 0x19, 0x1e, 0x0c,
    0x00, 0xa8, 0x0e, 0x00, 0x86, 0x79, 0x00, 0x0c, 0x21, 0x88, 0x00, 0x00,
    0x04, 0x19, 0x10, 0x0c, 0x00, 0xe8, 0x45, 0x00, 0x81, 0x79, 0x12, 0x10,
    0x04, 0x8c, 0x00, 0x00, 0x00, 0x19, 0x1e, 0x0c, 0x00, 0x68, 0x0f, 0x02,
    0x86, 0x79, 0x00, 0x0c, 0x12, 0x8c, 0x00, 0x00, 0x04, 0x19, 0x10, 0x0c,
    0x00, 0xe8, 0x0b, 0x02, 0x81, 0x79, 0x13, 0x10, 0x04, 0x90, 0x00, 0x00,
    0x00, 0x19, 0x1e, 0x0c, 0x00, 0xe8, 0x8e, 0x00, 0x86, 0x79, 0x00, 0x0c,
    0x13, 0x90, 0x00, 0x00, 0x04, 0x19, 0x10, 0x0c, 0x00, 0xe8, 0x87, 0x00,
    0x81, 0x79, 0x1f, 0x10, 0x04, 0x94, 0x00, 0x00, 0x00, 0x19, 0x1e, 0x0c,
    0x00, 0x28, 0x1f, 0x00, 0x86, 0x79, 0x00, 0x0c, 0x1f, 0x94, 0x00, 0x00,
    0x04, 0x19, 0x10, 0x0c, 0x00, 0xe8, 0x01, 0x01, 0x81, 0x79, 0x23, 0x10,
    0x04, 0x98, 0x00, 0x00, 0x00, 0x19, 0x1e, 0x0c, 0x00, 0x28, 0x0f, 0x00,
    0x86, 0x79, 0x00, 0x0c, 0x23, 0x98, 0x00, 0x00, 0x04, 0x19, 0x10, 0x0c,
    0x00, 0xe8, 0x09, 0x01, 0x81, 0x79, 0x25, 0x10, 0x04, 0x9c, 0x00, 0x00,
    0x00, 0x19, 0x1e, 0x0c, 0x00, 0xa8, 0x2e, 0x00, 0x86, 0x79, 0x00, 0x0c,
    0x25, 0x9c, 0x00, 0x00, 0x04, 0x19, 0x10, 0x0c, 0x00, 0xe8, 0x43, 0x00,
    0x81, 0x79, 0x21, 0x10, 0x04, 0xa0, 0x00, 0x00, 0x00, 0x19, 0x1e, 0x0c,
    0x00, 0xa8, 0x0e, 0x00, 0x86, 0x79, 0x00, 0x0c, 0x21, 0xa0, 0x00, 0x00,
    0x04, 0x19, 0x10, 0x0c, 0x00, 0xe8, 0x45, 0x00, 0x81, 0x79, 0x12, 0x10,
    0x04, 0xa4, 0x00, 0x00, 0x00, 0x19, 0x1e, 0x0c, 0x00, 0x68, 0x0f, 0x02,
    0x86, 0x79, 0x00, 0x0c, 0x12, 0xa4, 0x00, 0x00, 0x04, 0x19, 0x10, 0x0c,
    0x00, 0xe8, 0x0b, 0x02, 0x81, 0x79, 0x13, 0x10, 0x04, 0xa8, 0x00, 0x00,
    0x00, 0x19, 0x1e, 0x0c, 0x00, 0xe8, 0x8e, 0x00, 0x86, 0x79, 0x00, 0x0c,
    0x13, 0xa8, 0x00, 0x00, 0x04, 0x19, 0x10, 0x0c, 0x00, 0xe8, 0x87, 0x00,
    0x81, 0x79, 0x1f, 0x10, 0x04, 0xac, 0x00, 0x00, 0x00, 0x19, 0x1e, 0x0c,
    0x00, 0x28, 0x1f, 0x00, 0x86, 0x79, 0x00, 0x0c, 0x1f, 0xac, 0x00, 0x00,
    0x04, 0x19, 0x10, 0x0c, 0x00, 0xe8, 0x01, 0x01, 0x81, 0x79, 0x23, 0x10,
    0x04, 0xb0, 0x00, 0x00, 0x00, 0x19, 0x1e, 0x0c, 0x00, 0x28, 0x0f, 0x00,
    0x86, 0x79, 0x00, 0x0c, 0x23, 0xb0, 0x00, 0x00, 0x04, 0x19, 0x10, 0x0c,
    0x00, 0xe8, 0x09, 0x01, 0x81, 0x79, 0x25, 0x10, 0x04, 0xb4, 0x00, 0x00,
    0x00, 0x19, 0x1e, 0x0c, 0x00, 0xa8, 0x2e, 0x00, 0x86, 0x79, 0x00, 0x0c,
    0x25, 0xb4, 0x00, 0x00, 0x04, 0x19, 0x10, 0x0c, 0x00, 0xe8, 0x43, 0x00,
    0x81, 0x79, 0x21, 0x10, 0x04, 0xb8, 0x00, 0x00, 0x00, 0x19, 0x1e, 0x0c,
    0x00, 0xa8, 0x0e, 0x00, 0x86, 0x79, 0x00, 0x0c, 0x21, 0xb8, 0x00, 0x00,
    0x04, 0x19, 0x10, 0x0c, 0x00, 0xe8, 0x45, 0x00, 0x81, 0x79, 0x12, 0x10,
    0x04, 0xbc, 0x00, 0x00, 0x00, 0x19, 0x1e, 0x0c, 0x00, 0x68, 0x0f, 0x02,
    0x86, 0x79, 0x00, 0x0c, 0x12, 0xbc, 0x00, 0x00, 0x04, 0x19, 0x10, 0x0c,
    0x00, 0xe8, 0x0b, 0x02, 0x81, 0x79, 0x13, 0x10, 0x04, 0xc0, 0x00, 0x00,
    0x00, 0x19, 0x1e, 0x0c, 0x00, 0xe8, 0x8e, 0x00, 0x86, 0x79, 0x00, 0x0c,
    0x13, 0xc0, 0x00, 0x00, 0x04, 0x19, 0x10, 0x0c, 0x00, 0xe8, 0x87, 0x00,
    0x81, 0x79, 0x1f, 0x10, 0x04, 0xc4, 0x00, 0x00, 0x00, 0x19, 0x1e, 0x0c,
    0x00, 0x28, 0x1f, 0x00, 0x86, 0x79, 0x00, 0x0c, 0x1f, 0xc4, 0x00, 0x00,
    0x04, 0x19, 0x10, 0x0c, 0x00, 0xe8, 0x01, 0x01, 0x81, 0x79, 0x23, 0x10,
    0x04, 0xc8, 0x00, 0x00, 0x00, 0x19, 0x1e, 0x0c, 0x00, 0x28, 0x0f, 0x00,
    0x86, 0x79, 0x00, 0x0c, 0x23, 0xc8, 0x00, 0x00, 0x04, 0x19, 0x10, 0x0c,
    0x00, 0xe8, 0x09, 0x01, 0x81, 0x79, 0x25, 0x10, 0x04, 0xcc, 0x00, 0x00,
    0x00, 0x19, 0x1e, 0x0c, 0x00, 0xa8, 0x2e, 0x00, 0x86, 0x79, 0x00, 0x0c,
    0x25, 0xcc, 0x00, 0x00, 0x04, 0x19, 0x10, 0x0c, 0x00, 0xe8, 0x43, 0x00,
    0x81, 0x79, 0x21, 0x10, 0x04, 0xd0, 0x00, 0x00, 0x00, 0x19, 0x1e, 0x0c,
    0x00, 0xa8, 0x0e, 0x00, 0x86, 0x79, 0x00, 0x0c, 0x21, 0xd0, 0x00, 0x00,
    0x04, 0x19, 0x10, 0x0c, 0x00, 0xe8, 0x45, 0x00, 0x81, 0x79, 0x12, 0x10,
    0x04, 0xd4, 0x00, 0x00, 0x00, 0x19, 0x1e, 0x0c, 0x00, 0x68, 0x0f, 0x02,
    0x86, 0x79, 0x00, 0x0c, 0x12, 0xd4, 0x00, 0x00, 0x04, 0x19, 0x10, 0x0c,
    0x00, 0xe8, 0x0b, 0x02, 0x81, 0x79, 0x13, 0x10, 0x04, 0xd8, 0x00, 0x00,
    0x00, 0x19, 0x1e, 0x0c, 0x00, 0xe8, 0x8e, 0x00, 0x86, 0x79, 0x00, 0x0c,
    0x13, 0xd8, 0x00, 0x00, 0x04, 0x19, 0x10, 0x0c, 0x00, 0xe8, 0x87, 0x00,
    0x81, 0x79, 0x1f, 0x10, 0x04, 0xdc, 0x00, 0x00, 0x00, 0x19, 0x1e, 0x0c,
    0x00, 0x28, 0x1f, 0x00, 0x86, 0x79, 0x00, 0x0c, 0x1f, 0xdc, 0x00, 0x00,
    0x04, 0x19, 0x10, 0x0c, 0x00, 0xe8, 0x01, 0x01, 0x81, 0x79, 0x23, 0x10,
    0x04, 0xe0, 0x00, 0x00, 0x00, 0x19, 0x1e, 0x0c, 0x00, 0x28, 0x0f, 0x00,
    0x86, 0x79, 0x00, 0x0c, 0x23, 0xe0, 0x00, 0x00, 0x04, 0x19, 0x10, 0x0c,
    0x00, 0xe8, 0x09, 0x01, 0x81, 0x79, 0x25, 0x10, 0x04, 0xe4, 0x00, 0x00,
    0x00, 0x19, 0x1e, 0x0c, 0x00, 0xa8, 0x2e, 0x00, 0x86, 0x79, 0x00, 0x0c,
    0x25, 0xe4, 0x00, 0x00, 0x04, 0x19, 0x10, 0x0c, 0x00, 0xe8, 0x43, 0x00,
    0x81, 0x79, 0x21, 0x10, 0x04, 0xe8, 0x00, 0x00, 0x00, 0x19, 0x1e, 0x0c,
    0x00, 0xa8, 0x0e, 0x00, 0x86, 0x79, 0x00, 0x0c, 0x21, 0xe8, 0x00, 0x00,
    0x04, 0x19, 0x10, 0x0c, 0x00, 0xe8, 0x45, 0x00, 0x81, 0x79, 0x12, 0x10,
    0x04, 0xec, 0x00, 0x00, 0x00, 0x19, 0x1e, 0x0c, 0x00, 0x68, 0x0f, 0x02,
    0x86, 0x79, 0x00, 0x0c, 0x12, 0xec, 0x00, 0x00, 0x04, 0x19, 0x10, 0x0c,
    0x00, 0xe8, 0x0b, 0x02, 0x81, 0x79, 0x13, 0x10, 0x04, 0xf0, 0x00, 0x00,
    0x00, 0x19, 0x1e, 0x0c, 0x00, 0xe8, 0x8e, 0x00, 0x86, 0x79, 0x00, 0x0c,
    0x13, 0xf0, 0x00, 0x00, 0x04, 0x19, 0x10, 0x0c, 0x00, 0xe8, 0x87, 0x00,
    0x81, 0x79, 0x1f, 0x10, 0x04, 0xf4, 0x00, 0x00, 0x00, 0x19, 0x1e, 0x0c,
    0x00, 0x28, 0x1f, 0x00, 0x86, 0x79, 0x00, 0x0c, 0x1f, 0xf4, 0x00, 0x00,
    0x04, 0x19, 0x10, 0x0c, 0x00, 0xe8, 0x01, 0x01, 0x81, 0x79, 0x23, 0x10,
    0x04, 0xf8, 0x00, 0x00, 0x00, 0x19, 0x1e, 0x0c, 0x00, 0x28, 0x0f, 0x00,
    0x86, 0x79, 0x00, 0x0c, 0x23, 0xf8, 0x00, 0x00, 0x04, 0x19, 0x10, 0x0c,
    0x00, 0xe8, 0x09, 0x01, 0x81, 0x79, 0x25, 0x10, 0x04, 0xfc, 0x00, 0x00,
    0x00, 0x19, 0x1e, 0x0c, 0x00, 0xa8, 0x2e, 0x00, 0x86, 0x79, 0x00, 0x0c,
    0x25, 0xfc, 0x00, 0x00, 0x04, 0x19, 0x10, 0x0c, 0x00, 0xe8, 0x43, 0x00,
    0x81, 0x79, 0x21, 0x10, 0x04, 0x00, 0x01, 0x00, 0x00, 0x19, 0x1e, 0x0c,
    0x00, 0xa8, 0x0e, 0x00, 0x86, 0x79, 0x00, 0x0c, 0x21, 0x00, 0x01, 0x00,
    0x04, 0x19, 0x10, 0x0c, 0x00, 0xe8, 0x45, 0x00, 0x81, 0x79, 0x12, 0x10,
    0x04, 0x04, 0x01, 0x00, 0x00, 0x19, 0x1e, 0x0c, 0x00, 0x68, 0x0f, 0x02,
    0x86, 0x79, 0x00, 0x0c, 0x12, 0x04, 0x01, 0x00, 0x04, 0x19, 0x10, 0x0c,
    0x00, 0xe8, 0x0b, 0x02, 0x81, 0x79, 0x13, 0x10, 0x04, 0x08, 0x01, 0x00,
    0x00, 0x19, 0x1e, 0x0c, 0x00, 0xe8, 0x8e, 0x00, 0x86, 0x79, 0x00, 0x0c,
    0x13, 0x08, 0x01, 0x00, 0x04, 0x19, 0x10, 0x0c, 0x00, 0xe8, 0x87, 0x00,
    0x81, 0x79, 0x1f, 0x10, 0x04, 0x0c, 0x01, 0x00, 0x00, 0x19, 0x1e, 0x0c,
    0x00, 0x28, 0x1f, 0x00, 0x86, 0x79, 0x00, 0x0c, 0x1f, 0x0c, 0x01, 0x00,
    0x04, 0x19, 0x10, 0x0c, 0x00, 0xe8, 0x01, 0x01, 0x81, 0x79, 0x23, 0x10,
    0x04, 0x10, 0x01, 0x00, 0x00, 0x19, 0x1e, 0x0c, 0x00, 0x28, 0x0f, 0x00,
    0x86, 0x79, 0x00, 0x0c, 0x23, 0x10, 0x01, 0x00, 0x04, 0x19, 0x10, 0x0c,
    0x00, 0xe8, 0x09, 0x01, 0x81, 0x79, 0x25, 0x10, 0x04, 0x14, 0x01, 0x00,
    0x00, 0x19, 0x1e, 0x0c, 0x00, 0xa8, 0x2e, 0x00, 0x86, 0x79, 0x00, 0x0c,
    0x25, 0x14, 0x01, 0x00, 0x04, 0x19, 0x10, 0x0c, 0x00, 0xe8, 0x43, 0x00,
    0x81, 0x79, 0x21, 0x10, 0x04, 0x18, 0x01, 0x00, 0x00, 0x19, 0x1e, 0x0c,
    0x00, 0xa8, 0x0e, 0x00, 0x86, 0x79, 0x00, 0x0c, 0x21, 0x18, 0x01, 0x00,
    0x04, 0x19, 0x10, 0x0c, 0x00, 0xe8, 0x45, 0x00, 0x81, 0x79, 0x12, 0x10,
    0x04, 0x1c, 0x01, 0x00, 0x00, 0x19, 0x1e, 0x0c, 0x00, 0x68, 0x0f, 0x02,
    0x86, 0x79, 0x00, 0x0c, 0x12, 0x1c, 0x01, 0x00, 0x04, 0x19, 0x10, 0x0c,
    0x00, 0xe8, 0x0b, 0x02, 0x81, 0x79, 0x13, 0x10, 0x04, 0x20, 0x01, 0x00,
    0x00, 0x19, 0x1e, 0x0c, 0x00, 0xe8, 0x8e, 0x00, 0x86, 0x79, 0x00, 0x0c,
    0x13, 0x20, 0x01, 0x00, 0x04, 0x19, 0x10, 0x0c, 0x00, 0xe8, 0x87, 0x00,
    0x81, 0x79, 0x1f, 0x10, 0x04, 0x24, 0x01, 0x00, 0x00, 0x19, 0x1e, 0x0c,
    0x00, 0x28, 0x1f, 0x00, 0x86, 0x79, 0x00, 0x0c, 0x1f, 0x24, 0x01, 0x00,
    0x04, 0x19, 0x10, 0x0c, 0x00, 0xe8, 0x01, 0x01, 0x81, 0x79, 0x23, 0x10,
    0x04, 0x28, 0x01, 0x00, 0x00, 0x19, 0x1e, 0x0c, 0x00, 0x28, 0x0f, 0x00,
    0x86, 0x79, 0x00, 0x0c, 0x23, 0x28, 0x01, 0x00, 0x04, 0x19, 0x10, 0x0c,
    0x00, 0xe8, 0x09, 0x01, 0x81, 0x79, 0x25, 0x10, 0x04, 0x2c, 0x01, 0x00,
    0x00, 0x19, 0x1e, 0x0c, 0x00, 0xa8, 0x2e, 0x00, 0x86, 0x79, 0x00, 0x0c,
    0x25, 0x2c, 0x01, 0x00, 0x04, 0x19, 0x10, 0x0c, 0x00, 0xe8, 0x43, 0x00,
    0x81, 0x79, 0x21, 0x10, 0x04, 0x30, 0x01, 0x00, 0x00, 0x19, 0x1e, 0x0c,
    0x00, 0xa8, 0x0e, 0x00, 0x86, 0x79, 0x00, 0x0c, 0x21, 0x30, 0x01, 0x00,
    0x04, 0x19, 0x10, 0x0c, 0x00, 0xe8, 0x45, 0x00, 0x81, 0x79, 0x12, 0x10,
    0x04, 0x34, 0x01, 0x00, 0x00, 0x19, 0x1e, 0x0c, 0x00, 0x68, 0x0f, 0x02,
    0x86, 0x79, 0x00, 0x0c, 0x12, 0x34, 0x01, 0x00, 0x04, 0x19, 0x10, 0x0c,
    0x00, 0xe8, 0x0b, 0x02, 0x81, 0x79, 0x13, 0x10, 0x04, 0x38, 0x01, 0x00,
    0x00, 0x19, 0x1e, 0x0c, 0x00, 0xe8, 0x8e, 0x00, 0x86, 0x79, 0x00, 0x0c,
    0x13, 0x38, 0x01, 0x00, 0x04, 0x19, 0x10, 0x0c, 0x00, 0xe8, 0x87, 0x00,
    0x81, 0x79, 0x1f, 0x10, 0x04, 0x3c, 0x01, 0x00, 0x00, 0x19, 0x1e, 0x0c,
    0x00, 0x28, 0x1f, 0x00, 0x86, 0x79, 0x00, 0x0c, 0x1f, 0x3c, 0x01, 0x00,
    0x04, 0x19, 0x10, 0x0c, 0x00, 0xe8, 0x01, 0x01, 0x81, 0x79, 0x23, 0x10,
    0x04, 0x40, 0x01, 0x00, 0x00, 0x19, 0x1e, 0x0c, 0x00, 0x28, 0x0f, 0x00,
    0x86, 0x79, 0x00, 0x0c, 0x23, 0x40, 0x01, 0x00, 0x04, 0x19, 0x10, 0x0c,
    0x00, 0xe8, 0x09, 0x01, 0x81, 0x79, 0x25, 0x10, 0x04, 0x44, 0x01, 0x00,
    0x00, 0x19, 0x1e, 0x0c, 0x00, 0xa8, 0x2e, 0x00, 0x86, 0x79, 0x00, 0x0c,
    0x25, 0x44, 0x01, 0x00, 0x04, 0x19, 0x10, 0x0c, 0x00, 0xe8, 0x43, 0x00,
    0x81, 0x79, 0x21, 0x10, 0x04, 0x48, 0x01, 0x00, 0x00, 0x19, 0x1e, 0x0c,
    0x00, 0xa8, 0x0e, 0x00, 0x86, 0x79, 0x00, 0x0c, 0x21, 0x48, 0x01, 0x00,
    0x04, 0x19, 0x10, 0x0c, 0x00, 0xe8, 0x45, 0x00, 0x81, 0x79, 0x12, 0x10,
    0x04, 0x4c, 0x01, 0x00, 0x00, 0x19, 0x1e, 0x0c, 0x00, 0x68, 0x0f, 0x02,
    0x86, 0x79, 0x00, 0x0c, 0x12, 0x4c, 0x01, 0x00, 0x04, 0x19, 0x10, 0x0c,
    0x00, 0xe8, 0x0b, 0x02, 0x81, 0x79, 0x13, 0x10, 0x04, 0x50, 0x01, 0x00,
    0x00, 0x19, 0x1e, 0x0c, 0x00, 0xe8, 0x8e, 0x00, 0x86, 0x79, 0x00, 0x0c,
    0x13, 0x50, 0x01, 0x00, 0x04, 0x19, 0x10, 0x0c, 0x00, 0xe8, 0x87, 0x00,
    0x81, 0x79, 0x1f, 0x10, 0x04, 0x54, 0x01, 0x00, 0x00, 0x19, 0x1e, 0x0c,
    0x00, 0x28, 0x1f, 0x00, 0x86, 0x79, 0x00, 0x0c, 0x1f, 0x54, 0x01, 0x00,
    0x04, 0x19, 0x10, 0x0c, 0x00, 0xe8, 0x01, 0x01, 0x81, 0x79, 0x23, 0x10,
    0x04, 0x58, 0x01, 0x00, 0x00, 0x19, 0x1e, 0x0c, 0x00, 0x28, 0x0f, 0x00,
    0x86, 0x79, 0x00, 0x0c, 0x23, 0x58, 0x01, 0x00, 0x04, 0x19, 0x10, 0x0c,
    0x00, 0xe8, 0x09, 0x01, 0x81, 0x79, 0x25, 0x10, 0x04, 0x5c, 0x01, 0x00,
    0x00, 0x19, 0x1e, 0x0c, 0x00, 0xa8, 0x2e, 0x00, 0x86, 0x79, 0x00, 0x0c,
    0x25, 0x5c, 0x01, 0x00, 0x04, 0x19, 0x10, 0x0c, 0x00, 0xe8, 0x43, 0x00,
    0x81, 0x79, 0x21, 0x10, 0x04, 0x60, 0x01, 0x00, 0x00, 0x19, 0x1e, 0x0c,
    0x00, 0xa8, 0x0e, 0x00, 0x86, 0x79, 0x00, 0x0c, 0x21, 0x60, 0x01, 0x00,
    0x04, 0x19, 0x10, 0x0c, 0x00, 0xe8, 0x45, 0x00, 0x81, 0x79, 0x12, 0x10,
    0x04, 0x64, 0x01, 0x00, 0x00, 0x19, 0x1e, 0x0c, 0x00, 0x68, 0x0f, 0x02,
    0x86, 0x79, 0x00, 0x0c, 0x12, 0x64, 0x01, 0x00, 0x04, 0x19, 0x10, 0x0c,
    0x00, 0xe8, 0x0b, 0x02, 0x81, 0x79, 0x13, 0x10, 0x04, 0x68, 0x01, 0x00,
    0x00, 0x19, 0x1e, 0x0c, 0x00, 0xe8, 0x8e, 0x00, 0x86, 0x79, 0x00, 0x0c,
    0x13, 0x68, 0x01, 0x00, 0x04, 0x19, 0x10, 0x0c, 0x00, 0xe8, 0x87, 0x00,
    0x81, 0x79, 0x1f, 0x10, 0x04, 0x6c, 0x01, 0x00, 0x00, 0x19, 0x1e, 0x0c,
    0x00, 0x28, 0x1f, 0x00, 0x86, 0x79, 0x00, 0x0c, 0x1f, 0x6c, 0x01, 0x00,
    0x04, 0x19, 0x10, 0x0c, 0x00, 0xe8, 0x01, 0x01, 0x81, 0x79, 0x23, 0x10,
    0x04, 0x70, 0x01, 0x00, 0x00, 0x19, 0x1e, 0x0c, 0x00, 0x28, 0x0f, 0x00,
    0x86, 0x79, 0x00, 0x0c, 0x23, 0x70, 0x01, 0x00, 0x04, 0x19, 0x10, 0x0c,
    0x00, 0xe8, 0x09, 0x01, 0x81, 0x79, 0x25, 0x10, 0x04, 0x74, 0x01, 0x00,
    0x00, 0x19, 0x1e, 0x0c, 0x00, 0xa8, 0x2e, 0x00, 0x86, 0x79, 0x00, 0x0c,
    0x25, 0x74, 0x01, 0x00, 0x04, 0x19, 0x10, 0x0c, 0x00, 0xe8, 0x43, 0x00,
    0x81, 0x79, 0x21, 0x10, 0x04, 0x78, 0x01, 0x00, 0x00, 0x19, 0x1e, 0x0c,
    0x00, 0xa8, 0x0e, 0x00, 0x86, 0x79, 0x00, 0x0c, 0x21, 0x78, 0x01, 0x00,
    0x04, 0x19, 0x10, 0x0c, 0x00, 0xe8, 0x45, 0x00, 0x81, 0x79, 0x12, 0x10,
    0x04, 0x7c, 0x01, 0x00, 0x00, 0x19, 0x1e, 0x0c, 0x00, 0x68, 0x0f, 0x02,
    0x86, 0x79, 0x00, 0x0c, 0x12, 0x7c, 0x01, 0x00, 0x04, 0x19, 0x10, 0x0c,
    0x00, 0xe8, 0x0b, 0x02, 0x81, 0x79, 0x13, 0x10, 0x04, 0x80, 0x01, 0x00,
    0x00, 0x19, 0x1e, 0x0c, 0x00, 0xe8, 0x8e, 0x00, 0x86, 0x79, 0x00, 0x0c,
    0x13, 0x80, 0x01, 0x00, 0x04, 0x19, 0x10, 0x0c, 0x00, 0xe8, 0x87, 0x00,
    0x81, 0x79, 0x1f, 0x10, 0x04, 0x84, 0x01, 0x00, 0x00, 0x19, 0x1e, 0x0c,
    0x00, 0x28, 0x1f, 0x00, 0x86, 0x79, 0x00, 0x0c, 0x1f, 0x84, 0x01, 0x00,
    0x04, 0x19, 0x10, 0x0c, 0x00, 0xe8, 0x01, 0x01, 0x81, 0x79, 0x23, 0x10,
    0x04, 0x88, 0x01, 0x00, 0x00, 0x19, 0x1e, 0x0c, 0x00, 0x28, 0x0f, 0x00,
    0x86, 0x79, 0x00, 0x0c, 0x23, 0x88, 0x01, 0x00, 0x04, 0x19, 0x10, 0x0c,
    0x00, 0xe8, 0x09, 0x01, 0x81, 0x79, 0x25, 0x10, 0x04, 0x8c, 0x01, 0x00,
    0x00, 0x19, 0x1e, 0x0c, 0x00, 0xa8, 0x2e, 0x00, 0x86, 0x79, 0x00, 0x0c,
    0x25, 0x8c, 0x01, 0x00, 0x04, 0x19, 0x10, 0x0c, 0x00, 0xe8, 0x43, 0x00,
    0x81, 0x79, 0x21, 0x10, 0x04, 0x90, 0x01, 0x00, 0x00, 0x19, 0x1e, 0x0c,
    0x00, 0xa8, 0x0e, 0x00, 0x86, 0x79, 0x00, 0x0c, 0x21, 0x90, 0x01, 0x00,
    0x04, 0x19, 0x10, 0x0c, 0x00, 0xe8, 0x45, 0x00, 0x81, 0x79, 0x12, 0x10,
    0x04, 0x94, 0x01, 0x00, 0x00, 0x19, 0x1e, 0x0c, 0x00, 0x68, 0x0f, 0x02,
    0x86, 0x79, 0x00, 0x0c, 0x12, 0x94, 0x01, 0x00, 0x04, 0x19, 0x10, 0x0c,
    0x00, 0xe8, 0x0b, 0x02, 0x81, 0x79, 0x13, 0x10, 0x04, 0x98, 0x01, 0x00,
    0x00, 0x19, 0x1e, 0x0c, 0x00, 0xe8, 0x8e, 0x00, 0x86, 0x79, 0x00, 0x0c,
    0x13, 0x98, 0x01, 0x00, 0x04, 0x19, 0x10, 0x0c, 0x00, 0xe8, 0x87, 0x00,
    0x81, 0x79, 0x1f, 0x10, 0x04, 0x9c, 0x01, 0x00, 0x00, 0x19, 0x1e, 0x0c,
    0x00, 0x28, 0x1f, 0x00, 0x86, 0x79, 0x00, 0x0c, 0x1f, 0x9c, 0x01, 0x00,
    0x04, 0x19, 0x10, 0x0c, 0x00, 0xe8, 0x01, 0x01, 0x81, 0x79, 0x23, 0x10,
    0x04, 0xa0, 0x01, 0x00, 0x00, 0x19, 0x1e, 0x0c, 0x00, 0x28, 0x0f, 0x00,
    0x86, 0x79, 0x00, 0x0c, 0x23, 0xa0, 0x01, 0x00, 0x04, 0x19, 0x10, 0x0c,
    0x00, 0xe8, 0x09, 0x01, 0x81, 0x79, 0x25, 0x10, 0x04, 0xa4, 0x01, 0x00,
    0x00, 0x19, 0x1e, 0x0c, 0x00, 0xa8, 0x2e, 0x00, 0x86, 0x79, 0x00, 0x0c,
    0x25, 0xa4, 0x01, 0x00, 0x04, 0x19, 0x10, 0x0c, 0x00, 0xe8, 0x43, 0x00,
    0x81, 0x79, 0x21, 0x10, 0x04, 0xa8, 0x01, 0x00, 0x00, 0x19, 0x1e, 0x0c,
    0x00, 0xa8, 0x0e, 0x00, 0x86, 0x79, 0x00, 0x0c, 0x21, 0xa8, 0x01, 0x00,
    0x04, 0x19, 0x10, 0x0c, 0x00, 0xe8, 0x45, 0x00, 0x81, 0x79, 0x12, 0x10,
    0x04, 0xac, 0x01, 0x00, 0x00, 0x19, 0x1e, 0x0c, 0x00, 0x68, 0x0f, 0x02,
    0x86, 0x79, 0x00, 0x0c, 0x12, 0xac, 0x01, 0x00, 0x04, 0x19, 0x10, 0x0c,
    0x00, 0xe8, 0x0b, 0x02, 0x81, 0x79, 0x13, 0x10, 0x04, 0xb0, 0x01, 0x00,
    0x00, 0x19, 0x1e, 0x0c, 0x00, 0xe8, 0x8e, 0x00, 0x86, 0x79, 0x00, 0x0c,
    0x13, 0xb0, 0x01, 0x00, 0x04, 0x19, 0x10, 0x0c, 0x00, 0xe8, 0x87, 0x00,
    0x81, 0x79, 0x1f, 0x10, 0x04, 0xb4, 0x01, 0x00, 0x00, 0x19, 0x1e, 0x0c,
    0x00, 0x28, 0x1f, 0x00, 0x86, 0x79, 0x00, 0x0c, 0x1f, 0xb4, 0x01, 0x00,
    0x04, 0x19, 0x10, 0x0c, 0x00, 0xe8, 0x01, 0x01, 0x81, 0x79, 0x23, 0x10,
    0x04, 0xb8, 0x01, 0x00, 0x00, 0x19, 0x1e, 0x0c, 0x00, 0x28, 0x0f, 0x00,
    0x86, 0x79, 0x00, 0x0c, 0x23, 0xb8, 0x01, 0x00, 0x04, 0x19, 0x10, 0x0c,
    0x00, 0xe8, 0x09, 0x01, 0x81, 0x79, 0x25, 0x10, 0x04, 0xbc, 0x01, 0x00,
    0x00, 0x19, 0x1e, 0x0c, 0x00, 0xa8, 0x2e, 0x00, 0x86, 0x79, 0x00, 0x0c,
    0x25, 0xbc, 0x01, 0x00, 0x04, 0x19, 0x10, 0x0c, 0x00, 0xe8, 0x43, 0x00,
    0x81, 0x79, 0x21, 0x10, 0x04, 0xc0, 0x01, 0x00, 0x00, 0x19, 0x1e, 0x0c,
    0x00, 0xa8, 0x0e, 0x00, 0x86, 0x79, 0x00, 0x0c, 0x21, 0xc0, 0x01, 0x00,
    0x04, 0x19, 0x10, 0x0c, 0x00, 0xe8, 0x45, 0x00, 0x81, 0x79, 0x12, 0x10,
    0x04, 0xc4, 0x01, 0x00, 0x00, 0x19, 0x1e, 0x0c, 0x00, 0x68, 0x0f, 0x02,
    0x86, 0x79, 0x00, 0x0c, 0x12, 0xc4, 0x01, 0x00, 0x04, 0x19, 0x10, 0x0c,
    0x00, 0xe8, 0x0b, 0x02, 0x81, 0x79, 0x13, 0x10, 0x04, 0xc8, 0x01, 0x00,
    0x00, 0x19, 0x1e, 0x0c, 0x00, 0xe8, 0x8e, 0x00, 0x86, 0x79, 0x00, 0x0c,
    0x13, 0xc8, 0x01, 0x00, 0x04, 0x19, 0x10, 0x0c, 0x00, 0xe8, 0x87, 0x00,
    0x81, 0x79, 0x1f, 0x10, 0x04, 0xcc, 0x01, 0x00, 0x00, 0x19, 0x1e, 0x0c,
    0x00, 0x28, 0x1f, 0x00, 0x86, 0x79, 0x00, 0x0c, 0x1f, 0xcc, 0x01, 0x00,
    0x04, 0x19, 0x10, 0x0c, 0x00, 0xe8, 0x01, 0x01, 0x81, 0x79, 0x23, 0x10,
    0x04, 0xd0, 0x01, 0x00, 0x00, 0x19, 0x1e, 0x0c, 0x00, 0x28, 0x0f, 0x00,
    0x86, 0x79, 0x00, 0x0c, 0x23, 0xd0, 0x01, 0x00, 0x04, 0x19, 0x10, 0x0c,
    0x00, 0xe8, 0x09, 0x01, 0x81, 0x79, 0x25, 0x10, 0x04, 0xd4, 0x01, 0x00,
    0x00, 0x19, 0x1e, 0x0c, 0x00, 0xa8, 0x2e, 0x00, 0x86, 0x79, 0x00, 0x0c,
    0x25, 0xd4, 0x01, 0x00, 0x04, 0x19, 0x10, 0x0c, 0x00, 0xe8, 0x43, 0x00,
    0x81, 0x79, 0x21, 0x10, 0x04, 0xd8, 0x01, 0x00, 0x00, 0x19, 0x1e, 0x0c,
    0x00, 0xa8, 0x0e, 0x00, 0x86, 0x79, 0x00, 0x0c, 0x21, 0xd8, 0x01, 0x00,
    0x04, 0x19, 0x10, 0x0c, 0x00, 0xe8, 0x45, 0x00, 0x81, 0x79, 0x12, 0x10,
    0x04, 0xdc, 0x01, 0x00, 0x00, 0x19, 0x1e, 0x0c, 0x00, 0x68, 0x0f, 0x02,
    0x86, 0x79, 0x00, 0x0c, 0x12, 0xdc, 0x01, 0x00, 0x04, 0x19, 0x10, 0x0c,
    0x00, 0xe8, 0x0b, 0x02, 0x81, 0x79, 0x13, 0x10, 0x04, 0xe0, 0x01, 0x00,
    0x00, 0x19, 0x1e, 0x0c, 0x00, 0xe8, 0x8e, 0x00, 0x86, 0x79, 0x00, 0x0c,
    0x13, 0xe0, 0x01, 0x00, 0x04, 0x19, 0x10, 0x0c, 0x00, 0xe8, 0x87, 0x00,
    0x81, 0x79, 0x1f, 0x10, 0x04, 0xe4, 0x01, 0x00, 0x00, 0x19, 0x1e, 0x0c,
    0x00, 0x28, 0x1f, 0x00, 0x86, 0x79, 0x00, 0x0c, 0x1f, 0xe4, 0x01, 0x00,
    0x04, 0x19, 0x10, 0x0c, 0x00, 0xe8, 0x01, 0x01, 0x81, 0x79, 0x23, 0x10,
    0x04, 0xe8, 0x01, 0x00, 0x00, 0x19, 0x1e, 0x0c, 0x00, 0x28, 0x0f, 0x00,
    0x86, 0x79, 0x00, 0x0c, 0x23, 0xe8, 0x01, 0x00, 0x04, 0x19, 0x10, 0x0c,
    0x00, 0xe8, 0x09, 0x01, 0x81, 0x79, 0x25, 0x10, 0x04, 0xec, 0x01, 0x00,
    0x00, 0x19, 0x1e, 0x0c, 0x00, 0xa8, 0x2e, 0x00, 0x86, 0x79, 0x00, 0x0c,
    0x25, 0xec, 0x01, 0x00, 0x04, 0x19, 0x10, 0x0c, 0x00, 0xe8, 0x43, 0x00,
    0x81, 0x79, 0x21, 0x10, 0x04, 0xf0, 0x01, 0x00, 0x00, 0x19, 0x1e, 0x0c,
    0x00, 0xa8, 0x0e, 0x00, 0x86, 0x79, 0x00, 0x0c, 0x21, 0xf0, 0x01, 0x00,
    0x04, 0x19, 0x10, 0x0c, 0x00, 0xe8, 0x45, 0x00, 0x81, 0x79, 0x12, 0x10,
    0x04, 0xf4, 0x01, 0x00, 0x00, 0x19, 0x1e, 0x0c, 0x00, 0x68, 0x0f, 0x02,
    0x86, 0x79, 0x00, 0x0c, 0x12, 0xf4, 0x01, 0x00, 0x04, 0x19, 0x10, 0x0c,
    0x00, 0xe8, 0x0b, 0x02, 0x81, 0x79, 0x13, 0x10, 0x04, 0xf8, 0x01, 0x00,
    0x00, 0x19, 0x1e, 0x0c, 0x00, 0xe8, 0x8e, 0x00, 0x86, 0x79, 0x00, 0x0c,
    0x13, 0xf8, 0x01, 0x00, 0x04, 0x19, 0x10, 0x0c, 0x00, 0xe8, 0x87, 0x00,
    0x81, 0x79, 0x1f, 0x10, 0x04, 0xfc, 0x01, 0x00, 0x00, 0x19, 0x1e, 0x0c,
    0x00, 0x28, 0x1f, 0x00, 0x86, 0x79, 0x00, 0x0c, 0x1f, 0xfc, 0x01, 0x00,
    0x04, 0x19, 0x10, 0x0c, 0x00, 0xe8, 0x01, 0x01, 0x81, 0x79, 0x23, 0x10,
    0x04, 0x00, 0x02, 0x00, 0x00, 0x19, 0x1e, 0x0c, 0x00, 0x28, 0x0f, 0x00,
    0x86, 0x79, 0x00, 0x0c, 0x23, 0x00, 0x02, 0x00, 0x04, 0x19, 0x10, 0x0c,
    0x00, 0xe8, 0x09, 0x01, 0x81, 0x79, 0x25, 0x10, 0x04, 0x04, 0x02, 0x00,
    0x00, 0x19, 0x1e, 0x0c, 0x00, 0xa8, 0x2e, 0x00, 0x86, 0x79, 0x00, 0x0c,
    0x25, 0x04, 0x02, 0x00, 0x04, 0x19, 0x10, 0x0c, 0x00, 0xe8, 0x43, 0x00,
    0x81, 0x79, 0x21, 0x10, 0x04, 0x08, 0x02, 0x00, 0x00, 0x19, 0x1e, 0x0c,
    0x00, 0xa8, 0x0e, 0x00, 0x86, 0x79, 0x00, 0x0c, 0x21, 0x08, 0x02, 0x00,
    0x04, 0x19, 0x10, 0x0c, 0x00, 0xe8, 0x45, 0x00, 0x81, 0x79, 0x12, 0x10,
    0x04, 0x0c, 0x02, 0x00, 0x00, 0x19, 0x1e, 0x0c, 0x00, 0x68, 0x0f, 0x02,
    0x86, 0x79, 0x00, 0x0c, 0x12, 0x0c, 0x02, 0x00, 0x04, 0x19, 0x10, 0x0c,
    0x00, 0xe8, 0x0b, 0x02, 0x81, 0x79, 0x13, 0x10, 0x04, 0x10, 0x02, 0x00,
    0x00, 0x19, 0x1e, 0x0c, 0x00, 0xe8, 0x8e, 0x00, 0x86, 0x79, 0x00, 0x0c,
    0x13, 0x10, 0x02, 0x00, 0x04, 0x19, 0x10, 0x0c, 0x00, 0xe8, 0x87, 0x00,
    0x81, 0x79, 0x1f, 0x10, 0x04, 0x14, 0x02, 0x00, 0x00, 0x19, 0x1e, 0x0c,
    0x00, 0x28, 0x1f, 0x00, 0x86, 0x79, 0x00, 0x0c, 0x1f, 0x14, 0x02, 0x00,
    0x04, 0x19, 0x10, 0x0c, 0x00, 0xe8, 0x01, 0x01, 0x81, 0x79, 0x23, 0x10,
    0x04, 0x18, 0x02, 0x00, 0x00, 0x19, 0x1e, 0x0c, 0x00, 0x28, 0x0f, 0x00,
    0x86, 0x79, 0x00, 0x0c, 0x23, 0x18, 0x02, 0x00, 0x04, 0x19, 0x10, 0x0c,
    0x00, 0xe8, 0x0f, 0x01, 0x81, 0x79, 0x25, 0x10, 0x04, 0x1c, 0x02, 0x00,
    0x00, 0x19, 0x1e, 0x0c, 0x00, 0x28, 0x2f, 0x00, 0x86, 0x79, 0x00, 0x0c,
    0x25, 0x1c, 0x02, 0x00, 0x04, 0x19, 0x10, 0x0c, 0x00, 0xe8, 0x0f, 0x01,
    0x81, 0x79, 0x21, 0x10, 0x04, 0x20, 0x02, 0x00, 0x00, 0x19, 0x1e, 0x0c,
    0x00, 0xa8, 0x4e, 0x00, 0x86, 0x79, 0x00, 0x0c, 0x21, 0x20, 0x02, 0x00,
    0x04, 0x19, 0x10, 0x0c, 0x00, 0xe8, 0x43, 0x00, 0x81, 0x79, 0x12, 0x10,
    0x04, 0x24, 0x02, 0x00, 0x00, 0x19, 0x1e, 0x0c, 0x00, 0xa8, 0x0e, 0x02,
    0x86, 0x79, 0x00, 0x0c, 0x12, 0x24, 0x02, 0x00, 0x04, 0x19, 0x10, 0x0c,
    0x00, 0xe8, 0x45, 0x00, 0x81, 0x79, 0x18, 0x10, 0x04, 0x28, 0x02, 0x00,
    0x00, 0x19, 0x1e, 0x0c, 0x00, 0x28, 0x0f, 0x00, 0x86, 0x79, 0x00, 0x0c,
    0x18, 0x28, 0x02, 0x00, 0x04, 0x19, 0x10, 0x0c, 0x00, 0xe8, 0x09, 0x01,
    0x81, 0x79, 0x1a, 0x10, 0x04, 0x2c, 0x02, 0x00, 0x00, 0x19, 0x1e, 0x0c,
    0x00, 0x68, 0x0f, 0x00, 0x86, 0x79, 0x00, 0x0c, 0x1a, 0x2c, 0x02, 0x00,
    0x04, 0x19, 0x10, 0x0c, 0x00, 0xe8, 0x05, 0x02, 0x81, 0x79, 0x1c, 0x10,
    0x04, 0x30, 0x02, 0x00, 0x00, 0x19, 0x1e, 0x0c, 0x00, 0x68, 0x0f, 0x00,
    0x86, 0x79, 0x00, 0x0c, 0x1c, 0x30, 0x02, 0x00, 0x04, 0x19, 0x10, 0x0c,
    0x00, 0xe8, 0x09, 0x02, 0x81, 0x79, 0x1e, 0x10, 0x04, 0x34, 0x02, 0x00,
    0x00, 0x19, 0x1e, 0x0c, 0x00, 0x68, 0x0f, 0x00, 0x86, 0x79, 0x00, 0x0c,
    0x1e, 0x34, 0x02, 0x00, 0x04, 0x19, 0x10, 0x0c, 0x00, 0xe8, 0x05, 0x02,
    0x81, 0x79, 0x20, 0x10, 0x04, 0x38, 0x02, 0x00, 0x00, 0x19, 0x1e, 0x0c,
    0x00, 0x68, 0x0f, 0x00, 0x86, 0x79, 0x00, 0x0c, 0x20, 0x38, 0x02, 0x00,
    0x04, 0x19, 0x10, 0x0c, 0x00, 0xe8, 0x09, 0x02, 0x81, 0x79, 0x13, 0x10,
    0x04, 0x3c, 0x02, 0x00, 0x00, 0x19, 0x1e, 0x0c, 0x00, 0xe2, 0x8e, 0x00,
    0x25, 0x78, 0x0a, 0x1d, 0x10, 0x00, 0x00, 0x00, 0x0a, 0x00, 0x8e, 0x07,
    0x00, 0xc6, 0x0f, 0x00, 0x86, 0x79, 0x00, 0x0c, 0x13, 0x3c, 0x02, 0x00,
    0x04, 0x19, 0x10, 0x0c, 0x00, 0xe8, 0x87, 0x00, 0x81, 0x79, 0x1f, 0x0e,
    0x04, 0x38, 0x00, 0x00, 0x00, 0x19, 0x1e, 0x0c, 0x00, 0x68, 0x1f, 0x00,
    0x81, 0x79, 0x21, 0x0e, 0x04, 0x3c, 0x00, 0x00, 0x00, 0x19, 0x1e, 0x0c,
    0x00, 0xa8, 0x2e, 0x00, 0x81, 0x79, 0x23, 0x0e, 0x04, 0x40, 0x00, 0x00,
    0x00, 0x19, 0x1e, 0x0c, 0x00, 0x28, 0x0f, 0x00, 0x81, 0x79, 0x25, 0x0e,
    0x04, 0x44, 0x00, 0x00, 0x00, 0x19, 0x1e, 0x0c, 0x00, 0xe2, 0x0e, 0x00,
    0x35, 0x78, 0x1b, 0x1b, 0x04, 0x00, 0x00, 0x00, 0x00, 0x00, 0x8e, 0x07,
    0x00, 0xe2, 0x0f, 0x00, 0x35, 0x78, 0x19, 0x19, 0x04, 0x00, 0x00, 0x00,
    0x00, 0x00, 0x8e, 0x07, 0x00, 0xc8, 0x0f, 0x00, 0x0c, 0x72, 0x00, 0x1b,
    0x16, 0x00, 0x00, 0x00, 0x70, 0x50, 0xf0, 0x03, 0x00, 0xe2, 0x0f, 0x00,
    0x86, 0x79, 0x00, 0x0a, 0x1f, 0x00, 0x00, 0x00, 0x04, 0x19, 0x10, 0x0c,
    0x00, 0xe8, 0x01, 0x02, 0x86, 0x79, 0x00, 0x0a, 0x21, 0x04, 0x00, 0x00,
    0x04, 0x19, 0x10, 0x0c, 0x00, 0xe8, 0x43, 0x00, 0x86, 0x79, 0x00, 0x0a,
    0x23, 0x08, 0x00, 0x00, 0x04, 0x19, 0x10, 0x0c, 0x00, 0xe8, 0x05, 0x01,
    0x86, 0x79, 0x00, 0x0a, 0x25, 0x0c, 0x00, 0x00, 0x04, 0x19, 0x10, 0x0c,
    0x00, 0xe2, 0x87, 0x00, 0x47, 0x09, 0x14, 0x00, 0xb4, 0xff, 0xff, 0xff,
    0xff, 0xff, 0x83, 0x03, 0x00, 0xea, 0x0f, 0x00, 0x18, 0x79, 0x00, 0x00,
    0x00, 0x00, 0x00, 0x00, 0x00, 0x00, 0x00, 0x00, 0x00, 0xe2, 0x0f, 0x00,
    0x41, 0x79, 0x02, 0x00, 0x00, 0x00, 0x00, 0x00, 0x00, 0x02, 0x80, 0x03,
    0x00, 0xea, 0x0f, 0x00, 0x0c, 0x72, 0x00, 0x14, 0xff, 0x00, 0x00, 0x00,
    0x70, 0x50, 0xf0, 0x03, 0x00, 0xda, 0x0f, 0x00, 0x42, 0x89, 0x01, 0x00,
    0x00, 0x00, 0x00, 0x00, 0x00, 0x01, 0x80, 0x03, 0x00, 0xea, 0x0f, 0x00,
    0x47, 0x89, 0x8c, 0x00, 0x00, 0x00, 0x00, 0x00, 0x00, 0x00, 0x80, 0x03,
    0x00, 0xea, 0x0f, 0x00, 0x18, 0x79, 0x00, 0x00, 0x00, 0x00, 0x00, 0x00,
    0x00, 0x00, 0x00, 0x00, 0x00, 0xe2, 0x0f, 0x00, 0x41, 0x79, 0x01, 0x00,
    0x00, 0x00, 0x00, 0x00, 0x00, 0x01, 0x80, 0x03, 0x00, 0xea, 0x0f, 0x00,
    0x31, 0x74, 0x0d, 0xff, 0x00, 0x00, 0x00, 0x00, 0xff, 0x01, 0x00, 0x00,
    0x00, 0xce, 0xff, 0x00, 0x82, 0x7b, 0x0a, 0xff, 0x00, 0xe0, 0x00, 0x00,
    0x00, 0x0a, 0x00, 0x00, 0x00, 0x22, 0x1e, 0x00, 0x35, 0x72, 0x1d, 0x00,
    0x19, 0x00, 0x00, 0x00, 0x00, 0x00, 0x8e, 0x07, 0x00, 0xe2, 0x0f, 0x00,
    0x24, 0x78, 0x0f, 0x02, 0x08, 0x00, 0x00, 0x00, 0x19, 0x02, 0x8e, 0x07,
    0x00, 0xe2, 0x0f, 0x00, 0x45, 0x79, 0x01, 0x00, 0xd0, 0x00, 0x00, 0x00,
    0x00, 0x02, 0x80, 0x03, 0x00, 0xe2, 0x0f, 0x00, 0x02, 0x72, 0x0c, 0x00,
    0xff, 0x00, 0x00, 0x00, 0x00, 0x0f, 0x00, 0x00, 0x00, 0xc8, 0x0f, 0x00,
    0x82, 0x7b, 0x08, 0xff, 0x00, 0xe4, 0x00, 0x00, 0x00, 0x0a, 0x00, 0x00,
    0x00, 0x62, 0x6e, 0x01, 0x25, 0x78, 0x0a, 0x0f, 0x40, 0x02, 0x00, 0x00,
    0x0a, 0x00, 0x8e, 0x07, 0x00, 0xc8, 0x1f, 0x00, 0x25, 0x78, 0x08, 0x1d,
    0x40, 0x02, 0x00, 0x00, 0x08, 0x00, 0x8e, 0x07, 0x00, 0xce, 0x2f, 0x00,
    0x81, 0x79, 0x0f, 0x0a, 0x04, 0x00, 0x00, 0x00, 0x00, 0x19, 0x1e, 0x0c,
    0x00, 0xa2, 0x00, 0x00, 0x0c, 0x78, 0x00, 0x0c, 0x8f, 0x00, 0x00, 0x00,
    0x70, 0x60, 0xf0, 0x03, 0x00, 0xe2, 0x0f, 0x04, 0x35, 0x78, 0x0c, 0x0c,
    0x01, 0x00, 0x00, 0x00, 0x00, 0x00, 0x8e, 0x07, 0x00, 0xe2, 0x0f, 0x00,
    0x35, 0x78, 0x0a, 0x0a, 0x04, 0x00, 0x00, 0x00, 0x00, 0x02, 0x8e, 0x07,
    0x00, 0xe4, 0x1f, 0x00, 0x86, 0x79, 0x00, 0x08, 0x0f, 0x00, 0x00, 0x00,
    0x04, 0x19, 0x10, 0x0c, 0x00, 0xe4, 0x41, 0x00, 0x35, 0x78, 0x08, 0x08,
    0x04, 0x00, 0x00, 0x00, 0x00, 0x02, 0x8e, 0x07, 0x00, 0xce, 0x1f, 0x00,
    0x47, 0x89, 0xe4, 0x00, 0xfc, 0xff, 0xff, 0xff, 0xff, 0xff, 0x83, 0x03,
    0x00, 0xea, 0x0f, 0x00, 0x18, 0x79, 0x00, 0x00, 0x00, 0x00, 0x00, 0x00,
    0x00, 0x00, 0x00, 0x00, 0x00, 0xe2, 0x0f, 0x00, 0x41, 0x79, 0x01, 0x00,
    0x00, 0x00, 0x00, 0x00, 0x00, 0x02, 0x80, 0x03, 0x00, 0xea, 0x0f, 0x00,
    0x25, 0x78, 0x0a, 0x19, 0x10, 0x00, 0x00, 0x00, 0x06, 0x00, 0x8e, 0x07,
    0x00, 0xe2, 0x0f, 0x00, 0x82, 0x7b, 0x08, 0xff, 0x00, 0xe6, 0x00, 0x00,
    0x00, 0x0a, 0x00, 0x00, 0x00, 0x28, 0x0e, 0x00, 0x81, 0x79, 0x0f, 0x0a,
    0x04, 0x08, 0x00, 0x00, 0x00, 0x19, 0x1e, 0x0c, 0x00, 0xa8, 0x0e, 0x00,
    0x81, 0x79, 0x11, 0x0a, 0x04, 0x0c, 0x00, 0x00, 0x00, 0x19, 0x1e, 0x0c,
    0x00, 0xe8, 0x0e, 0x00, 0x81, 0x79, 0x13, 0x0a, 0x04, 0x10, 0x00, 0x00,
    0x00, 0x19, 0x1e, 0x0c, 0x00, 0x28, 0x0f, 0x00, 0x81, 0x79, 0x1b, 0x0a,
    0x04, 0x14, 0x00, 0x00, 0x00, 0x19, 0x1e, 0x0c, 0x00, 0x62, 0x0f, 0x00,
    0x35, 0x78, 0x0d, 0x0d, 0x01, 0x00, 0x00, 0x00, 0x00, 0x00, 0x8e, 0x07,
    0x00, 0xe2, 0x0f, 0x00, 0x35, 0x78, 0x19, 0x19, 0x01, 0x00, 0x00, 0x00,
    0x00, 0x00, 0x8e, 0x07, 0x00, 0xc8, 0x0f, 0x00, 0x0c, 0x72, 0x00, 0x0d,
    0x14, 0x00, 0x00, 0x00, 0x70, 0x50, 0xf0, 0x03, 0x00, 0xe2, 0x0f, 0x00,
    0x25, 0x78, 0x08, 0x1d, 0x10, 0x00, 0x00, 0x00, 0x08, 0x00, 0x8e, 0x07,
    0x00, 0xca, 0x1f, 0x00, 0x86, 0x79, 0x00, 0x08, 0x0f, 0x00, 0x00, 0x00,
    0x04, 0x19, 0x10, 0x0c, 0x00, 0xe8, 0x41, 0x00, 0x86, 0x79, 0x00, 0x08,
    0x11, 0x04, 0x00, 0x00, 0x04, 0x19, 0x10, 0x0c, 0x00, 0xe8, 0x83, 0x00,
    0x86, 0x79, 0x00, 0x08, 0x13, 0x08, 0x00, 0x00, 0x04, 0x19, 0x10, 0x0c,
    0x00, 0xe8, 0x09, 0x01, 0x86, 0x79, 0x00, 0x08, 0x1b, 0x0c, 0x00, 0x00,
    0x04, 0x19, 0x10, 0x0c, 0x00, 0xe2, 0x05, 0x02, 0x47, 0x09, 0x80, 0x00,
    0xfc, 0xff, 0xff, 0xff, 0xff, 0xff, 0x83, 0x03, 0x00, 0xea, 0x0f, 0x00,
    0x18, 0x79, 0x00, 0x00, 0x00, 0x00, 0x00, 0x00, 0x00, 0x00, 0x00, 0x00,
    0x00, 0xe2, 0x0f, 0x00, 0x41, 0x79, 0x00, 0x00, 0x00, 0x00, 0x00, 0x00,
    0x00, 0x02, 0x80, 0x03, 0x00, 0xea, 0x0f, 0x00, 0x02, 0x78, 0x03, 0x00,
    0x01, 0x00, 0x00, 0x00, 0x00, 0x0f, 0x00, 0x00, 0x00, 0xe2, 0x0f, 0x00,
    0x86, 0x79, 0x00, 0x04, 0x17, 0x04, 0x00, 0x00, 0x04, 0x19, 0x10, 0x0c,
    0x00, 0xe8, 0x0f, 0x00, 0x86, 0x79, 0x00, 0x04, 0x00, 0x08, 0x00, 0x00,
    0x04, 0x19, 0x10, 0x0c, 0x00, 0xe8, 0x0f, 0x00, 0x86, 0x79, 0x00, 0x04,
    0x15, 0x0c, 0x00, 0x00, 0x04, 0x19, 0x10, 0x0c, 0x00, 0xe8, 0x0f, 0x00,
    0x86, 0x79, 0x00, 0x04, 0x03, 0x00, 0x00, 0x00, 0x04, 0x19, 0x10, 0x0c,
    0x00, 0xe2, 0x0f, 0x00, 0x4d, 0x79, 0x00, 0x00, 0x00, 0x00, 0x00, 0x00,
    0x00, 0x00, 0x80, 0x03, 0x00, 0xea, 0x0f, 0x00, 0x31, 0x74, 0x03, 0xff,
    0x03, 0x00, 0x00, 0x00, 0xff, 0x01, 0x00, 0x00, 0x00, 0xca, 0x0f, 0x00,
    0x86, 0x79, 0x00, 0x04, 0x03, 0x00, 0x00, 0x00, 0x04, 0x19, 0x10, 0x0c,
    0x00, 0xe2, 0x0f, 0x00, 0x4d, 0x79, 0x00, 0x00, 0x00, 0x00, 0x00, 0x00,
    0x00, 0x00, 0x80, 0x03, 0x00, 0xea, 0x0f, 0x00, 0x02, 0x78, 0x03, 0x00,
    0x03, 0x00, 0x00, 0x00, 0x00, 0x0f, 0x00, 0x00, 0x00, 0xca, 0x0f, 0x00,
    0x86, 0x79, 0x00, 0x04, 0x03, 0x00, 0x00, 0x00, 0x04, 0x19, 0x10, 0x0c,
    0x00, 0xe2, 0x0f, 0x00, 0x4d, 0x79, 0x00, 0x00, 0x00, 0x00, 0x00, 0x00,
    0x00, 0x00, 0x80, 0x03, 0x00, 0xea, 0x4f, 0x00, 0x47, 0x79, 0xfc, 0x00,
    0xfc, 0xff, 0xff, 0xff, 0xff, 0xff, 0x83, 0x03, 0x00, 0xc0, 0x0f, 0x00,
    0x18, 0x79, 0x00, 0x00, 0x00, 0x00, 0x00, 0x00, 0x00, 0x00, 0x00, 0x00,
    0x00, 0xc0, 0x0f, 0x00, 0x18, 0x79, 0x00, 0x00, 0x00, 0x00, 0x00, 0x00,
    0x00, 0x00, 0x00, 0x00, 0x00, 0xc0, 0x0f, 0x00, 0x18, 0x79, 0x00, 0x00,
    0x00, 0x00, 0x00, 0x00, 0x00, 0x00, 0x00, 0x00, 0x00, 0xc0, 0x0f, 0x00,
    0x18, 0x79, 0x00, 0x00, 0x00, 0x00, 0x00, 0x00, 0x00, 0x00, 0x00, 0x00,
    0x00, 0xc0, 0x0f, 0x00, 0x18, 0x79, 0x00, 0x00, 0x00, 0x00, 0x00, 0x00,
    0x00, 0x00, 0x00, 0x00, 0x00, 0xc0, 0x0f, 0x00, 0x18, 0x79, 0x00, 0x00,
    0x00, 0x00, 0x00, 0x00, 0x00, 0x00, 0x00, 0x00, 0x00, 0xc0, 0x0f, 0x00,
    0x18, 0x79, 0x00, 0x00, 0x00, 0x00, 0x00, 0x00, 0x00, 0x00, 0x00, 0x00,
    0x00, 0xc0, 0x0f, 0x00, 0x18, 0x79, 0x00, 0x00, 0x00, 0x00, 0x00, 0x00,
    0x00, 0x00, 0x00, 0x00, 0x00, 0xc0, 0x0f, 0x00, 0x18, 0x79, 0x00, 0x00,
    0x00, 0x00, 0x00, 0x00, 0x00, 0x00, 0x00, 0x00, 0x00, 0xc0, 0x0f, 0x00,
    0x18, 0x79, 0x00, 0x00, 0x00, 0x00, 0x00, 0x00, 0x00, 0x00, 0x00, 0x00,
    0x00, 0xc0, 0x0f, 0x00,
};

#endif
