/* Generated by tools/nvshader.py from gui_raster.cu.
 * Real sm_120 (Blackwell) machine code for gui_raster, verified
 * against cuobjdump -sass.  Do not edit by hand. */
#ifndef KESTREL_SHADER_GUI_RASTER_H
#define KESTREL_SHADER_GUI_RASTER_H

static const unsigned int gui_raster_sass_reg_count = 48;
static const unsigned int gui_raster_sass_shared = 0;
static const unsigned int gui_raster_sass_const0 = 960;

static const unsigned char gui_raster_sass[20736] = {
    0x82, 0x7b, 0x01, 0xff, 0x00, 0xdf, 0x00, 0x00, 0x00, 0x08, 0x00, 0x00,
    0x00, 0xe2, 0x0f, 0x00, 0x19, 0x79, 0x1b, 0x00, 0x00, 0x00, 0x00, 0x00,
    0x00, 0x22, 0x00, 0x00, 0x00, 0x2e, 0x0e, 0x00, 0x82, 0x7b, 0x05, 0xff,
    0x00, 0xd8, 0x00, 0x00, 0x00, 0x08, 0x00, 0x00, 0x00, 0x62, 0x0e, 0x00,
    0xac, 0x77, 0x0c, 0xff, 0x00, 0x76, 0x00, 0x00, 0x00, 0x0c, 0x00, 0x08,
    0x00, 0xa2, 0x0e, 0x00, 0x31, 0x74, 0x03, 0xff, 0x00, 0x00, 0x00, 0x00,
    0xff, 0x01, 0x00, 0x00, 0x00, 0xe2, 0x0f, 0x00, 0x19, 0x79, 0x02, 0x00,
    0x00, 0x00, 0x00, 0x00, 0x00, 0x21, 0x00, 0x00, 0x00, 0x62, 0x0e, 0x00,
    0xac, 0x77, 0x08, 0xff, 0x00, 0x74, 0x00, 0x00, 0x00, 0x08, 0x00, 0x08,
    0x00, 0xe8, 0x0e, 0x00, 0xc3, 0x79, 0x05, 0x00, 0x00, 0x00, 0x00, 0x00,
    0x00, 0x26, 0x00, 0x00, 0x00, 0x22, 0x0e, 0x00, 0x82, 0x7c, 0x07, 0x00,
    0xff, 0x00, 0x00, 0x00, 0x00, 0x00, 0x00, 0x08, 0x00, 0xe2, 0x0f, 0x00,
    0x82, 0x7c, 0x09, 0x00, 0xff, 0x00, 0x00, 0x00, 0x00, 0x00, 0x00, 0x08,
    0x00, 0xcc, 0x0f, 0x00, 0x82, 0x7b, 0x1a, 0xff, 0x00, 0xd9, 0x00, 0x00,
    0x00, 0x08, 0x00, 0x00, 0x00, 0x22, 0x0e, 0x00, 0x82, 0x7c, 0x06, 0x00,
    0x0e, 0x00, 0x00, 0x00, 0x00, 0x00, 0x00, 0x08, 0x00, 0xce, 0x4f, 0x00,
    0xc3, 0x79, 0x04, 0x00, 0x00, 0x00, 0x00, 0x00, 0x00, 0x25, 0x00, 0x00,
    0x00, 0x70, 0x0e, 0x00, 0x82, 0x7b, 0x06, 0xff, 0x00, 0xea, 0x00, 0x00,
    0x00, 0x0a, 0x00, 0x00, 0x00, 0xa2, 0x0e, 0x00, 0x24, 0x7c, 0x1a, 0x1a,
    0x05, 0x00, 0x00, 0x00, 0x1b, 0x02, 0x8e, 0x0f, 0x00, 0xe2, 0x1f, 0x00,
    0x82, 0x7c, 0x05, 0x00, 0xff, 0x00, 0x00, 0x00, 0x00, 0x00, 0x00, 0x08,
    0x00, 0xe2, 0x0f, 0x00, 0x31, 0x74, 0x1b, 0xff, 0x00, 0x00, 0x00, 0x00,
    0xff, 0x01, 0x00, 0x00, 0x00, 0xc6, 0x0f, 0x00, 0x0c, 0x7c, 0x00, 0x1a,
    0x0f, 0x00, 0x00, 0x00, 0x70, 0x60, 0xf0, 0x0b, 0x00, 0xe2, 0x0f, 0x00,
    0x25, 0x7c, 0x02, 0x05, 0x04, 0x00, 0x00, 0x00, 0x02, 0x00, 0x8e, 0x0f,
    0x00, 0xe2, 0x2f, 0x00, 0x82, 0x7c, 0x04, 0x00, 0x0c, 0x00, 0x00, 0x00,
    0x00, 0x00, 0x00, 0x08, 0x00, 0xc8, 0x0f, 0x00, 0x35, 0x7c, 0x1c, 0x02,
    0x04, 0x00, 0x00, 0x00, 0x00, 0x02, 0x8e, 0x0f, 0x00, 0xe4, 0x0f, 0x04,
    0x0c, 0x7c, 0x00, 0x02, 0x06, 0x00, 0x00, 0x00, 0x70, 0x64, 0x71, 0x08,
    0x00, 0xe4, 0x0f, 0x00, 0x82, 0x7c, 0x04, 0x00, 0x0d, 0x00, 0x00, 0x00,
    0x00, 0x00, 0x00, 0x08, 0x00, 0xe4, 0x0f, 0x00, 0x35, 0x7c, 0x1a, 0x1a,
    0x04, 0x00, 0x00, 0x00, 0x00, 0x02, 0x8e, 0x0f, 0x00, 0xe4, 0x0f, 0x00,
    0x0c, 0x7c, 0x00, 0x1c, 0x08, 0x00, 0x00, 0x00, 0x70, 0x64, 0x73, 0x08,
    0x00, 0xc6, 0x8f, 0x00, 0x1c, 0x78, 0x08, 0x00, 0x00, 0x00, 0x00, 0x00,
    0x70, 0xf0, 0xf0, 0x03, 0x00, 0xd6, 0x0f, 0x00, 0x82, 0x9b, 0x02, 0xff,
    0x00, 0xe9, 0x00, 0x00, 0x00, 0x08, 0x00, 0x00, 0x00, 0x22, 0x0e, 0x00,
    0x02, 0x92, 0x03, 0x00, 0xff, 0x00, 0x00, 0x00, 0x00, 0x0f, 0x00, 0x00,
    0x00, 0xca, 0x0f, 0x00, 0x0c, 0x92, 0x00, 0x1a, 0x02, 0x00, 0x00, 0x00,
    0x70, 0x60, 0xf1, 0x03, 0x00, 0xcc, 0x1f, 0x00, 0x0c, 0x7c, 0x00, 0x06,
    0x08, 0x00, 0x00, 0x00, 0x70, 0x14, 0x70, 0x08, 0x00, 0xca, 0x4f, 0x00,
    0x0c, 0x78, 0x00, 0x07, 0x00, 0x01, 0x00, 0x00, 0x70, 0x44, 0x70, 0x00,
    0x00, 0xda, 0x0f, 0x00, 0x4d, 0x09, 0x00, 0x00, 0x00, 0x00, 0x00, 0x00,
    0x00, 0x00, 0x80, 0x03, 0x00, 0xea, 0x0f, 0x00, 0xac, 0x77, 0x04, 0xff,
    0x00, 0x70, 0x00, 0x00, 0x00, 0x0a, 0x00, 0x08, 0x00, 0x22, 0x0e, 0x00,
    0x24, 0x72, 0x05, 0x1b, 0x06, 0x00, 0x00, 0x00, 0xff, 0x02, 0x8e, 0x07,
    0x00, 0xe4, 0x0f, 0x08, 0x25, 0x72, 0x02, 0x1a, 0x06, 0x00, 0x00, 0x00,
    0x1c, 0x00, 0x8e, 0x07, 0x00, 0xe2, 0x0f, 0x00, 0xac, 0x77, 0x06, 0xff,
    0x00, 0x6b, 0x00, 0x00, 0x00, 0x0a, 0x00, 0x08, 0x00, 0x68, 0x0e, 0x00,
    0x35, 0x72, 0x03, 0x03, 0x05, 0x00, 0x00, 0x00, 0x00, 0x00, 0x8e, 0x07,
    0x00, 0xe2, 0x0f, 0x00, 0x11, 0x7c, 0x18, 0x02, 0x04, 0x00, 0x00, 0x00,
    0xff, 0x10, 0x80, 0x0f, 0x00, 0xc8, 0x1f, 0x00, 0x11, 0x7c, 0x19, 0x02,
    0x05, 0x00, 0x00, 0x00, 0x03, 0x14, 0x0f, 0x08, 0x00, 0xca, 0x0f, 0x00,
    0x81, 0x79, 0x09, 0x18, 0x06, 0x00, 0x00, 0x00, 0x00, 0x19, 0x1e, 0x0c,
    0x00, 0x62, 0x21, 0x00, 0x0c, 0x72, 0x00, 0x07, 0xff, 0x00, 0x00, 0x00,
    0x70, 0x50, 0xf0, 0x03, 0x00, 0xda, 0x0f, 0x00, 0x47, 0x89, 0x74, 0x00,
    0x48, 0x00, 0x00, 0x00, 0x00, 0x00, 0x80, 0x03, 0x00, 0xea, 0x0f, 0x00,
    0xac, 0x77, 0x04, 0xff, 0x00, 0x72, 0x00, 0x00, 0x00, 0x0a, 0x00, 0x08,
    0x00, 0x62, 0x0e, 0x00, 0x35, 0x72, 0x00, 0x07, 0xff, 0x00, 0x00, 0x00,
    0x00, 0x01, 0x8e, 0x07, 0x00, 0xe2, 0x0f, 0x00, 0xac, 0x77, 0x0a, 0xff,
    0x00, 0x71, 0x00, 0x00, 0x00, 0x0a, 0x00, 0x08, 0x00, 0xa2, 0x0e, 0x00,
    0xac, 0x77, 0x08, 0xff, 0x00, 0x73, 0x00, 0x00, 0x00, 0x0a, 0x00, 0x08,
    0x00, 0xe2, 0x0e, 0x00, 0x97, 0x78, 0x04, 0x04, 0x20, 0x00, 0x00, 0x00,
    0xff, 0xe0, 0xff, 0x0f, 0x00, 0xcc, 0x2f, 0x00, 0x02, 0x7c, 0x16, 0x00,
    0x04, 0x00, 0x00, 0x00, 0x00, 0x0f, 0x01, 0x08, 0x00, 0xd0, 0xdf, 0x00,
    0x81, 0x79, 0x26, 0x16, 0x06, 0xe0, 0xff, 0xff, 0x00, 0x19, 0x1e, 0x0c,
    0x00, 0xa8, 0x0e, 0x00, 0x81, 0x79, 0x1e, 0x16, 0x06, 0xe4, 0xff, 0xff,
    0x00, 0x19, 0x1e, 0x0c, 0x00, 0xe8, 0x0e, 0x00, 0x81, 0x79, 0x0c, 0x16,
    0x06, 0xe8, 0xff, 0xff, 0x00, 0x19, 0x1e, 0x0c, 0x00, 0x28, 0x0f, 0x00,
    0x81, 0x79, 0x10, 0x16, 0x06, 0xec, 0xff, 0xff, 0x00, 0x19, 0x1e, 0x0c,
    0x00, 0x28, 0x0f, 0x00, 0x81, 0x79, 0x07, 0x16, 0x06, 0xfc, 0xff, 0xff,
    0x00, 0x19, 0x1e, 0x0c, 0x00, 0x28, 0x0f, 0x00, 0x81, 0x79, 0x13, 0x16,
    0x06, 0x00, 0x00, 0x00, 0x00, 0x19, 0x1e, 0x0c, 0x00, 0x22, 0x0f, 0x00,
    0x35, 0x78, 0x00, 0x00, 0x01, 0x00, 0x00, 0x00, 0x00, 0x00, 0x8e, 0x07,
    0x00, 0xe2, 0x0f, 0x00, 0x45, 0x79, 0x00, 0x00, 0xd0, 0x48, 0x00, 0x00,
    0x00, 0x02, 0x80, 0x03, 0x00, 0xe2, 0x0f, 0x00, 0x31, 0x74, 0x15, 0xff,
    0x00, 0x00, 0x00, 0x00, 0xff, 0x01, 0x00, 0x00, 0x00, 0xc6, 0x0f, 0x00,
    0x0c, 0x72, 0x00, 0x00, 0xff, 0x00, 0x00, 0x00, 0x70, 0x50, 0xf4, 0x03,
    0x00, 0xe2, 0x0f, 0x00, 0x19, 0x78, 0x27, 0xff, 0x1f, 0x00, 0x00, 0x00,
    0x26, 0x14, 0x01, 0x00, 0x00, 0xe4, 0x4f, 0x00, 0x19, 0x78, 0x1f, 0xff,
    0x1f, 0x00, 0x00, 0x00, 0x1e, 0x14, 0x01, 0x00, 0x00, 0xc6, 0x8f, 0x00,
    0x35, 0x72, 0x26, 0x1c, 0x26, 0x00, 0x00, 0x80, 0x00, 0x02, 0x8e, 0x07,
    0x00, 0xc6, 0x0f, 0x00, 0x19, 0x78, 0x0d, 0xff, 0x1f, 0x00, 0x00, 0x00,
    0x0c, 0x14, 0x01, 0x00, 0x00, 0xe2, 0x0f, 0x01, 0x35, 0x72, 0x1e, 0x1a,
    0x1e, 0x00, 0x00, 0x80, 0x00, 0x02, 0x8e, 0x07, 0x00, 0xe4, 0x0f, 0x00,
    0x0c, 0x72, 0x00, 0x27, 0xff, 0x00, 0x00, 0x00, 0x70, 0x62, 0xf0, 0x03,
    0x00, 0xe2, 0x0f, 0x00, 0x48, 0x72, 0x02, 0x0c, 0x10, 0x00, 0x00, 0x00,
    0x00, 0x01, 0xfe, 0x03, 0x00, 0xe2, 0x0f, 0x00, 0x19, 0x78, 0x11, 0xff,
    0x1f, 0x00, 0x00, 0x00, 0x10, 0x14, 0x01, 0x00, 0x00, 0xc8, 0x0f, 0x00,
    0x0c, 0x78, 0x00, 0x02, 0x01, 0x00, 0x00, 0x00, 0x70, 0x16, 0x70, 0x04,
    0x00, 0xe2, 0x0f, 0x00, 0x02, 0x72, 0x14, 0x00, 0x13, 0x00, 0x00, 0x00,
    0x00, 0x0f, 0x00, 0x00, 0x00, 0xc8, 0x0f, 0x00, 0x0c, 0x72, 0x00, 0x1f,
    0xff, 0x00, 0x00, 0x00, 0x70, 0x16, 0x70, 0x00, 0x00, 0xca, 0x0f, 0x00,
    0x0c, 0x72, 0x00, 0x26, 0x0c, 0x00, 0x00, 0x00, 0x70, 0x66, 0x71, 0x00,
    0x00, 0xcc, 0x0f, 0x00, 0x0c, 0x72, 0x00, 0x1e, 0x10, 0x00, 0x00, 0x00,
    0x70, 0x66, 0x71, 0x00, 0x00, 0xcc, 0x0f, 0x00, 0x0c, 0x78, 0x00, 0x07,
    0xff, 0x00, 0x00, 0x00, 0x70, 0x44, 0x70, 0x00, 0x00, 0xda, 0x0f, 0x00,
    0x47, 0x09, 0xe8, 0x00, 0x44, 0x00, 0x00, 0x00, 0x00, 0x00, 0x80, 0x03,
    0x00, 0xea, 0x0f, 0x00, 0x81, 0x79, 0x12, 0x16, 0x06, 0xf0, 0xff, 0xff,
    0x00, 0x19, 0x1e, 0x0c, 0x00, 0xa8, 0x0e, 0x00, 0x81, 0x79, 0x02, 0x16,
    0x06, 0xf4, 0xff, 0xff, 0x00, 0x19, 0x1e, 0x0c, 0x00, 0x68, 0x01, 0x00,
    0x81, 0x79, 0x03, 0x16, 0x06, 0xf8, 0xff, 0xff, 0x00, 0x19, 0x1e, 0x0c,
    0x00, 0x68, 0x01, 0x00, 0x81, 0x79, 0x04, 0x16, 0x06, 0x04, 0x00, 0x00,
    0x00, 0x19, 0x1e, 0x0c, 0x00, 0x68, 0x01, 0x00, 0x81, 0x79, 0x06, 0x16,
    0x06, 0x08, 0x00, 0x00, 0x00, 0x19, 0x1e, 0x0c, 0x00, 0x68, 0x01, 0x00,
    0x81, 0x79, 0x05, 0x16, 0x06, 0x0c, 0x00, 0x00, 0x00, 0x19, 0x1e, 0x0c,
    0x00, 0x68, 0x01, 0x00, 0x81, 0x79, 0x0f, 0x16, 0x06, 0x10, 0x00, 0x00,
    0x00, 0x19, 0x1e, 0x0c, 0x00, 0x68, 0x01, 0x00, 0x81, 0x79, 0x23, 0x16,
    0x06, 0x14, 0x00, 0x00, 0x00, 0x19, 0x1e, 0x0c, 0x00, 0x68, 0x01, 0x00,
    0x81, 0x79, 0x0a, 0x16, 0x06, 0x18, 0x00, 0x00, 0x00, 0x19, 0x1e, 0x0c,
    0x00, 0x68, 0x01, 0x00, 0x81, 0x79, 0x0b, 0x16, 0x06, 0x1c, 0x00, 0x00,
    0x00, 0x19, 0x1e, 0x0c, 0x00, 0x62, 0x01, 0x00, 0x35, 0x78, 0x08, 0x12,
    0xf9, 0xff, 0xff, 0xff, 0x00, 0x00, 0x8e, 0x07, 0x00, 0xca, 0x4f, 0x00,
    0x0c, 0x78, 0x00, 0x08, 0xfd, 0xff, 0xff, 0xff, 0x70, 0x40, 0xf0, 0x03,
    0x00, 0xe2, 0x0f, 0x00, 0x02, 0x72, 0x08, 0x00, 0x09, 0x00, 0x00, 0x00,
    0x00, 0x0f, 0x00, 0x00, 0x00, 0xd8, 0x0f, 0x02, 0x47, 0x09, 0x10, 0x00,
    0x00, 0x00, 0x00, 0x00, 0x00, 0x00, 0x80, 0x03, 0x00, 0xea, 0x0f, 0x00,
    0x12, 0x72, 0x0a, 0x0a, 0x0f, 0x00, 0x00, 0x00, 0x23, 0xfe, 0x8e, 0x07,
    0x00, 0xc8, 0x0f, 0x00, 0x12, 0x72, 0xff, 0x0a, 0x0b, 0x00, 0x00, 0x00,
    0xff, 0xfc, 0x80, 0x07, 0x00, 0xda, 0x0f, 0x00, 0x47, 0x89, 0x0c, 0x00,
    0x00, 0x00, 0x00, 0x00, 0x00, 0x00, 0x80, 0x03, 0x00, 0xea, 0x0f, 0x00,
    0x47, 0x79, 0xa0, 0x00, 0x44, 0x00, 0x00, 0x00, 0x00, 0x00, 0x80, 0x03,
    0x00, 0xea, 0x0f, 0x00, 0x12, 0x72, 0xff, 0x0a, 0x0b, 0x00, 0x00, 0x00,
    0xff, 0xfc, 0x80, 0x07, 0x00, 0xda, 0x0f, 0x00, 0x47, 0x09, 0x98, 0x00,
    0x44, 0x00, 0x00, 0x00, 0x00, 0x00, 0x80, 0x03, 0x00, 0xea, 0x0f, 0x00,
    0x35, 0x78, 0x0a, 0x12, 0xff, 0xff, 0xff, 0xff, 0x00, 0x00, 0x8e, 0x07,
    0x00, 0xca, 0x0f, 0x00, 0x0c, 0x78, 0x00, 0x0a, 0x01, 0x00, 0x00, 0x00,
    0x70, 0x40, 0xf0, 0x03, 0x00, 0xda, 0x0f, 0x00, 0x47, 0x09, 0x2c, 0x00,
    0x04, 0x00, 0x00, 0x00, 0x00, 0x00, 0x80, 0x03, 0x00, 0xea, 0x0f, 0x00,
    0x0c, 0x78, 0x00, 0x12, 0x01, 0x00, 0x00, 0x00, 0x70, 0x50, 0xf0, 0x03,
    0x00, 0xe2, 0x0f, 0x00, 0x02, 0x72, 0x04, 0x00, 0xff, 0x00, 0x00, 0x00,
    0x00, 0x0f, 0x00, 0x00, 0x00, 0xc8, 0x0f, 0x00, 0x07, 0x72, 0x0c, 0x0c,
    0x10, 0x00, 0x00, 0x00, 0x00, 0x00, 0x00, 0x04, 0x00, 0xe2, 0x0f, 0x00,
    0x07, 0x76, 0x0e, 0x26, 0x1e, 0x00, 0x00, 0x00, 0x00, 0x00, 0x00, 0x04,
    0x00, 0xc8, 0x0f, 0x00, 0x0c, 0x78, 0x00, 0x0c, 0x02, 0x00, 0x00, 0x00,
    0x70, 0x60, 0xf2, 0x03, 0x00, 0xda, 0x0f, 0x00, 0x47, 0x99, 0x88, 0x00,
    0x00, 0x00, 0x00, 0x00, 0x00, 0x00, 0x80, 0x03, 0x00, 0xea, 0x0f, 0x00,
    0x24, 0x78, 0x05, 0x0f, 0xff, 0x00, 0x00, 0x00, 0xff, 0x02, 0x8e, 0x07,
    0x00, 0xe2, 0x0f, 0x00, 0x45, 0x79, 0x01, 0x00, 0x00, 0x02, 0x00, 0x00,
    0x00, 0x02, 0x80, 0x03, 0x00, 0xe2, 0x0f, 0x00, 0x25, 0x78, 0x0e, 0x0e,
    0xff, 0x00, 0x00, 0x00, 0xff, 0x00, 0x8e, 0x07, 0x00, 0xe2, 0x0f, 0x00,
    0x35, 0x78, 0x0c, 0x0c, 0xff, 0xff, 0xff, 0xff, 0x00, 0x00, 0x8e, 0x07,
    0x00, 0xc8, 0x0f, 0x00, 0x35, 0x72, 0x05, 0x0f, 0x05, 0x00, 0x00, 0x00,
    0x00, 0x00, 0x8e, 0x07, 0x00, 0xca, 0x0f, 0x00, 0x0c, 0x72, 0x00, 0x05,
    0xff, 0x00, 0x00, 0x00, 0x70, 0x50, 0xf0, 0x03, 0x00, 0xda, 0x0f, 0x00,
    0x47, 0x09, 0x50, 0x00, 0x00, 0x00, 0x00, 0x00, 0x00, 0x00, 0x80, 0x03,
    0x00, 0xea, 0x0f, 0x00, 0x06, 0x73, 0x06, 0x00, 0x0c, 0x00, 0x00, 0x00,
    0x00, 0x90, 0x20, 0x00, 0x00, 0x62, 0x0e, 0x00, 0x35, 0x72, 0x09, 0xff,
    0x0c, 0x00, 0x00, 0x80, 0x00, 0x00, 0x8e, 0x07, 0x00, 0xe2, 0x0f, 0x00,
    0x0c, 0x72, 0x00, 0x0c, 0xff, 0x00, 0x00, 0x00, 0x70, 0x50, 0xf6, 0x03,
    0x00, 0xe2, 0x0f, 0x00, 0x08, 0x73, 0x06, 0x00, 0x06, 0x00, 0x00, 0x00,
    0x00, 0x10, 0x00, 0x00, 0x00, 0x64, 0x2e, 0x00, 0x35, 0x78, 0x04, 0x06,
    0xfe, 0xff, 0xff, 0x0f, 0x00, 0x00, 0x8e, 0x07, 0x00, 0xc8, 0x2f, 0x00,
    0x05, 0x73, 0x05, 0x00, 0x04, 0x00, 0x00, 0x00, 0x00, 0xf0, 0x21, 0x00,
    0x00, 0xa4, 0x02, 0x00, 0x31, 0x74, 0x04, 0xff, 0x00, 0x00, 0x00, 0x00,
    0xff, 0x01, 0x00, 0x00, 0x00, 0xe4, 0x2f, 0x00, 0x24, 0x72, 0x09, 0x09,
    0x05, 0x00, 0x00, 0x00, 0xff, 0x02, 0x8e, 0x07, 0x00, 0xc8, 0x4f, 0x00,
    0x27, 0x72, 0x05, 0x05, 0x09, 0x00, 0x00, 0x00, 0x04, 0x00, 0x8e, 0x07,
    0x00, 0xcc, 0x0f, 0x00, 0x27, 0x72, 0x05, 0x05, 0x0e, 0x00, 0x00, 0x00,
    0xff, 0x00, 0x8e, 0x07, 0x00, 0xca, 0x0f, 0x00, 0x35, 0x72, 0x09, 0x05,
    0xff, 0x00, 0x00, 0x00, 0x00, 0x01, 0x8e, 0x07, 0x00, 0xca, 0x0f, 0x00,
    0x24, 0x72, 0x0e, 0x0c, 0x09, 0x00, 0x00, 0x00, 0x0e, 0x02, 0x8e, 0x07,
    0x00, 0xca, 0x0f, 0x00, 0x0c, 0x72, 0x00, 0x0e, 0x0c, 0x00, 0x00, 0x00,
    0x70, 0x60, 0xf0, 0x03, 0x00, 0xda, 0x0f, 0x00, 0x35, 0x02, 0x0e, 0x0c,
    0x0e, 0x00, 0x00, 0x00, 0x00, 0x01, 0x8e, 0x07, 0x00, 0xe2, 0x0f, 0x00,
    0x35, 0x08, 0x05, 0x05, 0x01, 0x00, 0x00, 0x00, 0x00, 0x00, 0x8e, 0x07,
    0x00, 0xc8, 0x0f, 0x00, 0x0c, 0x72, 0x00, 0x0e, 0x0c, 0x00, 0x00, 0x00,
    0x70, 0x60, 0xf2, 0x03, 0x00, 0xda, 0x0f, 0x00, 0x35, 0x18, 0x05, 0x05,
    0x01, 0x00, 0x00, 0x00, 0x00, 0x00, 0x8e, 0x07, 0x00, 0xe2, 0x0f, 0x00,
    0x12, 0xb2, 0x05, 0xff, 0x0c, 0x00, 0x00, 0x00, 0xff, 0x33, 0x8e, 0x07,
    0x00, 0xca, 0x0f, 0x00, 0x02, 0x72, 0x04, 0x00, 0x05, 0x00, 0x00, 0x00,
    0x00, 0x0f, 0x00, 0x00, 0x00, 0xe2, 0x0f, 0x00, 0x47, 0x79, 0x14, 0x00,
    0x00, 0x00, 0x00, 0x00, 0x00, 0x00, 0x80, 0x03, 0x00, 0xec, 0x0f, 0x00,
    0x31, 0x74, 0x09, 0xff, 0x00, 0x00, 0x00, 0x00, 0xff, 0x01, 0x00, 0x00,
    0x00, 0xe2, 0x0f, 0x00, 0x02, 0x72, 0x0f, 0x00, 0x05, 0x00, 0x00, 0x00,
    0x00, 0x0f, 0x00, 0x00, 0x00, 0xe2, 0x0f, 0x00, 0x02, 0x78, 0x0a, 0x00,
    0x50, 0x08, 0x00, 0x00, 0x00, 0x0f, 0x00, 0x00, 0x00, 0xce, 0x0f, 0x00,
    0x44, 0x79, 0x10, 0x00, 0x44, 0x00, 0x00, 0x00, 0x00, 0x00, 0xc0, 0x03,
    0x00, 0xea, 0x1f, 0x00, 0x02, 0x72, 0x04, 0x00, 0x20, 0x00, 0x00, 0x00,
    0x00, 0x0f, 0x00, 0x00, 0x00, 0xce, 0x0f, 0x00, 0x18, 0x79, 0x00, 0x00,
    0x00, 0x00, 0x00, 0x00, 0x00, 0x00, 0x00, 0x00, 0x00, 0xe2, 0x0f, 0x00,
    0x41, 0x79, 0x01, 0x00, 0x00, 0x00, 0x00, 0x00, 0x00, 0x02, 0x80, 0x03,
    0x00, 0xea, 0x0f, 0x00, 0x0c, 0x72, 0x00, 0x04, 0xff, 0x00, 0x00, 0x00,
    0x70, 0x50, 0xf0, 0x03, 0x00, 0xe2, 0x0f, 0x00, 0x45, 0x79, 0x01, 0x00,
    0x00, 0x02, 0x00, 0x00, 0x00, 0x02, 0x80, 0x03, 0x00, 0xe2, 0x0f, 0x00,
    0x02, 0x72, 0x05, 0x00, 0x02, 0x00, 0x00, 0x00, 0x00, 0x0f, 0x00, 0x00,
    0x00, 0xd6, 0x0f, 0x00, 0x47, 0x89, 0x70, 0x00, 0x00, 0x00, 0x00, 0x00,
    0x00, 0x00, 0x80, 0x03, 0x00, 0xea, 0x0f, 0x00, 0x0c, 0x78, 0x00, 0x04,
    0xfe, 0x00, 0x00, 0x00, 0x70, 0x40, 0xf0, 0x03, 0x00, 0xe2, 0x0f, 0x00,
    0x02, 0x72, 0x05, 0x00, 0x03, 0x00, 0x00, 0x00, 0x00, 0x0f, 0x00, 0x00,
    0x00, 0xd8, 0x0f, 0x00, 0x47, 0x09, 0x64, 0x00, 0x00, 0x00, 0x00, 0x00,
    0x00, 0x00, 0x80, 0x03, 0x00, 0xea, 0x0f, 0x00, 0x19, 0x78, 0x09, 0xff,
    0x08, 0x00, 0x00, 0x00, 0x03, 0x16, 0x01, 0x00, 0x00, 0xe4, 0x0f, 0x10,
    0x12, 0x78, 0x05, 0x03, 0xff, 0x00, 0x00, 0x00, 0xff, 0xc0, 0x8e, 0x07,
    0x00, 0xe4, 0x0f, 0x00, 0x19, 0x78, 0x0c, 0xff, 0x10, 0x00, 0x00, 0x00,
    0x03, 0x16, 0x01, 0x00, 0x00, 0xe4, 0x0f, 0x00, 0x19, 0x78, 0x06, 0xff,
    0x08, 0x00, 0x00, 0x00, 0x02, 0x16, 0x01, 0x00, 0x00, 0xe2, 0x0f, 0x00,
    0x24, 0x72, 0x05, 0x05, 0x04, 0x00, 0x00, 0x00, 0xff, 0x02, 0x8e, 0x07,
    0x00, 0xe2, 0x0f, 0x00, 0x12, 0x78, 0x0b, 0x09, 0xff, 0x00, 0x00, 0x00,
    0xff, 0xc0, 0x8e, 0x07, 0x00, 0xe4, 0x0f, 0x00, 0x12, 0x78, 0x03, 0x02,
    0xff, 0x00, 0x00, 0x00, 0xff, 0xc0, 0x8e, 0x07, 0x00, 0xc4, 0x0f, 0x00,
    0x19, 0x78, 0x0a, 0xff, 0x10, 0x00, 0x00, 0x00, 0x02, 0x16, 0x01, 0x00,
    0x00, 0xe2, 0x0f, 0x00, 0x24, 0x72, 0x0b, 0x0b, 0x04, 0x00, 0x00, 0x00,
    0xff, 0x02, 0x8e, 0x07, 0x00, 0xe2, 0x0f, 0x08, 0x35, 0x78, 0x02, 0x04,
    0xff, 0x00, 0x00, 0x00, 0x00, 0x01, 0x8e, 0x07, 0x00, 0xe2, 0x0f, 0x00,
    0x12, 0x78, 0x0f, 0x0c, 0xff, 0x00, 0x00, 0x00, 0xff, 0xc0, 0x8e, 0x07,
    0x00, 0xe4, 0x0f, 0x00, 0x12, 0x78, 0x09, 0x06, 0xff, 0x00, 0x00, 0x00,
    0xff, 0xc0, 0x8e, 0x07, 0x00, 0xe4, 0x0f, 0x00, 0x12, 0x78, 0x0d, 0x0a,
    0xff, 0x00, 0x00, 0x00, 0xff, 0xc0, 0x8e, 0x07, 0x00, 0xe2, 0x0f, 0x00,
    0x24, 0x72, 0x0f, 0x0f, 0x04, 0x00, 0x00, 0x00, 0xff, 0x02, 0x8e, 0x07,
    0x00, 0xe4, 0x0f, 0x00, 0x24, 0x72, 0x03, 0x02, 0x03, 0x00, 0x00, 0x00,
    0x05, 0x02, 0x8e, 0x07, 0x00, 0xc4, 0x0f, 0x00, 0x24, 0x72, 0x09, 0x02,
    0x09, 0x00, 0x00, 0x00, 0x0b, 0x02, 0x8e, 0x07, 0x00, 0xe4, 0x0f, 0x04,
    0x24, 0x72, 0x0d, 0x02, 0x0d, 0x00, 0x00, 0x00, 0x0f, 0x02, 0x8e, 0x07,
    0x00, 0xe4, 0x0f, 0x00, 0x27, 0x78, 0x03, 0x03, 0x81, 0x80, 0x80, 0x80,
    0xff, 0x00, 0x8e, 0x07, 0x00, 0xc8, 0x0f, 0x00, 0x27, 0x78, 0x09, 0x09,
    0x81, 0x80, 0x80, 0x80, 0xff, 0x00, 0x8e, 0x07, 0x00, 0xe2, 0x0f, 0x00,
    0x19, 0x78, 0x03, 0xff, 0x07, 0x00, 0x00, 0x00, 0x03, 0x16, 0x01, 0x00,
    0x00, 0xc6, 0x0f, 0x00, 0x27, 0x78, 0x0d, 0x0d, 0x81, 0x80, 0x80, 0x80,
    0xff, 0x00, 0x8e, 0x07, 0x00, 0xc8, 0x0f, 0x00, 0x24, 0x78, 0x02, 0x09,
    0x02, 0x00, 0x00, 0x00, 0xff, 0x00, 0x8e, 0x07, 0x00, 0xe4, 0x0f, 0x00,
    0x24, 0x78, 0x0d, 0x0d, 0x00, 0x02, 0x00, 0x00, 0xff, 0x00, 0x8e, 0x07,
    0x00, 0xc6, 0x0f, 0x00, 0x12, 0x78, 0x02, 0x03, 0x00, 0xff, 0xff, 0xff,
    0x02, 0xf8, 0x8e, 0x07, 0x00, 0xc8, 0x0f, 0x00, 0x12, 0x78, 0x05, 0x02,
    0x00, 0x00, 0xff, 0xff, 0x0d, 0xf8, 0x8e, 0x07, 0x00, 0xce, 0x0f, 0x00,
    0x18, 0x79, 0x00, 0x00, 0x00, 0x00, 0x00, 0x00, 0x00, 0x00, 0x00, 0x00,
    0x00, 0xe2, 0x0f, 0x00, 0x41, 0x79, 0x01, 0x00, 0x00, 0x00, 0x00, 0x00,
    0x00, 0x02, 0x80, 0x03, 0x00, 0xea, 0x0f, 0x00, 0x47, 0x79, 0xe4, 0x00,
    0x3c, 0x00, 0x00, 0x00, 0x00, 0x00, 0x80, 0x03, 0x00, 0xea, 0x0f, 0x00,
    0x0c, 0x78, 0x00, 0x12, 0x08, 0x00, 0x00, 0x00, 0x70, 0x42, 0xf0, 0x03,
    0x00, 0xda, 0x0f, 0x00, 0x47, 0x09, 0x40, 0x00, 0x24, 0x00, 0x00, 0x00,
    0x00, 0x00, 0x80, 0x03, 0x00, 0xea, 0x0f, 0x00, 0x35, 0x78, 0x0a, 0x12,
    0xfa, 0xff, 0xff, 0xff, 0x00, 0x00, 0x8e, 0x07, 0x00, 0xca, 0x0f, 0x00,
    0x48, 0x78, 0x0a, 0x0a, 0x03, 0x00, 0x00, 0x00, 0x00, 0x00, 0xfe, 0x03,
    0x00, 0xca, 0x0f, 0x00, 0x24, 0x78, 0x0e, 0x0a, 0x04, 0x00, 0x00, 0x00,
    0xff, 0x00, 0x8e, 0x07, 0x00, 0xc8, 0x0f, 0x00, 0x82, 0x7b, 0x0a, 0x0e,
    0x00, 0x00, 0x80, 0x00, 0x00, 0x08, 0x00, 0x00, 0x00, 0x64, 0x0e, 0x00,
    0x19, 0x78, 0x0b, 0xff, 0x1f, 0x00, 0x00, 0x00, 0x0a, 0x14, 0x01, 0x00,
    0x00, 0xc8, 0x2f, 0x00, 0x49, 0x79, 0x34, 0x0a, 0xf4, 0xff, 0xff, 0xff,
    0xff, 0xff, 0x83, 0x03, 0x00, 0xea, 0x0f, 0x00, 0x0c, 0x78, 0x00, 0x04,
    0x05, 0x00, 0x00, 0x00, 0x70, 0x40, 0xf0, 0x03, 0x00, 0xe2, 0x0f, 0x00,
    0x19, 0x78, 0x0a, 0xff, 0x01, 0x00, 0x00, 0x00, 0x0c, 0x16, 0x01, 0x00,
    0x00, 0xc8, 0x0f, 0x00, 0x0c, 0x78, 0x00, 0x13, 0x00, 0x10, 0x00, 0x00,
    0x70, 0x44, 0x70, 0x00, 0x00, 0xca, 0x0f, 0x00, 0x0c, 0x72, 0x00, 0x13,
    0x0a, 0x00, 0x00, 0x00, 0x70, 0x44, 0x70, 0x00, 0x00, 0xda, 0x0f, 0x00,
    0x47, 0x09, 0x2c, 0x00, 0x40, 0x00, 0x00, 0x00, 0x00, 0x00, 0x80, 0x03,
    0x00, 0xea, 0x0f, 0x00, 0x12, 0x78, 0x09, 0x04, 0xfe, 0xff, 0xff, 0xff,
    0xff, 0xc0, 0x8e, 0x07, 0x00, 0xe4, 0x0f, 0x00, 0x12, 0x72, 0xff, 0x06,
    0x05, 0x00, 0x00, 0x00, 0xff, 0xfc, 0x80, 0x07, 0x00, 0xc6, 0x0f, 0x00,
    0x0c, 0x78, 0x00, 0x09, 0x02, 0x00, 0x00, 0x00, 0x70, 0x50, 0xf2, 0x03,
    0x00, 0xca, 0x0f, 0x00, 0x07, 0x78, 0x09, 0xff, 0x01, 0x00, 0x00, 0x00,
    0x00, 0x00, 0x80, 0x04, 0x00, 0xca, 0x0f, 0x00, 0x19, 0x72, 0x06, 0xff,
    0x09, 0x00, 0x00, 0x00, 0x10, 0x16, 0x01, 0x00, 0x00, 0xe2, 0x0f, 0x00,
    0x02, 0x72, 0x09, 0x00, 0x08, 0x00, 0x00, 0x00, 0x00, 0x0f, 0x00, 0x00,
    0x00, 0xc8, 0x0f, 0x00, 0x0c, 0x72, 0x00, 0x13, 0x06, 0x00, 0x00, 0x00,
    0x70, 0x44, 0x70, 0x00, 0x00, 0xda, 0x0f, 0x00, 0x47, 0x09, 0x0c, 0x00,
    0x40, 0x00, 0x00, 0x00, 0x00, 0x00, 0x80, 0x03, 0x00, 0xea, 0x0f, 0x00,
    0x12, 0x72, 0x05, 0xff, 0x1e, 0x00, 0x00, 0x00, 0xff, 0x33, 0x8e, 0x07,
    0x00, 0xe2, 0x0f, 0x00, 0x45, 0x79, 0x01, 0x00, 0x10, 0x08, 0x00, 0x00,
    0x00, 0x02, 0x80, 0x03, 0x00, 0xe8, 0x0f, 0x00, 0x35, 0x72, 0x09, 0x10,
    0x05, 0x00, 0x00, 0x00, 0x00, 0x00, 0x8e, 0x07, 0x00, 0xe2, 0x0f, 0x00,
    0x12, 0x72, 0x05, 0xff, 0x26, 0x00, 0x00, 0x00, 0xff, 0x33, 0x8e, 0x07,
    0x00, 0xc8, 0x0f, 0x00, 0x48, 0x72, 0x09, 0x1e, 0x09, 0x00, 0x00, 0x00,
    0x00, 0x00, 0xfe, 0x03, 0x00, 0xe2, 0x0f, 0x00, 0x35, 0x72, 0x05, 0x0c,
    0x05, 0x00, 0x00, 0x00, 0x00, 0x00, 0x8e, 0x07, 0x00, 0xc8, 0x0f, 0x00,
    0x07, 0x72, 0x06, 0x09, 0x1e, 0x00, 0x00, 0x00, 0x00, 0x00, 0x80, 0x00,
    0x00, 0xe2, 0x0f, 0x00, 0x48, 0x72, 0x0e, 0x26, 0x05, 0x00, 0x00, 0x00,
    0x00, 0x00, 0xfe, 0x03, 0x00, 0xc8, 0x0f, 0x00, 0x0c, 0x72, 0x00, 0x13,
    0x06, 0x00, 0x00, 0x00, 0x70, 0x40, 0xf0, 0x03, 0x00, 0xca, 0x0f, 0x00,
    0x0c, 0x72, 0x00, 0x13, 0x0e, 0x00, 0x00, 0x00, 0x70, 0x34, 0x70, 0x04,
    0x00, 0xda, 0x0f, 0x00, 0x47, 0x09, 0xa4, 0x00, 0x04, 0x00, 0x00, 0x00,
    0x00, 0x00, 0x80, 0x03, 0x00, 0xea, 0x0f, 0x00, 0x0c, 0x78, 0x00, 0x04,
    0x04, 0x00, 0x00, 0x00, 0x70, 0x60, 0xf0, 0x03, 0x00, 0xda, 0x0f, 0x00,
    0x47, 0x89, 0x48, 0x00, 0x00, 0x00, 0x00, 0x00, 0x00, 0x00, 0x80, 0x03,
    0x00, 0xea, 0x0f, 0x00, 0x12, 0x72, 0x06, 0xff, 0x06, 0x00, 0x00, 0x00,
    0xff, 0x33, 0x8e, 0x07, 0x00, 0xe2, 0x0f, 0x00, 0x24, 0x72, 0x0a, 0x13,
    0x13, 0x00, 0x00, 0x00, 0xff, 0x02, 0x8e, 0x07, 0x00, 0xe2, 0x0f, 0x04,
    0x35, 0x72, 0x0c, 0x13, 0x0e, 0x00, 0x00, 0x80, 0x00, 0x00, 0x8e, 0x07,
    0x00, 0xe2, 0x0f, 0x04, 0x0c, 0x78, 0x00, 0x04, 0x04, 0x00, 0x00, 0x00,
    0x70, 0x50, 0xf6, 0x03, 0x00, 0xe2, 0x0f, 0x00, 0x0c, 0x72, 0x00, 0x0e,
    0xff, 0x00, 0x00, 0x00, 0x70, 0x50, 0xf2, 0x03, 0x00, 0xe2, 0x0f, 0x00,
    0x35, 0x72, 0x06, 0x13, 0x06, 0x00, 0x00, 0x00, 0x00, 0x00, 0x8e, 0x07,
    0x00, 0xca, 0x0f, 0x00, 0x24, 0x72, 0x05, 0x06, 0x06, 0x00, 0x00, 0x00,
    0xff, 0x02, 0x8e, 0x07, 0x00, 0xe2, 0x0f, 0x00, 0x12, 0x72, 0x06, 0xff,
    0x0e, 0x00, 0x00, 0x00, 0xff, 0x33, 0x8e, 0x07, 0x00, 0xc6, 0x0f, 0x00,
    0x24, 0x72, 0x09, 0x0c, 0x0c, 0x00, 0x00, 0x00, 0x05, 0x02, 0x8e, 0x07,
    0x00, 0xe4, 0x0f, 0x00, 0x35, 0x72, 0x06, 0x13, 0x06, 0x00, 0x00, 0x00,
    0x00, 0x00, 0x8e, 0x07, 0x00, 0xc6, 0x0f, 0x00, 0x0c, 0x72, 0x00, 0x09,
    0x0a, 0x00, 0x00, 0x00, 0x70, 0x40, 0xf0, 0x03, 0x00, 0xe4, 0x0f, 0x00,
    0x24, 0x72, 0x05, 0x06, 0x06, 0x00, 0x00, 0x00, 0x05, 0x02, 0x8e, 0x07,
    0x00, 0xc6, 0x0f, 0x00, 0x07, 0x78, 0x09, 0xff, 0xff, 0x00, 0x00, 0x00,
    0x00, 0x00, 0x00, 0x04, 0x00, 0xe4, 0x0f, 0x00, 0x0c, 0x72, 0x00, 0x05,
    0x0a, 0x00, 0x00, 0x00, 0x70, 0x40, 0xf0, 0x03, 0x00, 0xc6, 0x0f, 0x00,
    0x07, 0x78, 0x09, 0x09, 0xff, 0x00, 0x00, 0x00, 0x00, 0x00, 0x80, 0x01,
    0x00, 0xca, 0x0f, 0x00, 0x07, 0x78, 0x09, 0x09, 0xff, 0x00, 0x00, 0x00,
    0x00, 0x00, 0x80, 0x00, 0x00, 0xca, 0x0f, 0x00, 0x07, 0x72, 0x06, 0x09,
    0xff, 0x00, 0x00, 0x00, 0x00, 0x00, 0x00, 0x04, 0x00, 0xe2, 0x0f, 0x00,
    0x47, 0x79, 0x88, 0x00, 0x04, 0x00, 0x00, 0x00, 0x00, 0x00, 0x80, 0x03,
    0x00, 0xec, 0x0f, 0x00, 0x35, 0x72, 0x0e, 0x13, 0x0e, 0x00, 0x00, 0x80,
    0x00, 0x00, 0x8e, 0x07, 0x00, 0xe2, 0x0f, 0x04, 0x35, 0x78, 0x09, 0x13,
    0xff, 0xff, 0xff, 0xff, 0x00, 0x00, 0x8e, 0x07, 0x00, 0xe2, 0x0f, 0x04,
    0x35, 0x72, 0x05, 0x13, 0x06, 0x00, 0x00, 0x80, 0x00, 0x00, 0x8e, 0x07,
    0x00, 0xe2, 0x0f, 0x00, 0x45, 0x79, 0x02, 0x00, 0x40, 0x02, 0x00, 0x00,
    0x00, 0x02, 0x80, 0x03, 0x00, 0xe2, 0x0f, 0x00, 0x0c, 0x78, 0x00, 0x04,
    0x03, 0x00, 0x00, 0x00, 0x70, 0x50, 0xf0, 0x03, 0x00, 0xe2, 0x0f, 0x00,
    0x24, 0x72, 0x06, 0x0e, 0x0e, 0x00, 0x00, 0x00, 0xff, 0x02, 0x8e, 0x07,
    0x00, 0xe4, 0x0f, 0x00, 0x24, 0x72, 0x0e, 0x09, 0x09, 0x00, 0x00, 0x00,
    0xff, 0x02, 0x8e, 0x07, 0x00, 0xe4, 0x0f, 0x00, 0x24, 0x72, 0x05, 0x05,
    0x05, 0x00, 0x00, 0x00, 0x06, 0x02, 0x8e, 0x07, 0x00, 0xe4, 0x0f, 0x00,
    0x31, 0x74, 0x06, 0xff, 0xff, 0x00, 0x00, 0x00, 0xff, 0x01, 0x00, 0x00,
    0x00, 0xc6, 0x0f, 0x00, 0x0c, 0x72, 0x00, 0x05, 0x0e, 0x00, 0x00, 0x00,
    0x70, 0x40, 0xf2, 0x03, 0x00, 0xda, 0x0f, 0x00, 0x47, 0x99, 0x6c, 0x00,
    0x00, 0x00, 0x00, 0x00, 0x00, 0x00, 0x80, 0x03, 0x00, 0xea, 0x0f, 0x00,
    0x24, 0x72, 0x06, 0x13, 0x13, 0x00, 0x00, 0x00, 0x13, 0x02, 0x8e, 0x07,
    0x00, 0xca, 0x0f, 0x00, 0x10, 0x78, 0x09, 0x13, 0x01, 0x00, 0x00, 0x00,
    0x06, 0xe0, 0xff, 0x07, 0x00, 0xe2, 0x0f, 0x00, 0x02, 0x72, 0x06, 0x00,
    0xff, 0x00, 0x00, 0x00, 0x00, 0x0f, 0x00, 0x00, 0x00, 0xc8, 0x0f, 0x00,
    0x0c, 0x72, 0x00, 0x05, 0x09, 0x00, 0x00, 0x00, 0x70, 0x60, 0xf2, 0x03,
    0x00, 0xda, 0x0f, 0x00, 0x47, 0x19, 0x58, 0x00, 0x00, 0x00, 0x00, 0x00,
    0x00, 0x00, 0x80, 0x03, 0x00, 0xea, 0x0f, 0x00, 0x35, 0x72, 0x09, 0x0e,
    0x09, 0x00, 0x00, 0x00, 0x00, 0x01, 0x8e, 0x07, 0x00, 0xe2, 0x0f, 0x00,
    0x35, 0x72, 0x06, 0x05, 0x0e, 0x00, 0x00, 0x80, 0x00, 0x00, 0x8e, 0x07,
    0x00, 0xc6, 0x0f, 0x00, 0x06, 0x73, 0x0c, 0x00, 0x09, 0x00, 0x00, 0x00,
    0x00, 0x90, 0x20, 0x00, 0x00, 0x62, 0x0e, 0x00, 0x35, 0x72, 0x0d, 0xff,
    0x09, 0x00, 0x00, 0x80, 0x00, 0x00, 0x8e, 0x07, 0x00, 0xe2, 0x0f, 0x00,
    0x24, 0x78, 0x06, 0x06, 0xff, 0x00, 0x00, 0x00, 0xff, 0x02, 0x8e, 0x07,
    0x00, 0xe2, 0x0f, 0x00, 0x0c, 0x72, 0x00, 0x09, 0xff, 0x00, 0x00, 0x00,
    0x70, 0x50, 0xf8, 0x03, 0x00, 0xe2, 0x0f, 0x00, 0x08, 0x73, 0x0c, 0x00,
    0x0c, 0x00, 0x00, 0x00, 0x00, 0x10, 0x00, 0x00, 0x00, 0x64, 0x2e, 0x00,
    0x35, 0x78, 0x0a, 0x0c, 0xfe, 0xff, 0xff, 0x0f, 0x00, 0x00, 0x8e, 0x07,
    0x00, 0xc8, 0x2f, 0x00, 0x05, 0x73, 0x0b, 0x00, 0x0a, 0x00, 0x00, 0x00,
    0x00, 0xf0, 0x21, 0x00, 0x00, 0xa4, 0x02, 0x00, 0x02, 0x72, 0x0a, 0x00,
    0xff, 0x00, 0x00, 0x00, 0x00, 0x0f, 0x00, 0x00, 0x00, 0xe2, 0x2f, 0x00,
    0x24, 0x72, 0x0d, 0x0d, 0x0b, 0x00, 0x00, 0x00, 0xff, 0x02, 0x8e, 0x07,
    0x00, 0xc8, 0x4f, 0x00, 0x27, 0x72, 0x0b, 0x0b, 0x0d, 0x00, 0x00, 0x00,
    0x0a, 0x00, 0x8e, 0x07, 0x00, 0xcc, 0x0f, 0x00, 0x27, 0x72, 0x0b, 0x0b,
    0x06, 0x00, 0x00, 0x00, 0xff, 0x00, 0x8e, 0x07, 0x00, 0xca, 0x0f, 0x00,
    0x35, 0x72, 0x0c, 0x0b, 0xff, 0x00, 0x00, 0x00, 0x00, 0x01, 0x8e, 0x07,
    0x00, 0xca, 0x0f, 0x00, 0x24, 0x72, 0x06, 0x09, 0x0c, 0x00, 0x00, 0x00,
    0x06, 0x02, 0x8e, 0x07, 0x00, 0xca, 0x0f, 0x00, 0x0c, 0x72, 0x00, 0x06,
    0x09, 0x00, 0x00, 0x00, 0x70, 0x60, 0xf2, 0x03, 0x00, 0xda, 0x0f, 0x00,
    0x35, 0x12, 0x06, 0x09, 0x06, 0x00, 0x00, 0x00, 0x00, 0x01, 0x8e, 0x07,
    0x00, 0xe2, 0x0f, 0x00, 0x35, 0x18, 0x0b, 0x0b, 0x01, 0x00, 0x00, 0x00,
    0x00, 0x00, 0x8e, 0x07, 0x00, 0xc8, 0x0f, 0x00, 0x0c, 0x72, 0x00, 0x06,
    0x09, 0x00, 0x00, 0x00, 0x70, 0x60, 0xf6, 0x03, 0x00, 0xda, 0x0f, 0x00,
    0x35, 0x38, 0x0b, 0x0b, 0x01, 0x00, 0x00, 0x00, 0x00, 0x00, 0x8e, 0x07,
    0x00, 0xe2, 0x0f, 0x00, 0x12, 0xc2, 0x0b, 0xff, 0x09, 0x00, 0x00, 0x00,
    0xff, 0x33, 0x8e, 0x07, 0x00, 0xca, 0x0f, 0x00, 0x35, 0x78, 0x06, 0x0b,
    0xff, 0x00, 0x00, 0x00, 0x00, 0x01, 0x8e, 0x07, 0x00, 0xce, 0x0f, 0x00,
    0x18, 0x79, 0x00, 0x00, 0x00, 0x00, 0x00, 0x00, 0x00, 0x00, 0x00, 0x00,
    0x00, 0xe2, 0x0f, 0x00, 0x41, 0x79, 0x02, 0x00, 0x00, 0x00, 0x00, 0x00,
    0x00, 0x02, 0x80, 0x03, 0x00, 0xea, 0x0f, 0x00, 0x47, 0x89, 0xa4, 0x00,
    0x00, 0x00, 0x00, 0x00, 0x00, 0x00, 0x80, 0x03, 0x00, 0xea, 0x0f, 0x00,
    0x0c, 0x78, 0x00, 0x04, 0x01, 0x00, 0x00, 0x00, 0x70, 0x50, 0xf0, 0x03,
    0x00, 0xda, 0x0f, 0x00, 0x47, 0x09, 0xdc, 0x00, 0x00, 0x00, 0x00, 0x00,
    0x00, 0x00, 0x80, 0x03, 0x00, 0xea, 0x0f, 0x00, 0x35, 0x78, 0x09, 0x13,
    0xfe, 0xff, 0xff, 0xff, 0x00, 0x00, 0x8e, 0x07, 0x00, 0xe2, 0x0f, 0x04,
    0x45, 0x79, 0x02, 0x00, 0x00, 0x02, 0x00, 0x00, 0x00, 0x02, 0x80, 0x03,
    0x00, 0xe2, 0x0f, 0x00, 0x24, 0x72, 0x0c, 0x13, 0x13, 0x00, 0x00, 0x00,
    0xff, 0x02, 0x8e, 0x07, 0x00, 0xc6, 0x0f, 0x00, 0x24, 0x72, 0x0e, 0x09,
    0x09, 0x00, 0x00, 0x00, 0xff, 0x02, 0x8e, 0x07, 0x00, 0xe4, 0x0f, 0x00,
    0x31, 0x74, 0x09, 0xff, 0xff, 0x00, 0x00, 0x00, 0xff, 0x01, 0x00, 0x00,
    0x00, 0xc6, 0x0f, 0x00, 0x0c, 0x72, 0x00, 0x05, 0x0e, 0x00, 0x00, 0x00,
    0x70, 0x40, 0xf0, 0x03, 0x00, 0xda, 0x0f, 0x00, 0x47, 0x89, 0x64, 0x00,
    0x00, 0x00, 0x00, 0x00, 0x00, 0x00, 0x80, 0x03, 0x00, 0xea, 0x0f, 0x00,
    0x0c, 0x72, 0x00, 0x05, 0x0c, 0x00, 0x00, 0x00, 0x70, 0x60, 0xf0, 0x03,
    0x00, 0xe2, 0x0f, 0x00, 0x02, 0x72, 0x09, 0x00, 0xff, 0x00, 0x00, 0x00,
    0x00, 0x0f, 0x00, 0x00, 0x00, 0xd8, 0x0f, 0x00, 0x47, 0x09, 0x58, 0x00,
    0x00, 0x00, 0x00, 0x00, 0x00, 0x00, 0x80, 0x03, 0x00, 0xea, 0x0f, 0x00,
    0x35, 0x72, 0x0c, 0x0e, 0x0c, 0x00, 0x00, 0x00, 0x00, 0x01, 0x8e, 0x07,
    0x00, 0xe2, 0x0f, 0x00, 0x35, 0x72, 0x05, 0x05, 0x0e, 0x00, 0x00, 0x80,
    0x00, 0x00, 0x8e, 0x07, 0x00, 0xc6, 0x0f, 0x00, 0x06, 0x73, 0x09, 0x00,
    0x0c, 0x00, 0x00, 0x00, 0x00, 0x90, 0x20, 0x00, 0x00, 0x62, 0x0e, 0x00,
    0x35, 0x72, 0x0d, 0xff, 0x0c, 0x00, 0x00, 0x80, 0x00, 0x00, 0x8e, 0x07,
    0x00, 0xe2, 0x0f, 0x00, 0x24, 0x78, 0x05, 0x05, 0xff, 0x00, 0x00, 0x00,
    0xff, 0x02, 0x8e, 0x07, 0x00, 0xe2, 0x0f, 0x00, 0x0c, 0x72, 0x00, 0x0c,
    0xff, 0x00, 0x00, 0x00, 0x70, 0x50, 0xf6, 0x03, 0x00, 0xe2, 0x0f, 0x00,
    0x08, 0x73, 0x09, 0x00, 0x09, 0x00, 0x00, 0x00, 0x00, 0x10, 0x00, 0x00,
    0x00, 0x64, 0x2e, 0x00, 0x35, 0x78, 0x0a, 0x09, 0xfe, 0xff, 0xff, 0x0f,
    0x00, 0x00, 0x8e, 0x07, 0x00, 0xc8, 0x2f, 0x00, 0x05, 0x73, 0x0b, 0x00,
    0x0a, 0x00, 0x00, 0x00, 0x00, 0xf0, 0x21, 0x00, 0x00, 0xa4, 0x02, 0x00,
    0x02, 0x72, 0x0a, 0x00, 0xff, 0x00, 0x00, 0x00, 0x00, 0x0f, 0x00, 0x00,
    0x00, 0xe2, 0x2f, 0x00, 0x24, 0x72, 0x0d, 0x0d, 0x0b, 0x00, 0x00, 0x00,
    0xff, 0x02, 0x8e, 0x07, 0x00, 0xc8, 0x4f, 0x00, 0x27, 0x72, 0x0e, 0x0b,
    0x0d, 0x00, 0x00, 0x00, 0x0a, 0x00, 0x8e, 0x07, 0x00, 0xcc, 0x0f, 0x00,
    0x27, 0x72, 0x0e, 0x0e, 0x05, 0x00, 0x00, 0x00, 0xff, 0x00, 0x8e, 0x07,
    0x00, 0xca, 0x0f, 0x00, 0x35, 0x72, 0x09, 0x0e, 0xff, 0x00, 0x00, 0x00,
    0x00, 0x01, 0x8e, 0x07, 0x00, 0xca, 0x0f, 0x00, 0x24, 0x72, 0x05, 0x0c,
    0x09, 0x00, 0x00, 0x00, 0x05, 0x02, 0x8e, 0x07, 0x00, 0xca, 0x0f, 0x00,
    0x0c, 0x72, 0x00, 0x05, 0x0c, 0x00, 0x00, 0x00, 0x70, 0x60, 0xf0, 0x03,
    0x00, 0xda, 0x0f, 0x00, 0x35, 0x02, 0x05, 0x0c, 0x05, 0x00, 0x00, 0x00,
    0x00, 0x01, 0x8e, 0x07, 0x00, 0xe2, 0x0f, 0x00, 0x35, 0x08, 0x0e, 0x0e,
    0x01, 0x00, 0x00, 0x00, 0x00, 0x00, 0x8e, 0x07, 0x00, 0xc8, 0x0f, 0x00,
    0x0c, 0x72, 0x00, 0x05, 0x0c, 0x00, 0x00, 0x00, 0x70, 0x60, 0xf2, 0x03,
    0x00, 0xda, 0x0f, 0x00, 0x35, 0x18, 0x0e, 0x0e, 0x01, 0x00, 0x00, 0x00,
    0x00, 0x00, 0x8e, 0x07, 0x00, 0xe2, 0x0f, 0x00, 0x12, 0xb2, 0x0e, 0xff,
    0x0c, 0x00, 0x00, 0x00, 0xff, 0x33, 0x8e, 0x07, 0x00, 0xca, 0x0f, 0x00,
    0x35, 0x78, 0x09, 0x0e, 0xff, 0x00, 0x00, 0x00, 0x00, 0x01, 0x8e, 0x07,
    0x00, 0xce, 0x0f, 0x00, 0x18, 0x79, 0x00, 0x00, 0x00, 0x00, 0x00, 0x00,
    0x00, 0x00, 0x00, 0x00, 0x00, 0xe2, 0x0f, 0x00, 0x41, 0x79, 0x02, 0x00,
    0x00, 0x00, 0x00, 0x00, 0x00, 0x02, 0x80, 0x03, 0x00, 0xea, 0x0f, 0x00,
    0x35, 0x78, 0x05, 0x09, 0x04, 0x00, 0x00, 0x00, 0x00, 0x00, 0x8e, 0x07,
    0x00, 0xca, 0x0f, 0x00, 0x0c, 0x72, 0x00, 0x06, 0x05, 0x00, 0x00, 0x00,
    0x70, 0x40, 0xf0, 0x03, 0x00, 0xe2, 0x0f, 0x04, 0x35, 0x72, 0x06, 0x06,
    0x09, 0x00, 0x00, 0x80, 0x00, 0x00, 0x8e, 0x07, 0x00, 0xca, 0x0f, 0x00,
    0x07, 0x72, 0x06, 0x06, 0xff, 0x00, 0x00, 0x00, 0x00, 0x00, 0x00, 0x00,
    0x00, 0xe2, 0x0f, 0x00, 0x47, 0x79, 0x40, 0x00, 0x00, 0x00, 0x00, 0x00,
    0x00, 0x00, 0x80, 0x03, 0x00, 0xec, 0x0f, 0x00, 0x0c, 0x72, 0x00, 0x06,
    0xff, 0x00, 0x00, 0x00, 0x70, 0x50, 0xf0, 0x03, 0x00, 0xca, 0x0f, 0x00,
    0x07, 0x78, 0x06, 0xff, 0xff, 0x00, 0x00, 0x00, 0x00, 0x00, 0x00, 0x04,
    0x00, 0xe2, 0x0f, 0x00, 0x47, 0x79, 0x34, 0x00, 0x00, 0x00, 0x00, 0x00,
    0x00, 0x00, 0x80, 0x03, 0x00, 0xee, 0x0f, 0x00, 0x12, 0x78, 0x05, 0x04,
    0x04, 0x00, 0x00, 0x00, 0xff, 0xfc, 0x8e, 0x07, 0x00, 0xe2, 0x0f, 0x00,
    0x31, 0x74, 0x06, 0xff, 0xff, 0x00, 0x00, 0x00, 0xff, 0x01, 0x00, 0x00,
    0x00, 0xc8, 0x0f, 0x00, 0x0c, 0x78, 0x00, 0x05, 0x05, 0x00, 0x00, 0x00,
    0x70, 0x50, 0xf0, 0x03, 0x00, 0xda, 0x0f, 0x00, 0x47, 0x09, 0x24, 0x00,
    0x00, 0x00, 0x00, 0x00, 0x00, 0x00, 0x80, 0x03, 0x00, 0xea, 0x0f, 0x00,
    0x0c, 0x72, 0x00, 0x1e, 0xff, 0x00, 0x00, 0x00, 0x70, 0x50, 0xf1, 0x03,
    0x00, 0xe4, 0x0f, 0x00, 0x35, 0x78, 0x0c, 0x0c, 0xff, 0xff, 0xff, 0xff,
    0x00, 0x00, 0x8e, 0x07, 0x00, 0xe2, 0x0f, 0x00, 0x02, 0x72, 0x0d, 0x00,
    0xff, 0x00, 0x00, 0x00, 0x00, 0x0f, 0x00, 0x00, 0x00, 0xc6, 0x0f, 0x00,
    0x0c, 0x72, 0x00, 0x26, 0xff, 0x00, 0x00, 0x00, 0x70, 0x24, 0x71, 0x04,
    0x00, 0xcc, 0x0f, 0x00, 0x0c, 0x72, 0x00, 0x26, 0x0c, 0x00, 0x00, 0x00,
    0x70, 0x24, 0x71, 0x00, 0x00, 0xdc, 0x0f, 0x00, 0x35, 0x88, 0x0a, 0x10,
    0xff, 0xff, 0xff, 0xff, 0x00, 0x00, 0x8e, 0x07, 0x00, 0xe2, 0x0f, 0x00,
    0x02, 0x82, 0x0b, 0x00, 0xff, 0x00, 0x00, 0x00, 0x00, 0x0f, 0x00, 0x00,
    0x00, 0xca, 0x0f, 0x00, 0x0c, 0x82, 0x00, 0x1e, 0x0a, 0x00, 0x00, 0x00,
    0x70, 0x50, 0xf3, 0x03, 0x00, 0xcc, 0x0f, 0x00, 0x07, 0x88, 0x06, 0xff,
    0xff, 0x00, 0x00, 0x00, 0x00, 0x00, 0x80, 0x00, 0x00, 0xd0, 0x0f, 0x00,
    0x18, 0x79, 0x00, 0x00, 0x00, 0x00, 0x00, 0x00, 0x00, 0x00, 0x00, 0x00,
    0x00, 0xe2, 0x0f, 0x00, 0x41, 0x79, 0x01, 0x00, 0x00, 0x00, 0x00, 0x00,
    0x00, 0x02, 0x80, 0x03, 0x00, 0xea, 0x0f, 0x00, 0x0c, 0x78, 0x00, 0x04,
    0x03, 0x00, 0x00, 0x00, 0x70, 0x50, 0xf0, 0x03, 0x00, 0xe2, 0x0f, 0x00,
    0x02, 0x72, 0x05, 0x00, 0x02, 0x00, 0x00, 0x00, 0x00, 0x0f, 0x00, 0x00,
    0x00, 0xd8, 0x0f, 0x00, 0x47, 0x09, 0x1c, 0x00, 0x04, 0x00, 0x00, 0x00,
    0x00, 0x00, 0x80, 0x03, 0x00, 0xea, 0x0f, 0x00, 0x0c, 0x78, 0x00, 0x10,
    0x02, 0x00, 0x00, 0x00, 0x70, 0x62, 0xf0, 0x03, 0x00, 0xe2, 0x0f, 0x00,
    0x31, 0x74, 0x04, 0xff, 0x00, 0x00, 0x00, 0x00, 0xff, 0x01, 0x00, 0x00,
    0x00, 0xd8, 0x0f, 0x00, 0x47, 0x89, 0x88, 0x00, 0x00, 0x00, 0x00, 0x00,
    0x00, 0x00, 0x80, 0x03, 0x00, 0xea, 0x0f, 0x00, 0x24, 0x78, 0x05, 0x1f,
    0xff, 0x00, 0x00, 0x00, 0xff, 0x02, 0x8e, 0x07, 0x00, 0xe2, 0x0f, 0x00,
    0x45, 0x79, 0x01, 0x00, 0x00, 0x02, 0x00, 0x00, 0x00, 0x02, 0x80, 0x03,
    0x00, 0xe2, 0x0f, 0x00, 0x25, 0x78, 0x0e, 0x1e, 0xff, 0x00, 0x00, 0x00,
    0xff, 0x00, 0x8e, 0x07, 0x00, 0xe2, 0x0f, 0x00, 0x35, 0x78, 0x0c, 0x10,
    0xff, 0xff, 0xff, 0xff, 0x00, 0x00, 0x8e, 0x07, 0x00, 0xc8, 0x0f, 0x00,
    0x35, 0x72, 0x05, 0x0f, 0x05, 0x00, 0x00, 0x00, 0x00, 0x00, 0x8e, 0x07,
    0x00, 0xca, 0x0f, 0x00, 0x0c, 0x72, 0x00, 0x05, 0xff, 0x00, 0x00, 0x00,
    0x70, 0x50, 0xf0, 0x03, 0x00, 0xda, 0x0f, 0x00, 0x47, 0x09, 0x50, 0x00,
    0x00, 0x00, 0x00, 0x00, 0x00, 0x00, 0x80, 0x03, 0x00, 0xea, 0x0f, 0x00,
    0x06, 0x73, 0x09, 0x00, 0x0c, 0x00, 0x00, 0x00, 0x00, 0x90, 0x20, 0x00,
    0x00, 0x62, 0x0e, 0x00, 0x35, 0x72, 0x0b, 0xff, 0x0c, 0x00, 0x00, 0x80,
    0x00, 0x00, 0x8e, 0x07, 0x00, 0xe2, 0x0f, 0x00, 0x0c, 0x72, 0x00, 0x0c,
    0xff, 0x00, 0x00, 0x00, 0x70, 0x50, 0xf6, 0x03, 0x00, 0xe2, 0x0f, 0x00,
    0x08, 0x73, 0x09, 0x00, 0x09, 0x00, 0x00, 0x00, 0x00, 0x10, 0x00, 0x00,
    0x00, 0x64, 0x2e, 0x00, 0x35, 0x78, 0x04, 0x09, 0xfe, 0xff, 0xff, 0x0f,
    0x00, 0x00, 0x8e, 0x07, 0x00, 0xc8, 0x2f, 0x00, 0x05, 0x73, 0x05, 0x00,
    0x04, 0x00, 0x00, 0x00, 0x00, 0xf0, 0x21, 0x00, 0x00, 0xa4, 0x02, 0x00,
    0x02, 0x72, 0x04, 0x00, 0xff, 0x00, 0x00, 0x00, 0x00, 0x0f, 0x00, 0x00,
    0x00, 0xe2, 0x2f, 0x00, 0x24, 0x72, 0x0b, 0x0b, 0x05, 0x00, 0x00, 0x00,
    0xff, 0x02, 0x8e, 0x07, 0x00, 0xc8, 0x4f, 0x00, 0x27, 0x72, 0x05, 0x05,
    0x0b, 0x00, 0x00, 0x00, 0x04, 0x00, 0x8e, 0x07, 0x00, 0xcc, 0x0f, 0x00,
    0x27, 0x72, 0x05, 0x05, 0x0e, 0x00, 0x00, 0x00, 0xff, 0x00, 0x8e, 0x07,
    0x00, 0xca, 0x0f, 0x00, 0x35, 0x72, 0x0b, 0x05, 0xff, 0x00, 0x00, 0x00,
    0x00, 0x01, 0x8e, 0x07, 0x00, 0xca, 0x0f, 0x00, 0x24, 0x72, 0x0e, 0x0c,
    0x0b, 0x00, 0x00, 0x00, 0x0e, 0x02, 0x8e, 0x07, 0x00, 0xca, 0x0f, 0x00,
    0x0c, 0x72, 0x00, 0x0e, 0x0c, 0x00, 0x00, 0x00, 0x70, 0x60, 0xf0, 0x03,
    0x00, 0xda, 0x0f, 0x00, 0x35, 0x02, 0x0e, 0x0c, 0x0e, 0x00, 0x00, 0x00,
    0x00, 0x01, 0x8e, 0x07, 0x00, 0xe2, 0x0f, 0x00, 0x35, 0x08, 0x05, 0x05,
    0x01, 0x00, 0x00, 0x00, 0x00, 0x00, 0x8e, 0x07, 0x00, 0xc8, 0x0f, 0x00,
    0x0c, 0x72, 0x00, 0x0e, 0x0c, 0x00, 0x00, 0x00, 0x70, 0x60, 0xf2, 0x03,
    0x00, 0xda, 0x0f, 0x00, 0x35, 0x18, 0x05, 0x05, 0x01, 0x00, 0x00, 0x00,
    0x00, 0x00, 0x8e, 0x07, 0x00, 0xe2, 0x0f, 0x00, 0x12, 0xb2, 0x05, 0xff,
    0x0c, 0x00, 0x00, 0x00, 0xff, 0x33, 0x8e, 0x07, 0x00, 0xca, 0x0f, 0x00,
    0x02, 0x72, 0x04, 0x00, 0x05, 0x00, 0x00, 0x00, 0x00, 0x0f, 0x00, 0x00,
    0x00, 0xe2, 0x0f, 0x00, 0x47, 0x79, 0x14, 0x00, 0x00, 0x00, 0x00, 0x00,
    0x00, 0x00, 0x80, 0x03, 0x00, 0xec, 0x0f, 0x00, 0x31, 0x74, 0x09, 0xff,
    0x00, 0x00, 0x00, 0x00, 0xff, 0x01, 0x00, 0x00, 0x00, 0xe2, 0x0f, 0x00,
    0x02, 0x72, 0x0f, 0x00, 0x05, 0x00, 0x00, 0x00, 0x00, 0x0f, 0x00, 0x00,
    0x00, 0xe2, 0x0f, 0x00, 0x02, 0x78, 0x0a, 0x00, 0x80, 0x16, 0x00, 0x00,
    0x00, 0x0f, 0x00, 0x00, 0x00, 0xce, 0x0f, 0x00, 0x44, 0x79, 0x84, 0x00,
    0x34, 0x00, 0x00, 0x00, 0x00, 0x00, 0xc0, 0x03, 0x00, 0xea, 0x1f, 0x00,
    0x02, 0x72, 0x04, 0x00, 0x20, 0x00, 0x00, 0x00, 0x00, 0x0f, 0x00, 0x00,
    0x00, 0xce, 0x0f, 0x00, 0x18, 0x79, 0x00, 0x00, 0x00, 0x00, 0x00, 0x00,
    0x00, 0x00, 0x00, 0x00, 0x00, 0xe2, 0x0f, 0x00, 0x41, 0x79, 0x01, 0x00,
    0x00, 0x00, 0x00, 0x00, 0x00, 0x02, 0x80, 0x03, 0x00, 0xea, 0x0f, 0x00,
    0x0c, 0x72, 0x00, 0x04, 0xff, 0x00, 0x00, 0x00, 0x70, 0x50, 0xf0, 0x03,
    0x00, 0xe2, 0x0f, 0x00, 0x45, 0x79, 0x01, 0x00, 0x00, 0x02, 0x00, 0x00,
    0x00, 0x02, 0x80, 0x03, 0x00, 0xe2, 0x0f, 0x00, 0x02, 0x72, 0x05, 0x00,
    0x02, 0x00, 0x00, 0x00, 0x00, 0x0f, 0x00, 0x00, 0x00, 0xd6, 0x0f, 0x00,
    0x47, 0x89, 0x70, 0x00, 0x00, 0x00, 0x00, 0x00, 0x00, 0x00, 0x80, 0x03,
    0x00, 0xea, 0x0f, 0x00, 0x0c, 0x78, 0x00, 0x04, 0xfe, 0x00, 0x00, 0x00,
    0x70, 0x40, 0xf0, 0x03, 0x00, 0xe2, 0x0f, 0x00, 0x02, 0x72, 0x05, 0x00,
    0x03, 0x00, 0x00, 0x00, 0x00, 0x0f, 0x00, 0x00, 0x00, 0xd8, 0x0f, 0x00,
    0x47, 0x09, 0x64, 0x00, 0x00, 0x00, 0x00, 0x00, 0x00, 0x00, 0x80, 0x03,
    0x00, 0xea, 0x0f, 0x00, 0x19, 0x78, 0x0b, 0xff, 0x08, 0x00, 0x00, 0x00,
    0x03, 0x16, 0x01, 0x00, 0x00, 0xe4, 0x0f, 0x10, 0x12, 0x78, 0x05, 0x03,
    0xff, 0x00, 0x00, 0x00, 0xff, 0xc0, 0x8e, 0x07, 0x00, 0xe4, 0x0f, 0x00,
    0x19, 0x78, 0x03, 0xff, 0x10, 0x00, 0x00, 0x00, 0x03, 0x16, 0x01, 0x00,
    0x00, 0xe4, 0x0f, 0x00, 0x19, 0x78, 0x09, 0xff, 0x08, 0x00, 0x00, 0x00,
    0x02, 0x16, 0x01, 0x00, 0x00, 0xe4, 0x0f, 0x00, 0x12, 0x78, 0x0d, 0x0b,
    0xff, 0x00, 0x00, 0x00, 0xff, 0xc0, 0x8e, 0x07, 0x00, 0xe4, 0x0f, 0x00,
    0x12, 0x78, 0x0a, 0x02, 0xff, 0x00, 0x00, 0x00, 0xff, 0xc0, 0x8e, 0x07,
    0x00, 0xc4, 0x0f, 0x00, 0x19, 0x78, 0x0c, 0xff, 0x10, 0x00, 0x00, 0x00,
    0x02, 0x16, 0x01, 0x00, 0x00, 0xe4, 0x0f, 0x00, 0x12, 0x78, 0x0f, 0x03,
    0xff, 0x00, 0x00, 0x00, 0xff, 0xc0, 0x8e, 0x07, 0x00, 0xe2, 0x0f, 0x00,
    0x24, 0x72, 0x03, 0x05, 0x04, 0x00, 0x00, 0x00, 0xff, 0x02, 0x8e, 0x07,
    0x00, 0xe2, 0x0f, 0x08, 0x35, 0x78, 0x02, 0x04, 0xff, 0x00, 0x00, 0x00,
    0x00, 0x01, 0x8e, 0x07, 0x00, 0xe2, 0x0f, 0x00, 0x12, 0x78, 0x0b, 0x09,
    0xff, 0x00, 0x00, 0x00, 0xff, 0xc0, 0x8e, 0x07, 0x00, 0xe2, 0x0f, 0x00,
    0x24, 0x72, 0x05, 0x0d, 0x04, 0x00, 0x00, 0x00, 0xff, 0x02, 0x8e, 0x07,
    0x00, 0xe2, 0x0f, 0x08, 0x12, 0x78, 0x0c, 0x0c, 0xff, 0x00, 0x00, 0x00,
    0xff, 0xc0, 0x8e, 0x07, 0x00, 0xe2, 0x0f, 0x00, 0x24, 0x72, 0x09, 0x0f,
    0x04, 0x00, 0x00, 0x00, 0xff, 0x02, 0x8e, 0x07, 0x00, 0xe4, 0x0f, 0x00,
    0x24, 0x72, 0x03, 0x0a, 0x02, 0x00, 0x00, 0x00, 0x03, 0x02, 0x8e, 0x07,
    0x00, 0xc4, 0x0f, 0x00, 0x24, 0x72, 0x05, 0x0b, 0x02, 0x00, 0x00, 0x00,
    0x05, 0x02, 0x8e, 0x07, 0x00, 0xe4, 0x0f, 0x08, 0x24, 0x72, 0x09, 0x0c,
    0x02, 0x00, 0x00, 0x00, 0x09, 0x02, 0x8e, 0x07, 0x00, 0xe4, 0x0f, 0x00,
    0x27, 0x78, 0x03, 0x03, 0x81, 0x80, 0x80, 0x80, 0xff, 0x00, 0x8e, 0x07,
    0x00, 0xc8, 0x0f, 0x00, 0x27, 0x78, 0x05, 0x05, 0x81, 0x80, 0x80, 0x80,
    0xff, 0x00, 0x8e, 0x07, 0x00, 0xe2, 0x0f, 0x00, 0x19, 0x78, 0x03, 0xff,
    0x07, 0x00, 0x00, 0x00, 0x03, 0x16, 0x01, 0x00, 0x00, 0xc6, 0x0f, 0x00,
    0x27, 0x78, 0x09, 0x09, 0x81, 0x80, 0x80, 0x80, 0xff, 0x00, 0x8e, 0x07,
    0x00, 0xc8, 0x0f, 0x00, 0x24, 0x78, 0x02, 0x05, 0x02, 0x00, 0x00, 0x00,
    0xff, 0x00, 0x8e, 0x07, 0x00, 0xe4, 0x0f, 0x00, 0x24, 0x78, 0x09, 0x09,
    0x00, 0x02, 0x00, 0x00, 0xff, 0x00, 0x8e, 0x07, 0x00, 0xc6, 0x0f, 0x00,
    0x12, 0x78, 0x02, 0x03, 0x00, 0xff, 0xff, 0xff, 0x02, 0xf8, 0x8e, 0x07,
    0x00, 0xc8, 0x0f, 0x00, 0x12, 0x78, 0x05, 0x02, 0x00, 0x00, 0xff, 0xff,
    0x09, 0xf8, 0x8e, 0x07, 0x00, 0xce, 0x0f, 0x00, 0x18, 0x79, 0x00, 0x00,
    0x00, 0x00, 0x00, 0x00, 0x00, 0x00, 0x00, 0x00, 0x00, 0xe2, 0x0f, 0x00,
    0x41, 0x79, 0x01, 0x00, 0x00, 0x00, 0x00, 0x00, 0x00, 0x02, 0x80, 0x03,
    0x00, 0xea, 0x0f, 0x00, 0x24, 0x72, 0x06, 0x07, 0x06, 0x00, 0x00, 0x00,
    0xff, 0x02, 0x8e, 0x07, 0x00, 0xc8, 0x0f, 0x00, 0x27, 0x78, 0x06, 0x06,
    0x81, 0x80, 0x80, 0x80, 0xff, 0x00, 0x8e, 0x07, 0x00, 0xca, 0x0f, 0x00,
    0x19, 0x78, 0x07, 0xff, 0x07, 0x00, 0x00, 0x00, 0x06, 0x16, 0x01, 0x00,
    0x00, 0xe2, 0x0f, 0x00, 0x47, 0x79, 0x4c, 0x00, 0x30, 0x00, 0x00, 0x00,
    0x00, 0x00, 0x80, 0x03, 0x00, 0xec, 0x0f, 0x00, 0x0c, 0x78, 0x00, 0x04,
    0x00, 0x10, 0x00, 0x00, 0x70, 0x40, 0xf0, 0x03, 0x00, 0xe2, 0x0f, 0x00,
    0x35, 0x78, 0x03, 0x13, 0xff, 0xff, 0xff, 0xff, 0x00, 0x00, 0x8e, 0x07,
    0x00, 0xe2, 0x0f, 0x04, 0x24, 0x78, 0x0f, 0x13, 0x02, 0x00, 0x00, 0x00,
    0xff, 0x00, 0x8e, 0x07, 0x00, 0xc8, 0x0f, 0x00, 0x0c, 0x78, 0x00, 0x03,
    0xff, 0x0f, 0x00, 0x00, 0x70, 0x44, 0x70, 0x00, 0x00, 0xca, 0x0f, 0x00,
    0x0c, 0x72, 0x00, 0x0c, 0x0f, 0x00, 0x00, 0x00, 0x70, 0x34, 0x70, 0x00,
    0x00, 0xda, 0x0f, 0x00, 0x47, 0x09, 0xb0, 0x00, 0x30, 0x00, 0x00, 0x00,
    0x00, 0x00, 0x80, 0x03, 0x00, 0xea, 0x0f, 0x00, 0x12, 0x72, 0xff, 0x06,
    0x05, 0x00, 0x00, 0x00, 0xff, 0xfc, 0x80, 0x07, 0x00, 0xe2, 0x0f, 0x00,
    0x35, 0x78, 0x03, 0x0f, 0x02, 0x00, 0x00, 0x00, 0x00, 0x00, 0x8e, 0x07,
    0x00, 0xe2, 0x0f, 0x00, 0x02, 0x72, 0x09, 0x00, 0x08, 0x00, 0x00, 0x00,
    0x00, 0x0f, 0x00, 0x00, 0x00, 0xc8, 0x0f, 0x00, 0x0c, 0x72, 0x00, 0x10,
    0x03, 0x00, 0x00, 0x00, 0x70, 0x34, 0x70, 0x00, 0x00, 0xda, 0x0f, 0x00,
    0x47, 0x09, 0x9c, 0x00, 0x30, 0x00, 0x00, 0x00, 0x00, 0x00, 0x80, 0x03,
    0x00, 0xea, 0x0f, 0x00, 0x12, 0x72, 0x0a, 0xff, 0x13, 0x00, 0x00, 0x00,
    0xff, 0x33, 0x8e, 0x07, 0x00, 0xe2, 0x0f, 0x00, 0x35, 0x72, 0x26, 0x14,
    0x26, 0x00, 0x00, 0x00, 0x00, 0x03, 0x8e, 0x07, 0x00, 0xe4, 0x0f, 0x00,
    0x35, 0x72, 0x0c, 0x0c, 0x0f, 0x00, 0x00, 0x80, 0x00, 0x00, 0x8e, 0x07,
    0x00, 0xe2, 0x0f, 0x00, 0x19, 0x78, 0x0b, 0xff, 0x1f, 0x00, 0x00, 0x00,
    0x0a, 0x14, 0x01, 0x00, 0x00, 0xe4, 0x0f, 0x00, 0x10, 0x78, 0x10, 0x10,
    0xfe, 0xff, 0xff, 0xff, 0x0f, 0xe8, 0xff, 0x07, 0x00, 0xe2, 0x0f, 0x00,
    0x0c, 0x78, 0x00, 0x26, 0xff, 0xff, 0xff, 0xff, 0x70, 0x42, 0xf1, 0x03,
    0x00, 0xe4, 0x0f, 0x00, 0x35, 0x72, 0x1e, 0x1e, 0x0a, 0x00, 0x00, 0x00,
    0x00, 0x02, 0x8e, 0x07, 0x00, 0xe4, 0x0f, 0x00, 0x02, 0x72, 0x09, 0x00,
    0x08, 0x00, 0x00, 0x00, 0x00, 0x0f, 0x00, 0x00, 0x00, 0xc8, 0x0f, 0x00,
    0x0c, 0x78, 0x00, 0x1e, 0xff, 0xff, 0xff, 0xff, 0x70, 0x42, 0xf7, 0x03,
    0x00, 0xcc, 0x0f, 0x00, 0x02, 0x02, 0x0d, 0x00, 0xff, 0x00, 0x00, 0x00,
    0x00, 0x0f, 0x00, 0x00, 0x00, 0xe2, 0x0f, 0x00, 0x35, 0x82, 0x03, 0xff,
    0x26, 0x00, 0x00, 0x80, 0x00, 0x00, 0x8e, 0x07, 0x00, 0xc8, 0x0f, 0x00,
    0x0c, 0x02, 0x00, 0x26, 0x0c, 0x00, 0x00, 0x00, 0x70, 0x60, 0xf3, 0x03,
    0x00, 0xe4, 0x0f, 0x0c, 0x35, 0x02, 0x0c, 0x26, 0x0c, 0x00, 0x00, 0x80,
    0x00, 0x02, 0x8e, 0x07, 0x00, 0xe4, 0x0f, 0x00, 0x02, 0x32, 0x11, 0x00,
    0xff, 0x00, 0x00, 0x00, 0x00, 0x0f, 0x00, 0x00, 0x00, 0xe4, 0x0f, 0x00,
    0x35, 0x08, 0x0c, 0x0c, 0x01, 0x00, 0x00, 0x00, 0x00, 0x02, 0x8e, 0x07,
    0x00, 0xc6, 0x0f, 0x00, 0x0c, 0x32, 0x00, 0x1e, 0x10, 0x00, 0x00, 0x00,
    0x70, 0x60, 0xf9, 0x03, 0x00, 0xe4, 0x0f, 0x0c, 0x35, 0x32, 0x10, 0x1e,
    0x10, 0x00, 0x00, 0x80, 0x00, 0x02, 0x8e, 0x07, 0x00, 0xe4, 0x0f, 0x00,
    0x07, 0x06, 0x0c, 0x0c, 0xff, 0x00, 0x00, 0x00, 0x00, 0x00, 0x80, 0x00,
    0x00, 0xe4, 0x0f, 0x00, 0x35, 0x38, 0x10, 0x10, 0x01, 0x00, 0x00, 0x00,
    0x00, 0x02, 0x8e, 0x07, 0x00, 0xe4, 0x0f, 0x00, 0x35, 0xb2, 0x1e, 0xff,
    0x1e, 0x00, 0x00, 0x80, 0x00, 0x00, 0x8e, 0x07, 0x00, 0xe4, 0x0f, 0x00,
    0x07, 0x36, 0x10, 0x10, 0xff, 0x00, 0x00, 0x00, 0x00, 0x00, 0x00, 0x02,
    0x00, 0xc4, 0x0f, 0x00, 0x02, 0x02, 0x03, 0x00, 0x0c, 0x00, 0x00, 0x00,
    0x00, 0x0f, 0x00, 0x00, 0x00, 0xc8, 0x0f, 0x00, 0x02, 0x32, 0x1e, 0x00,
    0x10, 0x00, 0x00, 0x00, 0x00, 0x0f, 0x00, 0x00, 0x00, 0xca, 0x0f, 0x00,
    0x12, 0x72, 0xff, 0x03, 0x1e, 0x00, 0x00, 0x00, 0xff, 0xfc, 0x80, 0x07,
    0x00, 0xda, 0x0f, 0x00, 0x47, 0x89, 0x38, 0x00, 0x30, 0x00, 0x00, 0x00,
    0x00, 0x00, 0x80, 0x03, 0x00, 0xea, 0x0f, 0x00, 0x0c, 0x72, 0x00, 0x1e,
    0xff, 0x00, 0x00, 0x00, 0x70, 0x50, 0xf0, 0x03, 0x00, 0xe2, 0x0f, 0x04,
    0x0c, 0x72, 0x00, 0x03, 0x1e, 0x00, 0x00, 0x00, 0x70, 0x40, 0xf2, 0x03,
    0x00, 0xe2, 0x0f, 0x0c, 0x11, 0x72, 0x05, 0x1e, 0x03, 0x00, 0x00, 0x00,
    0xff, 0xf8, 0x8f, 0x07, 0x00, 0xe4, 0x0f, 0x00, 0x11, 0x72, 0x1e, 0x03,
    0x1e, 0x00, 0x00, 0x00, 0xff, 0xf8, 0x8f, 0x07, 0x00, 0xe2, 0x0f, 0x04,
    0x0c, 0x72, 0x00, 0x03, 0xff, 0x00, 0x00, 0x00, 0x70, 0x24, 0x70, 0x04,
    0x00, 0xe2, 0x0f, 0x00, 0x02, 0x72, 0x09, 0x00, 0x08, 0x00, 0x00, 0x00,
    0x00, 0x0f, 0x00, 0x00, 0x00, 0xc6, 0x0f, 0x00, 0x07, 0x72, 0x1e, 0x05,
    0x1e, 0x00, 0x00, 0x00, 0x00, 0x00, 0x80, 0x00, 0x00, 0xd2, 0x0f, 0x00,
    0x12, 0x88, 0x04, 0x04, 0xff, 0xff, 0x00, 0x00, 0xff, 0xc0, 0x8e, 0x07,
    0x00, 0xca, 0x0f, 0x00, 0x24, 0x88, 0x03, 0x04, 0xab, 0xaa, 0x00, 0x00,
    0xff, 0x02, 0x8e, 0x07, 0x00, 0xca, 0x0f, 0x00, 0x11, 0x82, 0x1e, 0x03,
    0x1e, 0x00, 0x00, 0x00, 0xff, 0x78, 0x8f, 0x07, 0x00, 0xca, 0x0f, 0x00,
    0x0c, 0x72, 0x00, 0x1e, 0x13, 0x00, 0x00, 0x00, 0x70, 0x60, 0xf0, 0x03,
    0x00, 0xda, 0x0f, 0x00, 0x47, 0x09, 0x08, 0x00, 0x30, 0x00, 0x00, 0x00,
    0x00, 0x00, 0x80, 0x03, 0x00, 0xea, 0x0f, 0x00, 0x24, 0x72, 0x0c, 0x13,
    0x13, 0x00, 0x00, 0x00, 0xff, 0x02, 0x8e, 0x07, 0x00, 0xe2, 0x0f, 0x04,
    0x35, 0x72, 0x1e, 0x13, 0x1e, 0x00, 0x00, 0x80, 0x00, 0x00, 0x8e, 0x07,
    0x00, 0xc6, 0x0f, 0x00, 0x06, 0x73, 0x03, 0x00, 0x0c, 0x00, 0x00, 0x00,
    0x00, 0x90, 0x20, 0x00, 0x00, 0x62, 0x0e, 0x00, 0x35, 0x72, 0x09, 0xff,
    0x0c, 0x00, 0x00, 0x80, 0x00, 0x00, 0x8e, 0x07, 0x00, 0xe2, 0x0f, 0x00,
    0x24, 0x72, 0x07, 0x07, 0x1e, 0x00, 0x00, 0x00, 0xff, 0x02, 0x8e, 0x07,
    0x00, 0xe2, 0x0f, 0x00, 0x0c, 0x72, 0x00, 0x0c, 0xff, 0x00, 0x00, 0x00,
    0x70, 0x50, 0xf6, 0x03, 0x00, 0xc6, 0x0f, 0x00, 0x24, 0x72, 0x07, 0x1e,
    0x07, 0x00, 0x00, 0x00, 0xff, 0x02, 0x8e, 0x07, 0x00, 0xe2, 0x0f, 0x00,
    0x08, 0x73, 0x03, 0x00, 0x03, 0x00, 0x00, 0x00, 0x00, 0x10, 0x00, 0x00,
    0x00, 0x64, 0x2e, 0x00, 0x35, 0x78, 0x04, 0x03, 0xfe, 0xff, 0xff, 0x0f,
    0x00, 0x00, 0x8e, 0x07, 0x00, 0xc8, 0x2f, 0x00, 0x05, 0x73, 0x05, 0x00,
    0x04, 0x00, 0x00, 0x00, 0x00, 0xf0, 0x21, 0x00, 0x00, 0xa4, 0x02, 0x00,
    0x31, 0x74, 0x04, 0xff, 0x00, 0x00, 0x00, 0x00, 0xff, 0x01, 0x00, 0x00,
    0x00, 0xe4, 0x2f, 0x00, 0x24, 0x72, 0x09, 0x09, 0x05, 0x00, 0x00, 0x00,
    0xff, 0x02, 0x8e, 0x07, 0x00, 0xc8, 0x4f, 0x00, 0x27, 0x72, 0x06, 0x05,
    0x09, 0x00, 0x00, 0x00, 0x04, 0x00, 0x8e, 0x07, 0x00, 0xe2, 0x0f, 0x00,
    0x02, 0x72, 0x05, 0x00, 0x02, 0x00, 0x00, 0x00, 0x00, 0x0f, 0x00, 0x00,
    0x00, 0xca, 0x0f, 0x00, 0x27, 0x72, 0x06, 0x06, 0x07, 0x00, 0x00, 0x00,
    0xff, 0x00, 0x8e, 0x07, 0x00, 0xca, 0x0f, 0x00, 0x35, 0x72, 0x0a, 0x06,
    0xff, 0x00, 0x00, 0x00, 0x00, 0x01, 0x8e, 0x07, 0x00, 0xca, 0x0f, 0x00,
    0x24, 0x72, 0x07, 0x0c, 0x0a, 0x00, 0x00, 0x00, 0x07, 0x02, 0x8e, 0x07,
    0x00, 0xca, 0x0f, 0x00, 0x0c, 0x72, 0x00, 0x07, 0x0c, 0x00, 0x00, 0x00,
    0x70, 0x60, 0xf0, 0x03, 0x00, 0xda, 0x0f, 0x00, 0x35, 0x02, 0x07, 0x0c,
    0x07, 0x00, 0x00, 0x00, 0x00, 0x01, 0x8e, 0x07, 0x00, 0xe2, 0x0f, 0x00,
    0x35, 0x08, 0x06, 0x06, 0x01, 0x00, 0x00, 0x00, 0x00, 0x00, 0x8e, 0x07,
    0x00, 0xc8, 0x0f, 0x00, 0x0c, 0x72, 0x00, 0x07, 0x0c, 0x00, 0x00, 0x00,
    0x70, 0x60, 0xf2, 0x03, 0x00, 0xda, 0x0f, 0x00, 0x35, 0x18, 0x06, 0x06,
    0x01, 0x00, 0x00, 0x00, 0x00, 0x00, 0x8e, 0x07, 0x00, 0xe2, 0x0f, 0x00,
    0x12, 0xb2, 0x06, 0xff, 0x0c, 0x00, 0x00, 0x00, 0xff, 0x33, 0x8e, 0x07,
    0x00, 0xca, 0x0f, 0x00, 0x02, 0x72, 0x07, 0x00, 0x06, 0x00, 0x00, 0x00,
    0x00, 0x0f, 0x00, 0x00, 0x00, 0xe2, 0x0f, 0x00, 0x47, 0x79, 0x28, 0x00,
    0x2c, 0x00, 0x00, 0x00, 0x00, 0x00, 0x80, 0x03, 0x00, 0xec, 0x0f, 0x00,
    0x82, 0x7b, 0x0a, 0xff, 0x00, 0xe2, 0x00, 0x00, 0x00, 0x0a, 0x00, 0x00,
    0x00, 0x62, 0x0e, 0x00, 0x0c, 0x72, 0x00, 0x0f, 0xff, 0x00, 0x00, 0x00,
    0x70, 0x50, 0xf0, 0x03, 0x00, 0xca, 0x0f, 0x00, 0x0c, 0x72, 0x00, 0x0a,
    0xff, 0x00, 0x00, 0x00, 0x70, 0x24, 0x71, 0x04, 0x00, 0xcc, 0x2f, 0x00,
    0x0c, 0x72, 0x00, 0x23, 0xff, 0x00, 0x00, 0x00, 0x70, 0x24, 0x70, 0x00,
    0x00, 0xca, 0x0f, 0x00, 0x0c, 0x78, 0x00, 0x03, 0x01, 0x00, 0x00, 0x00,
    0x70, 0x44, 0x70, 0x00, 0x00, 0xda, 0x0f, 0x00, 0x47, 0x09, 0x8c, 0x00,
    0x2c, 0x00, 0x00, 0x00, 0x00, 0x00, 0x80, 0x03, 0x00, 0xea, 0x0f, 0x00,
    0x35, 0x78, 0x0f, 0x0f, 0xff, 0xff, 0xff, 0xff, 0x00, 0x00, 0x8e, 0x07,
    0x00, 0xe2, 0x0f, 0x00, 0x35, 0x78, 0x23, 0x23, 0xff, 0xff, 0xff, 0xff,
    0x00, 0x00, 0x8e, 0x07, 0x00, 0xe2, 0x0f, 0x00, 0x48, 0x78, 0x0c, 0x0c,
    0x02, 0x00, 0x00, 0x00, 0x00, 0x01, 0xfe, 0x07, 0x00, 0xe2, 0x0f, 0x00,
    0x45, 0x79, 0x01, 0x00, 0x00, 0x03, 0x00, 0x00, 0x00, 0x02, 0x80, 0x03,
    0x00, 0xe2, 0x0f, 0x00, 0x48, 0x78, 0x10, 0x10, 0x02, 0x00, 0x00, 0x00,
    0x00, 0x01, 0xfe, 0x07, 0x00, 0xe2, 0x0f, 0x00, 0x24, 0x72, 0x09, 0x27,
    0x0f, 0x00, 0x00, 0x00, 0xff, 0x02, 0x8e, 0x07, 0x00, 0xe4, 0x0f, 0x08,
    0x25, 0x72, 0x12, 0x26, 0x0f, 0x00, 0x00, 0x00, 0xff, 0x00, 0x8e, 0x07,
    0x00, 0xc8, 0x0f, 0x00, 0x24, 0x72, 0x11, 0x1f, 0x23, 0x00, 0x00, 0x00,
    0xff, 0x02, 0x8e, 0x07, 0x00, 0xe2, 0x0f, 0x00, 0x35, 0x72, 0x0f, 0x13,
    0x09, 0x00, 0x00, 0x00, 0x00, 0x00, 0x8e, 0x07, 0x00, 0xe2, 0x0f, 0x00,
    0x25, 0x72, 0x1e, 0x1e, 0x23, 0x00, 0x00, 0x00, 0xff, 0x00, 0x8e, 0x07,
    0x00, 0xe2, 0x0f, 0x00, 0x35, 0x78, 0x23, 0x0c, 0xff, 0xff, 0xff, 0xff,
    0x00, 0x00, 0x8e, 0x07, 0x00, 0xc6, 0x0f, 0x00, 0x0c, 0x72, 0x00, 0x0f,
    0xff, 0x00, 0x00, 0x00, 0x70, 0x50, 0xf0, 0x03, 0x00, 0xe2, 0x0f, 0x00,
    0x35, 0x72, 0x11, 0x1f, 0x11, 0x00, 0x00, 0x00, 0x00, 0x00, 0x8e, 0x07,
    0x00, 0xd8, 0x0f, 0x00, 0x47, 0x09, 0x5c, 0x00, 0x00, 0x00, 0x00, 0x00,
    0x00, 0x00, 0x80, 0x03, 0x00, 0xea, 0x0f, 0x00, 0x06, 0x73, 0x09, 0x00,
    0x23, 0x00, 0x00, 0x00, 0x00, 0x90, 0x20, 0x00, 0x00, 0x62, 0x0e, 0x00,
    0x35, 0x72, 0x0d, 0xff, 0x23, 0x00, 0x00, 0x80, 0x00, 0x00, 0x8e, 0x07,
    0x00, 0xe2, 0x0f, 0x00, 0x0c, 0x72, 0x00, 0x23, 0xff, 0x00, 0x00, 0x00,
    0x70, 0x50, 0xf6, 0x03, 0x00, 0xe2, 0x0f, 0x00, 0x02, 0x72, 0x27, 0x00,
    0xff, 0x00, 0x00, 0x00, 0x00, 0x0f, 0x00, 0x00, 0x00, 0xe2, 0x0f, 0x00,
    0x08, 0x73, 0x09, 0x00, 0x09, 0x00, 0x00, 0x00, 0x00, 0x10, 0x00, 0x00,
    0x00, 0x64, 0x2e, 0x00, 0x35, 0x78, 0x0a, 0x09, 0xfe, 0xff, 0xff, 0x0f,
    0x00, 0x00, 0x8e, 0x07, 0x00, 0xc8, 0x2f, 0x00, 0x05, 0x73, 0x0b, 0x00,
    0x0a, 0x00, 0x00, 0x00, 0x00, 0xf0, 0x21, 0x00, 0x00, 0xa4, 0x02, 0x00,
    0x31, 0x74, 0x0a, 0xff, 0x00, 0x00, 0x00, 0x00, 0xff, 0x01, 0x00, 0x00,
    0x00, 0xe4, 0x2f, 0x00, 0x24, 0x72, 0x0d, 0x0d, 0x0b, 0x00, 0x00, 0x00,
    0xff, 0x02, 0x8e, 0x07, 0x00, 0xc8, 0x4f, 0x00, 0x27, 0x72, 0x0b, 0x0b,
    0x0d, 0x00, 0x00, 0x00, 0x0a, 0x00, 0x8e, 0x07, 0x00, 0xcc, 0x0f, 0x00,
    0x27, 0x72, 0x26, 0x0b, 0x12, 0x00, 0x00, 0x00, 0xff, 0x00, 0x8e, 0x07,
    0x00, 0xca, 0x0f, 0x00, 0x35, 0x72, 0x0c, 0x26, 0xff, 0x00, 0x00, 0x00,
    0x00, 0x01, 0x8e, 0x07, 0x00, 0xca, 0x0f, 0x00, 0x24, 0x72, 0x0c, 0x23,
    0x0c, 0x00, 0x00, 0x00, 0x12, 0x02, 0x8e, 0x07, 0x00, 0xca, 0x0f, 0x00,
    0x0c, 0x72, 0x00, 0x0c, 0x23, 0x00, 0x00, 0x00, 0x70, 0x60, 0xf0, 0x03,
    0x00, 0xda, 0x0f, 0x00, 0x35, 0x02, 0x0c, 0x23, 0x0c, 0x00, 0x00, 0x00,
    0x00, 0x01, 0x8e, 0x07, 0x00, 0xe2, 0x0f, 0x00, 0x35, 0x08, 0x26, 0x26,
    0x01, 0x00, 0x00, 0x00, 0x00, 0x00, 0x8e, 0x07, 0x00, 0xc8, 0x0f, 0x00,
    0x0c, 0x72, 0x00, 0x0c, 0x23, 0x00, 0x00, 0x00, 0x70, 0x60, 0xf2, 0x03,
    0x00, 0xda, 0x0f, 0x00, 0x35, 0x18, 0x26, 0x26, 0x01, 0x00, 0x00, 0x00,
    0x00, 0x00, 0x8e, 0x07, 0x00, 0xe2, 0x0f, 0x00, 0x12, 0xb2, 0x26, 0xff,
    0x23, 0x00, 0x00, 0x00, 0xff, 0x33, 0x8e, 0x07, 0x00, 0xca, 0x0f, 0x00,
    0x35, 0x72, 0x13, 0x26, 0xff, 0x00, 0x00, 0x00, 0x00, 0x01, 0x8e, 0x07,
    0x00, 0xca, 0x0f, 0x00, 0x24, 0x72, 0x12, 0x23, 0x13, 0x00, 0x00, 0x00,
    0x12, 0x02, 0x8e, 0x07, 0x00, 0xe4, 0x0f, 0x00, 0x31, 0x74, 0x13, 0xff,
    0x00, 0x00, 0x00, 0x00, 0xff, 0x01, 0x00, 0x00, 0x00, 0xe2, 0x0f, 0x00,
    0x47, 0x79, 0x34, 0x00, 0x00, 0x00, 0x00, 0x00, 0x00, 0x00, 0x80, 0x03,
    0x00, 0xec, 0x0f, 0x00, 0x31, 0x74, 0x09, 0xff, 0x00, 0x00, 0x00, 0x00,
    0xff, 0x01, 0x00, 0x00, 0x00, 0xe2, 0x0f, 0x00, 0x02, 0x72, 0x0e, 0x00,
    0x12, 0x00, 0x00, 0x00, 0x00, 0x0f, 0x00, 0x00, 0x00, 0xe2, 0x0f, 0x00,
    0x02, 0x72, 0x0c, 0x00, 0x23, 0x00, 0x00, 0x00, 0x00, 0x0f, 0x00, 0x00,
    0x00, 0xe2, 0x0f, 0x00, 0x02, 0x78, 0x0a, 0x00, 0xa0, 0x20, 0x00, 0x00,
    0x00, 0x0f, 0x00, 0x00, 0x00, 0xce, 0x0f, 0x00, 0x44, 0x79, 0xfc, 0x00,
    0x28, 0x00, 0x00, 0x00, 0x00, 0x00, 0xc0, 0x03, 0x00, 0xea, 0x1f, 0x00,
    0x35, 0x72, 0x13, 0xff, 0x20, 0x00, 0x00, 0x80, 0x00, 0x00, 0x80, 0x07,
    0x00, 0xe2, 0x0f, 0x00, 0x02, 0x72, 0x0e, 0x00, 0x12, 0x00, 0x00, 0x00,
    0x00, 0x0f, 0x00, 0x00, 0x00, 0xe2, 0x0f, 0x00, 0x02, 0x72, 0x26, 0x00,
    0x20, 0x00, 0x00, 0x00, 0x00, 0x0f, 0x00, 0x00, 0x00, 0xc6, 0x0f, 0x00,
    0x35, 0x72, 0x0a, 0xff, 0x21, 0x00, 0x00, 0x80, 0x00, 0x04, 0x0e, 0x00,
    0x00, 0xe2, 0x0f, 0x08, 0x02, 0x72, 0x27, 0x00, 0x21, 0x00, 0x00, 0x00,
    0x00, 0x0f, 0x00, 0x00, 0x00, 0xe2, 0x0f, 0x00, 0x25, 0x72, 0x12, 0x23,
    0x13, 0x00, 0x00, 0x00, 0x0e, 0x00, 0x8e, 0x07, 0x00, 0xc8, 0x0f, 0x00,
    0x24, 0x72, 0x09, 0x0a, 0x23, 0x00, 0x00, 0x00, 0xff, 0x02, 0x8e, 0x07,
    0x00, 0xca, 0x0f, 0x00, 0x35, 0x72, 0x13, 0x13, 0x09, 0x00, 0x00, 0x00,
    0x00, 0x00, 0x8e, 0x07, 0x00, 0xce, 0x0f, 0x00, 0x18, 0x79, 0x00, 0x00,
    0x00, 0x00, 0x00, 0x00, 0x00, 0x00, 0x00, 0x00, 0x00, 0xe2, 0x0f, 0x00,
    0x41, 0x79, 0x01, 0x00, 0x00, 0x00, 0x00, 0x00, 0x00, 0x02, 0x80, 0x03,
    0x00, 0xea, 0x0f, 0x00, 0x19, 0x78, 0x0f, 0x12, 0x08, 0x00, 0x00, 0x00,
    0x13, 0x02, 0x01, 0x00, 0x00, 0xe2, 0x0f, 0x04, 0x45, 0x79, 0x01, 0x00,
    0xf0, 0x01, 0x00, 0x00, 0x00, 0x02, 0x80, 0x03, 0x00, 0xe2, 0x0f, 0x00,
    0x24, 0x78, 0x0e, 0x12, 0x00, 0x01, 0x00, 0x00, 0xff, 0x00, 0x8e, 0x07,
    0x00, 0xe4, 0x0f, 0x00, 0x12, 0x78, 0xff, 0x0f, 0xff, 0xff, 0xff, 0x7f,
    0xff, 0xc0, 0x80, 0x07, 0x00, 0xda, 0x0f, 0x00, 0x47, 0x09, 0x50, 0x00,
    0x00, 0x00, 0x00, 0x00, 0x00, 0x00, 0x80, 0x03, 0x00, 0xea, 0x0f, 0x00,
    0x06, 0x73, 0x09, 0x00, 0x23, 0x00, 0x00, 0x00, 0x00, 0x90, 0x20, 0x00,
    0x00, 0x62, 0x0e, 0x00, 0x35, 0x72, 0x0d, 0xff, 0x23, 0x00, 0x00, 0x80,
    0x00, 0x00, 0x8e, 0x07, 0x00, 0xe2, 0x0f, 0x00, 0x31, 0x74, 0x0a, 0xff,
    0x00, 0x00, 0x00, 0x00, 0xff, 0x01, 0x00, 0x00, 0x00, 0xe2, 0x0f, 0x00,
    0x0c, 0x72, 0x00, 0x23, 0xff, 0x00, 0x00, 0x00, 0x70, 0x50, 0xf6, 0x03,
    0x00, 0xe2, 0x0f, 0x00, 0x02, 0x72, 0x29, 0x00, 0xff, 0x00, 0x00, 0x00,
    0x00, 0x0f, 0x00, 0x00, 0x00, 0xe2, 0x0f, 0x00, 0x08, 0x73, 0x09, 0x00,
    0x09, 0x00, 0x00, 0x00, 0x00, 0x10, 0x00, 0x00, 0x00, 0x64, 0x2e, 0x00,
    0x35, 0x78, 0x0b, 0x09, 0xfe, 0xff, 0xff, 0x0f, 0x00, 0x00, 0x8e, 0x07,
    0x00, 0xcc, 0x2f, 0x00, 0x05, 0x73, 0x0b, 0x00, 0x0b, 0x00, 0x00, 0x00,
    0x00, 0xf0, 0x21, 0x00, 0x00, 0x64, 0x0e, 0x00, 0x24, 0x72, 0x0d, 0x0d,
    0x0b, 0x00, 0x00, 0x00, 0xff, 0x02, 0x8e, 0x07, 0x00, 0xc8, 0x2f, 0x00,
    0x27, 0x72, 0x0d, 0x0b, 0x0d, 0x00, 0x00, 0x00, 0x0a, 0x00, 0x8e, 0x07,
    0x00, 0xcc, 0x0f, 0x00, 0x27, 0x72, 0x28, 0x0d, 0x0e, 0x00, 0x00, 0x00,
    0xff, 0x00, 0x8e, 0x07, 0x00, 0xca, 0x0f, 0x00, 0x35, 0x72, 0x0a, 0x28,
    0xff, 0x00, 0x00, 0x00, 0x00, 0x01, 0x8e, 0x07, 0x00, 0xca, 0x0f, 0x00,
    0x24, 0x72, 0x0a, 0x23, 0x0a, 0x00, 0x00, 0x00, 0x0e, 0x02, 0x8e, 0x07,
    0x00, 0xca, 0x0f, 0x00, 0x0c, 0x72, 0x00, 0x0a, 0x23, 0x00, 0x00, 0x00,
    0x70, 0x60, 0xf0, 0x03, 0x00, 0xda, 0x0f, 0x00, 0x35, 0x02, 0x0a, 0x23,
    0x0a, 0x00, 0x00, 0x00, 0x00, 0x01, 0x8e, 0x07, 0x00, 0xe2, 0x0f, 0x00,
    0x35, 0x08, 0x28, 0x28, 0x01, 0x00, 0x00, 0x00, 0x00, 0x00, 0x8e, 0x07,
    0x00, 0xc8, 0x0f, 0x00, 0x0c, 0x72, 0x00, 0x0a, 0x23, 0x00, 0x00, 0x00,
    0x70, 0x60, 0xf2, 0x03, 0x00, 0xda, 0x0f, 0x00, 0x35, 0x18, 0x28, 0x28,
    0x01, 0x00, 0x00, 0x00, 0x00, 0x00, 0x8e, 0x07, 0x00, 0xe2, 0x0f, 0x00,
    0x12, 0xb2, 0x28, 0xff, 0x23, 0x00, 0x00, 0x00, 0xff, 0x33, 0x8e, 0x07,
    0x00, 0xe2, 0x0f, 0x00, 0x47, 0x79, 0x18, 0x00, 0x00, 0x00, 0x00, 0x00,
    0x00, 0x00, 0x80, 0x03, 0x00, 0xec, 0x0f, 0x00, 0x31, 0x74, 0x09, 0xff,
    0x00, 0x00, 0x00, 0x00, 0xff, 0x01, 0x00, 0x00, 0x00, 0xe2, 0x0f, 0x00,
    0x02, 0x72, 0x0c, 0x00, 0x23, 0x00, 0x00, 0x00, 0x00, 0x0f, 0x00, 0x00,
    0x00, 0xe2, 0x0f, 0x00, 0x02, 0x78, 0x0a, 0x00, 0x10, 0x23, 0x00, 0x00,
    0x00, 0x0f, 0x00, 0x00, 0x00, 0xce, 0x0f, 0x00, 0x44, 0x79, 0x60, 0x00,
    0x28, 0x00, 0x00, 0x00, 0x00, 0x00, 0xc0, 0x03, 0x00, 0xea, 0x1f, 0x00,
    0x02, 0x72, 0x28, 0x00, 0x20, 0x00, 0x00, 0x00, 0x00, 0x0f, 0x00, 0x00,
    0x00, 0xe2, 0x0f, 0x00, 0x02, 0x72, 0x29, 0x00, 0x21, 0x00, 0x00, 0x00,
    0x00, 0x0f, 0x00, 0x00, 0x00, 0xce, 0x0f, 0x00, 0x18, 0x79, 0x00, 0x00,
    0x00, 0x00, 0x00, 0x00, 0x00, 0x00, 0x00, 0x00, 0x00, 0xe2, 0x0f, 0x00,
    0x41, 0x79, 0x01, 0x00, 0x00, 0x00, 0x00, 0x00, 0x00, 0x02, 0x80, 0x03,
    0x00, 0xea, 0x0f, 0x00, 0x0c, 0x72, 0x00, 0x11, 0xff, 0x00, 0x00, 0x00,
    0x70, 0x50, 0xf0, 0x03, 0x00, 0xe2, 0x0f, 0x00, 0x45, 0x79, 0x01, 0x00,
    0x90, 0x02, 0x00, 0x00, 0x00, 0x02, 0x80, 0x03, 0x00, 0xe2, 0x0f, 0x00,
    0x35, 0x78, 0x13, 0x10, 0xff, 0xff, 0xff, 0xff, 0x00, 0x00, 0x8e, 0x07,
    0x00, 0xd6, 0x0f, 0x00, 0x47, 0x09, 0x5c, 0x00, 0x00, 0x00, 0x00, 0x00,
    0x00, 0x00, 0x80, 0x03, 0x00, 0xea, 0x0f, 0x00, 0x06, 0x73, 0x09, 0x00,
    0x13, 0x00, 0x00, 0x00, 0x00, 0x90, 0x20, 0x00, 0x00, 0x62, 0x0e, 0x00,
    0x35, 0x72, 0x0d, 0xff, 0x13, 0x00, 0x00, 0x80, 0x00, 0x00, 0x8e, 0x07,
    0x00, 0xe2, 0x0f, 0x00, 0x0c, 0x72, 0x00, 0x13, 0xff, 0x00, 0x00, 0x00,
    0x70, 0x50, 0xf6, 0x03, 0x00, 0xe2, 0x0f, 0x00, 0x02, 0x72, 0x11, 0x00,
    0xff, 0x00, 0x00, 0x00, 0x00, 0x0f, 0x00, 0x00, 0x00, 0xe2, 0x0f, 0x00,
    0x08, 0x73, 0x09, 0x00, 0x09, 0x00, 0x00, 0x00, 0x00, 0x10, 0x00, 0x00,
    0x00, 0x64, 0x2e, 0x00, 0x35, 0x78, 0x0a, 0x09, 0xfe, 0xff, 0xff, 0x0f,
    0x00, 0x00, 0x8e, 0x07, 0x00, 0xc8, 0x2f, 0x00, 0x05, 0x73, 0x0b, 0x00,
    0x0a, 0x00, 0x00, 0x00, 0x00, 0xf0, 0x21, 0x00, 0x00, 0xa4, 0x02, 0x00,
    0x31, 0x74, 0x0a, 0xff, 0x00, 0x00, 0x00, 0x00, 0xff, 0x01, 0x00, 0x00,
    0x00, 0xe4, 0x2f, 0x00, 0x24, 0x72, 0x0d, 0x0d, 0x0b, 0x00, 0x00, 0x00,
    0xff, 0x02, 0x8e, 0x07, 0x00, 0xc8, 0x4f, 0x00, 0x27, 0x72, 0x0b, 0x0b,
    0x0d, 0x00, 0x00, 0x00, 0x0a, 0x00, 0x8e, 0x07, 0x00, 0xcc, 0x0f, 0x00,
    0x27, 0x72, 0x10, 0x0b, 0x1e, 0x00, 0x00, 0x00, 0xff, 0x00, 0x8e, 0x07,
    0x00, 0xca, 0x0f, 0x00, 0x35, 0x72, 0x0c, 0x10, 0xff, 0x00, 0x00, 0x00,
    0x00, 0x01, 0x8e, 0x07, 0x00, 0xca, 0x0f, 0x00, 0x24, 0x72, 0x0c, 0x13,
    0x0c, 0x00, 0x00, 0x00, 0x1e, 0x02, 0x8e, 0x07, 0x00, 0xca, 0x0f, 0x00,
    0x0c, 0x72, 0x00, 0x0c, 0x13, 0x00, 0x00, 0x00, 0x70, 0x60, 0xf0, 0x03,
    0x00, 0xda, 0x0f, 0x00, 0x35, 0x02, 0x0c, 0x13, 0x0c, 0x00, 0x00, 0x00,
    0x00, 0x01, 0x8e, 0x07, 0x00, 0xe2, 0x0f, 0x00, 0x35, 0x08, 0x10, 0x10,
    0x01, 0x00, 0x00, 0x00, 0x00, 0x00, 0x8e, 0x07, 0x00, 0xc8, 0x0f, 0x00,
    0x0c, 0x72, 0x00, 0x0c, 0x13, 0x00, 0x00, 0x00, 0x70, 0x60, 0xf2, 0x03,
    0x00, 0xda, 0x0f, 0x00, 0x35, 0x18, 0x10, 0x10, 0x01, 0x00, 0x00, 0x00,
    0x00, 0x00, 0x8e, 0x07, 0x00, 0xe2, 0x0f, 0x00, 0x12, 0xb2, 0x10, 0xff,
    0x13, 0x00, 0x00, 0x00, 0xff, 0x33, 0x8e, 0x07, 0x00, 0xca, 0x0f, 0x00,
    0x35, 0x72, 0x1f, 0x10, 0xff, 0x00, 0x00, 0x00, 0x00, 0x01, 0x8e, 0x07,
    0x00, 0xca, 0x0f, 0x00, 0x24, 0x72, 0x1e, 0x13, 0x1f, 0x00, 0x00, 0x00,
    0x1e, 0x02, 0x8e, 0x07, 0x00, 0xe4, 0x0f, 0x00, 0x31, 0x74, 0x1f, 0xff,
    0x00, 0x00, 0x00, 0x00, 0xff, 0x01, 0x00, 0x00, 0x00, 0xe2, 0x0f, 0x00,
    0x47, 0x79, 0x38, 0x00, 0x00, 0x00, 0x00, 0x00, 0x00, 0x00, 0x80, 0x03,
    0x00, 0xec, 0x0f, 0x00, 0x31, 0x74, 0x09, 0xff, 0x00, 0x00, 0x00, 0x00,
    0xff, 0x01, 0x00, 0x00, 0x00, 0xe2, 0x0f, 0x00, 0x02, 0x72, 0x0e, 0x00,
    0x1e, 0x00, 0x00, 0x00, 0x00, 0x0f, 0x00, 0x00, 0x00, 0xe2, 0x0f, 0x00,
    0x02, 0x72, 0x0f, 0x00, 0x11, 0x00, 0x00, 0x00, 0x00, 0x0f, 0x00, 0x00,
    0x00, 0xe2, 0x0f, 0x00, 0x02, 0x72, 0x0c, 0x00, 0x13, 0x00, 0x00, 0x00,
    0x00, 0x0f, 0x00, 0x00, 0x00, 0xe2, 0x0f, 0x00, 0x02, 0x78, 0x0a, 0x00,
    0x60, 0x25, 0x00, 0x00, 0x00, 0x0f, 0x00, 0x00, 0x00, 0xce, 0x0f, 0x00,
    0x44, 0x79, 0xcc, 0x00, 0x24, 0x00, 0x00, 0x00, 0x00, 0x00, 0xc0, 0x03,
    0x00, 0xea, 0x1f, 0x00, 0x35, 0x72, 0x1f, 0xff, 0x20, 0x00, 0x00, 0x80,
    0x00, 0x00, 0x80, 0x07, 0x00, 0xe2, 0x0f, 0x00, 0x02, 0x72, 0x10, 0x00,
    0x1e, 0x00, 0x00, 0x00, 0x00, 0x0f, 0x00, 0x00, 0x00, 0xc8, 0x0f, 0x00,
    0x35, 0x72, 0x0a, 0xff, 0x21, 0x00, 0x00, 0x80, 0x00, 0x04, 0x0e, 0x00,
    0x00, 0xe2, 0x0f, 0x00, 0x25, 0x72, 0x1e, 0x13, 0x1f, 0x00, 0x00, 0x00,
    0x10, 0x00, 0x8e, 0x07, 0x00, 0xe2, 0x0f, 0x00, 0x02, 0x72, 0x10, 0x00,
    0x20, 0x00, 0x00, 0x00, 0x00, 0x0f, 0x00, 0x00, 0x00, 0xe2, 0x0f, 0x00,
    0x02, 0x72, 0x11, 0x00, 0x21, 0x00, 0x00, 0x00, 0x00, 0x0f, 0x00, 0x00,
    0x00, 0xe4, 0x0f, 0x00, 0x24, 0x72, 0x09, 0x0a, 0x13, 0x00, 0x00, 0x00,
    0xff, 0x02, 0x8e, 0x07, 0x00, 0xca, 0x0f, 0x00, 0x35, 0x72, 0x1f, 0x1f,
    0x09, 0x00, 0x00, 0x00, 0x00, 0x00, 0x8e, 0x07, 0x00, 0xce, 0x0f, 0x00,
    0x18, 0x79, 0x00, 0x00, 0x00, 0x00, 0x00, 0x00, 0x00, 0x00, 0x00, 0x00,
    0x00, 0xe2, 0x0f, 0x00, 0x41, 0x79, 0x01, 0x00, 0x00, 0x00, 0x00, 0x00,
    0x00, 0x02, 0x80, 0x03, 0x00, 0xea, 0x0f, 0x00, 0x19, 0x78, 0x0f, 0x1e,
    0x08, 0x00, 0x00, 0x00, 0x1f, 0x02, 0x01, 0x00, 0x00, 0xe2, 0x0f, 0x04,
    0x45, 0x79, 0x01, 0x00, 0xd0, 0x01, 0x00, 0x00, 0x00, 0x02, 0x80, 0x03,
    0x00, 0xe2, 0x0f, 0x00, 0x24, 0x78, 0x0e, 0x1e, 0x00, 0x01, 0x00, 0x00,
    0xff, 0x00, 0x8e, 0x07, 0x00, 0xe4, 0x0f, 0x00, 0x12, 0x78, 0xff, 0x0f,
    0xff, 0xff, 0xff, 0x7f, 0xff, 0xc0, 0x80, 0x07, 0x00, 0xda, 0x0f, 0x00,
    0x47, 0x09, 0x50, 0x00, 0x00, 0x00, 0x00, 0x00, 0x00, 0x00, 0x80, 0x03,
    0x00, 0xea, 0x0f, 0x00, 0x06, 0x73, 0x09, 0x00, 0x13, 0x00, 0x00, 0x00,
    0x00, 0x90, 0x20, 0x00, 0x00, 0x62, 0x0e, 0x00, 0x35, 0x72, 0x0d, 0xff,
    0x13, 0x00, 0x00, 0x80, 0x00, 0x00, 0x8e, 0x07, 0x00, 0xe2, 0x0f, 0x00,
    0x31, 0x74, 0x0a, 0xff, 0x00, 0x00, 0x00, 0x00, 0xff, 0x01, 0x00, 0x00,
    0x00, 0xe2, 0x0f, 0x00, 0x0c, 0x72, 0x00, 0x13, 0xff, 0x00, 0x00, 0x00,
    0x70, 0x50, 0xf6, 0x03, 0x00, 0xe2, 0x0f, 0x00, 0x02, 0x72, 0x21, 0x00,
    0xff, 0x00, 0x00, 0x00, 0x00, 0x0f, 0x00, 0x00, 0x00, 0xe2, 0x0f, 0x00,
    0x08, 0x73, 0x09, 0x00, 0x09, 0x00, 0x00, 0x00, 0x00, 0x10, 0x00, 0x00,
    0x00, 0x64, 0x2e, 0x00, 0x35, 0x78, 0x0b, 0x09, 0xfe, 0xff, 0xff, 0x0f,
    0x00, 0x00, 0x8e, 0x07, 0x00, 0xcc, 0x2f, 0x00, 0x05, 0x73, 0x0b, 0x00,
    0x0b, 0x00, 0x00, 0x00, 0x00, 0xf0, 0x21, 0x00, 0x00, 0x64, 0x0e, 0x00,
    0x24, 0x72, 0x0d, 0x0d, 0x0b, 0x00, 0x00, 0x00, 0xff, 0x02, 0x8e, 0x07,
    0x00, 0xc8, 0x2f, 0x00, 0x27, 0x72, 0x0d, 0x0b, 0x0d, 0x00, 0x00, 0x00,
    0x0a, 0x00, 0x8e, 0x07, 0x00, 0xcc, 0x0f, 0x00, 0x27, 0x72, 0x20, 0x0d,
    0x0e, 0x00, 0x00, 0x00, 0xff, 0x00, 0x8e, 0x07, 0x00, 0xca, 0x0f, 0x00,
    0x35, 0x72, 0x0a, 0x20, 0xff, 0x00, 0x00, 0x00, 0x00, 0x01, 0x8e, 0x07,
    0x00, 0xca, 0x0f, 0x00, 0x24, 0x72, 0x0a, 0x13, 0x0a, 0x00, 0x00, 0x00,
    0x0e, 0x02, 0x8e, 0x07, 0x00, 0xca, 0x0f, 0x00, 0x0c, 0x72, 0x00, 0x0a,
    0x13, 0x00, 0x00, 0x00, 0x70, 0x60, 0xf0, 0x03, 0x00, 0xda, 0x0f, 0x00,
    0x35, 0x02, 0x0a, 0x13, 0x0a, 0x00, 0x00, 0x00, 0x00, 0x01, 0x8e, 0x07,
    0x00, 0xe2, 0x0f, 0x00, 0x35, 0x08, 0x20, 0x20, 0x01, 0x00, 0x00, 0x00,
    0x00, 0x00, 0x8e, 0x07, 0x00, 0xc8, 0x0f, 0x00, 0x0c, 0x72, 0x00, 0x0a,
    0x13, 0x00, 0x00, 0x00, 0x70, 0x60, 0xf2, 0x03, 0x00, 0xda, 0x0f, 0x00,
    0x35, 0x18, 0x20, 0x20, 0x01, 0x00, 0x00, 0x00, 0x00, 0x00, 0x8e, 0x07,
    0x00, 0xe2, 0x0f, 0x00, 0x12, 0xb2, 0x20, 0xff, 0x13, 0x00, 0x00, 0x00,
    0xff, 0x33, 0x8e, 0x07, 0x00, 0xe2, 0x0f, 0x00, 0x47, 0x79, 0x10, 0x00,
    0x00, 0x00, 0x00, 0x00, 0x00, 0x00, 0x80, 0x03, 0x00, 0xec, 0x0f, 0x00,
    0x31, 0x74, 0x09, 0xff, 0x00, 0x00, 0x00, 0x00, 0xff, 0x01, 0x00, 0x00,
    0x00, 0xe2, 0x0f, 0x00, 0x02, 0x72, 0x0c, 0x00, 0x13, 0x00, 0x00, 0x00,
    0x00, 0x0f, 0x00, 0x00, 0x00, 0xe2, 0x0f, 0x00, 0x02, 0x78, 0x0a, 0x00,
    0xd0, 0x27, 0x00, 0x00, 0x00, 0x0f, 0x00, 0x00, 0x00, 0xce, 0x0f, 0x00,
    0x44, 0x79, 0x30, 0x00, 0x24, 0x00, 0x00, 0x00, 0x00, 0x00, 0xc0, 0x03,
    0x00, 0xea, 0x1f, 0x00, 0x18, 0x79, 0x00, 0x00, 0x00, 0x00, 0x00, 0x00,
    0x00, 0x00, 0x00, 0x00, 0x00, 0xe2, 0x0f, 0x00, 0x41, 0x79, 0x01, 0x00,
    0x00, 0x00, 0x00, 0x00, 0x00, 0x02, 0x80, 0x03, 0x00, 0xea, 0x0f, 0x00,
    0x19, 0x78, 0x0a, 0x28, 0x08, 0x00, 0x00, 0x00, 0x29, 0x12, 0x00, 0x00,
    0x00, 0xe4, 0x0f, 0x14, 0x19, 0x78, 0x0b, 0xff, 0x08, 0x00, 0x00, 0x00,
    0x29, 0x16, 0x01, 0x00, 0x00, 0xe4, 0x0f, 0x00, 0x12, 0x78, 0xff, 0x28,
    0xff, 0x00, 0x00, 0x00, 0xff, 0xc0, 0x80, 0x07, 0x00, 0xe4, 0x0f, 0x00,
    0x19, 0x78, 0x0e, 0x20, 0x08, 0x00, 0x00, 0x00, 0x21, 0x12, 0x00, 0x00,
    0x00, 0xe2, 0x0f, 0x00, 0x35, 0x72, 0x26, 0x26, 0x0a, 0x00, 0x00, 0x00,
    0x00, 0x02, 0x8e, 0x07, 0x00, 0xe4, 0x0f, 0x00, 0x07, 0x74, 0x0c, 0xff,
    0x01, 0x00, 0x00, 0x00, 0x00, 0x00, 0x00, 0x04, 0x00, 0xe4, 0x0f, 0x00,
    0x02, 0x74, 0x0a, 0xff, 0xff, 0xff, 0xff, 0x00, 0x00, 0x00, 0x00, 0x00,
    0x00, 0xc4, 0x0f, 0x00, 0x02, 0x72, 0x09, 0x00, 0x08, 0x00, 0x00, 0x00,
    0x00, 0x0f, 0x00, 0x00, 0x00, 0xe2, 0x0f, 0x00, 0x12, 0x78, 0x27, 0x27,
    0xff, 0xff, 0xff, 0x00, 0xff, 0xc0, 0x8e, 0x07, 0x00, 0xe4, 0x0f, 0x00,
    0x19, 0x78, 0x0f, 0xff, 0x08, 0x00, 0x00, 0x00, 0x21, 0x16, 0x01, 0x00,
    0x00, 0xc6, 0x0f, 0x00, 0x35, 0x72, 0x14, 0x14, 0x26, 0x00, 0x00, 0x00,
    0x00, 0x02, 0x8e, 0x07, 0x00, 0xe4, 0x0f, 0x00, 0x35, 0x72, 0x10, 0x10,
    0x0e, 0x00, 0x00, 0x00, 0x00, 0x02, 0x8e, 0x07, 0x00, 0xe4, 0x0f, 0x00,
    0x35, 0x72, 0x0c, 0x14, 0x0c, 0x00, 0x00, 0x00, 0x00, 0x02, 0x8e, 0x07,
    0x00, 0xe4, 0x0f, 0x00, 0x02, 0x72, 0x0e, 0x00, 0x04, 0x00, 0x00, 0x00,
    0x00, 0x0f, 0x00, 0x00, 0x00, 0xe2, 0x0f, 0x00, 0x12, 0x78, 0x11, 0x11,
    0xff, 0xff, 0xff, 0x00, 0xff, 0xc0, 0x8e, 0x07, 0x00, 0xe2, 0x0f, 0x00,
    0x31, 0x74, 0x0f, 0xff, 0x00, 0x00, 0x00, 0x00, 0xff, 0x01, 0x00, 0x00,
    0x00, 0xe4, 0x0f, 0x00, 0x0c, 0x72, 0x00, 0x0c, 0x0a, 0x00, 0x00, 0x00,
    0x70, 0x40, 0xf1, 0x03, 0x00, 0xc6, 0x0f, 0x00, 0x35, 0x72, 0x0e, 0x0e,
    0x10, 0x00, 0x00, 0x00, 0x00, 0x02, 0x8e, 0x07, 0x00, 0xd6, 0x0f, 0x00,
    0x47, 0x09, 0xc4, 0x00, 0x20, 0x00, 0x00, 0x00, 0x00, 0x00, 0x80, 0x03,
    0x00, 0xea, 0x0f, 0x00, 0x12, 0x78, 0x20, 0x20, 0xff, 0x00, 0x00, 0x00,
    0xff, 0xc0, 0x8e, 0x07, 0x00, 0xe2, 0x0f, 0x00, 0x02, 0x72, 0x09, 0x00,
    0x08, 0x00, 0x00, 0x00, 0x00, 0x0f, 0x00, 0x00, 0x00, 0xc8, 0x0f, 0x00,
    0x0c, 0x72, 0x00, 0x20, 0xff, 0x00, 0x00, 0x00, 0x70, 0x50, 0xf0, 0x03,
    0x00, 0xca, 0x0f, 0x00, 0x07, 0x74, 0x10, 0xff, 0x01, 0x00, 0x00, 0x00,
    0x00, 0x00, 0x00, 0x04, 0x00, 0xc8, 0x0f, 0x00, 0x35, 0x72, 0x10, 0x0e,
    0x10, 0x00, 0x00, 0x00, 0x00, 0x02, 0x8e, 0x07, 0x00, 0xcc, 0x0f, 0x00,
    0x0c, 0x72, 0x00, 0x10, 0x0a, 0x00, 0x00, 0x00, 0x70, 0x40, 0xf1, 0x03,
    0x00, 0xdc, 0x0f, 0x00, 0x47, 0x09, 0xa8, 0x00, 0x20, 0x00, 0x00, 0x00,
    0x00, 0x00, 0x80, 0x03, 0x00, 0xea, 0x0f, 0x00, 0x11, 0x78, 0x10, 0x0c,
    0x04, 0x00, 0x00, 0x00, 0xff, 0x10, 0x80, 0x07, 0x00, 0xe2, 0x0f, 0x04,
    0x31, 0x74, 0x0b, 0xff, 0x00, 0x00, 0x00, 0x00, 0xff, 0x01, 0x00, 0x00,
    0x00, 0xe2, 0x0f, 0x00, 0x02, 0x72, 0x0a, 0x00, 0x06, 0x00, 0x00, 0x00,
    0x00, 0x0f, 0x00, 0x00, 0x00, 0xe2, 0x0f, 0x00, 0x02, 0x72, 0x09, 0x00,
    0x08, 0x00, 0x00, 0x00, 0x00, 0x0f, 0x00, 0x00, 0x00, 0xe2, 0x0f, 0x00,
    0x11, 0x72, 0x11, 0x0c, 0xff, 0x00, 0x00, 0x00, 0x0d, 0x14, 0x0f, 0x00,
    0x00, 0xca, 0x0f, 0x00, 0x0c, 0x72, 0x00, 0x10, 0x0a, 0x00, 0x00, 0x00,
    0x70, 0x40, 0xf1, 0x03, 0x00, 0xdc, 0x0f, 0x00, 0x47, 0x09, 0x8c, 0x00,
    0x20, 0x00, 0x00, 0x00, 0x00, 0x00, 0x80, 0x03, 0x00, 0xea, 0x0f, 0x00,
    0x11, 0x72, 0x04, 0x14, 0x05, 0x00, 0x00, 0x00, 0xff, 0x10, 0x80, 0x07,
    0x00, 0xe2, 0x0f, 0x00, 0x24, 0x72, 0x09, 0x0f, 0x06, 0x00, 0x00, 0x00,
    0xff, 0x02, 0x8e, 0x07, 0x00, 0xe2, 0x0f, 0x00, 0x12, 0x78, 0x28, 0x28,
    0xff, 0x00, 0x00, 0x00, 0xff, 0xc0, 0x8e, 0x07, 0x00, 0xe4, 0x0f, 0x00,
    0x11, 0x72, 0x05, 0x14, 0xff, 0x00, 0x00, 0x00, 0x15, 0x14, 0x0f, 0x00,
    0x00, 0xe2, 0x0f, 0x00, 0x0c, 0x72, 0x00, 0x20, 0xff, 0x00, 0x00, 0x00,
    0x70, 0x50, 0xf0, 0x03, 0x00, 0xe2, 0x0f, 0x00, 0x02, 0x72, 0x0d, 0x00,
    0xff, 0x00, 0x00, 0x00, 0x00, 0x0f, 0x00, 0x00, 0x00, 0xe2, 0x0f, 0x00,
    0x25, 0x72, 0x0e, 0x06, 0x0e, 0x00, 0x00, 0x00, 0x04, 0x00, 0x8e, 0x07,
    0x00, 0xc6, 0x0f, 0x00, 0x07, 0x72, 0x0c, 0x06, 0xff, 0x00, 0x00, 0x00,
    0x00, 0x00, 0x00, 0x00, 0x00, 0xe2, 0x0f, 0x00, 0x0c, 0x72, 0x00, 0x28,
    0xff, 0x00, 0x00, 0x00, 0x70, 0x50, 0xf0, 0x03, 0x00, 0xe2, 0x0f, 0x00,
    0x35, 0x72, 0x0f, 0x0f, 0x09, 0x00, 0x00, 0x00, 0x00, 0x00, 0x8e, 0x07,
    0x00, 0xe2, 0x0f, 0x00, 0x02, 0x72, 0x09, 0x00, 0x08, 0x00, 0x00, 0x00,
    0x00, 0x0f, 0x00, 0x00, 0x00, 0xc6, 0x0f, 0x00, 0x07, 0x74, 0x12, 0xff,
    0x04, 0x00, 0x00, 0x00, 0x00, 0x00, 0x00, 0x04, 0x00, 0xe4, 0x0f, 0x00,
    0x35, 0x72, 0x04, 0x0e, 0x0c, 0x00, 0x00, 0x00, 0x00, 0x02, 0x8e, 0x07,
    0x00, 0xc8, 0x0f, 0x00, 0x35, 0x72, 0x04, 0x04, 0x12, 0x00, 0x00, 0x00,
    0x00, 0x02, 0x8e, 0x07, 0x00, 0xc8, 0x0f, 0x00, 0x35, 0x7c, 0x0a, 0x04,
    0x08, 0x00, 0x00, 0x00, 0x00, 0x03, 0x8e, 0x0f, 0x00, 0xcc, 0x0f, 0x00,
    0x0c, 0x78, 0x00, 0x0a, 0x04, 0x00, 0x00, 0x00, 0x70, 0x60, 0xf1, 0x03,
    0x00, 0xcc, 0x0f, 0x00, 0x0c, 0x7c, 0x00, 0x04, 0x08, 0x00, 0x00, 0x00,
    0x70, 0x44, 0x71, 0x0c, 0x00, 0xdc, 0x0f, 0x00, 0x47, 0x09, 0x44, 0x00,
    0x20, 0x00, 0x00, 0x00, 0x00, 0x00, 0x80, 0x03, 0x00, 0xea, 0x0f, 0x00,
    0x35, 0x7c, 0x0a, 0x0e, 0x0a, 0x00, 0x00, 0x00, 0x00, 0x02, 0x8e, 0x0f,
    0x00, 0xc8, 0x0f, 0x00, 0x35, 0x72, 0x04, 0x0c, 0x0a, 0x00, 0x00, 0x00,
    0x00, 0x02, 0x8e, 0x07, 0x00, 0xe4, 0x0f, 0x08, 0x35, 0x72, 0x10, 0x12,
    0x0a, 0x00, 0x00, 0x00, 0x00, 0x02, 0x8e, 0x07, 0x00, 0xe4, 0x0f, 0x04,
    0x35, 0x72, 0x0c, 0x12, 0x04, 0x00, 0x00, 0x00, 0x00, 0x02, 0x8e, 0x07,
    0x00, 0xe4, 0x0f, 0x00, 0x81, 0x79, 0x12, 0x04, 0x06, 0x02, 0x00, 0x00,
    0x00, 0x11, 0x1e, 0x0c, 0x00, 0xa8, 0x0e, 0x00, 0x81, 0x79, 0x23, 0x0c,
    0x06, 0x02, 0x00, 0x00, 0x00, 0x11, 0x1e, 0x0c, 0x00, 0xe8, 0x0e, 0x00,
    0x81, 0x79, 0x25, 0x0c, 0x06, 0x01, 0x00, 0x00, 0x00, 0x11, 0x1e, 0x0c,
    0x00, 0x28, 0x0f, 0x00, 0x81, 0x79, 0x09, 0x0c, 0x06, 0x03, 0x00, 0x00,
    0x00, 0x11, 0x1e, 0x0c, 0x00, 0x68, 0x0f, 0x00, 0x81, 0x79, 0x15, 0x10,
    0x06, 0x03, 0x00, 0x00, 0x00, 0x11, 0x1e, 0x0c, 0x00, 0x68, 0x0f, 0x00,
    0x81, 0x79, 0x0e, 0x04, 0x06, 0x01, 0x00, 0x00, 0x00, 0x11, 0x1e, 0x0c,
    0x00, 0x68, 0x0f, 0x00, 0x81, 0x79, 0x06, 0x04, 0x06, 0x03, 0x00, 0x00,
    0x00, 0x11, 0x1e, 0x0c, 0x00, 0x68, 0x0f, 0x00, 0x81, 0x79, 0x13, 0x10,
    0x06, 0x02, 0x00, 0x00, 0x00, 0x11, 0x1e, 0x0c, 0x00, 0x68, 0x0f, 0x00,
    0x81, 0x79, 0x1e, 0x0a, 0x06, 0x03, 0x00, 0x00, 0x00, 0x11, 0x1e, 0x0c,
    0x00, 0x68, 0x0f, 0x00, 0x81, 0x79, 0x1f, 0x10, 0x06, 0x01, 0x00, 0x00,
    0x00, 0x11, 0x1e, 0x0c, 0x00, 0x68, 0x0f, 0x00, 0x81, 0x79, 0x14, 0x0a,
    0x06, 0x02, 0x00, 0x00, 0x00, 0x11, 0x1e, 0x0c, 0x00, 0x68, 0x0f, 0x00,
    0x81, 0x79, 0x27, 0x0c, 0x06, 0x00, 0x00, 0x00, 0x00, 0x11, 0x1e, 0x0c,
    0x00, 0x68, 0x0f, 0x00, 0x81, 0x79, 0x21, 0x10, 0x06, 0x00, 0x00, 0x00,
    0x00, 0x11, 0x1e, 0x0c, 0x00, 0x68, 0x0f, 0x00, 0x81, 0x79, 0x22, 0x0a,
    0x06, 0x01, 0x00, 0x00, 0x00, 0x11, 0x1e, 0x0c, 0x00, 0x68, 0x0f, 0x00,
    0x81, 0x79, 0x24, 0x0a, 0x06, 0x00, 0x00, 0x00, 0x00, 0x11, 0x1e, 0x0c,
    0x00, 0x68, 0x0f, 0x00, 0x81, 0x79, 0x10, 0x04, 0x06, 0x00, 0x00, 0x00,
    0x00, 0x11, 0x1e, 0x0c, 0x00, 0x62, 0x03, 0x00, 0x35, 0x78, 0x0f, 0x28,
    0x00, 0x01, 0x00, 0x00, 0x00, 0x01, 0x8e, 0x07, 0x00, 0xe2, 0x0f, 0x00,
    0x35, 0x78, 0x04, 0x20, 0x00, 0x01, 0x00, 0x00, 0x00, 0x01, 0x8e, 0x07,
    0x00, 0xe2, 0x2f, 0x00, 0x0c, 0x72, 0x00, 0x03, 0xff, 0x00, 0x00, 0x00,
    0x70, 0x50, 0xf0, 0x03, 0x00, 0xe2, 0x0f, 0x00, 0x24, 0x72, 0x23, 0x28,
    0x23, 0x00, 0x00, 0x00, 0xff, 0x02, 0x8e, 0x07, 0x00, 0xc4, 0x8f, 0x00,
    0x24, 0x72, 0x25, 0x28, 0x25, 0x00, 0x00, 0x00, 0xff, 0x02, 0x8e, 0x07,
    0x00, 0xe4, 0x0f, 0x05, 0x24, 0x72, 0x12, 0x0f, 0x12, 0x00, 0x00, 0x00,
    0x23, 0x02, 0x8e, 0x07, 0x00, 0xe4, 0x4f, 0x04, 0x24, 0x72, 0x09, 0x28,
    0x09, 0x00, 0x00, 0x00, 0xff, 0x02, 0x8e, 0x07, 0x00, 0xe4, 0x0f, 0x02,
    0x24, 0x78, 0x05, 0x12, 0x00, 0x01, 0x00, 0x00, 0xff, 0x00, 0x8e, 0x07,
    0x00, 0xe4, 0x0f, 0x00, 0x24, 0x72, 0x15, 0x28, 0x15, 0x00, 0x00, 0x00,
    0xff, 0x02, 0x8e, 0x07, 0x00, 0xe4, 0x0f, 0x00, 0x24, 0x72, 0x0e, 0x0f,
    0x0e, 0x00, 0x00, 0x00, 0x25, 0x02, 0x8e, 0x07, 0x00, 0xc4, 0x0f, 0x00,
    0x24, 0x72, 0x09, 0x0f, 0x06, 0x00, 0x00, 0x00, 0x09, 0x02, 0x8e, 0x07,
    0x00, 0xe4, 0x0f, 0x00, 0x24, 0x72, 0x13, 0x28, 0x13, 0x00, 0x00, 0x00,
    0xff, 0x02, 0x8e, 0x07, 0x00, 0xe2, 0x0f, 0x00, 0x12, 0x72, 0x05, 0x05,
    0x0e, 0x00, 0x00, 0x00, 0xff, 0xfc, 0x8e, 0x07, 0x00, 0xe4, 0x0f, 0x00,
    0x19, 0x78, 0x09, 0xff, 0x08, 0x00, 0x00, 0x00, 0x09, 0x16, 0x01, 0x00,
    0x00, 0xe2, 0x0f, 0x00, 0x24, 0x72, 0x15, 0x1e, 0x0f, 0x00, 0x00, 0x00,
    0x15, 0x02, 0x8e, 0x07, 0x00, 0xe4, 0x0f, 0x00, 0x24, 0x72, 0x1f, 0x28,
    0x1f, 0x00, 0x00, 0x00, 0xff, 0x02, 0x8e, 0x07, 0x00, 0xe4, 0x0f, 0x00,
    0x24, 0x72, 0x13, 0x14, 0x0f, 0x00, 0x00, 0x00, 0x13, 0x02, 0x8e, 0x07,
    0x00, 0xc4, 0x0f, 0x00, 0x24, 0x72, 0x27, 0x28, 0x27, 0x00, 0x00, 0x00,
    0xff, 0x02, 0x8e, 0x07, 0x00, 0xe2, 0x0f, 0x04, 0x19, 0x78, 0x15, 0xff,
    0x08, 0x00, 0x00, 0x00, 0x15, 0x16, 0x01, 0x00, 0x00, 0xe2, 0x0f, 0x00,
    0x24, 0x78, 0x06, 0x13, 0x00, 0x01, 0x00, 0x00, 0xff, 0x00, 0x8e, 0x07,
    0x00, 0xe2, 0x0f, 0x00, 0x19, 0x78, 0x05, 0xff, 0x10, 0x00, 0x00, 0x00,
    0x05, 0x16, 0x01, 0x00, 0x00, 0xe2, 0x0f, 0x00, 0x24, 0x72, 0x21, 0x28,
    0x21, 0x00, 0x00, 0x00, 0xff, 0x02, 0x8e, 0x07, 0x00, 0xe2, 0x0f, 0x00,
    0x12, 0x78, 0x0d, 0x09, 0xff, 0x00, 0x00, 0x00, 0xff, 0xc0, 0x8e, 0x07,
    0x00, 0xe2, 0x0f, 0x00, 0x24, 0x72, 0x1f, 0x22, 0x0f, 0x00, 0x00, 0x00,
    0x1f, 0x02, 0x8e, 0x07, 0x00, 0xe2, 0x0f, 0x00, 0x12, 0x78, 0x15, 0x15,
    0xff, 0x00, 0x00, 0x00, 0xff, 0xc0, 0x8e, 0x07, 0x00, 0xc6, 0x0f, 0x00,
    0x24, 0x72, 0x0d, 0x20, 0x0d, 0x00, 0x00, 0x00, 0xff, 0x02, 0x8e, 0x07,
    0x00, 0xe2, 0x0f, 0x00, 0x12, 0x78, 0x09, 0x05, 0xff, 0x00, 0x00, 0x00,
    0xff, 0xc0, 0x8e, 0x07, 0x00, 0xe2, 0x0f, 0x00, 0x24, 0x72, 0x21, 0x24,
    0x0f, 0x00, 0x00, 0x00, 0x21, 0x02, 0x8e, 0x07, 0x00, 0xe4, 0x0f, 0x00,
    0x24, 0x72, 0x10, 0x0f, 0x10, 0x00, 0x00, 0x00, 0x27, 0x02, 0x8e, 0x07,
    0x00, 0xe2, 0x0f, 0x00, 0x12, 0x72, 0x06, 0x06, 0x1f, 0x00, 0x00, 0x00,
    0xff, 0xfc, 0x8e, 0x07, 0x00, 0xe4, 0x0f, 0x00, 0x19, 0x78, 0x0e, 0xff,
    0x08, 0x00, 0x00, 0x00, 0x0e, 0x16, 0x01, 0x00, 0x00, 0xe4, 0x0f, 0x00,
    0x19, 0x78, 0x05, 0xff, 0x08, 0x00, 0x00, 0x00, 0x10, 0x16, 0x01, 0x00,
    0x00, 0xe2, 0x0f, 0x00, 0x24, 0x72, 0x0d, 0x04, 0x15, 0x00, 0x00, 0x00,
    0x0d, 0x02, 0x8e, 0x07, 0x00, 0xe2, 0x0f, 0x00, 0x19, 0x78, 0x1f, 0xff,
    0x08, 0x00, 0x00, 0x00, 0x1f, 0x16, 0x01, 0x00, 0x00, 0xc4, 0x0f, 0x00,
    0x19, 0x78, 0x21, 0xff, 0x08, 0x00, 0x00, 0x00, 0x21, 0x16, 0x01, 0x00,
    0x00, 0xe2, 0x0f, 0x00, 0x24, 0x72, 0x05, 0x20, 0x05, 0x00, 0x00, 0x00,
    0xff, 0x02, 0x8e, 0x07, 0x00, 0xe2, 0x0f, 0x00, 0x12, 0x78, 0x0b, 0x0e,
    0xff, 0x00, 0x00, 0x00, 0xff, 0xc0, 0x8e, 0x07, 0x00, 0xe4, 0x0f, 0x00,
    0x19, 0x78, 0x06, 0xff, 0x10, 0x00, 0x00, 0x00, 0x06, 0x16, 0x01, 0x00,
    0x00, 0xe2, 0x0f, 0x00, 0x24, 0x72, 0x0a, 0x20, 0x09, 0x00, 0x00, 0x00,
    0xff, 0x02, 0x8e, 0x07, 0x00, 0xe2, 0x0f, 0x04, 0x12, 0x78, 0x1f, 0x1f,
    0xff, 0x00, 0x00, 0x00, 0xff, 0xc0, 0x8e, 0x07, 0x00, 0xe2, 0x0f, 0x00,
    0x24, 0x72, 0x0b, 0x20, 0x0b, 0x00, 0x00, 0x00, 0xff, 0x02, 0x8e, 0x07,
    0x00, 0xe2, 0x0f, 0x00, 0x12, 0x78, 0x09, 0x06, 0xff, 0x00, 0x00, 0x00,
    0xff, 0xc0, 0x8e, 0x07, 0x00, 0xe2, 0x0f, 0x00, 0x24, 0x72, 0x05, 0x21,
    0x04, 0x00, 0x00, 0x00, 0x05, 0x02, 0x8e, 0x07, 0x00, 0xe2, 0x0f, 0x00,
    0x19, 0x78, 0x0c, 0xff, 0x08, 0x00, 0x00, 0x00, 0x0d, 0x16, 0x01, 0x00,
    0x00, 0xe2, 0x0f, 0x00, 0x24, 0x72, 0x06, 0x04, 0x1f, 0x00, 0x00, 0x00,
    0x0b, 0x02, 0x8e, 0x07, 0x00, 0xc4, 0x0f, 0x00, 0x24, 0x72, 0x09, 0x04,
    0x09, 0x00, 0x00, 0x00, 0x0a, 0x02, 0x8e, 0x07, 0x00, 0xe2, 0x0f, 0x00,
    0x19, 0x78, 0x05, 0xff, 0x08, 0x00, 0x00, 0x00, 0x05, 0x16, 0x01, 0x00,
    0x00, 0xe2, 0x0f, 0x00, 0x24, 0x72, 0x0c, 0x07, 0x0c, 0x00, 0x00, 0x00,
    0xff, 0x02, 0x8e, 0x07, 0x00, 0xe4, 0x0f, 0x00, 0x24, 0x78, 0x04, 0x09,
    0x00, 0x01, 0x00, 0x00, 0xff, 0x00, 0x8e, 0x07, 0x00, 0xe2, 0x0f, 0x00,
    0x12, 0x78, 0x05, 0x05, 0x00, 0xff, 0x03, 0x00, 0x06, 0xf8, 0x8e, 0x07,
    0x00, 0xe2, 0x0f, 0x00, 0x27, 0x78, 0x0c, 0x0c, 0x81, 0x80, 0x80, 0x80,
    0xff, 0x00, 0x8e, 0x07, 0x00, 0xc6, 0x0f, 0x00, 0x12, 0x78, 0x05, 0x05,
    0x00, 0x00, 0xff, 0x00, 0x04, 0xf8, 0x8e, 0x07, 0x00, 0xe4, 0x0f, 0x00,
    0x19, 0x78, 0x07, 0xff, 0x07, 0x00, 0x00, 0x00, 0x0c, 0x16, 0x01, 0x00,
    0x00, 0xe4, 0x0f, 0x00, 0x12, 0x08, 0x05, 0x02, 0xff, 0xff, 0xff, 0x00,
    0xff, 0xc0, 0x8e, 0x07, 0x00, 0xe2, 0x0f, 0x00, 0x47, 0x79, 0x9c, 0x00,
    0x18, 0x00, 0x00, 0x00, 0x00, 0x00, 0x80, 0x03, 0x00, 0xec, 0x0f, 0x00,
    0x35, 0x78, 0x0a, 0x12, 0xf6, 0xff, 0xff, 0xff, 0x00, 0x00, 0x8e, 0x07,
    0x00, 0xca, 0x0f, 0x00, 0x48, 0x78, 0x0a, 0x0a, 0x02, 0x00, 0x00, 0x00,
    0x00, 0x00, 0xfe, 0x03, 0x00, 0xca, 0x0f, 0x00, 0x24, 0x78, 0x0e, 0x0a,
    0x04, 0x00, 0x00, 0x00, 0xff, 0x00, 0x8e, 0x07, 0x00, 0xc8, 0x0f, 0x00,
    0x82, 0x7b, 0x0a, 0x0e, 0x00, 0x04, 0x80, 0x00, 0x00, 0x08, 0x00, 0x00,
    0x00, 0x64, 0x0e, 0x00, 0x19, 0x78, 0x0b, 0xff, 0x1f, 0x00, 0x00, 0x00,
    0x0a, 0x14, 0x01, 0x00, 0x00, 0xc8, 0x2f, 0x00, 0x49, 0x79, 0xf4, 0x0a,
    0xcc, 0xff, 0xff, 0xff, 0xff, 0xff, 0x83, 0x03, 0x00, 0xea, 0x0f, 0x00,
    0x0c, 0x78, 0x00, 0x12, 0x09, 0x00, 0x00, 0x00, 0x70, 0x50, 0xf0, 0x03,
    0x00, 0xda, 0x0f, 0x00, 0x47, 0x09, 0x78, 0x00, 0x04, 0x00, 0x00, 0x00,
    0x00, 0x00, 0x80, 0x03, 0x00, 0xea, 0x0f, 0x00, 0x12, 0x72, 0x04, 0x06,
    0x13, 0x00, 0x00, 0x00, 0x04, 0xfe, 0x8e, 0x07, 0x00, 0xc8, 0x0f, 0x00,
    0x12, 0x72, 0xff, 0x04, 0x05, 0x00, 0x00, 0x00, 0xff, 0xfc, 0x80, 0x07,
    0x00, 0xca, 0x0f, 0x00, 0x0c, 0x78, 0x00, 0x03, 0x03, 0x00, 0x00, 0x00,
    0x70, 0x44, 0x70, 0x00, 0x00, 0xda, 0x0f, 0x00, 0x47, 0x09, 0xe8, 0x00,
    0x18, 0x00, 0x00, 0x00, 0x00, 0x00, 0x80, 0x03, 0x00, 0xea, 0x0f, 0x00,
    0x35, 0x78, 0x05, 0x0c, 0xff, 0xff, 0xff, 0xff, 0x00, 0x00, 0x8e, 0x07,
    0x00, 0xe2, 0x0f, 0x00, 0x35, 0x78, 0x09, 0x10, 0xff, 0xff, 0xff, 0xff,
    0x00, 0x00, 0x8e, 0x07, 0x00, 0xe2, 0x0f, 0x00, 0x04, 0x78, 0x00, 0x03,
    0x03, 0x00, 0x00, 0x00, 0x00, 0x00, 0x00, 0x00, 0x00, 0xc6, 0x0f, 0x00,
    0x35, 0x72, 0x03, 0x26, 0x05, 0x00, 0x00, 0x00, 0x00, 0x01, 0x8e, 0x07,
    0x00, 0xe2, 0x0f, 0x00, 0x0c, 0x72, 0x00, 0x05, 0x09, 0x00, 0x00, 0x00,
    0x70, 0x60, 0xf6, 0x03, 0x00, 0xe2, 0x0f, 0x08, 0x35, 0x72, 0x0b, 0x1e,
    0x09, 0x00, 0x00, 0x00, 0x00, 0x01, 0x8e, 0x07, 0x00, 0xc6, 0x0f, 0x00,
    0x07, 0x72, 0x26, 0x03, 0x26, 0x00, 0x00, 0x00, 0x00, 0x00, 0x00, 0x00,
    0x00, 0xe4, 0x0f, 0x00, 0x07, 0x72, 0x1e, 0x1e, 0x0b, 0x00, 0x00, 0x00,
    0x00, 0x00, 0x80, 0x04, 0x00, 0xce, 0x0f, 0x00, 0x47, 0xb9, 0xa8, 0x00,
    0x00, 0x00, 0x00, 0x00, 0x00, 0x00, 0x80, 0x03, 0x00, 0xea, 0x0f, 0x00,
    0x0c, 0x72, 0x00, 0x05, 0xff, 0x00, 0x00, 0x00, 0x70, 0x50, 0xf0, 0x03,
    0x00, 0xe2, 0x0f, 0x00, 0x02, 0x72, 0x20, 0x00, 0xff, 0x00, 0x00, 0x00,
    0x00, 0x0f, 0x01, 0x00, 0x00, 0xd8, 0x0f, 0x00, 0x47, 0x89, 0x84, 0x00,
    0x00, 0x00, 0x00, 0x00, 0x00, 0x00, 0x80, 0x03, 0x00, 0xea, 0x0f, 0x00,
    0x35, 0x78, 0x0a, 0x0c, 0xfe, 0xff, 0xff, 0xff, 0x00, 0x00, 0x8e, 0x07,
    0x00, 0xe2, 0x0f, 0x00, 0x31, 0x74, 0x0b, 0xff, 0x00, 0x00, 0x00, 0x00,
    0xff, 0x01, 0x00, 0x00, 0x00, 0xe2, 0x0f, 0x00, 0x45, 0x79, 0x01, 0x00,
    0xe0, 0x01, 0x00, 0x00, 0x00, 0x02, 0x80, 0x03, 0x00, 0xe6, 0x0f, 0x00,
    0x19, 0x78, 0x0a, 0xff, 0x01, 0x00, 0x00, 0x00, 0x0a, 0x16, 0x01, 0x00,
    0x00, 0xca, 0x0f, 0x00, 0x25, 0x72, 0x0e, 0x09, 0x26, 0x00, 0x00, 0x00,
    0x0a, 0x00, 0x8e, 0x07, 0x00, 0xca, 0x0f, 0x00, 0x0c, 0x72, 0x00, 0x0f,
    0xff, 0x00, 0x00, 0x00, 0x70, 0x50, 0xf0, 0x03, 0x00, 0xda, 0x0f, 0x00,
    0x47, 0x09, 0x50, 0x00, 0x00, 0x00, 0x00, 0x00, 0x00, 0x00, 0x80, 0x03,
    0x00, 0xea, 0x0f, 0x00, 0x06, 0x73, 0x03, 0x00, 0x05, 0x00, 0x00, 0x00,
    0x00, 0x90, 0x20, 0x00, 0x00, 0x62, 0x0e, 0x00, 0x35, 0x72, 0x09, 0xff,
    0x05, 0x00, 0x00, 0x80, 0x00, 0x00, 0x8e, 0x07, 0x00, 0xe2, 0x0f, 0x00,
    0x0c, 0x72, 0x00, 0x05, 0xff, 0x00, 0x00, 0x00, 0x70, 0x50, 0xf6, 0x03,
    0x00, 0xe2, 0x0f, 0x00, 0x02, 0x72, 0x21, 0x00, 0xff, 0x00, 0x00, 0x00,
    0x00, 0x0f, 0x00, 0x00, 0x00, 0xe2, 0x0f, 0x00, 0x08, 0x73, 0x03, 0x00,
    0x03, 0x00, 0x00, 0x00, 0x00, 0x10, 0x00, 0x00, 0x00, 0x64, 0x2e, 0x00,
    0x35, 0x78, 0x0a, 0x03, 0xfe, 0xff, 0xff, 0x0f, 0x00, 0x00, 0x8e, 0x07,
    0x00, 0xc8, 0x2f, 0x00, 0x05, 0x73, 0x0b, 0x00, 0x0a, 0x00, 0x00, 0x00,
    0x00, 0xf0, 0x21, 0x00, 0x00, 0xa4, 0x02, 0x00, 0x02, 0x72, 0x0a, 0x00,
    0xff, 0x00, 0x00, 0x00, 0x00, 0x0f, 0x00, 0x00, 0x00, 0xe2, 0x2f, 0x00,
    0x24, 0x72, 0x09, 0x09, 0x0b, 0x00, 0x00, 0x00, 0xff, 0x02, 0x8e, 0x07,
    0x00, 0xc8, 0x4f, 0x00, 0x27, 0x72, 0x0b, 0x0b, 0x09, 0x00, 0x00, 0x00,
    0x0a, 0x00, 0x8e, 0x07, 0x00, 0xcc, 0x0f, 0x00, 0x27, 0x72, 0x20, 0x0b,
    0x0e, 0x00, 0x00, 0x00, 0xff, 0x00, 0x8e, 0x07, 0x00, 0xca, 0x0f, 0x00,
    0x35, 0x72, 0x04, 0x20, 0xff, 0x00, 0x00, 0x00, 0x00, 0x01, 0x8e, 0x07,
    0x00, 0xca, 0x0f, 0x00, 0x24, 0x72, 0x0e, 0x05, 0x04, 0x00, 0x00, 0x00,
    0x0e, 0x02, 0x8e, 0x07, 0x00, 0xca, 0x0f, 0x00, 0x0c, 0x72, 0x00, 0x0e,
    0x05, 0x00, 0x00, 0x00, 0x70, 0x60, 0xf0, 0x03, 0x00, 0xda, 0x0f, 0x00,
    0x35, 0x02, 0x0e, 0x05, 0x0e, 0x00, 0x00, 0x00, 0x00, 0x01, 0x8e, 0x07,
    0x00, 0xe2, 0x0f, 0x00, 0x35, 0x08, 0x20, 0x20, 0x01, 0x00, 0x00, 0x00,
    0x00, 0x00, 0x8e, 0x07, 0x00, 0xc8, 0x0f, 0x00, 0x0c, 0x72, 0x00, 0x0e,
    0x05, 0x00, 0x00, 0x00, 0x70, 0x60, 0xf2, 0x03, 0x00, 0xda, 0x0f, 0x00,
    0x35, 0x18, 0x20, 0x20, 0x01, 0x00, 0x00, 0x00, 0x00, 0x00, 0x8e, 0x07,
    0x00, 0xe2, 0x0f, 0x00, 0x12, 0xb2, 0x20, 0xff, 0x05, 0x00, 0x00, 0x00,
    0xff, 0x33, 0x8e, 0x07, 0x00, 0xe2, 0x0f, 0x00, 0x47, 0x79, 0x10, 0x00,
    0x00, 0x00, 0x00, 0x00, 0x00, 0x00, 0x80, 0x03, 0x00, 0xec, 0x0f, 0x00,
    0x02, 0x72, 0x0c, 0x00, 0x05, 0x00, 0x00, 0x00, 0x00, 0x0f, 0x00, 0x00,
    0x00, 0xe2, 0x0f, 0x00, 0x02, 0x72, 0x09, 0x00, 0xff, 0x00, 0x00, 0x00,
    0x00, 0x0f, 0x00, 0x00, 0x00, 0xe2, 0x0f, 0x00, 0x02, 0x78, 0x0a, 0x00,
    0x40, 0x33, 0x00, 0x00, 0x00, 0x0f, 0x00, 0x00, 0x00, 0xce, 0x0f, 0x00,
    0x44, 0x79, 0x54, 0x00, 0x18, 0x00, 0x00, 0x00, 0x00, 0x00, 0xc0, 0x03,
    0x00, 0xea, 0x1f, 0x00, 0x18, 0x79, 0x00, 0x00, 0x00, 0x00, 0x00, 0x00,
    0x00, 0x00, 0x00, 0x00, 0x00, 0xe2, 0x0f, 0x00, 0x41, 0x79, 0x01, 0x00,
    0x00, 0x00, 0x00, 0x00, 0x00, 0x02, 0x80, 0x03, 0x00, 0xea, 0x0f, 0x00,
    0x02, 0x72, 0x1f, 0x00, 0xff, 0x00, 0x00, 0x00, 0x00, 0x0f, 0x00, 0x00,
    0x00, 0xe2, 0x0f, 0x00, 0x02, 0x72, 0x05, 0x00, 0x02, 0x00, 0x00, 0x00,
    0x00, 0x0f, 0x00, 0x00, 0x00, 0xc8, 0x0f, 0x00, 0x0c, 0x72, 0x00, 0x20,
    0x1e, 0x00, 0x00, 0x00, 0x70, 0x50, 0xf1, 0x03, 0x00, 0xdc, 0x0f, 0x00,
    0x47, 0x89, 0xa8, 0x00, 0x14, 0x00, 0x00, 0x00, 0x00, 0x00, 0x80, 0x03,
    0x00, 0xea, 0x0f, 0x00, 0x02, 0x72, 0x09, 0x00, 0x08, 0x00, 0x00, 0x00,
    0x00, 0x0f, 0x00, 0x00, 0x00, 0xe2, 0x0f, 0x00, 0x47, 0x79, 0x1c, 0x00,
    0x18, 0x00, 0x00, 0x00, 0x00, 0x00, 0x80, 0x03, 0x00, 0xec, 0x0f, 0x00,
    0x35, 0x78, 0x0a, 0x10, 0xfe, 0xff, 0xff, 0xff, 0x00, 0x00, 0x8e, 0x07,
    0x00, 0xe2, 0x0f, 0x00, 0x31, 0x74, 0x0b, 0xff, 0x00, 0x00, 0x00, 0x00,
    0xff, 0x01, 0x00, 0x00, 0x00, 0xe2, 0x0f, 0x00, 0x45, 0x79, 0x01, 0x00,
    0xe0, 0x01, 0x00, 0x00, 0x00, 0x02, 0x80, 0x03, 0x00, 0xe6, 0x0f, 0x00,
    0x19, 0x78, 0x0a, 0xff, 0x01, 0x00, 0x00, 0x00, 0x0a, 0x16, 0x01, 0x00,
    0x00, 0xca, 0x0f, 0x00, 0x25, 0x72, 0x0e, 0x05, 0x1e, 0x00, 0x00, 0x00,
    0x0a, 0x00, 0x8e, 0x07, 0x00, 0xca, 0x0f, 0x00, 0x0c, 0x72, 0x00, 0x0f,
    0xff, 0x00, 0x00, 0x00, 0x70, 0x50, 0xf0, 0x03, 0x00, 0xda, 0x0f, 0x00,
    0x47, 0x09, 0x50, 0x00, 0x00, 0x00, 0x00, 0x00, 0x00, 0x00, 0x80, 0x03,
    0x00, 0xea, 0x0f, 0x00, 0x06, 0x73, 0x03, 0x00, 0x09, 0x00, 0x00, 0x00,
    0x00, 0x90, 0x20, 0x00, 0x00, 0x62, 0x0e, 0x00, 0x35, 0x72, 0x0b, 0xff,
    0x09, 0x00, 0x00, 0x80, 0x00, 0x00, 0x8e, 0x07, 0x00, 0xe2, 0x0f, 0x00,
    0x0c, 0x72, 0x00, 0x09, 0xff, 0x00, 0x00, 0x00, 0x70, 0x50, 0xf6, 0x03,
    0x00, 0xe2, 0x0f, 0x00, 0x02, 0x72, 0x21, 0x00, 0xff, 0x00, 0x00, 0x00,
    0x00, 0x0f, 0x00, 0x00, 0x00, 0xe2, 0x0f, 0x00, 0x08, 0x73, 0x03, 0x00,
    0x03, 0x00, 0x00, 0x00, 0x00, 0x10, 0x00, 0x00, 0x00, 0x64, 0x2e, 0x00,
    0x35, 0x78, 0x04, 0x03, 0xfe, 0xff, 0xff, 0x0f, 0x00, 0x00, 0x8e, 0x07,
    0x00, 0xc8, 0x2f, 0x00, 0x05, 0x73, 0x05, 0x00, 0x04, 0x00, 0x00, 0x00,
    0x00, 0xf0, 0x21, 0x00, 0x00, 0xa4, 0x02, 0x00, 0x02, 0x72, 0x04, 0x00,
    0xff, 0x00, 0x00, 0x00, 0x00, 0x0f, 0x00, 0x00, 0x00, 0xe2, 0x2f, 0x00,
    0x24, 0x72, 0x0b, 0x0b, 0x05, 0x00, 0x00, 0x00, 0xff, 0x02, 0x8e, 0x07,
    0x00, 0xc8, 0x4f, 0x00, 0x27, 0x72, 0x05, 0x05, 0x0b, 0x00, 0x00, 0x00,
    0x04, 0x00, 0x8e, 0x07, 0x00, 0xcc, 0x0f, 0x00, 0x27, 0x72, 0x20, 0x05,
    0x0e, 0x00, 0x00, 0x00, 0xff, 0x00, 0x8e, 0x07, 0x00, 0xca, 0x0f, 0x00,
    0x35, 0x72, 0x05, 0x20, 0xff, 0x00, 0x00, 0x00, 0x00, 0x01, 0x8e, 0x07,
    0x00, 0xca, 0x0f, 0x00, 0x24, 0x72, 0x0e, 0x09, 0x05, 0x00, 0x00, 0x00,
    0x0e, 0x02, 0x8e, 0x07, 0x00, 0xca, 0x0f, 0x00, 0x0c, 0x72, 0x00, 0x0e,
    0x09, 0x00, 0x00, 0x00, 0x70, 0x60, 0xf0, 0x03, 0x00, 0xda, 0x0f, 0x00,
    0x35, 0x02, 0x0e, 0x09, 0x0e, 0x00, 0x00, 0x00, 0x00, 0x01, 0x8e, 0x07,
    0x00, 0xe2, 0x0f, 0x00, 0x35, 0x08, 0x20, 0x20, 0x01, 0x00, 0x00, 0x00,
    0x00, 0x00, 0x8e, 0x07, 0x00, 0xc8, 0x0f, 0x00, 0x0c, 0x72, 0x00, 0x0e,
    0x09, 0x00, 0x00, 0x00, 0x70, 0x60, 0xf2, 0x03, 0x00, 0xda, 0x0f, 0x00,
    0x35, 0x18, 0x20, 0x20, 0x01, 0x00, 0x00, 0x00, 0x00, 0x00, 0x8e, 0x07,
    0x00, 0xe2, 0x0f, 0x00, 0x12, 0xb2, 0x20, 0xff, 0x09, 0x00, 0x00, 0x00,
    0xff, 0x33, 0x8e, 0x07, 0x00, 0xe2, 0x0f, 0x00, 0x47, 0x79, 0x10, 0x00,
    0x00, 0x00, 0x00, 0x00, 0x00, 0x00, 0x80, 0x03, 0x00, 0xec, 0x0f, 0x00,
    0x02, 0x72, 0x0c, 0x00, 0x09, 0x00, 0x00, 0x00, 0x00, 0x0f, 0x00, 0x00,
    0x00, 0xe2, 0x0f, 0x00, 0x02, 0x72, 0x09, 0x00, 0xff, 0x00, 0x00, 0x00,
    0x00, 0x0f, 0x00, 0x00, 0x00, 0xe2, 0x0f, 0x00, 0x02, 0x78, 0x0a, 0x00,
    0xb0, 0x35, 0x00, 0x00, 0x00, 0x0f, 0x00, 0x00, 0x00, 0xce, 0x0f, 0x00,
    0x44, 0x79, 0xb8, 0x00, 0x14, 0x00, 0x00, 0x00, 0x00, 0x00, 0xc0, 0x03,
    0x00, 0xea, 0x1f, 0x00, 0x18, 0x79, 0x00, 0x00, 0x00, 0x00, 0x00, 0x00,
    0x00, 0x00, 0x00, 0x00, 0x00, 0xe2, 0x0f, 0x00, 0x41, 0x79, 0x01, 0x00,
    0x00, 0x00, 0x00, 0x00, 0x00, 0x02, 0x80, 0x03, 0x00, 0xea, 0x0f, 0x00,
    0x02, 0x72, 0x27, 0x00, 0xff, 0x00, 0x00, 0x00, 0x00, 0x0f, 0x00, 0x00,
    0x00, 0xe2, 0x0f, 0x00, 0x02, 0x72, 0x05, 0x00, 0x02, 0x00, 0x00, 0x00,
    0x00, 0x0f, 0x00, 0x00, 0x00, 0xc8, 0x0f, 0x00, 0x0c, 0x72, 0x00, 0x20,
    0x26, 0x00, 0x00, 0x00, 0x70, 0x50, 0xf1, 0x03, 0x00, 0xdc, 0x0f, 0x00,
    0x47, 0x89, 0x0c, 0x00, 0x14, 0x00, 0x00, 0x00, 0x00, 0x00, 0x80, 0x03,
    0x00, 0xea, 0x0f, 0x00, 0x02, 0x72, 0x09, 0x00, 0x08, 0x00, 0x00, 0x00,
    0x00, 0x0f, 0x00, 0x00, 0x00, 0xe2, 0x0f, 0x00, 0x47, 0x79, 0x80, 0x00,
    0x14, 0x00, 0x00, 0x00, 0x00, 0x00, 0x80, 0x03, 0x00, 0xec, 0x0f, 0x00,
    0x35, 0x78, 0x03, 0x12, 0xfd, 0xff, 0xff, 0xff, 0x00, 0x00, 0x8e, 0x07,
    0x00, 0xca, 0x0f, 0x00, 0x0c, 0x78, 0x00, 0x03, 0x02, 0x00, 0x00, 0x00,
    0x70, 0x40, 0xf0, 0x03, 0x00, 0xda, 0x0f, 0x00, 0x47, 0x09, 0xf8, 0x00,
    0x04, 0x00, 0x00, 0x00, 0x00, 0x00, 0x80, 0x03, 0x00, 0xea, 0x0f, 0x00,
    0x0c, 0x78, 0x00, 0x12, 0x05, 0x00, 0x00, 0x00, 0x70, 0x50, 0xf2, 0x03,
    0x00, 0xe2, 0x0f, 0x04, 0x0c, 0x78, 0x00, 0x12, 0x04, 0x00, 0x00, 0x00,
    0x70, 0x50, 0xf0, 0x03, 0x00, 0xe2, 0x0f, 0x00, 0x02, 0x74, 0x14, 0x01,
    0x00, 0x00, 0x00, 0x00, 0x00, 0x00, 0x00, 0x00, 0x00, 0xc8, 0x0f, 0x00,
    0x07, 0x74, 0x14, 0x14, 0x04, 0x00, 0x00, 0x00, 0x00, 0x00, 0x00, 0x04,
    0x00, 0xce, 0x0f, 0x00, 0x47, 0x19, 0x20, 0x00, 0x04, 0x00, 0x00, 0x00,
    0x00, 0x00, 0x80, 0x03, 0x00, 0xea, 0x0f, 0x00, 0x0c, 0x72, 0x00, 0x23,
    0xff, 0x00, 0x00, 0x00, 0x70, 0x50, 0xf0, 0x03, 0x00, 0xca, 0x0f, 0x00,
    0x0c, 0x72, 0x00, 0x0f, 0xff, 0x00, 0x00, 0x00, 0x70, 0x24, 0x70, 0x04,
    0x00, 0xda, 0x0f, 0x00, 0x47, 0x09, 0x54, 0x00, 0x14, 0x00, 0x00, 0x00,
    0x00, 0x00, 0x80, 0x03, 0x00, 0xea, 0x0f, 0x00, 0x24, 0x72, 0x03, 0x27,
    0x0f, 0x00, 0x00, 0x00, 0xff, 0x02, 0x8e, 0x07, 0x00, 0xe2, 0x0f, 0x08,
    0x45, 0x79, 0x01, 0x00, 0x00, 0x02, 0x00, 0x00, 0x00, 0x02, 0x80, 0x03,
    0x00, 0xe2, 0x0f, 0x00, 0x25, 0x72, 0x0e, 0x26, 0x0f, 0x00, 0x00, 0x00,
    0xff, 0x00, 0x8e, 0x07, 0x00, 0xca, 0x0f, 0x00, 0x35, 0x72, 0x03, 0x0f,
    0x03, 0x00, 0x00, 0x00, 0x00, 0x00, 0x8e, 0x07, 0x00, 0xca, 0x0f, 0x00,
    0x0c, 0x72, 0x00, 0x03, 0xff, 0x00, 0x00, 0x00, 0x70, 0x50, 0xf0, 0x03,
    0x00, 0xda, 0x0f, 0x00, 0x47, 0x09, 0x50, 0x00, 0x00, 0x00, 0x00, 0x00,
    0x00, 0x00, 0x80, 0x03, 0x00, 0xea, 0x0f, 0x00, 0x06, 0x73, 0x03, 0x00,
    0x0c, 0x00, 0x00, 0x00, 0x00, 0x90, 0x20, 0x00, 0x00, 0x62, 0x0e, 0x00,
    0x35, 0x72, 0x09, 0xff, 0x0c, 0x00, 0x00, 0x80, 0x00, 0x00, 0x8e, 0x07,
    0x00, 0xe2, 0x0f, 0x00, 0x0c, 0x72, 0x00, 0x0c, 0xff, 0x00, 0x00, 0x00,
    0x70, 0x50, 0xf6, 0x03, 0x00, 0xe2, 0x0f, 0x00, 0x02, 0x72, 0x27, 0x00,
    0xff, 0x00, 0x00, 0x00, 0x00, 0x0f, 0x00, 0x00, 0x00, 0xe2, 0x0f, 0x00,
    0x08, 0x73, 0x03, 0x00, 0x03, 0x00, 0x00, 0x00, 0x00, 0x10, 0x00, 0x00,
    0x00, 0x64, 0x2e, 0x00, 0x35, 0x78, 0x0a, 0x03, 0xfe, 0xff, 0xff, 0x0f,
    0x00, 0x00, 0x8e, 0x07, 0x00, 0xc8, 0x2f, 0x00, 0x05, 0x73, 0x0b, 0x00,
    0x0a, 0x00, 0x00, 0x00, 0x00, 0xf0, 0x21, 0x00, 0x00, 0xa4, 0x02, 0x00,
    0x31, 0x74, 0x0a, 0xff, 0x00, 0x00, 0x00, 0x00, 0xff, 0x01, 0x00, 0x00,
    0x00, 0xe4, 0x2f, 0x00, 0x24, 0x72, 0x09, 0x09, 0x0b, 0x00, 0x00, 0x00,
    0xff, 0x02, 0x8e, 0x07, 0x00, 0xc8, 0x4f, 0x00, 0x27, 0x72, 0x0b, 0x0b,
    0x09, 0x00, 0x00, 0x00, 0x0a, 0x00, 0x8e, 0x07, 0x00, 0xcc, 0x0f, 0x00,
    0x27, 0x72, 0x26, 0x0b, 0x0e, 0x00, 0x00, 0x00, 0xff, 0x00, 0x8e, 0x07,
    0x00, 0xca, 0x0f, 0x00, 0x35, 0x72, 0x0f, 0x26, 0xff, 0x00, 0x00, 0x00,
    0x00, 0x01, 0x8e, 0x07, 0x00, 0xca, 0x0f, 0x00, 0x24, 0x72, 0x0f, 0x0c,
    0x0f, 0x00, 0x00, 0x00, 0x0e, 0x02, 0x8e, 0x07, 0x00, 0xca, 0x0f, 0x00,
    0x0c, 0x72, 0x00, 0x0f, 0x0c, 0x00, 0x00, 0x00, 0x70, 0x60, 0xf0, 0x03,
    0x00, 0xda, 0x0f, 0x00, 0x35, 0x02, 0x0f, 0x0c, 0x0f, 0x00, 0x00, 0x00,
    0x00, 0x01, 0x8e, 0x07, 0x00, 0xe2, 0x0f, 0x00, 0x35, 0x08, 0x26, 0x26,
    0x01, 0x00, 0x00, 0x00, 0x00, 0x00, 0x8e, 0x07, 0x00, 0xc8, 0x0f, 0x00,
    0x0c, 0x72, 0x00, 0x0f, 0x0c, 0x00, 0x00, 0x00, 0x70, 0x60, 0xf2, 0x03,
    0x00, 0xda, 0x0f, 0x00, 0x35, 0x18, 0x26, 0x26, 0x01, 0x00, 0x00, 0x00,
    0x00, 0x00, 0x8e, 0x07, 0x00, 0xe2, 0x0f, 0x00, 0x12, 0xb2, 0x26, 0xff,
    0x0c, 0x00, 0x00, 0x00, 0xff, 0x33, 0x8e, 0x07, 0x00, 0xe2, 0x0f, 0x00,
    0x47, 0x79, 0x18, 0x00, 0x00, 0x00, 0x00, 0x00, 0x00, 0x00, 0x80, 0x03,
    0x00, 0xec, 0x0f, 0x00, 0x02, 0x72, 0x0f, 0x00, 0x03, 0x00, 0x00, 0x00,
    0x00, 0x0f, 0x00, 0x00, 0x00, 0xe2, 0x0f, 0x00, 0x02, 0x72, 0x09, 0x00,
    0x0d, 0x00, 0x00, 0x00, 0x00, 0x0f, 0x00, 0x00, 0x00, 0xe2, 0x0f, 0x00,
    0x02, 0x78, 0x0a, 0x00, 0xc0, 0x38, 0x00, 0x00, 0x00, 0x0f, 0x00, 0x00,
    0x00, 0xce, 0x0f, 0x00, 0x44, 0x79, 0xf4, 0x00, 0x10, 0x00, 0x00, 0x00,
    0x00, 0x00, 0xc0, 0x03, 0x00, 0xea, 0x1f, 0x00, 0x02, 0x72, 0x26, 0x00,
    0x20, 0x00, 0x00, 0x00, 0x00, 0x0f, 0x00, 0x00, 0x00, 0xe2, 0x0f, 0x00,
    0x02, 0x72, 0x27, 0x00, 0x21, 0x00, 0x00, 0x00, 0x00, 0x0f, 0x00, 0x00,
    0x00, 0xce, 0x0f, 0x00, 0x18, 0x79, 0x00, 0x00, 0x00, 0x00, 0x00, 0x00,
    0x00, 0x00, 0x00, 0x00, 0x00, 0xe2, 0x0f, 0x00, 0x41, 0x79, 0x01, 0x00,
    0x00, 0x00, 0x00, 0x00, 0x00, 0x02, 0x80, 0x03, 0x00, 0xea, 0x0f, 0x00,
    0x24, 0x72, 0x03, 0x1f, 0x23, 0x00, 0x00, 0x00, 0xff, 0x02, 0x8e, 0x07,
    0x00, 0xe2, 0x0f, 0x08, 0x45, 0x79, 0x01, 0x00, 0x10, 0x02, 0x00, 0x00,
    0x00, 0x02, 0x80, 0x03, 0x00, 0xe2, 0x0f, 0x00, 0x25, 0x72, 0x0e, 0x1e,
    0x23, 0x00, 0x00, 0x00, 0xff, 0x00, 0x8e, 0x07, 0x00, 0xca, 0x0f, 0x00,
    0x35, 0x72, 0x03, 0x0f, 0x03, 0x00, 0x00, 0x00, 0x00, 0x00, 0x8e, 0x07,
    0x00, 0xca, 0x0f, 0x00, 0x0c, 0x72, 0x00, 0x03, 0xff, 0x00, 0x00, 0x00,
    0x70, 0x50, 0xf0, 0x03, 0x00, 0xda, 0x0f, 0x00, 0x47, 0x09, 0x50, 0x00,
    0x00, 0x00, 0x00, 0x00, 0x00, 0x00, 0x80, 0x03, 0x00, 0xea, 0x0f, 0x00,
    0x06, 0x73, 0x03, 0x00, 0x10, 0x00, 0x00, 0x00, 0x00, 0x90, 0x20, 0x00,
    0x00, 0x62, 0x0e, 0x00, 0x35, 0x72, 0x09, 0xff, 0x10, 0x00, 0x00, 0x80,
    0x00, 0x00, 0x8e, 0x07, 0x00, 0xe2, 0x0f, 0x00, 0x0c, 0x72, 0x00, 0x10,
    0xff, 0x00, 0x00, 0x00, 0x70, 0x50, 0xf6, 0x03, 0x00, 0xe2, 0x0f, 0x00,
    0x02, 0x72, 0x1f, 0x00, 0xff, 0x00, 0x00, 0x00, 0x00, 0x0f, 0x00, 0x00,
    0x00, 0xe2, 0x0f, 0x00, 0x08, 0x73, 0x03, 0x00, 0x03, 0x00, 0x00, 0x00,
    0x00, 0x10, 0x00, 0x00, 0x00, 0x64, 0x2e, 0x00, 0x35, 0x78, 0x0a, 0x03,
    0xfe, 0xff, 0xff, 0x0f, 0x00, 0x00, 0x8e, 0x07, 0x00, 0xc8, 0x2f, 0x00,
    0x05, 0x73, 0x0b, 0x00, 0x0a, 0x00, 0x00, 0x00, 0x00, 0xf0, 0x21, 0x00,
    0x00, 0xa4, 0x02, 0x00, 0x31, 0x74, 0x0a, 0xff, 0x00, 0x00, 0x00, 0x00,
    0xff, 0x01, 0x00, 0x00, 0x00, 0xe4, 0x2f, 0x00, 0x24, 0x72, 0x09, 0x09,
    0x0b, 0x00, 0x00, 0x00, 0xff, 0x02, 0x8e, 0x07, 0x00, 0xc8, 0x4f, 0x00,
    0x27, 0x72, 0x0b, 0x0b, 0x09, 0x00, 0x00, 0x00, 0x0a, 0x00, 0x8e, 0x07,
    0x00, 0xcc, 0x0f, 0x00, 0x27, 0x72, 0x1e, 0x0b, 0x0e, 0x00, 0x00, 0x00,
    0xff, 0x00, 0x8e, 0x07, 0x00, 0xca, 0x0f, 0x00, 0x35, 0x72, 0x0f, 0x1e,
    0xff, 0x00, 0x00, 0x00, 0x00, 0x01, 0x8e, 0x07, 0x00, 0xca, 0x0f, 0x00,
    0x24, 0x72, 0x0f, 0x10, 0x0f, 0x00, 0x00, 0x00, 0x0e, 0x02, 0x8e, 0x07,
    0x00, 0xca, 0x0f, 0x00, 0x0c, 0x72, 0x00, 0x0f, 0x10, 0x00, 0x00, 0x00,
    0x70, 0x60, 0xf0, 0x03, 0x00, 0xda, 0x0f, 0x00, 0x35, 0x02, 0x0f, 0x10,
    0x0f, 0x00, 0x00, 0x00, 0x00, 0x01, 0x8e, 0x07, 0x00, 0xe2, 0x0f, 0x00,
    0x35, 0x08, 0x1e, 0x1e, 0x01, 0x00, 0x00, 0x00, 0x00, 0x00, 0x8e, 0x07,
    0x00, 0xc8, 0x0f, 0x00, 0x0c, 0x72, 0x00, 0x0f, 0x10, 0x00, 0x00, 0x00,
    0x70, 0x60, 0xf2, 0x03, 0x00, 0xda, 0x0f, 0x00, 0x35, 0x18, 0x1e, 0x1e,
    0x01, 0x00, 0x00, 0x00, 0x00, 0x00, 0x8e, 0x07, 0x00, 0xe2, 0x0f, 0x00,
    0x12, 0xb2, 0x1e, 0xff, 0x10, 0x00, 0x00, 0x00, 0xff, 0x33, 0x8e, 0x07,
    0x00, 0xe2, 0x0f, 0x00, 0x47, 0x79, 0x1c, 0x00, 0x00, 0x00, 0x00, 0x00,
    0x00, 0x00, 0x80, 0x03, 0x00, 0xec, 0x0f, 0x00, 0x02, 0x72, 0x0f, 0x00,
    0x03, 0x00, 0x00, 0x00, 0x00, 0x0f, 0x00, 0x00, 0x00, 0xe2, 0x0f, 0x00,
    0x02, 0x72, 0x0c, 0x00, 0x10, 0x00, 0x00, 0x00, 0x00, 0x0f, 0x00, 0x00,
    0x00, 0xe2, 0x0f, 0x00, 0x02, 0x72, 0x09, 0x00, 0x11, 0x00, 0x00, 0x00,
    0x00, 0x0f, 0x00, 0x00, 0x00, 0xe2, 0x0f, 0x00, 0x02, 0x78, 0x0a, 0x00,
    0xf0, 0x3a, 0x00, 0x00, 0x00, 0x0f, 0x00, 0x00, 0x00, 0xce, 0x0f, 0x00,
    0x44, 0x79, 0x68, 0x00, 0x10, 0x00, 0x00, 0x00, 0x00, 0x00, 0xc0, 0x03,
    0x00, 0xea, 0x1f, 0x00, 0x02, 0x72, 0x1e, 0x00, 0x20, 0x00, 0x00, 0x00,
    0x00, 0x0f, 0x00, 0x00, 0x00, 0xe2, 0x0f, 0x00, 0x02, 0x72, 0x1f, 0x00,
    0x21, 0x00, 0x00, 0x00, 0x00, 0x0f, 0x00, 0x00, 0x00, 0xce, 0x0f, 0x00,
    0x18, 0x79, 0x00, 0x00, 0x00, 0x00, 0x00, 0x00, 0x00, 0x00, 0x00, 0x00,
    0x00, 0xe2, 0x0f, 0x00, 0x41, 0x79, 0x01, 0x00, 0x00, 0x00, 0x00, 0x00,
    0x00, 0x02, 0x80, 0x03, 0x00, 0xea, 0x0f, 0x00, 0x82, 0x7b, 0x0a, 0xff,
    0x00, 0xe2, 0x00, 0x00, 0x00, 0x0a, 0x00, 0x00, 0x00, 0x62, 0x0e, 0x00,
    0x02, 0x72, 0x0c, 0x00, 0x13, 0x00, 0x00, 0x00, 0x00, 0x0f, 0x00, 0x00,
    0x00, 0xe2, 0x0f, 0x00, 0x31, 0x74, 0x0d, 0xff, 0x00, 0x00, 0x00, 0x00,
    0xff, 0x01, 0x00, 0x00, 0x00, 0xe2, 0x0f, 0x00, 0x02, 0x72, 0x0e, 0x00,
    0x04, 0x00, 0x00, 0x00, 0x00, 0x0f, 0x00, 0x00, 0x00, 0xe2, 0x0f, 0x00,
    0x31, 0x74, 0x0f, 0xff, 0x00, 0x00, 0x00, 0x00, 0xff, 0x01, 0x00, 0x00,
    0x00, 0xe2, 0x0f, 0x00, 0x82, 0x74, 0x04, 0xff, 0xff, 0xff, 0xff, 0x00,
    0x00, 0x00, 0x00, 0x08, 0x00, 0xe2, 0x0f, 0x00, 0x02, 0x72, 0x09, 0x00,
    0x08, 0x00, 0x00, 0x00, 0x00, 0x0f, 0x00, 0x00, 0x00, 0xe2, 0x0f, 0x00,
    0x35, 0x72, 0x26, 0x26, 0x0c, 0x00, 0x00, 0x00, 0x00, 0x02, 0x8e, 0x07,
    0x00, 0xe4, 0x0f, 0x00, 0x35, 0x72, 0x1e, 0x0e, 0x1e, 0x00, 0x00, 0x00,
    0x00, 0x02, 0x8e, 0x07, 0x00, 0xcc, 0x0f, 0x00, 0x17, 0x72, 0x0c, 0x26,
    0x1e, 0x00, 0x00, 0x00, 0x00, 0xe4, 0xff, 0x07, 0x00, 0xe4, 0x0f, 0x00,
    0x0c, 0x72, 0x00, 0x0a, 0xff, 0x00, 0x00, 0x00, 0x70, 0x50, 0xf1, 0x03,
    0x00, 0xcc, 0x2f, 0x00, 0x0c, 0x7c, 0x00, 0x0c, 0x04, 0x00, 0x00, 0x00,
    0x70, 0x44, 0x71, 0x0c, 0x00, 0xdc, 0x0f, 0x00, 0x47, 0x09, 0x0c, 0x00,
    0x10, 0x00, 0x00, 0x00, 0x00, 0x00, 0x80, 0x03, 0x00, 0xea, 0x0f, 0x00,
    0x0c, 0x78, 0x00, 0x12, 0x04, 0x00, 0x00, 0x00, 0x70, 0x50, 0xf2, 0x03,
    0x00, 0xe2, 0x0f, 0x00, 0x02, 0x72, 0x10, 0x00, 0x06, 0x00, 0x00, 0x00,
    0x00, 0x0f, 0x00, 0x00, 0x00, 0xe2, 0x0f, 0x00, 0x02, 0x72, 0x11, 0x00,
    0xff, 0x00, 0x00, 0x00, 0x00, 0x0f, 0x00, 0x00, 0x00, 0xe2, 0x0f, 0x00,
    0x02, 0x72, 0x09, 0x00, 0x08, 0x00, 0x00, 0x00, 0x00, 0x0f, 0x00, 0x00,
    0x00, 0xe4, 0x0f, 0x00, 0x07, 0x74, 0x0c, 0xff, 0x02, 0x00, 0x00, 0x00,
    0x00, 0x00, 0x80, 0x04, 0x00, 0xca, 0x0f, 0x00, 0x19, 0x72, 0x0f, 0x26,
    0x0c, 0x00, 0x00, 0x00, 0x27, 0x02, 0x01, 0x00, 0x00, 0xe4, 0x0f, 0x0c,
    0x19, 0x72, 0x0e, 0x26, 0x0c, 0x00, 0x00, 0x00, 0xff, 0x06, 0x00, 0x00,
    0x00, 0xca, 0x0f, 0x00, 0x35, 0x72, 0x0c, 0x14, 0x0e, 0x00, 0x00, 0x00,
    0x00, 0x02, 0x8e, 0x07, 0x00, 0xcc, 0x0f, 0x00, 0x0c, 0x72, 0x00, 0x0c,
    0x10, 0x00, 0x00, 0x00, 0x70, 0x40, 0xf1, 0x03, 0x00, 0xdc, 0x0f, 0x00,
    0x47, 0x09, 0xe4, 0x00, 0x0c, 0x00, 0x00, 0x00, 0x00, 0x00, 0x80, 0x03,
    0x00, 0xea, 0x0f, 0x00, 0x02, 0x72, 0x04, 0x00, 0x05, 0x00, 0x00, 0x00,
    0x00, 0x0f, 0x00, 0x00, 0x00, 0xe2, 0x0f, 0x00, 0x31, 0x74, 0x05, 0xff,
    0x00, 0x00, 0x00, 0x00, 0xff, 0x01, 0x00, 0x00, 0x00, 0xe4, 0x0f, 0x00,
    0x24, 0x72, 0x0d, 0x1f, 0x06, 0x00, 0x00, 0x00, 0xff, 0x02, 0x8e, 0x07,
    0x00, 0xe2, 0x0f, 0x00, 0x02, 0x72, 0x09, 0x00, 0x08, 0x00, 0x00, 0x00,
    0x00, 0x0f, 0x00, 0x00, 0x00, 0xe4, 0x0f, 0x00, 0x35, 0x72, 0x04, 0x0e,
    0x04, 0x00, 0x00, 0x00, 0x00, 0x02, 0x8e, 0x07, 0x00, 0xcc, 0x0f, 0x00,
    0x25, 0x72, 0x04, 0x06, 0x1e, 0x00, 0x00, 0x00, 0x04, 0x00, 0x8e, 0x07,
    0x00, 0xca, 0x0f, 0x00, 0x35, 0x72, 0x0d, 0x05, 0x0d, 0x00, 0x00, 0x00,
    0x00, 0x00, 0x8e, 0x07, 0x00, 0xe2, 0x0f, 0x00, 0x02, 0x72, 0x0c, 0x00,
    0x04, 0x00, 0x00, 0x00, 0x00, 0x0f, 0x00, 0x00, 0x00, 0xca, 0x0f, 0x00,
    0x35, 0x7c, 0x04, 0x0c, 0x08, 0x00, 0x00, 0x00, 0x00, 0x03, 0x8e, 0x0f,
    0x00, 0xcc, 0x0f, 0x00, 0x0c, 0x72, 0x00, 0x04, 0x14, 0x00, 0x00, 0x00,
    0x70, 0x60, 0xf1, 0x03, 0x00, 0xcc, 0x0f, 0x00, 0x0c, 0x7c, 0x00, 0x0c,
    0x08, 0x00, 0x00, 0x00, 0x70, 0x44, 0x71, 0x0c, 0x00, 0xdc, 0x0f, 0x00,
    0x47, 0x09, 0xb4, 0x00, 0x0c, 0x00, 0x00, 0x00, 0x00, 0x00, 0x80, 0x03,
    0x00, 0xea, 0x0f, 0x00, 0x35, 0x72, 0x0a, 0x0c, 0x0a, 0x00, 0x00, 0x00,
    0x00, 0x02, 0x8e, 0x07, 0x00, 0xcc, 0x0f, 0x00, 0x81, 0x79, 0x04, 0x0a,
    0x06, 0x00, 0x00, 0x00, 0x00, 0x11, 0x1e, 0x0c, 0x00, 0xa8, 0x0e, 0x00,
    0x81, 0x19, 0x03, 0x0a, 0x06, 0x01, 0x00, 0x00, 0x00, 0x11, 0x1e, 0x0c,
    0x00, 0xe8, 0x0e, 0x00, 0x81, 0x19, 0x06, 0x0a, 0x06, 0x02, 0x00, 0x00,
    0x00, 0x11, 0x1e, 0x0c, 0x00, 0x28, 0x0f, 0x00, 0x81, 0x19, 0x0c, 0x0a,
    0x06, 0x03, 0x00, 0x00, 0x00, 0x11, 0x1e, 0x0c, 0x00, 0x62, 0x0f, 0x00,
    0x24, 0x92, 0x05, 0x07, 0x04, 0x00, 0x00, 0x00, 0xff, 0x02, 0x8e, 0x07,
    0x00, 0xc4, 0x4f, 0x00, 0x24, 0x18, 0x03, 0x03, 0x00, 0x01, 0x00, 0x00,
    0x04, 0x02, 0x8e, 0x07, 0x00, 0xc6, 0x8f, 0x00, 0x12, 0x98, 0x05, 0x05,
    0xff, 0xff, 0x00, 0x00, 0xff, 0xc0, 0x8e, 0x07, 0x00, 0xe2, 0x0f, 0x00,
    0x24, 0x18, 0x03, 0x06, 0x00, 0x00, 0x01, 0x00, 0x03, 0x02, 0x8e, 0x07,
    0x00, 0xc8, 0x0f, 0x01, 0x24, 0x98, 0x04, 0x05, 0x81, 0x80, 0x00, 0x00,
    0xff, 0x02, 0x8e, 0x07, 0x00, 0xe4, 0x0f, 0x00, 0x24, 0x18, 0x05, 0x0c,
    0x00, 0x00, 0x00, 0x01, 0x03, 0x02, 0x8e, 0x07, 0x00, 0xe2, 0x0f, 0x02,
    0x02, 0x92, 0x05, 0x00, 0x02, 0x00, 0x00, 0x00, 0x00, 0x0f, 0x00, 0x00,
    0x00, 0xe4, 0x0f, 0x00, 0x19, 0x98, 0x07, 0xff, 0x17, 0x00, 0x00, 0x00,
    0x04, 0x16, 0x01, 0x00, 0x00, 0xe2, 0x0f, 0x00, 0x47, 0x79, 0x00, 0x00,
    0x0c, 0x00, 0x00, 0x00, 0x00, 0x00, 0x80, 0x03, 0x00, 0xec, 0x0f, 0x00,
    0x0c, 0x72, 0x00, 0x12, 0xff, 0x00, 0x00, 0x00, 0x70, 0x50, 0xf0, 0x03,
    0x00, 0xda, 0x0f, 0x00, 0x47, 0x09, 0x74, 0x00, 0x0c, 0x00, 0x00, 0x00,
    0x00, 0x00, 0x80, 0x03, 0x00, 0xea, 0x0f, 0x00, 0x02, 0x72, 0x05, 0x00,
    0x02, 0x00, 0x00, 0x00, 0x00, 0x0f, 0x00, 0x00, 0x00, 0xe2, 0x0f, 0x00,
    0x47, 0x79, 0xf0, 0x00, 0x08, 0x00, 0x00, 0x00, 0x00, 0x00, 0x80, 0x03,
    0x00, 0xec, 0x0f, 0x00, 0x12, 0x72, 0x04, 0x06, 0x13, 0x00, 0x00, 0x00,
    0x04, 0xfe, 0x8e, 0x07, 0x00, 0xc8, 0x0f, 0x00, 0x12, 0x72, 0xff, 0x04,
    0x05, 0x00, 0x00, 0x00, 0xff, 0xfc, 0x80, 0x07, 0x00, 0xca, 0x0f, 0x00,
    0x0c, 0x78, 0x00, 0x03, 0x03, 0x00, 0x00, 0x00, 0x70, 0x44, 0x70, 0x00,
    0x00, 0xda, 0x0f, 0x00, 0x47, 0x09, 0x5c, 0x00, 0x0c, 0x00, 0x00, 0x00,
    0x00, 0x00, 0x80, 0x03, 0x00, 0xea, 0x0f, 0x00, 0x12, 0x78, 0x06, 0x03,
    0x01, 0x00, 0x00, 0x00, 0xff, 0xc0, 0x80, 0x07, 0x00, 0xe2, 0x0f, 0x00,
    0x02, 0x72, 0x09, 0x00, 0x08, 0x00, 0x00, 0x00, 0x00, 0x0f, 0x00, 0x00,
    0x00, 0xc8, 0x0f, 0x00, 0x07, 0x72, 0x04, 0x10, 0x0c, 0x00, 0x00, 0x00,
    0x00, 0x00, 0x00, 0x04, 0x00, 0xe2, 0x0f, 0x00, 0x07, 0x72, 0x0c, 0x0c,
    0x10, 0x00, 0x00, 0x00, 0x00, 0x00, 0x00, 0x04, 0x00, 0xc8, 0x0f, 0x00,
    0x35, 0x78, 0x05, 0x04, 0xfe, 0xff, 0xff, 0xff, 0x00, 0x00, 0x8e, 0x07,
    0x00, 0xca, 0x0f, 0x00, 0x0c, 0x72, 0x00, 0x0c, 0x05, 0x00, 0x00, 0x00,
    0x70, 0x42, 0xf0, 0x03, 0x00, 0xca, 0x0f, 0x00, 0x0c, 0x78, 0x00, 0x04,
    0x03, 0x00, 0x00, 0x00, 0x70, 0x16, 0x70, 0x04, 0x00, 0xda, 0x0f, 0x00,
    0x47, 0x09, 0x3c, 0x00, 0x0c, 0x00, 0x00, 0x00, 0x00, 0x00, 0x80, 0x03,
    0x00, 0xea, 0x0f, 0x00, 0x25, 0x78, 0x04, 0x05, 0x00, 0x00, 0x01, 0x00,
    0xff, 0x00, 0x8e, 0x07, 0x00, 0xe2, 0x0f, 0x00, 0x0c, 0x72, 0x00, 0x06,
    0xff, 0x00, 0x00, 0x00, 0x70, 0x50, 0xf2, 0x03, 0x00, 0xe2, 0x0f, 0x00,
    0x35, 0x78, 0x0c, 0x0c, 0xff, 0xff, 0xff, 0xff, 0x00, 0x00, 0x8e, 0x07,
    0x00, 0xc6, 0x0f, 0x00, 0x12, 0x78, 0xff, 0x05, 0xff, 0xff, 0x00, 0x00,
    0xff, 0xc0, 0x80, 0x07, 0x00, 0xe2, 0x0f, 0x00, 0x07, 0x76, 0x10, 0x26,
    0x1e, 0x00, 0x00, 0x00, 0x00, 0x00, 0x80, 0x04, 0x00, 0xe4, 0x0f, 0x00,
    0x07, 0x76, 0x1e, 0x1e, 0x26, 0x00, 0x00, 0x00, 0x00, 0x00, 0x80, 0x04,
    0x00, 0xd4, 0x0f, 0x00, 0x47, 0x09, 0x50, 0x00, 0x00, 0x00, 0x00, 0x00,
    0x00, 0x00, 0x80, 0x03, 0x00, 0xea, 0x0f, 0x00, 0x06, 0x73, 0x06, 0x00,
    0x0c, 0x00, 0x00, 0x00, 0x00, 0x90, 0x20, 0x00, 0x00, 0x62, 0x0e, 0x00,
    0x35, 0x72, 0x09, 0xff, 0x0c, 0x00, 0x00, 0x80, 0x00, 0x00, 0x8e, 0x07,
    0x00, 0xe2, 0x0f, 0x00, 0x0c, 0x72, 0x00, 0x0c, 0xff, 0x00, 0x00, 0x00,
    0x70, 0x50, 0xf6, 0x03, 0x00, 0xe2, 0x0f, 0x00, 0x02, 0x72, 0x21, 0x00,
    0xff, 0x00, 0x00, 0x00, 0x00, 0x0f, 0x00, 0x00, 0x00, 0xe2, 0x0f, 0x00,
    0x08, 0x73, 0x06, 0x00, 0x06, 0x00, 0x00, 0x00, 0x00, 0x10, 0x00, 0x00,
    0x00, 0x64, 0x2e, 0x00, 0x35, 0x78, 0x0a, 0x06, 0xfe, 0xff, 0xff, 0x0f,
    0x00, 0x00, 0x8e, 0x07, 0x00, 0xc8, 0x2f, 0x00, 0x05, 0x73, 0x0b, 0x00,
    0x0a, 0x00, 0x00, 0x00, 0x00, 0xf0, 0x21, 0x00, 0x00, 0xa4, 0x02, 0x00,
    0x31, 0x74, 0x0a, 0xff, 0x00, 0x00, 0x00, 0x00, 0xff, 0x01, 0x00, 0x00,
    0x00, 0xe4, 0x2f, 0x00, 0x24, 0x72, 0x09, 0x09, 0x0b, 0x00, 0x00, 0x00,
    0xff, 0x02, 0x8e, 0x07, 0x00, 0xc8, 0x4f, 0x00, 0x27, 0x72, 0x0b, 0x0b,
    0x09, 0x00, 0x00, 0x00, 0x0a, 0x00, 0x8e, 0x07, 0x00, 0xcc, 0x0f, 0x00,
    0x27, 0x72, 0x20, 0x0b, 0x04, 0x00, 0x00, 0x00, 0xff, 0x00, 0x8e, 0x07,
    0x00, 0xca, 0x0f, 0x00, 0x35, 0x72, 0x09, 0x20, 0xff, 0x00, 0x00, 0x00,
    0x00, 0x01, 0x8e, 0x07, 0x00, 0xca, 0x0f, 0x00, 0x24, 0x72, 0x09, 0x0c,
    0x09, 0x00, 0x00, 0x00, 0x04, 0x02, 0x8e, 0x07, 0x00, 0xca, 0x0f, 0x00,
    0x0c, 0x72, 0x00, 0x09, 0x0c, 0x00, 0x00, 0x00, 0x70, 0x60, 0xf0, 0x03,
    0x00, 0xda, 0x0f, 0x00, 0x35, 0x02, 0x09, 0x0c, 0x09, 0x00, 0x00, 0x00,
    0x00, 0x01, 0x8e, 0x07, 0x00, 0xe2, 0x0f, 0x00, 0x35, 0x08, 0x20, 0x20,
    0x01, 0x00, 0x00, 0x00, 0x00, 0x00, 0x8e, 0x07, 0x00, 0xc8, 0x0f, 0x00,
    0x0c, 0x72, 0x00, 0x09, 0x0c, 0x00, 0x00, 0x00, 0x70, 0x60, 0xf2, 0x03,
    0x00, 0xda, 0x0f, 0x00, 0x35, 0x18, 0x20, 0x20, 0x01, 0x00, 0x00, 0x00,
    0x00, 0x00, 0x8e, 0x07, 0x00, 0xe2, 0x0f, 0x00, 0x12, 0xb2, 0x20, 0xff,
    0x0c, 0x00, 0x00, 0x00, 0xff, 0x33, 0x8e, 0x07, 0x00, 0xe2, 0x0f, 0x00,
    0x47, 0x79, 0x14, 0x00, 0x00, 0x00, 0x00, 0x00, 0x00, 0x00, 0x80, 0x03,
    0x00, 0xec, 0x0f, 0x00, 0x31, 0x74, 0x09, 0xff, 0x00, 0x00, 0x00, 0x00,
    0xff, 0x01, 0x00, 0x00, 0x00, 0xe2, 0x0f, 0x00, 0x02, 0x72, 0x0e, 0x00,
    0x04, 0x00, 0x00, 0x00, 0x00, 0x0f, 0x00, 0x00, 0x00, 0xe2, 0x0f, 0x00,
    0x02, 0x72, 0x0f, 0x00, 0x05, 0x00, 0x00, 0x00, 0x00, 0x0f, 0x00, 0x00,
    0x00, 0xe2, 0x0f, 0x00, 0x02, 0x78, 0x0a, 0x00, 0x40, 0x41, 0x00, 0x00,
    0x00, 0x0f, 0x00, 0x00, 0x00, 0xce, 0x0f, 0x00, 0x44, 0x79, 0xd4, 0x00,
    0x08, 0x00, 0x00, 0x00, 0x00, 0x00, 0xc0, 0x03, 0x00, 0xea, 0x1f, 0x00,
    0x12, 0x78, 0xff, 0x03, 0x02, 0x00, 0x00, 0x00, 0xff, 0xc0, 0x80, 0x07,
    0x00, 0xda, 0x0f, 0x00, 0x47, 0x89, 0x1c, 0x00, 0x00, 0x00, 0x00, 0x00,
    0x00, 0x00, 0x80, 0x03, 0x00, 0xea, 0x0f, 0x00, 0x35, 0x72, 0x09, 0xff,
    0x20, 0x00, 0x00, 0x80, 0x00, 0x00, 0x80, 0x07, 0x00, 0xca, 0x0f, 0x00,
    0x35, 0x72, 0x03, 0xff, 0x21, 0x00, 0x00, 0x80, 0x00, 0x04, 0x0e, 0x00,
    0x00, 0xe2, 0x0f, 0x00, 0x25, 0x72, 0x04, 0x10, 0x09, 0x00, 0x00, 0x00,
    0x04, 0x00, 0x8e, 0x07, 0x00, 0xc8, 0x0f, 0x00, 0x24, 0x72, 0x03, 0x03,
    0x10, 0x00, 0x00, 0x00, 0xff, 0x02, 0x8e, 0x07, 0x00, 0xc8, 0x0f, 0x00,
    0x24, 0x72, 0x03, 0x11, 0x09, 0x00, 0x00, 0x00, 0x03, 0x02, 0x8e, 0x07,
    0x00, 0xca, 0x0f, 0x00, 0x35, 0x72, 0x05, 0x05, 0x03, 0x00, 0x00, 0x00,
    0x00, 0x00, 0x8e, 0x07, 0x00, 0xe2, 0x0f, 0x00, 0x47, 0x79, 0x10, 0x00,
    0x00, 0x00, 0x00, 0x00, 0x00, 0x00, 0x80, 0x03, 0x00, 0xec, 0x0f, 0x00,
    0x24, 0x72, 0x03, 0x21, 0x10, 0x00, 0x00, 0x00, 0xff, 0x02, 0x8e, 0x07,
    0x00, 0xe4, 0x0f, 0x08, 0x25, 0x72, 0x04, 0x20, 0x10, 0x00, 0x00, 0x00,
    0xff, 0x00, 0x8e, 0x07, 0x00, 0xc8, 0x0f, 0x00, 0x24, 0x72, 0x03, 0x11,
    0x20, 0x00, 0x00, 0x00, 0x03, 0x02, 0x8e, 0x07, 0x00, 0xca, 0x0f, 0x00,
    0x35, 0x72, 0x05, 0x05, 0x03, 0x00, 0x00, 0x00, 0x00, 0x00, 0x8e, 0x07,
    0x00, 0xce, 0x0f, 0x00, 0x19, 0x78, 0x0a, 0x04, 0x10, 0x00, 0x00, 0x00,
    0x05, 0x12, 0x00, 0x00, 0x00, 0xe4, 0x0f, 0x14, 0x19, 0x78, 0x0b, 0xff,
    0x10, 0x00, 0x00, 0x00, 0x05, 0x16, 0x01, 0x00, 0x00, 0xe4, 0x0f, 0x00,
    0x12, 0x78, 0x04, 0x04, 0xff, 0xff, 0x00, 0x00, 0xff, 0xc0, 0x8e, 0x07,
    0x00, 0xc6, 0x0f, 0x00, 0x0c, 0x72, 0x00, 0x1e, 0x0a, 0x00, 0x00, 0x00,
    0x70, 0x50, 0xf1, 0x03, 0x00, 0xe4, 0x0f, 0x00, 0x24, 0x78, 0x03, 0x04,
    0xff, 0x00, 0x00, 0x00, 0xff, 0x02, 0x8e, 0x07, 0x00, 0xca, 0x0f, 0x00,
    0x19, 0x78, 0x03, 0xff, 0x10, 0x00, 0x00, 0x00, 0x03, 0x16, 0x01, 0x00,
    0x00, 0xce, 0x0f, 0x00, 0x35, 0x08, 0x04, 0x0a, 0x01, 0x00, 0x00, 0x00,
    0x00, 0x02, 0x8e, 0x07, 0x00, 0xcc, 0x0f, 0x00, 0x0c, 0x02, 0x00, 0x1e,
    0x04, 0x00, 0x00, 0x00, 0x70, 0x50, 0xf3, 0x03, 0x00, 0xe4, 0x0f, 0x00,
    0x02, 0x72, 0x05, 0x00, 0x02, 0x00, 0x00, 0x00, 0x00, 0x0f, 0x00, 0x00,
    0x00, 0xe2, 0x0f, 0x00, 0x12, 0x88, 0x04, 0x03, 0xff, 0x00, 0x00, 0x00,
    0xff, 0x3c, 0x8e, 0x07, 0x00, 0xc6, 0x0f, 0x00, 0x07, 0x02, 0x04, 0x03,
    0xff, 0x00, 0x00, 0x00, 0x00, 0x00, 0x80, 0x04, 0x00, 0xca, 0x0f, 0x00,
    0x24, 0x72, 0x04, 0x07, 0x04, 0x00, 0x00, 0x00, 0xff, 0x02, 0x8e, 0x07,
    0x00, 0xca, 0x0f, 0x00, 0x12, 0x78, 0x04, 0x04, 0xff, 0xff, 0x00, 0x00,
    0xff, 0xc0, 0x8e, 0x07, 0x00, 0xca, 0x0f, 0x00, 0x24, 0x78, 0x04, 0x04,
    0x81, 0x80, 0x00, 0x00, 0xff, 0x02, 0x8e, 0x07, 0x00, 0xca, 0x0f, 0x00,
    0x19, 0x78, 0x07, 0xff, 0x17, 0x00, 0x00, 0x00, 0x04, 0x16, 0x01, 0x00,
    0x00, 0xe2, 0x0f, 0x00, 0x47, 0x79, 0xcc, 0x00, 0x04, 0x00, 0x00, 0x00,
    0x00, 0x00, 0x80, 0x03, 0x00, 0xec, 0x0f, 0x00, 0x82, 0x7b, 0x0a, 0xff,
    0x00, 0xe2, 0x00, 0x00, 0x00, 0x0a, 0x00, 0x00, 0x00, 0x62, 0x0e, 0x00,
    0x0c, 0x72, 0x00, 0x13, 0xff, 0x00, 0x00, 0x00, 0x70, 0x50, 0xf0, 0x03,
    0x00, 0xca, 0x0f, 0x00, 0x0c, 0x72, 0x00, 0x0a, 0xff, 0x00, 0x00, 0x00,
    0x70, 0x24, 0x71, 0x04, 0x00, 0xcc, 0x2f, 0x00, 0x0c, 0x72, 0x00, 0x04,
    0xff, 0x00, 0x00, 0x00, 0x70, 0x24, 0x70, 0x00, 0x00, 0xca, 0x0f, 0x00,
    0x0c, 0x78, 0x00, 0x03, 0x01, 0x00, 0x00, 0x00, 0x70, 0x44, 0x70, 0x00,
    0x00, 0xda, 0x0f, 0x00, 0x47, 0x09, 0x30, 0x00, 0x08, 0x00, 0x00, 0x00,
    0x00, 0x00, 0x80, 0x03, 0x00, 0xea, 0x0f, 0x00, 0x0c, 0x72, 0x00, 0x03,
    0xff, 0x00, 0x00, 0x00, 0x70, 0x50, 0xf0, 0x03, 0x00, 0xe2, 0x0f, 0x00,
    0x35, 0x78, 0x0a, 0x14, 0x07, 0x00, 0x00, 0x00, 0x00, 0x02, 0x8e, 0x07,
    0x00, 0xca, 0x0f, 0x00, 0x19, 0x78, 0x09, 0x0a, 0x03, 0x00, 0x00, 0x00,
    0x0b, 0x12, 0x00, 0x00, 0x00, 0xe4, 0x0f, 0x10, 0x19, 0x78, 0x0e, 0xff,
    0x03, 0x00, 0x00, 0x00, 0x0b, 0x16, 0x01, 0x00, 0x00, 0xe2, 0x0f, 0x00,
    0x31, 0x74, 0x0b, 0xff, 0x00, 0x00, 0x00, 0x00, 0xff, 0x01, 0x00, 0x00,
    0x00, 0xe2, 0x0f, 0x00, 0x02, 0x72, 0x0a, 0x00, 0x06, 0x00, 0x00, 0x00,
    0x00, 0x0f, 0x00, 0x00, 0x00, 0xc6, 0x0f, 0x00, 0x02, 0x02, 0x14, 0x00,
    0x09, 0x00, 0x00, 0x00, 0x00, 0x0f, 0x00, 0x00, 0x00, 0xe2, 0x0f, 0x00,
    0x02, 0x02, 0x15, 0x00, 0x0e, 0x00, 0x00, 0x00, 0x00, 0x0f, 0x00, 0x00,
    0x00, 0xe2, 0x0f, 0x00, 0x02, 0x72, 0x09, 0x00, 0x08, 0x00, 0x00, 0x00,
    0x00, 0x0f, 0x00, 0x00, 0x00, 0xc8, 0x0f, 0x00, 0x0c, 0x72, 0x00, 0x14,
    0x0a, 0x00, 0x00, 0x00, 0x70, 0x40, 0xf1, 0x03, 0x00, 0xdc, 0x0f, 0x00,
    0x47, 0x09, 0x04, 0x00, 0x08, 0x00, 0x00, 0x00, 0x00, 0x00, 0x80, 0x03,
    0x00, 0xea, 0x0f, 0x00, 0x24, 0x72, 0x09, 0x27, 0x13, 0x00, 0x00, 0x00,
    0xff, 0x02, 0x8e, 0x07, 0x00, 0xe2, 0x0f, 0x08, 0x45, 0x79, 0x01, 0x00,
    0x00, 0x02, 0x00, 0x00, 0x00, 0x02, 0x80, 0x03, 0x00, 0xe2, 0x0f, 0x00,
    0x25, 0x72, 0x0e, 0x26, 0x13, 0x00, 0x00, 0x00, 0xff, 0x00, 0x8e, 0x07,
    0x00, 0xca, 0x0f, 0x00, 0x35, 0x72, 0x09, 0x0f, 0x09, 0x00, 0x00, 0x00,
    0x00, 0x00, 0x8e, 0x07, 0x00, 0xca, 0x0f, 0x00, 0x0c, 0x72, 0x00, 0x09,
    0xff, 0x00, 0x00, 0x00, 0x70, 0x50, 0xf0, 0x03, 0x00, 0xda, 0x0f, 0x00,
    0x47, 0x09, 0x50, 0x00, 0x00, 0x00, 0x00, 0x00, 0x00, 0x00, 0x80, 0x03,
    0x00, 0xea, 0x0f, 0x00, 0x06, 0x73, 0x09, 0x00, 0x0c, 0x00, 0x00, 0x00,
    0x00, 0x90, 0x20, 0x00, 0x00, 0x62, 0x0e, 0x00, 0x35, 0x72, 0x0d, 0xff,
    0x0c, 0x00, 0x00, 0x80, 0x00, 0x00, 0x8e, 0x07, 0x00, 0xe2, 0x0f, 0x00,
    0x0c, 0x72, 0x00, 0x0c, 0xff, 0x00, 0x00, 0x00, 0x70, 0x50, 0xf6, 0x03,
    0x00, 0xe2, 0x0f, 0x00, 0x02, 0x72, 0x13, 0x00, 0xff, 0x00, 0x00, 0x00,
    0x00, 0x0f, 0x00, 0x00, 0x00, 0xe2, 0x0f, 0x00, 0x08, 0x73, 0x09, 0x00,
    0x09, 0x00, 0x00, 0x00, 0x00, 0x10, 0x00, 0x00, 0x00, 0x64, 0x2e, 0x00,
    0x35, 0x78, 0x0a, 0x09, 0xfe, 0xff, 0xff, 0x0f, 0x00, 0x00, 0x8e, 0x07,
    0x00, 0xc8, 0x2f, 0x00, 0x05, 0x73, 0x0b, 0x00, 0x0a, 0x00, 0x00, 0x00,
    0x00, 0xf0, 0x21, 0x00, 0x00, 0xa4, 0x02, 0x00, 0x31, 0x74, 0x0a, 0xff,
    0x00, 0x00, 0x00, 0x00, 0xff, 0x01, 0x00, 0x00, 0x00, 0xe4, 0x2f, 0x00,
    0x24, 0x72, 0x0d, 0x0d, 0x0b, 0x00, 0x00, 0x00, 0xff, 0x02, 0x8e, 0x07,
    0x00, 0xc8, 0x4f, 0x00, 0x27, 0x72, 0x0d, 0x0b, 0x0d, 0x00, 0x00, 0x00,
    0x0a, 0x00, 0x8e, 0x07, 0x00, 0xcc, 0x0f, 0x00, 0x27, 0x72, 0x12, 0x0d,
    0x0e, 0x00, 0x00, 0x00, 0xff, 0x00, 0x8e, 0x07, 0x00, 0xca, 0x0f, 0x00,
    0x35, 0x72, 0x0f, 0x12, 0xff, 0x00, 0x00, 0x00, 0x00, 0x01, 0x8e, 0x07,
    0x00, 0xca, 0x0f, 0x00, 0x24, 0x72, 0x0f, 0x0c, 0x0f, 0x00, 0x00, 0x00,
    0x0e, 0x02, 0x8e, 0x07, 0x00, 0xca, 0x0f, 0x00, 0x0c, 0x72, 0x00, 0x0f,
    0x0c, 0x00, 0x00, 0x00, 0x70, 0x60, 0xf0, 0x03, 0x00, 0xda, 0x0f, 0x00,
    0x35, 0x02, 0x0f, 0x0c, 0x0f, 0x00, 0x00, 0x00, 0x00, 0x01, 0x8e, 0x07,
    0x00, 0xe2, 0x0f, 0x00, 0x35, 0x08, 0x12, 0x12, 0x01, 0x00, 0x00, 0x00,
    0x00, 0x00, 0x8e, 0x07, 0x00, 0xc8, 0x0f, 0x00, 0x0c, 0x72, 0x00, 0x0f,
    0x0c, 0x00, 0x00, 0x00, 0x70, 0x60, 0xf2, 0x03, 0x00, 0xda, 0x0f, 0x00,
    0x35, 0x18, 0x12, 0x12, 0x01, 0x00, 0x00, 0x00, 0x00, 0x00, 0x8e, 0x07,
    0x00, 0xe2, 0x0f, 0x00, 0x12, 0xb2, 0x12, 0xff, 0x0c, 0x00, 0x00, 0x00,
    0xff, 0x33, 0x8e, 0x07, 0x00, 0xe2, 0x0f, 0x00, 0x47, 0x79, 0x18, 0x00,
    0x00, 0x00, 0x00, 0x00, 0x00, 0x00, 0x80, 0x03, 0x00, 0xec, 0x0f, 0x00,
    0x02, 0x72, 0x0f, 0x00, 0x09, 0x00, 0x00, 0x00, 0x00, 0x0f, 0x00, 0x00,
    0x00, 0xe2, 0x0f, 0x00, 0x31, 0x74, 0x09, 0xff, 0x00, 0x00, 0x00, 0x00,
    0xff, 0x01, 0x00, 0x00, 0x00, 0xe2, 0x0f, 0x00, 0x02, 0x78, 0x0a, 0x00,
    0x00, 0x46, 0x00, 0x00, 0x00, 0x0f, 0x00, 0x00, 0x00, 0xce, 0x0f, 0x00,
    0x44, 0x79, 0xa4, 0x00, 0x04, 0x00, 0x00, 0x00, 0x00, 0x00, 0xc0, 0x03,
    0x00, 0xea, 0x1f, 0x00, 0x02, 0x72, 0x12, 0x00, 0x20, 0x00, 0x00, 0x00,
    0x00, 0x0f, 0x00, 0x00, 0x00, 0xe2, 0x0f, 0x00, 0x02, 0x72, 0x13, 0x00,
    0x21, 0x00, 0x00, 0x00, 0x00, 0x0f, 0x00, 0x00, 0x00, 0xce, 0x0f, 0x00,
    0x18, 0x79, 0x00, 0x00, 0x00, 0x00, 0x00, 0x00, 0x00, 0x00, 0x00, 0x00,
    0x00, 0xe2, 0x0f, 0x00, 0x41, 0x79, 0x01, 0x00, 0x00, 0x00, 0x00, 0x00,
    0x00, 0x02, 0x80, 0x03, 0x00, 0xea, 0x0f, 0x00, 0x24, 0x72, 0x09, 0x1f,
    0x04, 0x00, 0x00, 0x00, 0xff, 0x02, 0x8e, 0x07, 0x00, 0xe2, 0x0f, 0x08,
    0x45, 0x79, 0x01, 0x00, 0xf0, 0x01, 0x00, 0x00, 0x00, 0x02, 0x80, 0x03,
    0x00, 0xe2, 0x0f, 0x00, 0x25, 0x72, 0x0e, 0x1e, 0x04, 0x00, 0x00, 0x00,
    0xff, 0x00, 0x8e, 0x07, 0x00, 0xca, 0x0f, 0x00, 0x35, 0x72, 0x09, 0x0f,
    0x09, 0x00, 0x00, 0x00, 0x00, 0x00, 0x8e, 0x07, 0x00, 0xca, 0x0f, 0x00,
    0x0c, 0x72, 0x00, 0x09, 0xff, 0x00, 0x00, 0x00, 0x70, 0x50, 0xf0, 0x03,
    0x00, 0xda, 0x0f, 0x00, 0x47, 0x09, 0x50, 0x00, 0x00, 0x00, 0x00, 0x00,
    0x00, 0x00, 0x80, 0x03, 0x00, 0xea, 0x0f, 0x00, 0x06, 0x73, 0x04, 0x00,
    0x10, 0x00, 0x00, 0x00, 0x00, 0x90, 0x20, 0x00, 0x00, 0x62, 0x0e, 0x00,
    0x35, 0x72, 0x09, 0xff, 0x10, 0x00, 0x00, 0x80, 0x00, 0x00, 0x8e, 0x07,
    0x00, 0xe2, 0x0f, 0x00, 0x0c, 0x72, 0x00, 0x10, 0xff, 0x00, 0x00, 0x00,
    0x70, 0x50, 0xf6, 0x03, 0x00, 0xe2, 0x0f, 0x00, 0x02, 0x72, 0x21, 0x00,
    0xff, 0x00, 0x00, 0x00, 0x00, 0x0f, 0x00, 0x00, 0x00, 0xe2, 0x0f, 0x00,
    0x08, 0x73, 0x04, 0x00, 0x04, 0x00, 0x00, 0x00, 0x00, 0x10, 0x00, 0x00,
    0x00, 0x64, 0x2e, 0x00, 0x35, 0x78, 0x0a, 0x04, 0xfe, 0xff, 0xff, 0x0f,
    0x00, 0x00, 0x8e, 0x07, 0x00, 0xc8, 0x2f, 0x00, 0x05, 0x73, 0x0b, 0x00,
    0x0a, 0x00, 0x00, 0x00, 0x00, 0xf0, 0x21, 0x00, 0x00, 0xa4, 0x02, 0x00,
    0x31, 0x74, 0x0a, 0xff, 0x00, 0x00, 0x00, 0x00, 0xff, 0x01, 0x00, 0x00,
    0x00, 0xe4, 0x2f, 0x00, 0x24, 0x72, 0x09, 0x09, 0x0b, 0x00, 0x00, 0x00,
    0xff, 0x02, 0x8e, 0x07, 0x00, 0xc8, 0x4f, 0x00, 0x27, 0x72, 0x09, 0x0b,
    0x09, 0x00, 0x00, 0x00, 0x0a, 0x00, 0x8e, 0x07, 0x00, 0xcc, 0x0f, 0x00,
    0x27, 0x72, 0x20, 0x09, 0x0e, 0x00, 0x00, 0x00, 0xff, 0x00, 0x8e, 0x07,
    0x00, 0xca, 0x0f, 0x00, 0x35, 0x72, 0x0f, 0x20, 0xff, 0x00, 0x00, 0x00,
    0x00, 0x01, 0x8e, 0x07, 0x00, 0xca, 0x0f, 0x00, 0x24, 0x72, 0x0f, 0x10,
    0x0f, 0x00, 0x00, 0x00, 0x0e, 0x02, 0x8e, 0x07, 0x00, 0xca, 0x0f, 0x00,
    0x0c, 0x72, 0x00, 0x0f, 0x10, 0x00, 0x00, 0x00, 0x70, 0x60, 0xf0, 0x03,
    0x00, 0xda, 0x0f, 0x00, 0x35, 0x02, 0x0f, 0x10, 0x0f, 0x00, 0x00, 0x00,
    0x00, 0x01, 0x8e, 0x07, 0x00, 0xe2, 0x0f, 0x00, 0x35, 0x08, 0x20, 0x20,
    0x01, 0x00, 0x00, 0x00, 0x00, 0x00, 0x8e, 0x07, 0x00, 0xc8, 0x0f, 0x00,
    0x0c, 0x72, 0x00, 0x0f, 0x10, 0x00, 0x00, 0x00, 0x70, 0x60, 0xf2, 0x03,
    0x00, 0xda, 0x0f, 0x00, 0x35, 0x18, 0x20, 0x20, 0x01, 0x00, 0x00, 0x00,
    0x00, 0x00, 0x8e, 0x07, 0x00, 0xe2, 0x0f, 0x00, 0x12, 0xb2, 0x20, 0xff,
    0x10, 0x00, 0x00, 0x00, 0xff, 0x33, 0x8e, 0x07, 0x00, 0xe2, 0x0f, 0x00,
    0x47, 0x79, 0x14, 0x00, 0x00, 0x00, 0x00, 0x00, 0x00, 0x00, 0x80, 0x03,
    0x00, 0xec, 0x0f, 0x00, 0x02, 0x72, 0x0f, 0x00, 0x09, 0x00, 0x00, 0x00,
    0x00, 0x0f, 0x00, 0x00, 0x00, 0xe2, 0x0f, 0x00, 0x02, 0x72, 0x0c, 0x00,
    0x10, 0x00, 0x00, 0x00, 0x00, 0x0f, 0x00, 0x00, 0x00, 0xe2, 0x0f, 0x00,
    0x02, 0x72, 0x09, 0x00, 0x11, 0x00, 0x00, 0x00, 0x00, 0x0f, 0x00, 0x00,
    0x00, 0xe2, 0x0f, 0x00, 0x02, 0x78, 0x0a, 0x00, 0x30, 0x48, 0x00, 0x00,
    0x00, 0x0f, 0x00, 0x00, 0x00, 0xce, 0x0f, 0x00, 0x44, 0x79, 0x18, 0x00,
    0x04, 0x00, 0x00, 0x00, 0x00, 0x00, 0xc0, 0x03, 0x00, 0xea, 0x1f, 0x00,
    0x18, 0x79, 0x00, 0x00, 0x00, 0x00, 0x00, 0x00, 0x00, 0x00, 0x00, 0x00,
    0x00, 0xe2, 0x0f, 0x00, 0x41, 0x79, 0x01, 0x00, 0x00, 0x00, 0x00, 0x00,
    0x00, 0x02, 0x80, 0x03, 0x00, 0xea, 0x0f, 0x00, 0x0c, 0x72, 0x00, 0x03,
    0xff, 0x00, 0x00, 0x00, 0x70, 0x50, 0xf2, 0x03, 0x00, 0xe2, 0x0f, 0x00,
    0x02, 0x72, 0x04, 0x00, 0x05, 0x00, 0x00, 0x00, 0x00, 0x0f, 0x00, 0x00,
    0x00, 0xe2, 0x0f, 0x00, 0x31, 0x74, 0x05, 0xff, 0x00, 0x00, 0x00, 0x00,
    0xff, 0x01, 0x00, 0x00, 0x00, 0xe4, 0x0f, 0x00, 0x24, 0x72, 0x09, 0x21,
    0x06, 0x00, 0x00, 0x00, 0xff, 0x02, 0x8e, 0x07, 0x00, 0xe2, 0x0f, 0x00,
    0x19, 0x78, 0x03, 0x12, 0x03, 0x00, 0x00, 0x00, 0x13, 0x12, 0x00, 0x00,
    0x00, 0xe2, 0x0f, 0x00, 0x25, 0x72, 0x20, 0x06, 0x20, 0x00, 0x00, 0x00,
    0x04, 0x00, 0x8e, 0x07, 0x00, 0xe2, 0x0f, 0x00, 0x19, 0x78, 0x06, 0xff,
    0x03, 0x00, 0x00, 0x00, 0x13, 0x16, 0x01, 0x00, 0x00, 0xe2, 0x0f, 0x00,
    0x02, 0x72, 0x04, 0x00, 0x12, 0x00, 0x00, 0x00, 0x00, 0x0f, 0x00, 0x00,
    0x00, 0xe2, 0x0f, 0x00, 0x02, 0x72, 0x05, 0x00, 0x13, 0x00, 0x00, 0x00,
    0x00, 0x0f, 0x00, 0x00, 0x00, 0xe4, 0x0f, 0x00, 0x35, 0x72, 0x21, 0x21,
    0x09, 0x00, 0x00, 0x00, 0x00, 0x00, 0x8e, 0x07, 0x00, 0xc4, 0x0f, 0x00,
    0x02, 0x12, 0x04, 0x00, 0x03, 0x00, 0x00, 0x00, 0x00, 0x0f, 0x00, 0x00,
    0x00, 0xe2, 0x0f, 0x00, 0x02, 0x12, 0x05, 0x00, 0x06, 0x00, 0x00, 0x00,
    0x00, 0x0f, 0x00, 0x00, 0x00, 0xe2, 0x0f, 0x00, 0x02, 0x72, 0x09, 0x00,
    0x08, 0x00, 0x00, 0x00, 0x00, 0x0f, 0x00, 0x00, 0x00, 0xc8, 0x0f, 0x00,
    0x35, 0x72, 0x04, 0x04, 0x20, 0x00, 0x00, 0x00, 0x00, 0x02, 0x8e, 0x07,
    0x00, 0xcc, 0x0f, 0x00, 0x0c, 0x7c, 0x00, 0x04, 0x08, 0x00, 0x00, 0x00,
    0x70, 0x60, 0xf1, 0x0b, 0x00, 0xdc, 0x0f, 0x00, 0x47, 0x09, 0xb8, 0x00,
    0x00, 0x00, 0x00, 0x00, 0x00, 0x00, 0x80, 0x03, 0x00, 0xea, 0x0f, 0x00,
    0x35, 0x7c, 0x04, 0x04, 0x0a, 0x00, 0x00, 0x00, 0x00, 0x02, 0x8e, 0x0f,
    0x00, 0xce, 0x0f, 0x00, 0x81, 0x79, 0x04, 0x04, 0x06, 0x00, 0x00, 0x00,
    0x00, 0x11, 0x1e, 0x0c, 0x00, 0xa2, 0x02, 0x00, 0x12, 0x18, 0x13, 0x12,
    0x07, 0x00, 0x00, 0x00, 0xff, 0xc0, 0x8e, 0x07, 0x00, 0xe2, 0x0f, 0x00,
    0x02, 0x72, 0x05, 0x00, 0x02, 0x00, 0x00, 0x00, 0x00, 0x0f, 0x00, 0x00,
    0x00, 0xc6, 0x2f, 0x00, 0x19, 0x12, 0x13, 0x04, 0x13, 0x00, 0x00, 0x00,
    0xff, 0x06, 0x00, 0x00, 0x00, 0xca, 0x4f, 0x00, 0x24, 0x18, 0x13, 0x13,
    0x00, 0x00, 0x00, 0x01, 0xff, 0x00, 0x8e, 0x07, 0x00, 0xca, 0x0f, 0x00,
    0x19, 0x18, 0x13, 0xff, 0x1f, 0x00, 0x00, 0x00, 0x13, 0x14, 0x01, 0x00,
    0x00, 0xc8, 0x0f, 0x00, 0x12, 0x18, 0x13, 0x13, 0xff, 0x00, 0x00, 0x00,
    0xff, 0xc0, 0x8e, 0x07, 0x00, 0xe2, 0x0f, 0x00, 0x02, 0x92, 0x13, 0x00,
    0x04, 0x00, 0x00, 0x00, 0x00, 0x0f, 0x00, 0x00, 0x00, 0xca, 0x0f, 0x00,
    0x0c, 0x78, 0x00, 0x13, 0xfd, 0x00, 0x00, 0x00, 0x70, 0x40, 0xf0, 0x03,
    0x00, 0xca, 0x0f, 0x00, 0x07, 0x78, 0x06, 0x13, 0xff, 0x00, 0x00, 0x00,
    0x00, 0x00, 0x00, 0x04, 0x00, 0xca, 0x0f, 0x00, 0x24, 0x72, 0x06, 0x07,
    0x06, 0x00, 0x00, 0x00, 0xff, 0x02, 0x8e, 0x07, 0x00, 0xca, 0x0f, 0x00,
    0x12, 0x78, 0x06, 0x06, 0xff, 0xff, 0x00, 0x00, 0xff, 0xc0, 0x8e, 0x07,
    0x00, 0xca, 0x0f, 0x00, 0x24, 0x78, 0x06, 0x06, 0x81, 0x80, 0x00, 0x00,
    0xff, 0x02, 0x8e, 0x07, 0x00, 0xca, 0x0f, 0x00, 0x19, 0x78, 0x07, 0xff,
    0x17, 0x00, 0x00, 0x00, 0x06, 0x16, 0x01, 0x00, 0x00, 0xce, 0x0f, 0x00,
    0x0c, 0x72, 0x00, 0x07, 0xff, 0x00, 0x00, 0x00, 0x70, 0x50, 0xf0, 0x03,
    0x00, 0xe2, 0x0f, 0x00, 0x02, 0x72, 0x09, 0x00, 0x08, 0x00, 0x00, 0x00,
    0x00, 0x0f, 0x00, 0x00, 0x00, 0xd8, 0x0f, 0x00, 0x47, 0x89, 0x70, 0x00,
    0x00, 0x00, 0x00, 0x00, 0x00, 0x00, 0x80, 0x03, 0x00, 0xea, 0x0f, 0x00,
    0x0c, 0x78, 0x00, 0x07, 0xfe, 0x00, 0x00, 0x00, 0x70, 0x40, 0xf0, 0x03,
    0x00, 0xe2, 0x0f, 0x00, 0x02, 0x72, 0x09, 0x00, 0x05, 0x00, 0x00, 0x00,
    0x00, 0x0f, 0x00, 0x00, 0x00, 0xd8, 0x0f, 0x00, 0x47, 0x09, 0x64, 0x00,
    0x00, 0x00, 0x00, 0x00, 0x00, 0x00, 0x80, 0x03, 0x00, 0xea, 0x0f, 0x00,
    0x19, 0x78, 0x02, 0xff, 0x08, 0x00, 0x00, 0x00, 0x05, 0x16, 0x01, 0x00,
    0x00, 0xe4, 0x0f, 0x10, 0x12, 0x78, 0x04, 0x05, 0xff, 0x00, 0x00, 0x00,
    0xff, 0xc0, 0x8e, 0x07, 0x00, 0xe4, 0x0f, 0x00, 0x19, 0x78, 0x09, 0xff,
    0x10, 0x00, 0x00, 0x00, 0x05, 0x16, 0x01, 0x00, 0x00, 0xe4, 0x0f, 0x00,
    0x19, 0x78, 0x05, 0xff, 0x08, 0x00, 0x00, 0x00, 0x08, 0x16, 0x01, 0x00,
    0x00, 0xe2, 0x0f, 0x00, 0x24, 0x72, 0x04, 0x04, 0x07, 0x00, 0x00, 0x00,
    0xff, 0x02, 0x8e, 0x07, 0x00, 0xe2, 0x0f, 0x00, 0x12, 0x78, 0x06, 0x02,
    0xff, 0x00, 0x00, 0x00, 0xff, 0xc0, 0x8e, 0x07, 0x00, 0xe4, 0x0f, 0x00,
    0x12, 0x78, 0x03, 0x08, 0xff, 0x00, 0x00, 0x00, 0xff, 0xc0, 0x8e, 0x07,
    0x00, 0xc4, 0x0f, 0x00, 0x19, 0x78, 0x08, 0xff, 0x10, 0x00, 0x00, 0x00,
    0x08, 0x16, 0x01, 0x00, 0x00, 0xe2, 0x0f, 0x00, 0x24, 0x72, 0x06, 0x06,
    0x07, 0x00, 0x00, 0x00, 0xff, 0x02, 0x8e, 0x07, 0x00, 0xe2, 0x0f, 0x08,
    0x35, 0x78, 0x02, 0x07, 0xff, 0x00, 0x00, 0x00, 0x00, 0x01, 0x8e, 0x07,
    0x00, 0xe2, 0x0f, 0x00, 0x12, 0x78, 0x0a, 0x09, 0xff, 0x00, 0x00, 0x00,
    0xff, 0xc0, 0x8e, 0x07, 0x00, 0xe4, 0x0f, 0x00, 0x12, 0x78, 0x05, 0x05,
    0xff, 0x00, 0x00, 0x00, 0xff, 0xc0, 0x8e, 0x07, 0x00, 0xe4, 0x0f, 0x00,
    0x12, 0x78, 0x09, 0x08, 0xff, 0x00, 0x00, 0x00, 0xff, 0xc0, 0x8e, 0x07,
    0x00, 0xe2, 0x0f, 0x00, 0x24, 0x72, 0x0a, 0x0a, 0x07, 0x00, 0x00, 0x00,
    0xff, 0x02, 0x8e, 0x07, 0x00, 0xe4, 0x0f, 0x00, 0x24, 0x72, 0x03, 0x02,
    0x03, 0x00, 0x00, 0x00, 0x04, 0x02, 0x8e, 0x07, 0x00, 0xc4, 0x0f, 0x00,
    0x24, 0x72, 0x05, 0x02, 0x05, 0x00, 0x00, 0x00, 0x06, 0x02, 0x8e, 0x07,
    0x00, 0xe4, 0x0f, 0x04, 0x24, 0x72, 0x09, 0x02, 0x09, 0x00, 0x00, 0x00,
    0x0a, 0x02, 0x8e, 0x07, 0x00, 0xe4, 0x0f, 0x00, 0x27, 0x78, 0x03, 0x03,
    0x81, 0x80, 0x80, 0x80, 0xff, 0x00, 0x8e, 0x07, 0x00, 0xc8, 0x0f, 0x00,
    0x27, 0x78, 0x05, 0x05, 0x81, 0x80, 0x80, 0x80, 0xff, 0x00, 0x8e, 0x07,
    0x00, 0xe2, 0x0f, 0x00, 0x19, 0x78, 0x03, 0xff, 0x07, 0x00, 0x00, 0x00,
    0x03, 0x16, 0x01, 0x00, 0x00, 0xc6, 0x0f, 0x00, 0x27, 0x78, 0x09, 0x09,
    0x81, 0x80, 0x80, 0x80, 0xff, 0x00, 0x8e, 0x07, 0x00, 0xc8, 0x0f, 0x00,
    0x24, 0x78, 0x02, 0x05, 0x02, 0x00, 0x00, 0x00, 0xff, 0x00, 0x8e, 0x07,
    0x00, 0xe4, 0x0f, 0x00, 0x24, 0x78, 0x09, 0x09, 0x00, 0x02, 0x00, 0x00,
    0xff, 0x00, 0x8e, 0x07, 0x00, 0xc6, 0x0f, 0x00, 0x12, 0x78, 0x02, 0x03,
    0x00, 0xff, 0xff, 0xff, 0x02, 0xf8, 0x8e, 0x07, 0x00, 0xc8, 0x0f, 0x00,
    0x12, 0x78, 0x09, 0x02, 0x00, 0x00, 0xff, 0xff, 0x09, 0xf8, 0x8e, 0x07,
    0x00, 0xce, 0x0f, 0x00, 0x18, 0x79, 0x00, 0x00, 0x00, 0x00, 0x00, 0x00,
    0x00, 0x00, 0x00, 0x00, 0x00, 0xe2, 0x0f, 0x00, 0x41, 0x79, 0x00, 0x00,
    0x00, 0x00, 0x00, 0x00, 0x00, 0x02, 0x80, 0x03, 0x00, 0xea, 0x0f, 0x00,
    0x35, 0x78, 0x16, 0x16, 0x40, 0x00, 0x00, 0x00, 0x00, 0x02, 0x8e, 0x07,
    0x00, 0xe4, 0x1f, 0x00, 0x47, 0x29, 0xa4, 0x00, 0xb4, 0xff, 0xff, 0xff,
    0xff, 0xff, 0x83, 0x03, 0x00, 0xec, 0x0f, 0x00, 0x86, 0x79, 0x00, 0x18,
    0x09, 0x00, 0x00, 0x00, 0x06, 0x19, 0x10, 0x0c, 0x00, 0xe2, 0x0f, 0x02,
    0x4d, 0x79, 0x00, 0x00, 0x00, 0x00, 0x00, 0x00, 0x00, 0x00, 0x80, 0x03,
    0x00, 0xea, 0x0f, 0x00, 0x02, 0x72, 0x0d, 0x00, 0x09, 0x00, 0x00, 0x00,
    0x00, 0x0f, 0x00, 0x00, 0x00, 0xc8, 0x0f, 0x00, 0x12, 0x73, 0x24, 0x00,
    0x0c, 0x00, 0x00, 0x00, 0x00, 0x90, 0x30, 0x00, 0x00, 0x24, 0x0e, 0x00,
    0x08, 0x73, 0x21, 0x00, 0x24, 0x00, 0x00, 0x00, 0x00, 0x10, 0x00, 0x00,
    0x00, 0x24, 0x1e, 0x00, 0x35, 0x78, 0x21, 0x21, 0xfe, 0xff, 0xff, 0x1f,
    0x00, 0x00, 0x8e, 0x07, 0x00, 0xde, 0x1f, 0x00, 0x18, 0x79, 0x00, 0x00,
    0x00, 0x00, 0x00, 0x00, 0x00, 0x00, 0x00, 0x00, 0x00, 0xde, 0x0f, 0x00,
    0x18, 0x79, 0x00, 0x00, 0x00, 0x00, 0x00, 0x00, 0x00, 0x00, 0x00, 0x00,
    0x00, 0xde, 0x0f, 0x00, 0x18, 0x79, 0x00, 0x00, 0x00, 0x00, 0x00, 0x00,
    0x00, 0x00, 0x00, 0x00, 0x00, 0xde, 0x0f, 0x00, 0x11, 0x73, 0x2c, 0x00,
    0x21, 0x00, 0x00, 0x00, 0x00, 0xd8, 0x20, 0x00, 0x00, 0x24, 0x0e, 0x00,
    0x25, 0x72, 0x2a, 0x2c, 0x0c, 0x00, 0x00, 0x00, 0xff, 0x00, 0x8e, 0x07,
    0x00, 0xc8, 0x1f, 0x00, 0x24, 0x72, 0x0b, 0x2c, 0x09, 0x00, 0x00, 0x00,
    0x2b, 0x02, 0x8e, 0x07, 0x00, 0xe2, 0x0f, 0x04, 0x35, 0x72, 0x22, 0xff,
    0x2a, 0x00, 0x00, 0x80, 0x00, 0x00, 0x80, 0x07, 0x00, 0xe2, 0x0f, 0x00,
    0x02, 0x72, 0x2b, 0x00, 0x2c, 0x00, 0x00, 0x00, 0x00, 0x0f, 0x00, 0x00,
    0x00, 0xe4, 0x0f, 0x00, 0x24, 0x72, 0x20, 0x2d, 0x0c, 0x00, 0x00, 0x00,
    0x0b, 0x02, 0x8e, 0x07, 0x00, 0xe4, 0x0f, 0x00, 0x27, 0x72, 0x2a, 0x2c,
    0x22, 0x00, 0x00, 0x00, 0xff, 0x00, 0x8e, 0x07, 0x00, 0xc6, 0x0f, 0x00,
    0x35, 0x72, 0x20, 0xff, 0x20, 0x00, 0x00, 0x80, 0x00, 0x04, 0x0e, 0x00,
    0x00, 0xca, 0x0f, 0x00, 0x25, 0x72, 0x2a, 0x2c, 0x20, 0x00, 0x00, 0x00,
    0x2a, 0x00, 0x80, 0x07, 0x00, 0xc8, 0x0f, 0x00, 0x24, 0x72, 0x0b, 0x2d,
    0x20, 0x00, 0x00, 0x00, 0xff, 0x02, 0x8e, 0x07, 0x00, 0xe4, 0x0f, 0x04,
    0x27, 0x72, 0x22, 0x2d, 0x22, 0x00, 0x00, 0x00, 0x2a, 0x00, 0x82, 0x07,
    0x00, 0xc8, 0x0f, 0x00, 0x27, 0x72, 0x20, 0x2d, 0x20, 0x00, 0x00, 0x00,
    0xff, 0x00, 0x8e, 0x07, 0x00, 0xe2, 0x0f, 0x00, 0x35, 0x72, 0x2b, 0x0b,
    0x22, 0x00, 0x00, 0x00, 0x00, 0x00, 0x86, 0x07, 0x00, 0xc8, 0x0f, 0x00,
    0x35, 0x72, 0x0b, 0x20, 0x2d, 0x00, 0x00, 0x00, 0x00, 0x04, 0x0e, 0x00,
    0x00, 0xe2, 0x0f, 0x00, 0x25, 0x72, 0x24, 0x2b, 0x0c, 0x00, 0x00, 0x00,
    0xff, 0x00, 0x8e, 0x07, 0x00, 0xc8, 0x0f, 0x00, 0x10, 0x72, 0x0b, 0xff,
    0xff, 0x00, 0x00, 0x00, 0x0b, 0x24, 0xfe, 0x01, 0x00, 0xe2, 0x0f, 0x00,
    0x24, 0x72, 0x20, 0x2b, 0x09, 0x00, 0x00, 0x00, 0x25, 0x02, 0x8e, 0x07,
    0x00, 0xe2, 0x0f, 0x00, 0x35, 0x72, 0x24, 0xff, 0x24, 0x00, 0x00, 0x80,
    0x00, 0x00, 0x80, 0x07, 0x00, 0xe2, 0x0f, 0x00, 0x31, 0x74, 0x25, 0xff,
    0x00, 0x00, 0x00, 0x00, 0xff, 0x01, 0x00, 0x00, 0x00, 0xe4, 0x0f, 0x00,
    0x24, 0x72, 0x20, 0x0b, 0x0c, 0x00, 0x00, 0x00, 0x20, 0x02, 0x8e, 0x07,
    0x00, 0xe4, 0x0f, 0x00, 0x27, 0x72, 0x2a, 0x2b, 0x24, 0x00, 0x00, 0x00,
    0xff, 0x00, 0x8e, 0x07, 0x00, 0xc6, 0x0f, 0x00, 0x35, 0x72, 0x22, 0xff,
    0x20, 0x00, 0x00, 0x80, 0x00, 0x04, 0x0e, 0x00, 0x00, 0xca, 0x0f, 0x00,
    0x25, 0x72, 0x2a, 0x2b, 0x22, 0x00, 0x00, 0x00, 0x2a, 0x00, 0x80, 0x07,
    0x00, 0xc8, 0x0f, 0x00, 0x24, 0x72, 0x20, 0x0b, 0x22, 0x00, 0x00, 0x00,
    0xff, 0x02, 0x8e, 0x07, 0x00, 0xe4, 0x0f, 0x04, 0x27, 0x72, 0x21, 0x0b,
    0x24, 0x00, 0x00, 0x00, 0x2a, 0x00, 0x82, 0x07, 0x00, 0xe2, 0x0f, 0x04,
    0x02, 0x72, 0x2a, 0x00, 0x0e, 0x00, 0x00, 0x00, 0x00, 0x0f, 0x00, 0x00,
    0x00, 0xe2, 0x0f, 0x00, 0x02, 0x72, 0x2b, 0x00, 0x0f, 0x00, 0x00, 0x00,
    0x00, 0x0f, 0x00, 0x00, 0x00, 0xe4, 0x0f, 0x00, 0x27, 0x72, 0x22, 0x0b,
    0x22, 0x00, 0x00, 0x00, 0xff, 0x00, 0x8e, 0x07, 0x00, 0xe2, 0x0f, 0x00,
    0x35, 0x72, 0x20, 0x20, 0x21, 0x00, 0x00, 0x00, 0x00, 0x00, 0x86, 0x07,
    0x00, 0xc8, 0x0f, 0x00, 0x35, 0x72, 0x22, 0x22, 0x0b, 0x00, 0x00, 0x00,
    0x00, 0x04, 0x0e, 0x00, 0x00, 0xe2, 0x0f, 0x00, 0x27, 0x72, 0x24, 0x20,
    0x0e, 0x00, 0x00, 0x00, 0xff, 0x00, 0x8e, 0x07, 0x00, 0xc8, 0x0f, 0x00,
    0x10, 0x72, 0x22, 0xff, 0xff, 0x00, 0x00, 0x00, 0x22, 0x24, 0xfe, 0x01,
    0x00, 0xe2, 0x0f, 0x00, 0x25, 0x72, 0x20, 0x20, 0x0f, 0x00, 0x00, 0x00,
    0x24, 0x00, 0x8e, 0x07, 0x00, 0xc8, 0x0f, 0x00, 0x24, 0x72, 0x0b, 0x22,
    0x0f, 0x00, 0x00, 0x00, 0xff, 0x02, 0x8e, 0x07, 0x00, 0xe4, 0x0f, 0x04,
    0x27, 0x72, 0x20, 0x22, 0x0e, 0x00, 0x00, 0x00, 0x20, 0x00, 0x80, 0x07,
    0x00, 0xc8, 0x0f, 0x00, 0x27, 0x72, 0x22, 0x22, 0x0f, 0x00, 0x00, 0x00,
    0xff, 0x00, 0x8e, 0x07, 0x00, 0xe2, 0x0f, 0x00, 0x35, 0x72, 0x20, 0x0b,
    0x20, 0x00, 0x00, 0x00, 0x00, 0x00, 0x82, 0x07, 0x00, 0xc6, 0x0f, 0x00,
    0x31, 0x74, 0x0b, 0xff, 0x00, 0x00, 0x00, 0x00, 0xff, 0x01, 0x00, 0x00,
    0x00, 0xe2, 0x0f, 0x00, 0x35, 0x72, 0x21, 0x22, 0xff, 0x00, 0x00, 0x00,
    0x00, 0x04, 0x0e, 0x00, 0x00, 0xe2, 0x0f, 0x00, 0x25, 0x72, 0x24, 0x20,
    0x0c, 0x00, 0x00, 0x00, 0xff, 0x00, 0x8e, 0x07, 0x00, 0xc8, 0x0f, 0x00,
    0x35, 0x72, 0x21, 0xff, 0x21, 0x00, 0x00, 0x00, 0x00, 0x04, 0x8e, 0x00,
    0x00, 0xe2, 0x0f, 0x00, 0x24, 0x72, 0x09, 0x20, 0x09, 0x00, 0x00, 0x00,
    0x25, 0x02, 0x8e, 0x07, 0x00, 0xc8, 0x0f, 0x00, 0x24, 0x72, 0x25, 0x21,
    0x0c, 0x00, 0x00, 0x00, 0x09, 0x02, 0x8e, 0x07, 0x00, 0xca, 0x0f, 0x00,
    0x35, 0x72, 0x24, 0x2a, 0x24, 0x00, 0x00, 0x80, 0x00, 0x02, 0x8e, 0x07,
    0x00, 0xcc, 0x0f, 0x00, 0x0c, 0x72, 0x00, 0x24, 0x0c, 0x00, 0x00, 0x00,
    0x70, 0x60, 0xf1, 0x03, 0x00, 0xdc, 0x0f, 0x00, 0x35, 0x02, 0x24, 0x0c,
    0x24, 0x00, 0x00, 0x00, 0x00, 0x03, 0x8e, 0x07, 0x00, 0xe4, 0x0f, 0x00,
    0x35, 0x08, 0x20, 0x20, 0x01, 0x00, 0x00, 0x00, 0x00, 0x02, 0x8e, 0x07,
    0x00, 0xe4, 0x0f, 0x00, 0x0c, 0x72, 0x00, 0x0c, 0xff, 0x00, 0x00, 0x00,
    0x70, 0x52, 0xf1, 0x03, 0x00, 0xe4, 0x0f, 0x00, 0x0c, 0x72, 0x00, 0x24,
    0x0c, 0x00, 0x00, 0x00, 0x70, 0x60, 0xf3, 0x03, 0x00, 0xdc, 0x0f, 0x00,
    0x35, 0x18, 0x20, 0x20, 0x01, 0x00, 0x00, 0x00, 0x00, 0x02, 0x8e, 0x07,
    0x00, 0xc8, 0x0f, 0x00, 0x07, 0x74, 0x20, 0x20, 0xff, 0xff, 0xff, 0xff,
    0x01, 0x00, 0x00, 0x00, 0x00, 0xe4, 0x0f, 0x00, 0x50, 0x79, 0xf0, 0x0a,
    0xac, 0xff, 0xff, 0xff, 0xff, 0xff, 0xc3, 0x03, 0x00, 0xec, 0x0f, 0x00,
    0x47, 0x79, 0xfc, 0x00, 0xfc, 0xff, 0xff, 0xff, 0xff, 0xff, 0x83, 0x03,
    0x00, 0xc0, 0x0f, 0x00, 0x18, 0x79, 0x00, 0x00, 0x00, 0x00, 0x00, 0x00,
    0x00, 0x00, 0x00, 0x00, 0x00, 0xc0, 0x0f, 0x00, 0x18, 0x79, 0x00, 0x00,
    0x00, 0x00, 0x00, 0x00, 0x00, 0x00, 0x00, 0x00, 0x00, 0xc0, 0x0f, 0x00,
    0x18, 0x79, 0x00, 0x00, 0x00, 0x00, 0x00, 0x00, 0x00, 0x00, 0x00, 0x00,
    0x00, 0xc0, 0x0f, 0x00, 0x18, 0x79, 0x00, 0x00, 0x00, 0x00, 0x00, 0x00,
    0x00, 0x00, 0x00, 0x00, 0x00, 0xc0, 0x0f, 0x00, 0x18, 0x79, 0x00, 0x00,
    0x00, 0x00, 0x00, 0x00, 0x00, 0x00, 0x00, 0x00, 0x00, 0xc0, 0x0f, 0x00,
    0x18, 0x79, 0x00, 0x00, 0x00, 0x00, 0x00, 0x00, 0x00, 0x00, 0x00, 0x00,
    0x00, 0xc0, 0x0f, 0x00, 0x18, 0x79, 0x00, 0x00, 0x00, 0x00, 0x00, 0x00,
    0x00, 0x00, 0x00, 0x00, 0x00, 0xc0, 0x0f, 0x00, 0x18, 0x79, 0x00, 0x00,
    0x00, 0x00, 0x00, 0x00, 0x00, 0x00, 0x00, 0x00, 0x00, 0xc0, 0x0f, 0x00,
    0x18, 0x79, 0x00, 0x00, 0x00, 0x00, 0x00, 0x00, 0x00, 0x00, 0x00, 0x00,
    0x00, 0xc0, 0x0f, 0x00, 0x18, 0x79, 0x00, 0x00, 0x00, 0x00, 0x00, 0x00,
    0x00, 0x00, 0x00, 0x00, 0x00, 0xc0, 0x0f, 0x00, 0x18, 0x79, 0x00, 0x00,
    0x00, 0x00, 0x00, 0x00, 0x00, 0x00, 0x00, 0x00, 0x00, 0xc0, 0x0f, 0x00,
};

static const unsigned char gui_raster_sass_const2[28] = {
    0xa0, 0x1d, 0x00, 0x00, 0x10, 0x19, 0x00, 0x00, 0x30, 0x0b, 0x00, 0x00,
    0x30, 0x36, 0x00, 0x00, 0x80, 0x3e, 0x00, 0x00, 0x10, 0x43, 0x00, 0x00,
    0x30, 0x30, 0x00, 0x00,
};

#endif
