/* Generated by tools/nvshader.py from shader_vm.cu.
 * Real sm_120 (Blackwell) machine code for shader_vm, verified
 * against cuobjdump -sass.  Do not edit by hand. */
#ifndef KESTREL_SHADER_SHADER_VM_H
#define KESTREL_SHADER_SHADER_VM_H

static const unsigned int shader_vm_sass_reg_count = 40;
static const unsigned int shader_vm_sass_shared = 0;
static const unsigned int shader_vm_sass_const0 = 992;

static const unsigned char shader_vm_sass[37632] = {
    0x82, 0x7b, 0x01, 0xff, 0x00, 0xdf, 0x00, 0x00, 0x00, 0x08, 0x00, 0x00,
    0x00, 0xe2, 0x0f, 0x00, 0x19, 0x79, 0x0c, 0x00, 0x00, 0x00, 0x00, 0x00,
    0x00, 0x21, 0x00, 0x00, 0x00, 0x2e, 0x0e, 0x00, 0xc3, 0x79, 0x05, 0x00,
    0x00, 0x00, 0x00, 0x00, 0x00, 0x25, 0x00, 0x00, 0x00, 0x22, 0x0e, 0x00,
    0xac, 0x77, 0x04, 0xff, 0x00, 0x7a, 0x00, 0x00, 0x00, 0x08, 0x00, 0x08,
    0x00, 0x62, 0x0e, 0x00, 0x31, 0x74, 0x0d, 0xff, 0x00, 0x00, 0x00, 0x00,
    0xff, 0x01, 0x00, 0x00, 0x00, 0xe2, 0x0f, 0x00, 0xac, 0x77, 0x08, 0xff,
    0x00, 0x72, 0x00, 0x00, 0x00, 0x0a, 0x00, 0x08, 0x00, 0xaa, 0x0e, 0x00,
    0x82, 0x7b, 0x03, 0xff, 0x00, 0xd8, 0x00, 0x00, 0x00, 0x08, 0x00, 0x00,
    0x00, 0x30, 0x0e, 0x00, 0x82, 0x7b, 0x04, 0xff, 0x00, 0xee, 0x00, 0x00,
    0x00, 0x0a, 0x00, 0x00, 0x00, 0xe2, 0x0e, 0x00, 0xa5, 0x78, 0x06, 0x04,
    0x08, 0x00, 0x00, 0x00, 0xff, 0x00, 0x8e, 0x0f, 0x00, 0xe2, 0x2f, 0x00,
    0x25, 0x7c, 0x0c, 0x03, 0x05, 0x00, 0x00, 0x00, 0x0c, 0x00, 0x8e, 0x0f,
    0x00, 0xe2, 0x1f, 0x00, 0x82, 0x7c, 0x05, 0x00, 0xff, 0x00, 0x00, 0x00,
    0x00, 0x00, 0x00, 0x08, 0x00, 0xc8, 0x0f, 0x00, 0x0c, 0x7c, 0x00, 0x0c,
    0x04, 0x00, 0x00, 0x00, 0x70, 0x60, 0xf1, 0x0b, 0x00, 0xcc, 0x0f, 0x00,
    0x0c, 0x7c, 0x00, 0xff, 0x08, 0x00, 0x00, 0x00, 0x70, 0x24, 0x71, 0x08,
    0x00, 0xcc, 0x4f, 0x00, 0x0c, 0x7c, 0x00, 0x04, 0x06, 0x00, 0x00, 0x00,
    0x70, 0x14, 0x71, 0x08, 0x00, 0xdc, 0x8f, 0x00, 0x4d, 0x09, 0x00, 0x00,
    0x00, 0x00, 0x00, 0x00, 0x00, 0x00, 0x80, 0x03, 0x00, 0xea, 0x0f, 0x00,
    0xac, 0x77, 0x08, 0xff, 0x00, 0x70, 0x00, 0x00, 0x00, 0x0a, 0x00, 0x08,
    0x00, 0x22, 0x0e, 0x00, 0x02, 0x78, 0x0b, 0x00, 0x05, 0x00, 0x00, 0x00,
    0x00, 0x0f, 0x00, 0x00, 0x00, 0xe2, 0x0f, 0x00, 0x02, 0x72, 0x11, 0x00,
    0xff, 0x00, 0x00, 0x00, 0x00, 0x0f, 0x00, 0x00, 0x00, 0xe2, 0x0f, 0x00,
    0x90, 0x78, 0x06, 0x04, 0xff, 0xef, 0xff, 0xff, 0xff, 0xe0, 0xff, 0x0f,
    0x00, 0xe2, 0x0f, 0x00, 0x9c, 0x78, 0x08, 0x00, 0x00, 0x00, 0x00, 0x00,
    0x70, 0xf0, 0xf0, 0x03, 0x00, 0xe2, 0x0f, 0x00, 0xac, 0x77, 0x0a, 0xff,
    0x00, 0x6b, 0x00, 0x00, 0x00, 0x0a, 0x00, 0x08, 0x00, 0x64, 0x0e, 0x00,
    0x8c, 0x78, 0x00, 0x06, 0x00, 0xf0, 0xff, 0xff, 0x70, 0x60, 0xf2, 0x0b,
    0x00, 0xce, 0x0f, 0x00, 0xac, 0x77, 0x06, 0xff, 0x80, 0x7b, 0x00, 0x00,
    0x00, 0x08, 0x00, 0x08, 0x00, 0xa2, 0x0e, 0x00, 0x8c, 0x72, 0x00, 0x08,
    0xff, 0x00, 0x00, 0x00, 0x70, 0x24, 0xf3, 0x0c, 0x00, 0xd6, 0x1f, 0x00,
    0xac, 0x97, 0x0c, 0xff, 0x00, 0x75, 0x00, 0x00, 0x00, 0x0a, 0x00, 0x08,
    0x00, 0x22, 0x0e, 0x00, 0xa5, 0x98, 0x08, 0x04, 0x20, 0x03, 0x00, 0x00,
    0xff, 0x00, 0x8e, 0x0f, 0x00, 0xc8, 0x0f, 0x00, 0x8c, 0x92, 0x00, 0x08,
    0x0c, 0x00, 0x00, 0x00, 0x70, 0x40, 0xf1, 0x0b, 0x00, 0xc8, 0x1f, 0x00,
    0x8c, 0x78, 0x00, 0x06, 0x04, 0x00, 0x00, 0x00, 0x70, 0x44, 0x70, 0x08,
    0x00, 0xd2, 0x4f, 0x00, 0x47, 0x75, 0xf0, 0x00, 0x85, 0x00, 0x00, 0x00,
    0x00, 0x00, 0x80, 0x0b, 0x00, 0xea, 0x0f, 0x00, 0xac, 0x77, 0x08, 0xff,
    0x00, 0x74, 0x00, 0x00, 0x00, 0x0a, 0x00, 0x08, 0x00, 0x22, 0x0e, 0x00,
    0xac, 0x77, 0x0c, 0xff, 0x00, 0x79, 0x00, 0x00, 0x00, 0x0a, 0x00, 0x08,
    0x00, 0xa2, 0x0e, 0x00, 0x8c, 0x72, 0x00, 0x06, 0xff, 0x00, 0x00, 0x00,
    0x70, 0x50, 0xf0, 0x0b, 0x00, 0xe2, 0x0f, 0x00, 0xa5, 0x78, 0x06, 0x06,
    0x20, 0x00, 0x00, 0x00, 0xff, 0x00, 0x8e, 0x0f, 0x00, 0xc6, 0x0f, 0x00,
    0x8c, 0x72, 0x00, 0x08, 0xff, 0x00, 0x00, 0x00, 0x70, 0x20, 0x71, 0x08,
    0x00, 0xc8, 0x1f, 0x00, 0x8c, 0x72, 0x00, 0x06, 0x0c, 0x00, 0x00, 0x00,
    0x70, 0x44, 0x71, 0x08, 0x00, 0xd2, 0x4f, 0x00, 0x47, 0x75, 0xd4, 0x00,
    0x85, 0x00, 0x00, 0x00, 0x00, 0x00, 0x80, 0x0b, 0x00, 0xea, 0x0f, 0x00,
    0xac, 0x77, 0x0c, 0xff, 0x80, 0x7a, 0x00, 0x00, 0x00, 0x08, 0x00, 0x08,
    0x00, 0x22, 0x0e, 0x00, 0x31, 0x74, 0x0b, 0xff, 0x03, 0x00, 0x00, 0x00,
    0xff, 0x01, 0x00, 0x00, 0x00, 0xe2, 0x0f, 0x00, 0xac, 0x77, 0x08, 0xff,
    0x00, 0x71, 0x00, 0x00, 0x00, 0x0a, 0x00, 0x08, 0x00, 0xa2, 0x0e, 0x00,
    0xac, 0x77, 0x0d, 0xff, 0x00, 0x7b, 0x00, 0x00, 0x00, 0x08, 0x00, 0x08,
    0x00, 0xe2, 0x0e, 0x00, 0x9c, 0x78, 0x08, 0x00, 0x00, 0x00, 0x00, 0x00,
    0x70, 0xf0, 0xf0, 0x03, 0x00, 0xe2, 0x0f, 0x00, 0x90, 0x78, 0x06, 0x0c,
    0xff, 0xfb, 0xff, 0xff, 0xff, 0xe0, 0xff, 0x0f, 0x00, 0xc8, 0x1f, 0x00,
    0x8c, 0x78, 0x00, 0x06, 0x00, 0xfc, 0xff, 0xff, 0x70, 0x60, 0xf2, 0x0b,
    0x00, 0xc8, 0x0f, 0x00, 0x8c, 0x72, 0x00, 0x08, 0xff, 0x00, 0x00, 0x00,
    0x70, 0x24, 0xf3, 0x0c, 0x00, 0xd6, 0x4f, 0x00, 0xac, 0x97, 0x08, 0xff,
    0x00, 0x76, 0x00, 0x00, 0x00, 0x0a, 0x00, 0x08, 0x00, 0x22, 0x0e, 0x00,
    0xa5, 0x98, 0x06, 0x0c, 0x10, 0x00, 0x00, 0x00, 0xff, 0x00, 0x8e, 0x0f,
    0x00, 0xc8, 0x0f, 0x00, 0x8c, 0x92, 0x00, 0x06, 0x08, 0x00, 0x00, 0x00,
    0x70, 0x40, 0xf5, 0x0b, 0x00, 0xe2, 0x1f, 0x00, 0xa5, 0x72, 0x08, 0x0d,
    0x04, 0x00, 0x00, 0x00, 0xff, 0x00, 0x8e, 0x0f, 0x00, 0xe4, 0x8f, 0x00,
    0x82, 0x7c, 0x06, 0x00, 0xff, 0x00, 0x00, 0x00, 0x00, 0x00, 0x00, 0x08,
    0x00, 0xe2, 0x0f, 0x00, 0x8c, 0x92, 0x00, 0x0d, 0xff, 0x00, 0x00, 0x00,
    0x70, 0x24, 0x70, 0x09, 0x00, 0xe2, 0x0f, 0x00, 0x90, 0x72, 0x07, 0x09,
    0x06, 0x00, 0x00, 0x00, 0xff, 0xe0, 0xff, 0x0f, 0x00, 0xc6, 0x0f, 0x00,
    0x8c, 0x78, 0x00, 0x0d, 0x00, 0x10, 0x00, 0x00, 0x70, 0x44, 0x70, 0x08,
    0x00, 0xe2, 0x0f, 0x00, 0x82, 0x7c, 0x06, 0x00, 0x08, 0x00, 0x00, 0x00,
    0x00, 0x00, 0x00, 0x08, 0x00, 0xc6, 0x0f, 0x00, 0x8c, 0x78, 0x00, 0x06,
    0x00, 0x00, 0x00, 0x01, 0x70, 0x44, 0x71, 0x08, 0x00, 0xd2, 0x0f, 0x00,
    0x47, 0x75, 0x88, 0x00, 0x85, 0x00, 0x00, 0x00, 0x00, 0x00, 0x80, 0x0b,
    0x00, 0xea, 0x0f, 0x00, 0x8c, 0x72, 0x00, 0x0d, 0xff, 0x00, 0x00, 0x00,
    0x70, 0x50, 0xf0, 0x0b, 0x00, 0xe2, 0x0f, 0x00, 0x1c, 0x78, 0x08, 0x00,
    0x00, 0x00, 0x00, 0x00, 0x70, 0xf0, 0xf0, 0x03, 0x00, 0xe2, 0x0f, 0x00,
    0x05, 0x78, 0x10, 0x00, 0x00, 0x00, 0x00, 0x00, 0x00, 0xff, 0x01, 0x00,
    0x00, 0xe2, 0x0f, 0x00, 0x02, 0x78, 0x0b, 0x00, 0x04, 0x00, 0x00, 0x00,
    0x00, 0x0f, 0x00, 0x00, 0x00, 0xcc, 0x0f, 0x00, 0x47, 0x75, 0x68, 0x08,
    0x85, 0x00, 0x00, 0x00, 0x00, 0x00, 0x80, 0x0b, 0x00, 0xea, 0x0f, 0x00,
    0xac, 0x77, 0x06, 0xff, 0x80, 0x7a, 0x00, 0x00, 0x00, 0x08, 0x00, 0x08,
    0x00, 0x22, 0x0e, 0x00, 0x31, 0x74, 0x11, 0xff, 0x00, 0x00, 0x00, 0x00,
    0xff, 0x01, 0x00, 0x00, 0x00, 0xe2, 0x0f, 0x00, 0x1c, 0x78, 0x80, 0x00,
    0x00, 0x00, 0x00, 0x00, 0x70, 0xe1, 0xf0, 0x03, 0x00, 0xe2, 0x0f, 0x00,
    0x8c, 0x72, 0x00, 0x0c, 0xff, 0x00, 0x00, 0x00, 0x70, 0x50, 0xf0, 0x0b,
    0x00, 0xe2, 0x0f, 0x00, 0x02, 0x78, 0x0b, 0x00, 0x01, 0x00, 0x00, 0x00,
    0x00, 0x0f, 0x00, 0x00, 0x00, 0xe2, 0x0f, 0x00, 0x99, 0x78, 0x08, 0x04,
    0x02, 0x00, 0x00, 0x00, 0xff, 0x06, 0x00, 0x08, 0x00, 0xe2, 0x0f, 0x00,
    0x99, 0x78, 0x09, 0xff, 0x1e, 0x00, 0x00, 0x00, 0x04, 0x16, 0x01, 0x08,
    0x00, 0xe2, 0x0f, 0x00, 0x02, 0x7c, 0x10, 0x00, 0x06, 0x00, 0x00, 0x00,
    0x00, 0x0f, 0x00, 0x08, 0x00, 0xca, 0x1f, 0x00, 0x47, 0x75, 0x44, 0x08,
    0x85, 0x00, 0x00, 0x00, 0x00, 0x00, 0x80, 0x0b, 0x00, 0xec, 0x0f, 0x00,
    0x45, 0x79, 0x03, 0x00, 0x00, 0x85, 0x00, 0x00, 0x00, 0x02, 0x80, 0x03,
    0x00, 0xe8, 0x0f, 0x00, 0x45, 0x79, 0x02, 0x00, 0x00, 0x84, 0x00, 0x00,
    0x00, 0x01, 0x80, 0x03, 0x00, 0xe2, 0x0f, 0x00, 0x02, 0x72, 0x00, 0x00,
    0xff, 0x00, 0x00, 0x00, 0x00, 0x0f, 0x00, 0x00, 0x00, 0xe2, 0x0f, 0x00,
    0x02, 0x72, 0x02, 0x00, 0xff, 0x00, 0x00, 0x00, 0x00, 0x0f, 0x00, 0x00,
    0x00, 0xe2, 0x0f, 0x00, 0xac, 0x77, 0x14, 0xff, 0x80, 0x7a, 0x00, 0x00,
    0x00, 0x08, 0x00, 0x08, 0x00, 0x22, 0x0e, 0x00, 0xac, 0x77, 0x07, 0xff,
    0x00, 0x7a, 0x00, 0x00, 0x00, 0x08, 0x00, 0x08, 0x00, 0xa2, 0x0e, 0x00,
    0xac, 0x77, 0x12, 0xff, 0x80, 0x7b, 0x00, 0x00, 0x00, 0x08, 0x00, 0x08,
    0x00, 0xe2, 0x0e, 0x00, 0xac, 0x77, 0x13, 0xff, 0x00, 0x7b, 0x00, 0x00,
    0x00, 0x08, 0x00, 0x08, 0x00, 0x22, 0x0f, 0x00, 0xac, 0x77, 0x0e, 0xff,
    0x00, 0x73, 0x00, 0x00, 0x00, 0x0a, 0x00, 0x08, 0x00, 0x22, 0x0e, 0x00,
    0xac, 0x77, 0x0c, 0xff, 0x00, 0x70, 0x00, 0x00, 0x00, 0x0a, 0x00, 0x08,
    0x00, 0x22, 0x0e, 0x00, 0xac, 0x77, 0x10, 0xff, 0x00, 0x73, 0x00, 0x00,
    0x00, 0x0a, 0x00, 0x08, 0x00, 0x24, 0x2e, 0x00, 0x82, 0x7b, 0x06, 0xff,
    0x00, 0xf5, 0x00, 0x00, 0x00, 0x08, 0x00, 0x00, 0x00, 0x62, 0x1e, 0x00,
    0x31, 0x74, 0x0b, 0xff, 0x03, 0x00, 0x00, 0x00, 0xff, 0x01, 0x00, 0x00,
    0x00, 0xe2, 0x0f, 0x00, 0x02, 0x72, 0x10, 0x00, 0x02, 0x00, 0x00, 0x00,
    0x00, 0x0f, 0x00, 0x00, 0x00, 0xe2, 0x0f, 0x00, 0x02, 0x72, 0x11, 0x00,
    0x00, 0x00, 0x00, 0x00, 0x00, 0x0f, 0x00, 0x00, 0x00, 0xe2, 0x0f, 0x00,
    0x0c, 0x72, 0x00, 0x02, 0x06, 0x00, 0x00, 0x00, 0x70, 0x42, 0xf2, 0x03,
    0x00, 0xca, 0x2f, 0x00, 0x0c, 0x72, 0x00, 0x02, 0xff, 0x00, 0x00, 0x00,
    0x70, 0x16, 0xf2, 0x00, 0x00, 0xda, 0x0f, 0x00, 0x42, 0x19, 0x02, 0x00,
    0x00, 0x00, 0x00, 0x00, 0x00, 0x01, 0x80, 0x03, 0x00, 0xea, 0xdf, 0x01,
    0x47, 0x19, 0xf0, 0x00, 0x80, 0x00, 0x00, 0x00, 0x00, 0x00, 0x80, 0x03,
    0x00, 0xea, 0x0f, 0x00, 0x82, 0x7b, 0x0e, 0xff, 0x00, 0xe2, 0x00, 0x00,
    0x00, 0x0a, 0x00, 0x00, 0x00, 0x24, 0x0e, 0x00, 0x25, 0x78, 0x0e, 0x02,
    0x10, 0x00, 0x00, 0x00, 0x0e, 0x00, 0x8e, 0x07, 0x00, 0xca, 0x1f, 0x00,
    0x81, 0x79, 0x07, 0x0e, 0x0a, 0x00, 0x00, 0x00, 0x00, 0x11, 0x1e, 0x0c,
    0x00, 0xa2, 0x0e, 0x00, 0x02, 0x72, 0x10, 0x00, 0x02, 0x00, 0x00, 0x00,
    0x00, 0x0f, 0x00, 0x00, 0x00, 0xe2, 0x0f, 0x00, 0x02, 0x72, 0x11, 0x00,
    0x00, 0x00, 0x00, 0x00, 0x00, 0x0f, 0x00, 0x00, 0x00, 0xe2, 0x0f, 0x00,
    0x0c, 0x78, 0x00, 0x07, 0x28, 0x00, 0x00, 0x00, 0x70, 0x40, 0xf2, 0x03,
    0x00, 0xda, 0x4f, 0x00, 0x42, 0x19, 0x02, 0x00, 0x00, 0x00, 0x00, 0x00,
    0x00, 0x01, 0x80, 0x03, 0x00, 0xea, 0x0f, 0x00, 0x47, 0x19, 0xd0, 0x00,
    0x80, 0x00, 0x00, 0x00, 0x00, 0x00, 0x80, 0x03, 0x00, 0xea, 0x0f, 0x00,
    0x81, 0x79, 0x03, 0x0e, 0x0a, 0x02, 0x00, 0x00, 0x00, 0x15, 0x1e, 0x0c,
    0x00, 0xa2, 0x0e, 0x00, 0x31, 0x74, 0x0b, 0xff, 0x03, 0x00, 0x00, 0x00,
    0xff, 0x01, 0x00, 0x00, 0x00, 0xe2, 0x0f, 0x00, 0x02, 0x72, 0x10, 0x00,
    0x02, 0x00, 0x00, 0x00, 0x00, 0x0f, 0x00, 0x00, 0x00, 0xe2, 0x0f, 0x00,
    0x02, 0x72, 0x11, 0x00, 0x00, 0x00, 0x00, 0x00, 0x00, 0x0f, 0x00, 0x00,
    0x00, 0xe2, 0x0f, 0x00, 0x0c, 0x78, 0x00, 0x03, 0xc7, 0x00, 0x00, 0x00,
    0x70, 0x40, 0xf2, 0x03, 0x00, 0xda, 0x4f, 0x00, 0x42, 0x19, 0x02, 0x00,
    0x00, 0x00, 0x00, 0x00, 0x00, 0x01, 0x80, 0x03, 0x00, 0xea, 0x0f, 0x00,
    0x47, 0x19, 0xb4, 0x00, 0x80, 0x00, 0x00, 0x00, 0x00, 0x00, 0x80, 0x03,
    0x00, 0xea, 0x0f, 0x00, 0x81, 0x79, 0x04, 0x0e, 0x0a, 0x01, 0x00, 0x00,
    0x00, 0x11, 0x1e, 0x0c, 0x00, 0xa2, 0x0e, 0x00, 0x02, 0x72, 0x10, 0x00,
    0x02, 0x00, 0x00, 0x00, 0x00, 0x0f, 0x00, 0x00, 0x00, 0xe2, 0x0f, 0x00,
    0x02, 0x72, 0x11, 0x00, 0x00, 0x00, 0x00, 0x00, 0x00, 0x0f, 0x00, 0x00,
    0x00, 0xe2, 0x0f, 0x00, 0x02, 0x78, 0x0b, 0x00, 0x03, 0x00, 0x00, 0x00,
    0x00, 0x0f, 0x00, 0x00, 0x00, 0xe2, 0x0f, 0x00, 0x0c, 0x78, 0x00, 0x04,
    0x0f, 0x00, 0x00, 0x00, 0x70, 0x40, 0xf2, 0x03, 0x00, 0xda, 0x4f, 0x00,
    0x42, 0x19, 0x02, 0x00, 0x00, 0x00, 0x00, 0x00, 0x00, 0x01, 0x80, 0x03,
    0x00, 0xea, 0x0f, 0x00, 0x47, 0x19, 0x98, 0x00, 0x80, 0x00, 0x00, 0x00,
    0x00, 0x00, 0x80, 0x03, 0x00, 0xea, 0x0f, 0x00, 0x81, 0x79, 0x09, 0x0e,
    0x0a, 0x04, 0x00, 0x00, 0x00, 0x15, 0x1e, 0x0c, 0x00, 0xa2, 0x0e, 0x00,
    0x31, 0x74, 0x0b, 0xff, 0x03, 0x00, 0x00, 0x00, 0xff, 0x01, 0x00, 0x00,
    0x00, 0xe2, 0x0f, 0x00, 0x02, 0x72, 0x10, 0x00, 0x02, 0x00, 0x00, 0x00,
    0x00, 0x0f, 0x00, 0x00, 0x00, 0xe2, 0x0f, 0x00, 0x02, 0x72, 0x11, 0x00,
    0x00, 0x00, 0x00, 0x00, 0x00, 0x0f, 0x00, 0x00, 0x00, 0xe2, 0x0f, 0x00,
    0x0c, 0x78, 0x00, 0x09, 0xc7, 0x00, 0x00, 0x00, 0x70, 0x40, 0xf2, 0x03,
    0x00, 0xda, 0x4f, 0x00, 0x42, 0x19, 0x02, 0x00, 0x00, 0x00, 0x00, 0x00,
    0x00, 0x01, 0x80, 0x03, 0x00, 0xea, 0x0f, 0x00, 0x47, 0x19, 0x7c, 0x00,
    0x80, 0x00, 0x00, 0x00, 0x00, 0x00, 0x80, 0x03, 0x00, 0xea, 0x0f, 0x00,
    0x81, 0x79, 0x20, 0x0e, 0x0a, 0x06, 0x00, 0x00, 0x00, 0x15, 0x1e, 0x0c,
    0x00, 0xa2, 0x0e, 0x00, 0x02, 0x72, 0x10, 0x00, 0x02, 0x00, 0x00, 0x00,
    0x00, 0x0f, 0x00, 0x00, 0x00, 0xe2, 0x0f, 0x00, 0x02, 0x72, 0x11, 0x00,
    0x00, 0x00, 0x00, 0x00, 0x00, 0x0f, 0x00, 0x00, 0x00, 0xe2, 0x0f, 0x00,
    0x02, 0x78, 0x0b, 0x00, 0x03, 0x00, 0x00, 0x00, 0x00, 0x0f, 0x00, 0x00,
    0x00, 0xe2, 0x0f, 0x00, 0x0c, 0x78, 0x00, 0x20, 0xc7, 0x00, 0x00, 0x00,
    0x70, 0x40, 0xf2, 0x03, 0x00, 0xda, 0x4f, 0x00, 0x42, 0x19, 0x02, 0x00,
    0x00, 0x00, 0x00, 0x00, 0x00, 0x01, 0x80, 0x03, 0x00, 0xea, 0x0f, 0x00,
    0x47, 0x19, 0x60, 0x00, 0x80, 0x00, 0x00, 0x00, 0x00, 0x00, 0x80, 0x03,
    0x00, 0xea, 0x0f, 0x00, 0x81, 0x79, 0x1d, 0x0e, 0x0a, 0x08, 0x00, 0x00,
    0x00, 0x15, 0x1e, 0x0c, 0x00, 0xa2, 0x0e, 0x00, 0x31, 0x74, 0x0b, 0xff,
    0x03, 0x00, 0x00, 0x00, 0xff, 0x01, 0x00, 0x00, 0x00, 0xe2, 0x0f, 0x00,
    0x02, 0x72, 0x10, 0x00, 0x02, 0x00, 0x00, 0x00, 0x00, 0x0f, 0x00, 0x00,
    0x00, 0xe2, 0x0f, 0x00, 0x02, 0x72, 0x11, 0x00, 0x00, 0x00, 0x00, 0x00,
    0x00, 0x0f, 0x00, 0x00, 0x00, 0xe2, 0x0f, 0x00, 0x0c, 0x78, 0x00, 0x1d,
    0xc7, 0x00, 0x00, 0x00, 0x70, 0x40, 0xf2, 0x03, 0x00, 0xda, 0x4f, 0x00,
    0x42, 0x19, 0x02, 0x00, 0x00, 0x00, 0x00, 0x00, 0x00, 0x01, 0x80, 0x03,
    0x00, 0xea, 0x0f, 0x00, 0x47, 0x19, 0x44, 0x00, 0x80, 0x00, 0x00, 0x00,
    0x00, 0x00, 0x80, 0x03, 0x00, 0xea, 0x0f, 0x00, 0x0c, 0x72, 0x00, 0x07,
    0xff, 0x00, 0x00, 0x00, 0x70, 0x50, 0xf2, 0x03, 0x00, 0xe2, 0x0f, 0x00,
    0x35, 0x78, 0x00, 0x00, 0x01, 0x00, 0x00, 0x00, 0x00, 0x00, 0x8e, 0x07,
    0x00, 0xe2, 0x0f, 0x00, 0x02, 0x72, 0x10, 0x00, 0x02, 0x00, 0x00, 0x00,
    0x00, 0x0f, 0x00, 0x00, 0x00, 0xe2, 0x0f, 0x00, 0x02, 0x78, 0x0b, 0x00,
    0x01, 0x00, 0x00, 0x00, 0x00, 0x0f, 0x00, 0x00, 0x00, 0xc6, 0x0f, 0x00,
    0x02, 0x72, 0x11, 0x00, 0x00, 0x00, 0x00, 0x00, 0x00, 0x0f, 0x00, 0x00,
    0x00, 0xce, 0x0f, 0x00, 0x42, 0x99, 0x02, 0x00, 0x00, 0x00, 0x00, 0x00,
    0x00, 0x01, 0x80, 0x03, 0x00, 0xea, 0x0f, 0x00, 0x47, 0x99, 0x28, 0x00,
    0x80, 0x00, 0x00, 0x00, 0x00, 0x00, 0x80, 0x03, 0x00, 0xea, 0x0f, 0x00,
    0x0c, 0x78, 0x00, 0x07, 0x28, 0x00, 0x00, 0x00, 0x70, 0x50, 0xf2, 0x03,
    0x00, 0xda, 0x0f, 0x00, 0x42, 0x99, 0x02, 0x00, 0x00, 0x00, 0x00, 0x00,
    0x00, 0x01, 0x80, 0x03, 0x00, 0xea, 0x0f, 0x00, 0x47, 0x99, 0xfc, 0x00,
    0x7c, 0x00, 0x00, 0x00, 0x00, 0x00, 0x80, 0x03, 0x00, 0xea, 0x0f, 0x00,
    0x35, 0x78, 0x05, 0x07, 0xdb, 0xff, 0xff, 0xff, 0x00, 0x00, 0x8e, 0x07,
    0x00, 0xe2, 0x0f, 0x00, 0x45, 0x79, 0x01, 0x00, 0xb0, 0x7e, 0x00, 0x00,
    0x00, 0x01, 0x80, 0x03, 0x00, 0xe8, 0x0f, 0x00, 0x12, 0x78, 0x05, 0x05,
    0xff, 0x00, 0x00, 0x00, 0xff, 0xc0, 0x8e, 0x07, 0x00, 0xca, 0x0f, 0x00,
    0x0c, 0x78, 0x00, 0x05, 0x02, 0x00, 0x00, 0x00, 0x70, 0x40, 0xf2, 0x03,
    0x00, 0xda, 0x0f, 0x00, 0x47, 0x19, 0x9c, 0x00, 0x00, 0x00, 0x00, 0x00,
    0x00, 0x00, 0x80, 0x03, 0x00, 0xea, 0x0f, 0x00, 0x81, 0x79, 0x13, 0x0e,
    0x0a, 0x0e, 0x00, 0x00, 0x00, 0x15, 0x1e, 0x0c, 0x00, 0xa2, 0x0e, 0x00,
    0x31, 0x74, 0x0b, 0xff, 0x03, 0x00, 0x00, 0x00, 0xff, 0x01, 0x00, 0x00,
    0x00, 0xe2, 0x0f, 0x00, 0x02, 0x72, 0x10, 0x00, 0x02, 0x00, 0x00, 0x00,
    0x00, 0x0f, 0x00, 0x00, 0x00, 0xe2, 0x0f, 0x00, 0x02, 0x72, 0x11, 0x00,
    0x00, 0x00, 0x00, 0x00, 0x00, 0x0f, 0x00, 0x00, 0x00, 0xe2, 0x0f, 0x00,
    0x16, 0x78, 0x03, 0x13, 0x10, 0x99, 0x00, 0x00, 0xff, 0x00, 0x00, 0x00,
    0x00, 0xca, 0x4f, 0x00, 0x0c, 0x72, 0x00, 0x03, 0xff, 0x00, 0x00, 0x00,
    0x70, 0x62, 0xf2, 0x03, 0x00, 0xda, 0x0f, 0x00, 0x42, 0x99, 0x01, 0x00,
    0x00, 0x00, 0x00, 0x00, 0x00, 0x01, 0x80, 0x03, 0x00, 0xea, 0x0f, 0x00,
    0x42, 0x99, 0x02, 0x00, 0x00, 0x00, 0x00, 0x00, 0x00, 0x01, 0x80, 0x03,
    0x00, 0xea, 0x0f, 0x00, 0x47, 0x99, 0xe4, 0x00, 0x7c, 0x00, 0x00, 0x00,
    0x00, 0x00, 0x80, 0x03, 0x00, 0xea, 0x0f, 0x00, 0x0c, 0x72, 0x00, 0x13,
    0x06, 0x00, 0x00, 0x00, 0x70, 0x42, 0xf2, 0x03, 0x00, 0xe2, 0x0f, 0x00,
    0x02, 0x72, 0x10, 0x00, 0x02, 0x00, 0x00, 0x00, 0x00, 0x0f, 0x00, 0x00,
    0x00, 0xe2, 0x0f, 0x00, 0x02, 0x72, 0x11, 0x00, 0x00, 0x00, 0x00, 0x00,
    0x00, 0x0f, 0x00, 0x00, 0x00, 0xe2, 0x0f, 0x00, 0x02, 0x78, 0x0b, 0x00,
    0x03, 0x00, 0x00, 0x00, 0x00, 0x0f, 0x00, 0x00, 0x00, 0xd4, 0x0f, 0x00,
    0x42, 0x19, 0x01, 0x00, 0x00, 0x00, 0x00, 0x00, 0x00, 0x01, 0x80, 0x03,
    0x00, 0xea, 0x0f, 0x00, 0x42, 0x19, 0x02, 0x00, 0x00, 0x00, 0x00, 0x00,
    0x00, 0x01, 0x80, 0x03, 0x00, 0xea, 0x0f, 0x00, 0x47, 0x19, 0xc8, 0x00,
    0x7c, 0x00, 0x00, 0x00, 0x00, 0x00, 0x80, 0x03, 0x00, 0xea, 0x0f, 0x00,
    0x81, 0x79, 0x0e, 0x0e, 0x0a, 0x0a, 0x00, 0x00, 0x00, 0x11, 0x1e, 0x0c,
    0x00, 0xa2, 0x0e, 0x00, 0x0c, 0x78, 0x00, 0x07, 0x25, 0x00, 0x00, 0x00,
    0x70, 0x50, 0xf0, 0x03, 0x00, 0xe2, 0x0f, 0x00, 0x24, 0x78, 0x09, 0x09,
    0x04, 0x00, 0x00, 0x00, 0xff, 0x00, 0x8e, 0x07, 0x00, 0xe2, 0x0f, 0x00,
    0x45, 0x79, 0x04, 0x00, 0x20, 0x01, 0x00, 0x00, 0x00, 0x02, 0x80, 0x03,
    0x00, 0xe2, 0x0f, 0x00, 0x02, 0x72, 0x10, 0x00, 0x13, 0x00, 0x00, 0x00,
    0x00, 0x0f, 0x00, 0x00, 0x00, 0xc6, 0x0f, 0x00, 0x12, 0x78, 0x09, 0x09,
    0xff, 0xff, 0x00, 0x00, 0xff, 0xc0, 0x8e, 0x07, 0x00, 0xc8, 0x0f, 0x00,
    0x12, 0x78, 0x09, 0x09, 0x03, 0x00, 0x00, 0x00, 0x0e, 0xf8, 0x8e, 0x07,
    0x00, 0xca, 0x4f, 0x00, 0x25, 0x7c, 0x08, 0x09, 0x07, 0x00, 0x00, 0x00,
    0x0c, 0x00, 0x8e, 0x0f, 0x00, 0xe2, 0x0f, 0x00, 0x47, 0x89, 0x2c, 0x00,
    0x00, 0x00, 0x00, 0x00, 0x00, 0x00, 0x80, 0x03, 0x00, 0xec, 0x0f, 0x00,
    0x82, 0x7c, 0x06, 0x00, 0xff, 0x00, 0x00, 0x00, 0x00, 0x00, 0x00, 0x08,
    0x00, 0xe2, 0x0f, 0x00, 0x11, 0x7c, 0x04, 0x08, 0x0c, 0x00, 0x00, 0x00,
    0xff, 0x10, 0x80, 0x0f, 0x00, 0xe2, 0x0f, 0x00, 0x35, 0x7c, 0x03, 0x09,
    0x06, 0x00, 0x00, 0x00, 0x00, 0x00, 0x8e, 0x0f, 0x00, 0xca, 0x0f, 0x00,
    0x11, 0x7c, 0x05, 0x08, 0x0d, 0x00, 0x00, 0x00, 0x03, 0x14, 0x0f, 0x08,
    0x00, 0xca, 0x0f, 0x00, 0x81, 0x79, 0x04, 0x04, 0x0a, 0x00, 0x00, 0x00,
    0x00, 0x19, 0x1e, 0x0c, 0x00, 0xa2, 0x0e, 0x00, 0x0c, 0x78, 0x00, 0x07,
    0x26, 0x00, 0x00, 0x00, 0x70, 0x50, 0xf0, 0x03, 0x00, 0xe2, 0x0f, 0x04,
    0x0c, 0x78, 0x00, 0x07, 0x26, 0x00, 0x00, 0x00, 0x70, 0x50, 0xf2, 0x03,
    0x00, 0xe2, 0x0f, 0x00, 0x35, 0x78, 0x10, 0x02, 0x01, 0x00, 0x00, 0x00,
    0x00, 0x00, 0x8e, 0x07, 0x00, 0xe2, 0x0f, 0x00, 0x0b, 0x72, 0x00, 0x04,
    0xff, 0x00, 0x00, 0x00, 0x00, 0xd0, 0xf4, 0x03, 0x00, 0xd4, 0x4f, 0x00,
    0x07, 0x02, 0x10, 0x13, 0x10, 0x00, 0x00, 0x00, 0x00, 0x00, 0x00, 0x01,
    0x00, 0xca, 0x0f, 0x00, 0x07, 0x92, 0x10, 0x13, 0x10, 0x00, 0x00, 0x00,
    0x00, 0x00, 0x00, 0x05, 0x00, 0xce, 0x0f, 0x00, 0x18, 0x79, 0x00, 0x00,
    0x00, 0x00, 0x00, 0x00, 0x00, 0x00, 0x00, 0x00, 0x00, 0xe2, 0x0f, 0x00,
    0x41, 0x79, 0x04, 0x00, 0x00, 0x00, 0x00, 0x00, 0x00, 0x02, 0x80, 0x03,
    0x00, 0xea, 0x0f, 0x00, 0x47, 0x79, 0xfc, 0x00, 0x78, 0x00, 0x00, 0x00,
    0x00, 0x00, 0x80, 0x03, 0x00, 0xea, 0x0f, 0x00, 0x81, 0x79, 0x06, 0x0e,
    0x0a, 0x0a, 0x00, 0x00, 0x00, 0x15, 0x1e, 0x0c, 0x00, 0xa2, 0x0e, 0x00,
    0x82, 0x7b, 0x05, 0xff, 0x00, 0xf4, 0x00, 0x00, 0x00, 0x08, 0x00, 0x00,
    0x00, 0x22, 0x0e, 0x00, 0x24, 0x78, 0x21, 0x09, 0x04, 0x00, 0x00, 0x00,
    0xff, 0x00, 0x8e, 0x07, 0x00, 0xe2, 0x0f, 0x00, 0x82, 0x7c, 0x06, 0x00,
    0xff, 0x00, 0x00, 0x00, 0x00, 0x00, 0x00, 0x08, 0x00, 0xe2, 0x0f, 0x00,
    0x25, 0x78, 0x10, 0x20, 0x04, 0x00, 0x00, 0x00, 0xff, 0x00, 0x8e, 0x07,
    0x00, 0xc6, 0x0f, 0x00, 0x12, 0x78, 0x21, 0x21, 0xff, 0xff, 0x00, 0x00,
    0xff, 0xc0, 0x8e, 0x07, 0x00, 0xe4, 0x0f, 0x00, 0x82, 0x7b, 0x12, 0xff,
    0x00, 0xe0, 0x00, 0x00, 0x00, 0x0a, 0x00, 0x00, 0x00, 0x62, 0x0e, 0x00,
    0x24, 0x72, 0x11, 0x11, 0x05, 0x00, 0x00, 0x00, 0xff, 0x02, 0x8e, 0x07,
    0x00, 0xe2, 0x1f, 0x00, 0x16, 0x78, 0x23, 0x06, 0x71, 0x77, 0x00, 0x00,
    0xff, 0x00, 0x00, 0x00, 0x00, 0xe4, 0x4f, 0x04, 0x16, 0x78, 0x06, 0x06,
    0x70, 0x77, 0x00, 0x00, 0xff, 0x00, 0x00, 0x00, 0x00, 0xe4, 0x0f, 0x00,
    0x12, 0x78, 0x0a, 0x10, 0x03, 0x00, 0x00, 0x00, 0x23, 0xf8, 0x8e, 0x07,
    0x00, 0xe4, 0x0f, 0x00, 0x12, 0x78, 0x18, 0x21, 0x03, 0x00, 0x00, 0x00,
    0x06, 0xf8, 0x8e, 0x07, 0x00, 0xc4, 0x0f, 0x00, 0x19, 0x78, 0x08, 0xff,
    0x02, 0x00, 0x00, 0x00, 0x06, 0x16, 0x01, 0x00, 0x00, 0xe2, 0x0f, 0x00,
    0x25, 0x72, 0x0a, 0x0a, 0x05, 0x00, 0x00, 0x00, 0x0c, 0x00, 0x8e, 0x07,
    0x00, 0xe2, 0x0f, 0x08, 0x19, 0x78, 0x15, 0xff, 0x02, 0x00, 0x00, 0x00,
    0x23, 0x16, 0x01, 0x00, 0x00, 0xe4, 0x0f, 0x00, 0x12, 0x78, 0x08, 0x21,
    0x03, 0x00, 0x00, 0x00, 0x08, 0xf8, 0x8e, 0x07, 0x00, 0xe2, 0x0f, 0x00,
    0x25, 0x72, 0x18, 0x18, 0x05, 0x00, 0x00, 0x00, 0x0c, 0x00, 0x8e, 0x07,
    0x00, 0xe2, 0x0f, 0x00, 0x35, 0x72, 0x17, 0x0b, 0x11, 0x00, 0x00, 0x00,
    0x00, 0x00, 0x8e, 0x07, 0x00, 0xe2, 0x0f, 0x00, 0x12, 0x78, 0x0b, 0x10,
    0x03, 0x00, 0x00, 0x00, 0x15, 0xf8, 0x8e, 0x07, 0x00, 0xe4, 0x0f, 0x00,
    0x11, 0x72, 0x24, 0x0a, 0x12, 0x00, 0x00, 0x00, 0xff, 0x10, 0x84, 0x07,
    0x00, 0xe2, 0x2f, 0x08, 0x25, 0x72, 0x14, 0x08, 0x05, 0x00, 0x00, 0x00,
    0x0c, 0x00, 0x8e, 0x07, 0x00, 0xe2, 0x0f, 0x00, 0x35, 0x7c, 0x19, 0x19,
    0x06, 0x00, 0x00, 0x00, 0x00, 0x00, 0x8e, 0x0f, 0x00, 0xe2, 0x0f, 0x00,
    0x11, 0x72, 0x16, 0x18, 0x12, 0x00, 0x00, 0x00, 0xff, 0x10, 0x82, 0x07,
    0x00, 0xc4, 0x0f, 0x00, 0x11, 0x72, 0x25, 0x0a, 0x13, 0x00, 0x00, 0x00,
    0x17, 0x14, 0x0f, 0x01, 0x00, 0xe2, 0x0f, 0x00, 0x25, 0x72, 0x0a, 0x0b,
    0x05, 0x00, 0x00, 0x00, 0x0c, 0x00, 0x8e, 0x07, 0x00, 0xe2, 0x0f, 0x00,
    0x11, 0x72, 0x17, 0x18, 0x13, 0x00, 0x00, 0x00, 0x19, 0x14, 0x8f, 0x00,
    0x00, 0xe2, 0x0f, 0x08, 0x35, 0x7c, 0x15, 0x15, 0x06, 0x00, 0x00, 0x00,
    0x00, 0x00, 0x8e, 0x0f, 0x00, 0xe2, 0x0f, 0x00, 0x11, 0x72, 0x18, 0x14,
    0x12, 0x00, 0x00, 0x00, 0xff, 0x10, 0x82, 0x07, 0x00, 0xe2, 0x0f, 0x0c,
    0x81, 0x79, 0x1c, 0x24, 0x0a, 0x00, 0x00, 0x00, 0x00, 0x19, 0x1e, 0x0c,
    0x00, 0x62, 0x0f, 0x00, 0x19, 0x78, 0x08, 0xff, 0x04, 0x00, 0x00, 0x00,
    0x06, 0x16, 0x01, 0x00, 0x00, 0xe4, 0x0f, 0x00, 0x11, 0x72, 0x19, 0x14,
    0x13, 0x00, 0x00, 0x00, 0x15, 0x14, 0x8f, 0x00, 0x00, 0xe2, 0x0f, 0x00,
    0x81, 0x79, 0x17, 0x16, 0x0a, 0x00, 0x00, 0x00, 0x00, 0x19, 0x1e, 0x0c,
    0x00, 0x62, 0x0f, 0x00, 0x35, 0x72, 0x0b, 0x0b, 0x11, 0x00, 0x00, 0x00,
    0x00, 0x00, 0x8e, 0x07, 0x00, 0xe2, 0x0f, 0x00, 0x11, 0x72, 0x1a, 0x0a,
    0x12, 0x00, 0x00, 0x00, 0xff, 0x10, 0x82, 0x07, 0x00, 0xc4, 0x0f, 0x00,
    0x12, 0x78, 0x08, 0x21, 0x03, 0x00, 0x00, 0x00, 0x08, 0xf8, 0x8e, 0x07,
    0x00, 0xe2, 0x0f, 0x00, 0x81, 0x79, 0x19, 0x18, 0x0a, 0x00, 0x00, 0x00,
    0x00, 0x19, 0x1e, 0x0c, 0x00, 0x62, 0x0f, 0x00, 0x19, 0x78, 0x15, 0xff,
    0x04, 0x00, 0x00, 0x00, 0x23, 0x16, 0x01, 0x00, 0x00, 0xe4, 0x0f, 0x00,
    0x11, 0x72, 0x1b, 0x0a, 0x13, 0x00, 0x00, 0x00, 0x0b, 0x14, 0x8f, 0x00,
    0x00, 0xe2, 0x0f, 0x00, 0x25, 0x72, 0x0a, 0x08, 0x05, 0x00, 0x00, 0x00,
    0x0c, 0x00, 0x8e, 0x07, 0x00, 0xe2, 0x0f, 0x00, 0x12, 0x78, 0x1e, 0x10,
    0x03, 0x00, 0x00, 0x00, 0x15, 0xf8, 0x8e, 0x07, 0x00, 0xc8, 0x0f, 0x00,
    0x35, 0x7c, 0x08, 0x0b, 0x06, 0x00, 0x00, 0x00, 0x00, 0x00, 0x8e, 0x0f,
    0x00, 0xe2, 0x0f, 0x00, 0x11, 0x72, 0x14, 0x0a, 0x12, 0x00, 0x00, 0x00,
    0xff, 0x10, 0x82, 0x07, 0x00, 0xe2, 0x0f, 0x00, 0x25, 0x72, 0x1e, 0x1e,
    0x05, 0x00, 0x00, 0x00, 0x0c, 0x00, 0x8e, 0x07, 0x00, 0xc6, 0x0f, 0x00,
    0x11, 0x72, 0x15, 0x0a, 0x13, 0x00, 0x00, 0x00, 0x08, 0x14, 0x8f, 0x00,
    0x00, 0xe4, 0x0f, 0x00, 0x35, 0x72, 0x08, 0x1f, 0x11, 0x00, 0x00, 0x00,
    0x00, 0x00, 0x8e, 0x07, 0x00, 0xe2, 0x0f, 0x00, 0x11, 0x72, 0x0a, 0x1e,
    0x12, 0x00, 0x00, 0x00, 0xff, 0x10, 0x82, 0x07, 0x00, 0xc6, 0x0f, 0x00,
    0x81, 0x79, 0x15, 0x14, 0x0a, 0x00, 0x00, 0x00, 0x00, 0x19, 0x1e, 0x0c,
    0x00, 0x62, 0x0f, 0x00, 0x11, 0x72, 0x0b, 0x1e, 0x13, 0x00, 0x00, 0x00,
    0x08, 0x14, 0x8f, 0x00, 0x00, 0xe4, 0x0f, 0x00, 0x19, 0x78, 0x23, 0x23,
    0x06, 0x00, 0x00, 0x00, 0xff, 0x12, 0x00, 0x00, 0x00, 0xe2, 0x0f, 0x00,
    0x81, 0x79, 0x08, 0x1a, 0x0a, 0x00, 0x00, 0x00, 0x00, 0x19, 0x1e, 0x0c,
    0x00, 0x68, 0x01, 0x00, 0x81, 0x79, 0x0a, 0x0a, 0x0a, 0x00, 0x00, 0x00,
    0x00, 0x19, 0x1e, 0x0c, 0x00, 0x62, 0x03, 0x00, 0x19, 0x78, 0x22, 0x06,
    0x06, 0x00, 0x00, 0x00, 0xff, 0x12, 0x00, 0x00, 0x00, 0xe4, 0x0f, 0x00,
    0x12, 0x72, 0x1e, 0x10, 0x23, 0x00, 0x00, 0x00, 0xff, 0xfc, 0x8e, 0x07,
    0x00, 0xc4, 0x0f, 0x00, 0x12, 0x72, 0x22, 0x21, 0x22, 0x00, 0x00, 0x00,
    0xff, 0xfc, 0x8e, 0x07, 0x00, 0xe2, 0x0f, 0x00, 0x0c, 0x78, 0x00, 0x07,
    0x0c, 0x00, 0x00, 0x00, 0x70, 0x50, 0xf2, 0x03, 0x00, 0xe4, 0x0f, 0x00,
    0x25, 0x72, 0x1e, 0x1e, 0x05, 0x00, 0x00, 0x00, 0x0c, 0x00, 0x8e, 0x07,
    0x00, 0xc8, 0x0f, 0x00, 0x25, 0x72, 0x22, 0x22, 0x05, 0x00, 0x00, 0x00,
    0x0c, 0x00, 0x8e, 0x07, 0x00, 0xe2, 0x0f, 0x00, 0x35, 0x72, 0x06, 0x1f,
    0x11, 0x00, 0x00, 0x00, 0x00, 0x00, 0x8e, 0x07, 0x00, 0xe2, 0x0f, 0x00,
    0x11, 0x72, 0x1a, 0x1e, 0x12, 0x00, 0x00, 0x00, 0xff, 0x10, 0x86, 0x07,
    0x00, 0xe2, 0x1f, 0x08, 0x45, 0x79, 0x00, 0x00, 0xf0, 0x74, 0x00, 0x00,
    0x00, 0x01, 0x80, 0x03, 0x00, 0xe4, 0x0f, 0x00, 0x35, 0x7c, 0x11, 0x23,
    0x06, 0x00, 0x00, 0x00, 0x00, 0x00, 0x8e, 0x0f, 0x00, 0xe2, 0x0f, 0x00,
    0x11, 0x72, 0x10, 0x22, 0x12, 0x00, 0x00, 0x00, 0xff, 0x10, 0x84, 0x07,
    0x00, 0xe4, 0x0f, 0x00, 0x11, 0x72, 0x1b, 0x1e, 0x13, 0x00, 0x00, 0x00,
    0x06, 0x14, 0x8f, 0x01, 0x00, 0xe4, 0x0f, 0x08, 0x11, 0x72, 0x11, 0x22,
    0x13, 0x00, 0x00, 0x00, 0x11, 0x14, 0x0f, 0x01, 0x00, 0xe2, 0x0f, 0x00,
    0x47, 0x99, 0x04, 0x00, 0x74, 0x00, 0x00, 0x00, 0x00, 0x00, 0x80, 0x03,
    0x00, 0xf0, 0x0f, 0x00, 0x81, 0x79, 0x06, 0x1a, 0x0a, 0x00, 0x00, 0x00,
    0x00, 0x19, 0x1e, 0x0c, 0x00, 0x62, 0x01, 0x00, 0x0c, 0x78, 0x00, 0x07,
    0x24, 0x00, 0x00, 0x00, 0x70, 0x50, 0xf2, 0x03, 0x00, 0xda, 0x0f, 0x00,
    0x47, 0x99, 0xfc, 0x00, 0x6c, 0x00, 0x00, 0x00, 0x00, 0x00, 0x80, 0x03,
    0x00, 0xea, 0x0f, 0x00, 0x81, 0x79, 0x09, 0x10, 0x0a, 0x00, 0x00, 0x00,
    0x00, 0x19, 0x1e, 0x0c, 0x00, 0x62, 0x05, 0x00, 0x0c, 0x78, 0x00, 0x07,
    0x23, 0x00, 0x00, 0x00, 0x70, 0x50, 0xf2, 0x03, 0x00, 0xe2, 0x0f, 0x00,
    0x24, 0x78, 0x1d, 0x1d, 0x04, 0x00, 0x00, 0x00, 0xff, 0x00, 0x8e, 0x07,
    0x00, 0xd8, 0x0f, 0x00, 0x47, 0x19, 0x94, 0x00, 0x24, 0x00, 0x00, 0x00,
    0x00, 0x00, 0x80, 0x03, 0x00, 0xea, 0x0f, 0x00, 0x25, 0x72, 0x20, 0x20,
    0x05, 0x00, 0x00, 0x00, 0xff, 0x00, 0x8e, 0x07, 0x00, 0xe2, 0x0f, 0x00,
    0x82, 0x7c, 0x06, 0x00, 0xff, 0x00, 0x00, 0x00, 0x00, 0x00, 0x00, 0x08,
    0x00, 0xc8, 0x0f, 0x00, 0x35, 0x7c, 0x07, 0x21, 0x06, 0x00, 0x00, 0x00,
    0x00, 0x00, 0x8e, 0x0f, 0x00, 0xe2, 0x0f, 0x00, 0x11, 0x72, 0x05, 0x20,
    0x0c, 0x00, 0x00, 0x00, 0xff, 0x10, 0x82, 0x07, 0x00, 0xc8, 0x0f, 0x00,
    0x11, 0x72, 0x20, 0x20, 0x0d, 0x00, 0x00, 0x00, 0x07, 0x14, 0x8f, 0x00,
    0x00, 0xe4, 0x0f, 0x00, 0x11, 0x72, 0x12, 0x05, 0x12, 0x00, 0x00, 0x00,
    0xff, 0x10, 0x82, 0x07, 0x00, 0xc8, 0x0f, 0x00, 0x11, 0x72, 0x13, 0x05,
    0x13, 0x00, 0x00, 0x00, 0x20, 0x14, 0x8f, 0x00, 0x00, 0xca, 0x0f, 0x00,
    0x81, 0x79, 0x12, 0x12, 0x0a, 0x00, 0x00, 0x00, 0x00, 0x19, 0x1e, 0x0c,
    0x00, 0xe2, 0x0e, 0x00, 0x31, 0x74, 0x1a, 0xff, 0x00, 0x00, 0x80, 0x3f,
    0xff, 0x01, 0x00, 0x00, 0x00, 0xe2, 0x1f, 0x00, 0x02, 0x72, 0x18, 0x00,
    0xff, 0x00, 0x00, 0x00, 0x00, 0x0f, 0x00, 0x00, 0x00, 0xe2, 0x0f, 0x00,
    0x31, 0x74, 0x16, 0xff, 0x00, 0x00, 0x00, 0x00, 0xff, 0x01, 0x00, 0x00,
    0x00, 0xe2, 0x0f, 0x00, 0x02, 0x72, 0x0b, 0x00, 0xff, 0x00, 0x00, 0x00,
    0x00, 0x0f, 0x00, 0x00, 0x00, 0xe2, 0x2f, 0x00, 0x0b, 0x78, 0x00, 0x12,
    0x00, 0x00, 0x80, 0x40, 0x00, 0x60, 0xf2, 0x03, 0x00, 0xca, 0x8f, 0x00,
    0x0b, 0x78, 0x00, 0x12, 0x00, 0x00, 0x80, 0xbf, 0x00, 0x34, 0xf2, 0x00,
    0x00, 0xca, 0x0f, 0x00, 0x0b, 0x78, 0x00, 0x12, 0x00, 0x00, 0x80, 0x7f,
    0x00, 0xa6, 0xf2, 0x00, 0x00, 0xda, 0x0f, 0x00, 0x47, 0x19, 0xc4, 0x00,
    0x70, 0x00, 0x00, 0x00, 0x00, 0x00, 0x80, 0x03, 0x00, 0xea, 0x0f, 0x00,
    0x05, 0x73, 0x05, 0x00, 0x12, 0x00, 0x00, 0x00, 0x00, 0xf1, 0x20, 0x00,
    0x00, 0x22, 0x0e, 0x00, 0x02, 0x78, 0x18, 0x00, 0x00, 0x00, 0x80, 0x3f,
    0x00, 0x0f, 0x00, 0x00, 0x00, 0xe2, 0x0f, 0x00, 0x02, 0x78, 0x16, 0x00,
    0x00, 0x00, 0x80, 0x3f, 0x00, 0x0f, 0x00, 0x00, 0x00, 0xe2, 0x0f, 0x00,
    0x02, 0x78, 0x0b, 0x00, 0x00, 0x00, 0x80, 0x3f, 0x00, 0x0f, 0x00, 0x00,
    0x00, 0xe2, 0x0f, 0x00, 0x0c, 0x7c, 0x00, 0x05, 0x12, 0x00, 0x00, 0x00,
    0x70, 0x60, 0xf2, 0x0b, 0x00, 0xda, 0x1f, 0x00, 0x47, 0x19, 0xac, 0x00,
    0x70, 0x00, 0x00, 0x00, 0x00, 0x00, 0x80, 0x03, 0x00, 0xea, 0x0f, 0x00,
    0x82, 0x7b, 0x14, 0xff, 0x00, 0xe8, 0x00, 0x00, 0x00, 0x0a, 0x00, 0x00,
    0x00, 0x24, 0x0e, 0x02, 0x25, 0x78, 0x14, 0x05, 0x20, 0x00, 0x00, 0x00,
    0x14, 0x00, 0x8e, 0x07, 0x00, 0xca, 0x1f, 0x00, 0x81, 0x79, 0x12, 0x14,
    0x0a, 0x08, 0x00, 0x00, 0x00, 0x19, 0x1e, 0x0c, 0x00, 0xe2, 0x0e, 0x00,
    0x31, 0x74, 0x13, 0xff, 0x00, 0x00, 0x00, 0x00, 0xff, 0x01, 0x00, 0x00,
    0x00, 0xca, 0x0f, 0x00, 0x0c, 0x72, 0x00, 0x12, 0xff, 0x00, 0x00, 0x00,
    0x70, 0x50, 0xf3, 0x03, 0x00, 0xdc, 0x8f, 0x00, 0x47, 0x19, 0x18, 0x00,
    0x00, 0x00, 0x00, 0x00, 0x00, 0x00, 0x80, 0x03, 0x00, 0xea, 0x0f, 0x00,
    0x81, 0x79, 0x05, 0x14, 0x0a, 0x0c, 0x00, 0x00, 0x00, 0x19, 0x1e, 0x0c,
    0x00, 0xe2, 0x0e, 0x00, 0x02, 0x78, 0x18, 0x00, 0x00, 0x00, 0x80, 0x3f,
    0x00, 0x0f, 0x00, 0x00, 0x00, 0xe2, 0x0f, 0x00, 0x02, 0x78, 0x16, 0x00,
    0x00, 0x00, 0x80, 0x3f, 0x00, 0x0f, 0x00, 0x00, 0x00, 0xe2, 0x0f, 0x00,
    0x02, 0x78, 0x0b, 0x00, 0x00, 0x00, 0x80, 0x3f, 0x00, 0x0f, 0x00, 0x00,
    0x00, 0xe2, 0x0f, 0x00, 0x0c, 0x72, 0x00, 0x05, 0xff, 0x00, 0x00, 0x00,
    0x70, 0x50, 0xf2, 0x03, 0x00, 0xda, 0x8f, 0x00, 0x47, 0x99, 0x7c, 0x00,
    0x70, 0x00, 0x00, 0x00, 0x00, 0x00, 0x80, 0x03, 0x00, 0xea, 0x0f, 0x00,
    0x8c, 0x72, 0x00, 0x0e, 0xff, 0x00, 0x00, 0x00, 0x70, 0x50, 0xf1, 0x0b,
    0x00, 0xe2, 0x0f, 0x00, 0x02, 0x78, 0x0b, 0x00, 0x05, 0x00, 0x00, 0x00,
    0x00, 0x0f, 0x00, 0x00, 0x00, 0xe2, 0x0f, 0x00, 0x02, 0x72, 0x10, 0x00,
    0x02, 0x00, 0x00, 0x00, 0x00, 0x0f, 0x00, 0x00, 0x00, 0xe2, 0x4f, 0x00,
    0x02, 0x72, 0x11, 0x00, 0x00, 0x00, 0x00, 0x00, 0x00, 0x0f, 0x00, 0x00,
    0x00, 0xcc, 0x0f, 0x00, 0x47, 0x75, 0xa0, 0x08, 0x75, 0x00, 0x00, 0x00,
    0x00, 0x00, 0x80, 0x0b, 0x00, 0xea, 0x0f, 0x00, 0x0c, 0x72, 0x00, 0x12,
    0xff, 0x00, 0x00, 0x00, 0x70, 0x50, 0xf2, 0x03, 0x00, 0xe2, 0x0f, 0x00,
    0x02, 0x72, 0x10, 0x00, 0x02, 0x00, 0x00, 0x00, 0x00, 0x0f, 0x00, 0x00,
    0x00, 0xe2, 0x0f, 0x00, 0x02, 0x72, 0x11, 0x00, 0x00, 0x00, 0x00, 0x00,
    0x00, 0x0f, 0x00, 0x00, 0x00, 0xd6, 0x0f, 0x00, 0x42, 0x99, 0x00, 0x00,
    0x00, 0x00, 0x00, 0x00, 0x00, 0x01, 0x80, 0x03, 0x00, 0xea, 0x0f, 0x00,
    0x42, 0x99, 0x01, 0x00, 0x00, 0x00, 0x00, 0x00, 0x00, 0x01, 0x80, 0x03,
    0x00, 0xea, 0x0f, 0x00, 0x42, 0x99, 0x02, 0x00, 0x00, 0x00, 0x00, 0x00,
    0x00, 0x01, 0x80, 0x03, 0x00, 0xea, 0x0f, 0x00, 0x47, 0x99, 0x94, 0x00,
    0x74, 0x00, 0x00, 0x00, 0x00, 0x00, 0x80, 0x03, 0x00, 0xea, 0x0f, 0x00,
    0x81, 0x79, 0x07, 0x14, 0x0a, 0x0c, 0x00, 0x00, 0x00, 0x19, 0x1e, 0x0c,
    0x00, 0xa2, 0x0e, 0x00, 0x0c, 0x78, 0x00, 0x12, 0x00, 0x80, 0x00, 0x00,
    0x70, 0x40, 0xf2, 0x03, 0x00, 0xe2, 0x0f, 0x00, 0x02, 0x72, 0x10, 0x00,
    0x02, 0x00, 0x00, 0x00, 0x00, 0x0f, 0x00, 0x00, 0x00, 0xe2, 0x0f, 0x00,
    0x02, 0x72, 0x11, 0x00, 0x00, 0x00, 0x00, 0x00, 0x00, 0x0f, 0x00, 0x00,
    0x00, 0xe2, 0x0f, 0x00, 0x35, 0x78, 0x05, 0x07, 0xff, 0x7f, 0xff, 0xff,
    0x00, 0x00, 0x8e, 0x07, 0x00, 0xca, 0x4f, 0x00, 0x0c, 0x78, 0x00, 0x05,
    0x00, 0x80, 0xff, 0xff, 0x70, 0x14, 0xf2, 0x00, 0x00, 0xda, 0x0f, 0x00,
    0x42, 0x19, 0x00, 0x00, 0x00, 0x00, 0x00, 0x00, 0x00, 0x01, 0x80, 0x03,
    0x00, 0xea, 0x0f, 0x00, 0x42, 0x19, 0x01, 0x00, 0x00, 0x00, 0x00, 0x00,
    0x00, 0x01, 0x80, 0x03, 0x00, 0xea, 0x0f, 0x00, 0x42, 0x19, 0x02, 0x00,
    0x00, 0x00, 0x00, 0x00, 0x00, 0x01, 0x80, 0x03, 0x00, 0xea, 0x0f, 0x00,
    0x47, 0x19, 0x6c, 0x00, 0x74, 0x00, 0x00, 0x00, 0x00, 0x00, 0x80, 0x03,
    0x00, 0xea, 0x0f, 0x00, 0x81, 0x79, 0x06, 0x14, 0x0a, 0x10, 0x00, 0x00,
    0x00, 0x19, 0x1e, 0x0c, 0x00, 0xa2, 0x0e, 0x00, 0x02, 0x72, 0x10, 0x00,
    0x02, 0x00, 0x00, 0x00, 0x00, 0x0f, 0x00, 0x00, 0x00, 0xe2, 0x0f, 0x00,
    0x02, 0x72, 0x11, 0x00, 0x00, 0x00, 0x00, 0x00, 0x00, 0x0f, 0x00, 0x00,
    0x00, 0xe2, 0x0f, 0x00, 0x0c, 0x72, 0x00, 0x06, 0x12, 0x00, 0x00, 0x00,
    0x70, 0x60, 0xf2, 0x03, 0x00, 0xda, 0x4f, 0x00, 0x42, 0x99, 0x00, 0x00,
    0x00, 0x00, 0x00, 0x00, 0x00, 0x01, 0x80, 0x03, 0x00, 0xea, 0x0f, 0x00,
    0x42, 0x99, 0x01, 0x00, 0x00, 0x00, 0x00, 0x00, 0x00, 0x01, 0x80, 0x03,
    0x00, 0xea, 0x0f, 0x00, 0x42, 0x99, 0x02, 0x00, 0x00, 0x00, 0x00, 0x00,
    0x00, 0x01, 0x80, 0x03, 0x00, 0xea, 0x0f, 0x00, 0x47, 0x99, 0x4c, 0x00,
    0x74, 0x00, 0x00, 0x00, 0x00, 0x00, 0x80, 0x03, 0x00, 0xea, 0x0f, 0x00,
    0x81, 0x79, 0x16, 0x14, 0x0a, 0x14, 0x00, 0x00, 0x00, 0x19, 0x1e, 0x0c,
    0x00, 0xa2, 0x0e, 0x00, 0x02, 0x72, 0x10, 0x00, 0x02, 0x00, 0x00, 0x00,
    0x00, 0x0f, 0x00, 0x00, 0x00, 0xe2, 0x0f, 0x00, 0x02, 0x72, 0x11, 0x00,
    0x00, 0x00, 0x00, 0x00, 0x00, 0x0f, 0x00, 0x00, 0x00, 0xe2, 0x0f, 0x00,
    0x0c, 0x78, 0x00, 0x16, 0x01, 0x00, 0x00, 0x00, 0x70, 0x40, 0xf2, 0x03,
    0x00, 0xda, 0x4f, 0x00, 0x42, 0x19, 0x00, 0x00, 0x00, 0x00, 0x00, 0x00,
    0x00, 0x01, 0x80, 0x03, 0x00, 0xea, 0x0f, 0x00, 0x42, 0x19, 0x01, 0x00,
    0x00, 0x00, 0x00, 0x00, 0x00, 0x01, 0x80, 0x03, 0x00, 0xea, 0x0f, 0x00,
    0x42, 0x19, 0x02, 0x00, 0x00, 0x00, 0x00, 0x00, 0x00, 0x01, 0x80, 0x03,
    0x00, 0xea, 0x0f, 0x00, 0x47, 0x19, 0x2c, 0x00, 0x74, 0x00, 0x00, 0x00,
    0x00, 0x00, 0x80, 0x03, 0x00, 0xea, 0x0f, 0x00, 0x81, 0x79, 0x18, 0x14,
    0x0a, 0x18, 0x00, 0x00, 0x00, 0x19, 0x1e, 0x0c, 0x00, 0xa2, 0x0e, 0x00,
    0x02, 0x72, 0x10, 0x00, 0x02, 0x00, 0x00, 0x00, 0x00, 0x0f, 0x00, 0x00,
    0x00, 0xe2, 0x0f, 0x00, 0x02, 0x72, 0x11, 0x00, 0x00, 0x00, 0x00, 0x00,
    0x00, 0x0f, 0x00, 0x00, 0x00, 0xe2, 0x0f, 0x00, 0x0c, 0x78, 0x00, 0x18,
    0x01, 0x00, 0x00, 0x00, 0x70, 0x40, 0xf2, 0x03, 0x00, 0xda, 0x4f, 0x00,
    0x42, 0x19, 0x00, 0x00, 0x00, 0x00, 0x00, 0x00, 0x00, 0x01, 0x80, 0x03,
    0x00, 0xea, 0x0f, 0x00, 0x42, 0x19, 0x01, 0x00, 0x00, 0x00, 0x00, 0x00,
    0x00, 0x01, 0x80, 0x03, 0x00, 0xea, 0x0f, 0x00, 0x42, 0x19, 0x02, 0x00,
    0x00, 0x00, 0x00, 0x00, 0x00, 0x01, 0x80, 0x03, 0x00, 0xea, 0x0f, 0x00,
    0x47, 0x19, 0x0c, 0x00, 0x74, 0x00, 0x00, 0x00, 0x00, 0x00, 0x80, 0x03,
    0x00, 0xea, 0x0f, 0x00, 0x81, 0x79, 0x1c, 0x14, 0x0a, 0x1c, 0x00, 0x00,
    0x00, 0x19, 0x1e, 0x0c, 0x00, 0xa2, 0x0e, 0x00, 0x02, 0x72, 0x10, 0x00,
    0x02, 0x00, 0x00, 0x00, 0x00, 0x0f, 0x00, 0x00, 0x00, 0xe2, 0x0f, 0x00,
    0x02, 0x72, 0x11, 0x00, 0x00, 0x00, 0x00, 0x00, 0x00, 0x0f, 0x00, 0x00,
    0x00, 0xe2, 0x0f, 0x00, 0x0c, 0x78, 0x00, 0x1c, 0x01, 0x00, 0x00, 0x00,
    0x70, 0x40, 0xf2, 0x03, 0x00, 0xda, 0x4f, 0x00, 0x42, 0x19, 0x00, 0x00,
    0x00, 0x00, 0x00, 0x00, 0x00, 0x01, 0x80, 0x03, 0x00, 0xea, 0x0f, 0x00,
    0x42, 0x19, 0x01, 0x00, 0x00, 0x00, 0x00, 0x00, 0x00, 0x01, 0x80, 0x03,
    0x00, 0xea, 0x0f, 0x00, 0x42, 0x19, 0x02, 0x00, 0x00, 0x00, 0x00, 0x00,
    0x00, 0x01, 0x80, 0x03, 0x00, 0xea, 0x0f, 0x00, 0x47, 0x19, 0xec, 0x00,
    0x70, 0x00, 0x00, 0x00, 0x00, 0x00, 0x80, 0x03, 0x00, 0xea, 0x0f, 0x00,
    0x81, 0x79, 0x14, 0x14, 0x0a, 0x00, 0x00, 0x00, 0x00, 0x1b, 0x1e, 0x0c,
    0x00, 0xa2, 0x0e, 0x00, 0x82, 0x7b, 0x08, 0xff, 0x00, 0xf0, 0x00, 0x00,
    0x00, 0x0a, 0x00, 0x00, 0x00, 0x22, 0x0e, 0x00, 0x02, 0x72, 0x10, 0x00,
    0x02, 0x00, 0x00, 0x00, 0x00, 0x0f, 0x00, 0x00, 0x00, 0xe2, 0x0f, 0x00,
    0x02, 0x72, 0x11, 0x00, 0x00, 0x00, 0x00, 0x00, 0x00, 0x0f, 0x00, 0x00,
    0x00, 0xe2, 0x0f, 0x00, 0x12, 0x78, 0xff, 0x14, 0x03, 0x00, 0x00, 0x00,
    0xff, 0xc0, 0x82, 0x07, 0x00, 0xca, 0x4f, 0x00, 0x0c, 0x72, 0x00, 0x14,
    0x08, 0x00, 0x00, 0x00, 0x70, 0x44, 0xf3, 0x00, 0x00, 0xdc, 0x1f, 0x00,
    0x42, 0x19, 0x00, 0x00, 0x00, 0x00, 0x00, 0x00, 0x00, 0x01, 0x80, 0x03,
    0x00, 0xea, 0x0f, 0x00, 0x42, 0x19, 0x01, 0x00, 0x00, 0x00, 0x00, 0x00,
    0x00, 0x01, 0x80, 0x03, 0x00, 0xea, 0x0f, 0x00, 0x42, 0x19, 0x02, 0x00,
    0x00, 0x00, 0x00, 0x00, 0x00, 0x01, 0x80, 0x03, 0x00, 0xea, 0x0f, 0x00,
    0x47, 0x19, 0xc4, 0x00, 0x70, 0x00, 0x00, 0x00, 0x00, 0x00, 0x80, 0x03,
    0x00, 0xea, 0x0f, 0x00, 0x35, 0x78, 0x05, 0x07, 0xff, 0xff, 0xff, 0xff,
    0x00, 0x00, 0x8e, 0x07, 0x00, 0xe2, 0x0f, 0x00, 0x35, 0x72, 0x08, 0x14,
    0x08, 0x00, 0x00, 0x00, 0x00, 0x03, 0x8e, 0x07, 0x00, 0xe4, 0x0f, 0x00,
    0x0b, 0x78, 0x00, 0x19, 0x00, 0x00, 0x80, 0x7f, 0x00, 0x52, 0xf2, 0x03,
    0x00, 0xe2, 0x0f, 0x00, 0x82, 0x7c, 0x06, 0x00, 0xff, 0x00, 0x00, 0x00,
    0x00, 0x00, 0x00, 0x08, 0x00, 0xe2, 0x0f, 0x00, 0x25, 0x72, 0x1a, 0x06,
    0x05, 0x00, 0x00, 0x00, 0x12, 0x00, 0x8e, 0x07, 0x00, 0xe2, 0x0f, 0x00,
    0x19, 0x78, 0x08, 0x08, 0x02, 0x00, 0x00, 0x00, 0x09, 0x12, 0x00, 0x00,
    0x00, 0xe4, 0x0f, 0x10, 0x19, 0x78, 0x09, 0xff, 0x02, 0x00, 0x00, 0x00,
    0x09, 0x16, 0x01, 0x00, 0x00, 0xe4, 0x0f, 0x00, 0x35, 0x7c, 0x1b, 0x1b,
    0x06, 0x00, 0x00, 0x00, 0x00, 0x00, 0x8e, 0x0f, 0x00, 0xe2, 0x0f, 0x00,
    0x0b, 0x78, 0x00, 0x17, 0x00, 0x00, 0x80, 0x7f, 0x00, 0xa6, 0xf2, 0x04,
    0x00, 0xe2, 0x0f, 0x00, 0x02, 0x72, 0x10, 0x00, 0x02, 0x00, 0x00, 0x00,
    0x00, 0x0f, 0x00, 0x00, 0x00, 0xe2, 0x0f, 0x00, 0x02, 0x72, 0x11, 0x00,
    0x00, 0x00, 0x00, 0x00, 0x00, 0x0f, 0x00, 0x00, 0x00, 0xc6, 0x0f, 0x00,
    0x0c, 0x72, 0x00, 0x1a, 0x08, 0x00, 0x00, 0x00, 0x70, 0x44, 0xf3, 0x00,
    0x00, 0xdc, 0x0f, 0x00, 0x42, 0x19, 0x00, 0x00, 0x00, 0x00, 0x00, 0x00,
    0x00, 0x01, 0x80, 0x03, 0x00, 0xea, 0x0f, 0x00, 0x42, 0x19, 0x01, 0x00,
    0x00, 0x00, 0x00, 0x00, 0x00, 0x01, 0x80, 0x03, 0x00, 0xea, 0x0f, 0x00,
    0x42, 0x19, 0x02, 0x00, 0x00, 0x00, 0x00, 0x00, 0x00, 0x01, 0x80, 0x03,
    0x00, 0xea, 0x0f, 0x00, 0x47, 0x19, 0x84, 0x00, 0x70, 0x00, 0x00, 0x00,
    0x00, 0x00, 0x80, 0x03, 0x00, 0xea, 0x0f, 0x00, 0x07, 0x73, 0x0a, 0x00,
    0x19, 0x00, 0x00, 0x00, 0x00, 0x50, 0x20, 0x00, 0x00, 0x22, 0x0e, 0x00,
    0x0c, 0x72, 0x00, 0x18, 0xff, 0x00, 0x00, 0x00, 0x70, 0x50, 0xf2, 0x03,
    0x00, 0xe2, 0x0f, 0x00, 0x0c, 0x72, 0x00, 0x16, 0xff, 0x00, 0x00, 0x00,
    0x70, 0x50, 0xf0, 0x03, 0x00, 0xe2, 0x0f, 0x00, 0x21, 0x72, 0x0b, 0xff,
    0x19, 0x00, 0x00, 0x00, 0x00, 0x20, 0x00, 0x00, 0x00, 0xe2, 0x0f, 0x00,
    0x21, 0x72, 0x09, 0xff, 0x17, 0x00, 0x00, 0x00, 0x00, 0x20, 0x00, 0x00,
    0x00, 0xe2, 0x0f, 0x00, 0x45, 0x72, 0x10, 0x00, 0x12, 0x00, 0x00, 0x00,
    0x00, 0x10, 0x20, 0x00, 0x00, 0xe2, 0x0f, 0x00, 0x45, 0x79, 0x04, 0x00,
    0xb0, 0x1a, 0x00, 0x00, 0x00, 0x02, 0x80, 0x03, 0x00, 0xe2, 0x0f, 0x00,
    0x45, 0x72, 0x11, 0x00, 0x07, 0x00, 0x00, 0x00, 0x00, 0x10, 0x20, 0x00,
    0x00, 0xe2, 0x0f, 0x00, 0x07, 0x73, 0x08, 0x00, 0x17, 0x00, 0x00, 0x00,
    0x00, 0x50, 0x20, 0x00, 0x00, 0x6c, 0x0e, 0x00, 0x21, 0x92, 0x0b, 0x19,
    0x0a, 0x00, 0x00, 0x80, 0x00, 0x00, 0x00, 0x00, 0x00, 0xc8, 0x1f, 0x00,
    0x21, 0x74, 0x0a, 0x0b, 0x00, 0x00, 0x80, 0x3f, 0x00, 0x01, 0x00, 0x00,
    0x00, 0xe2, 0x0f, 0x00, 0x21, 0x82, 0x09, 0x17, 0x08, 0x00, 0x00, 0x80,
    0x00, 0x00, 0x00, 0x00, 0x00, 0xc6, 0x2f, 0x00, 0x23, 0x74, 0x0a, 0x0a,
    0x00, 0x00, 0x00, 0xbf, 0x11, 0x00, 0x00, 0x00, 0x00, 0xe2, 0x0f, 0x00,
    0x0c, 0x72, 0x00, 0x1c, 0xff, 0x00, 0x00, 0x00, 0x70, 0x50, 0xf0, 0x03,
    0x00, 0xe2, 0x0f, 0x00, 0x23, 0x74, 0x08, 0x09, 0x00, 0x00, 0x00, 0xbf,
    0x10, 0x00, 0x00, 0x00, 0x00, 0xe4, 0x0f, 0x00, 0x05, 0x73, 0x10, 0x00,
    0x0a, 0x00, 0x00, 0x00, 0x00, 0x71, 0x20, 0x00, 0x00, 0x64, 0x00, 0x00,
    0x05, 0x73, 0x09, 0x00, 0x08, 0x00, 0x00, 0x00, 0x00, 0x71, 0x20, 0x00,
    0x00, 0xf0, 0x04, 0x00, 0x47, 0x09, 0x68, 0x00, 0x04, 0x00, 0x00, 0x00,
    0x00, 0x00, 0x80, 0x03, 0x00, 0xea, 0x0f, 0x00, 0x21, 0x74, 0x08, 0x08,
    0x00, 0x00, 0x00, 0x3f, 0x00, 0x00, 0x00, 0x00, 0x00, 0xe2, 0x4f, 0x00,
    0x21, 0x74, 0x0a, 0x0a, 0x00, 0x00, 0x00, 0x3f, 0x00, 0x00, 0x00, 0x00,
    0x00, 0xe2, 0x1f, 0x00, 0x0c, 0x72, 0x00, 0x18, 0xff, 0x00, 0x00, 0x00,
    0x70, 0x50, 0xf0, 0x03, 0x00, 0xe2, 0x0f, 0x00, 0x45, 0x79, 0x05, 0x00,
    0x20, 0x02, 0x00, 0x00, 0x00, 0x02, 0x80, 0x03, 0x00, 0xe4, 0x0f, 0x00,
    0x05, 0x73, 0x1a, 0x00, 0x0a, 0x00, 0x00, 0x00, 0x00, 0x71, 0x20, 0x00,
    0x00, 0xa2, 0x00, 0x00, 0x05, 0x73, 0x08, 0x00, 0x08, 0x00, 0x00, 0x00,
    0x00, 0x71, 0x20, 0x00, 0x00, 0x32, 0x0f, 0x00, 0x47, 0x09, 0x68, 0x00,
    0x00, 0x00, 0x00, 0x00, 0x00, 0x00, 0x80, 0x03, 0x00, 0xea, 0x0f, 0x00,
    0x13, 0x72, 0x10, 0x00, 0x07, 0x00, 0x00, 0x00, 0x00, 0x00, 0x00, 0x00,
    0x00, 0xe4, 0x2f, 0x08, 0x13, 0x72, 0x11, 0x00, 0x07, 0x00, 0x00, 0x00,
    0x00, 0x00, 0x00, 0x00, 0x00, 0xe4, 0x0f, 0x00, 0x06, 0x73, 0x05, 0x00,
    0x10, 0x00, 0x00, 0x00, 0x00, 0x94, 0x20, 0x00, 0x00, 0x62, 0x0e, 0x00,
    0x13, 0x72, 0x18, 0x00, 0x1a, 0x00, 0x00, 0x00, 0x00, 0x00, 0x00, 0x00,
    0x00, 0xe2, 0x4f, 0x00, 0x0c, 0x72, 0x00, 0x1a, 0xff, 0x00, 0x00, 0x00,
    0x70, 0x62, 0xf2, 0x03, 0x00, 0xe2, 0x0f, 0x00, 0x08, 0x73, 0x05, 0x00,
    0x05, 0x00, 0x00, 0x00, 0x00, 0x10, 0x00, 0x00, 0x00, 0x24, 0x2e, 0x00,
    0x35, 0x78, 0x0a, 0x05, 0xfe, 0xff, 0xff, 0x0f, 0x00, 0x00, 0x8e, 0x07,
    0x00, 0xe2, 0x1f, 0x00, 0x35, 0x72, 0x05, 0xff, 0x11, 0x00, 0x00, 0x80,
    0x00, 0x00, 0x8e, 0x07, 0x00, 0xc6, 0x0f, 0x00, 0x05, 0x73, 0x0b, 0x00,
    0x0a, 0x00, 0x00, 0x00, 0x00, 0xf0, 0x21, 0x00, 0x00, 0xe4, 0x00, 0x00,
    0x31, 0x74, 0x0a, 0xff, 0x00, 0x00, 0x00, 0x00, 0xff, 0x01, 0x00, 0x00,
    0x00, 0xe2, 0x1f, 0x00, 0x35, 0x72, 0x09, 0xff, 0x0b, 0x00, 0x00, 0x80,
    0x00, 0x00, 0x8e, 0x07, 0x00, 0xca, 0x8f, 0x00, 0x24, 0x72, 0x09, 0x09,
    0x10, 0x00, 0x00, 0x00, 0xff, 0x02, 0x8e, 0x07, 0x00, 0xc8, 0x0f, 0x00,
    0x27, 0x72, 0x0b, 0x0b, 0x09, 0x00, 0x00, 0x00, 0x0a, 0x00, 0x8e, 0x07,
    0x00, 0xcc, 0x0f, 0x00, 0x27, 0x72, 0x0b, 0x0b, 0x18, 0x00, 0x00, 0x00,
    0xff, 0x00, 0x8e, 0x07, 0x00, 0xc8, 0x0f, 0x00, 0x24, 0x72, 0x0b, 0x0b,
    0x05, 0x00, 0x00, 0x00, 0x18, 0x02, 0x8e, 0x07, 0x00, 0xca, 0x0f, 0x00,
    0x0c, 0x72, 0x00, 0x10, 0x0b, 0x00, 0x00, 0x00, 0x70, 0x40, 0xf0, 0x03,
    0x00, 0xda, 0x0f, 0x00, 0x35, 0x82, 0x0b, 0x0b, 0x10, 0x00, 0x00, 0x80,
    0x00, 0x00, 0x8e, 0x07, 0x00, 0xca, 0x0f, 0x00, 0x0c, 0x72, 0x00, 0x10,
    0x0b, 0x00, 0x00, 0x00, 0x70, 0x40, 0xf0, 0x03, 0x00, 0xda, 0x0f, 0x00,
    0x35, 0x82, 0x0b, 0x0b, 0x10, 0x00, 0x00, 0x80, 0x00, 0x00, 0x8e, 0x07,
    0x00, 0xe2, 0x0f, 0x00, 0x0c, 0x72, 0x00, 0x07, 0xff, 0x00, 0x00, 0x00,
    0x70, 0x52, 0xf0, 0x03, 0x00, 0xc8, 0x0f, 0x00, 0x35, 0x92, 0x0b, 0x0b,
    0xff, 0x00, 0x00, 0x00, 0x00, 0x01, 0x8e, 0x07, 0x00, 0xd2, 0x0f, 0x00,
    0x12, 0x82, 0x0b, 0xff, 0x07, 0x00, 0x00, 0x00, 0xff, 0x33, 0x8e, 0x07,
    0x00, 0xc8, 0x0f, 0x00, 0x19, 0x78, 0x0a, 0xff, 0x1f, 0x00, 0x00, 0x00,
    0x0b, 0x14, 0x01, 0x00, 0x00, 0xc8, 0x0f, 0x00, 0x12, 0x72, 0x0a, 0x0a,
    0x07, 0x00, 0x00, 0x00, 0xff, 0xc0, 0x8e, 0x07, 0x00, 0xca, 0x0f, 0x00,
    0x35, 0x72, 0x05, 0x0b, 0x0a, 0x00, 0x00, 0x00, 0x00, 0x00, 0x8e, 0x07,
    0x00, 0xe2, 0x0f, 0x00, 0x47, 0x79, 0x0c, 0x00, 0x00, 0x00, 0x00, 0x00,
    0x00, 0x00, 0x80, 0x03, 0x00, 0xec, 0x0f, 0x00, 0x0c, 0x72, 0x00, 0x1a,
    0xff, 0x00, 0x00, 0x00, 0x70, 0x62, 0xf0, 0x03, 0x00, 0xe2, 0x4f, 0x00,
    0x48, 0x72, 0x05, 0x05, 0x1a, 0x00, 0x00, 0x00, 0x00, 0x00, 0xfe, 0x03,
    0x00, 0xca, 0x0f, 0x00, 0x07, 0x72, 0x05, 0x05, 0xff, 0x00, 0x00, 0x00,
    0x00, 0x00, 0x00, 0x00, 0x00, 0xce, 0x0f, 0x00, 0x18, 0x79, 0x00, 0x00,
    0x00, 0x00, 0x00, 0x00, 0x00, 0x00, 0x00, 0x00, 0x00, 0xe2, 0x0f, 0x00,
    0x41, 0x79, 0x05, 0x00, 0x00, 0x00, 0x00, 0x00, 0x00, 0x02, 0x80, 0x03,
    0x00, 0xea, 0x0f, 0x00, 0x0c, 0x72, 0x00, 0x16, 0xff, 0x00, 0x00, 0x00,
    0x70, 0x50, 0xf0, 0x03, 0x00, 0xe2, 0x0f, 0x00, 0x19, 0x78, 0x0a, 0x14,
    0x02, 0x00, 0x00, 0x00, 0x15, 0x12, 0x00, 0x00, 0x00, 0xe2, 0x1f, 0x10,
    0x45, 0x79, 0x05, 0x00, 0x50, 0x02, 0x00, 0x00, 0x00, 0x02, 0x80, 0x03,
    0x00, 0xe2, 0x0f, 0x00, 0x19, 0x78, 0x0b, 0xff, 0x02, 0x00, 0x00, 0x00,
    0x15, 0x16, 0x01, 0x00, 0x00, 0xe4, 0x0f, 0x00, 0x19, 0x78, 0x07, 0xff,
    0x1f, 0x00, 0x00, 0x00, 0x05, 0x14, 0x01, 0x00, 0x00, 0xe2, 0x0f, 0x00,
    0x25, 0x72, 0x0a, 0x06, 0x05, 0x00, 0x00, 0x00, 0x0a, 0x00, 0x8e, 0x07,
    0x00, 0xc8, 0x0f, 0x00, 0x24, 0x72, 0x05, 0x06, 0x07, 0x00, 0x00, 0x00,
    0x0b, 0x02, 0x8e, 0x07, 0x00, 0xc6, 0x0f, 0x00, 0x47, 0x09, 0x68, 0x00,
    0x00, 0x00, 0x00, 0x00, 0x00, 0x00, 0x80, 0x03, 0x00, 0xea, 0x0f, 0x00,
    0x13, 0x72, 0x10, 0x00, 0x12, 0x00, 0x00, 0x00, 0x00, 0x00, 0x00, 0x00,
    0x00, 0xe4, 0x2f, 0x08, 0x13, 0x72, 0x13, 0x00, 0x12, 0x00, 0x00, 0x00,
    0x00, 0x00, 0x00, 0x00, 0x00, 0xe4, 0x0f, 0x00, 0x06, 0x73, 0x09, 0x00,
    0x10, 0x00, 0x00, 0x00, 0x00, 0x90, 0x20, 0x00, 0x00, 0x22, 0x8e, 0x00,
    0x13, 0x72, 0x14, 0x00, 0x08, 0x00, 0x00, 0x00, 0x00, 0x00, 0x00, 0x00,
    0x00, 0xe2, 0x0f, 0x01, 0x0c, 0x72, 0x00, 0x08, 0xff, 0x00, 0x00, 0x00,
    0x70, 0x62, 0xf2, 0x03, 0x00, 0xe2, 0x0f, 0x00, 0x08, 0x73, 0x09, 0x00,
    0x09, 0x00, 0x00, 0x00, 0x00, 0x10, 0x00, 0x00, 0x00, 0x24, 0x1e, 0x00,
    0x35, 0x78, 0x06, 0x09, 0xfe, 0xff, 0xff, 0x0f, 0x00, 0x00, 0x8e, 0x07,
    0x00, 0xe2, 0x1f, 0x00, 0x35, 0x72, 0x09, 0xff, 0x13, 0x00, 0x00, 0x80,
    0x00, 0x00, 0x8e, 0x07, 0x00, 0xc6, 0x0f, 0x00, 0x05, 0x73, 0x07, 0x00,
    0x06, 0x00, 0x00, 0x00, 0x00, 0xf0, 0x21, 0x00, 0x00, 0x64, 0x00, 0x00,
    0x02, 0x72, 0x06, 0x00, 0xff, 0x00, 0x00, 0x00, 0x00, 0x0f, 0x00, 0x00,
    0x00, 0xe2, 0x1f, 0x00, 0x35, 0x72, 0x11, 0xff, 0x07, 0x00, 0x00, 0x80,
    0x00, 0x00, 0x8e, 0x07, 0x00, 0xca, 0x2f, 0x00, 0x24, 0x72, 0x11, 0x11,
    0x10, 0x00, 0x00, 0x00, 0xff, 0x02, 0x8e, 0x07, 0x00, 0xc8, 0x0f, 0x00,
    0x27, 0x72, 0x07, 0x07, 0x11, 0x00, 0x00, 0x00, 0x06, 0x00, 0x8e, 0x07,
    0x00, 0xcc, 0x0f, 0x00, 0x27, 0x72, 0x07, 0x07, 0x14, 0x00, 0x00, 0x00,
    0xff, 0x00, 0x8e, 0x07, 0x00, 0xc8, 0x0f, 0x00, 0x24, 0x72, 0x07, 0x07,
    0x09, 0x00, 0x00, 0x00, 0x14, 0x02, 0x8e, 0x07, 0x00, 0xca, 0x0f, 0x00,
    0x0c, 0x72, 0x00, 0x10, 0x07, 0x00, 0x00, 0x00, 0x70, 0x40, 0xf0, 0x03,
    0x00, 0xda, 0x0f, 0x00, 0x35, 0x82, 0x07, 0x07, 0x10, 0x00, 0x00, 0x80,
    0x00, 0x00, 0x8e, 0x07, 0x00, 0xca, 0x0f, 0x00, 0x0c, 0x72, 0x00, 0x10,
    0x07, 0x00, 0x00, 0x00, 0x70, 0x40, 0xf0, 0x03, 0x00, 0xda, 0x0f, 0x00,
    0x35, 0x82, 0x07, 0x07, 0x10, 0x00, 0x00, 0x80, 0x00, 0x00, 0x8e, 0x07,
    0x00, 0xe2, 0x0f, 0x00, 0x0c, 0x72, 0x00, 0x12, 0xff, 0x00, 0x00, 0x00,
    0x70, 0x52, 0xf0, 0x03, 0x00, 0xc8, 0x0f, 0x00, 0x35, 0x92, 0x07, 0x07,
    0xff, 0x00, 0x00, 0x00, 0x00, 0x01, 0x8e, 0x07, 0x00, 0xd2, 0x0f, 0x00,
    0x12, 0x82, 0x07, 0xff, 0x12, 0x00, 0x00, 0x00, 0xff, 0x33, 0x8e, 0x07,
    0x00, 0xc8, 0x0f, 0x00, 0x19, 0x78, 0x09, 0xff, 0x1f, 0x00, 0x00, 0x00,
    0x07, 0x14, 0x01, 0x00, 0x00, 0xc8, 0x0f, 0x00, 0x12, 0x72, 0x12, 0x09,
    0x12, 0x00, 0x00, 0x00, 0xff, 0xc0, 0x8e, 0x07, 0x00, 0xca, 0x0f, 0x00,
    0x35, 0x72, 0x06, 0x07, 0x12, 0x00, 0x00, 0x00, 0x00, 0x00, 0x8e, 0x07,
    0x00, 0xe2, 0x0f, 0x00, 0x47, 0x79, 0x10, 0x00, 0x00, 0x00, 0x00, 0x00,
    0x00, 0x00, 0x80, 0x03, 0x00, 0xec, 0x0f, 0x00, 0x0c, 0x72, 0x00, 0x08,
    0xff, 0x00, 0x00, 0x00, 0x70, 0x62, 0xf0, 0x03, 0x00, 0xe2, 0x0f, 0x01,
    0x31, 0x74, 0x06, 0xff, 0x00, 0x00, 0x00, 0x00, 0xff, 0x01, 0x00, 0x00,
    0x00, 0xd8, 0x0f, 0x00, 0x35, 0x08, 0x13, 0x12, 0xff, 0xff, 0xff, 0xff,
    0x00, 0x00, 0x8e, 0x07, 0x00, 0xca, 0x0f, 0x00, 0x48, 0x02, 0x06, 0x08,
    0x13, 0x00, 0x00, 0x00, 0x00, 0x00, 0xfe, 0x03, 0x00, 0xce, 0x0f, 0x00,
    0x18, 0x79, 0x00, 0x00, 0x00, 0x00, 0x00, 0x00, 0x00, 0x00, 0x00, 0x00,
    0x00, 0xe2, 0x0f, 0x00, 0x41, 0x79, 0x05, 0x00, 0x00, 0x00, 0x00, 0x00,
    0x00, 0x02, 0x80, 0x03, 0x00, 0xea, 0x0f, 0x00, 0x19, 0x78, 0x07, 0xff,
    0x1f, 0x00, 0x00, 0x00, 0x06, 0x14, 0x01, 0x00, 0x00, 0xe2, 0x0f, 0x00,
    0x02, 0x72, 0x0b, 0x00, 0x05, 0x00, 0x00, 0x00, 0x00, 0x0f, 0x00, 0x00,
    0x00, 0xca, 0x0f, 0x00, 0x35, 0x72, 0x06, 0x06, 0x0a, 0x00, 0x00, 0x00,
    0x00, 0x02, 0x8e, 0x07, 0x00, 0xca, 0x0f, 0x00, 0x11, 0x7c, 0x14, 0x06,
    0x10, 0x00, 0x00, 0x00, 0xff, 0x10, 0x80, 0x0f, 0x00, 0xc8, 0x0f, 0x00,
    0x11, 0x7c, 0x15, 0x06, 0x11, 0x00, 0x00, 0x00, 0x07, 0x14, 0x0f, 0x08,
    0x00, 0xca, 0x0f, 0x00, 0x81, 0x79, 0x0b, 0x14, 0x0a, 0x00, 0x00, 0x00,
    0x00, 0x19, 0x1e, 0x0c, 0x00, 0xa2, 0x0e, 0x00, 0x31, 0x74, 0x09, 0xff,
    0x00, 0x00, 0x00, 0x00, 0xff, 0x01, 0x00, 0x00, 0x00, 0xe2, 0x8f, 0x00,
    0x02, 0x72, 0x0a, 0x00, 0xff, 0x00, 0x00, 0x00, 0x00, 0x0f, 0x00, 0x00,
    0x00, 0xe2, 0x0f, 0x00, 0x02, 0x72, 0x11, 0x00, 0x0b, 0x00, 0x00, 0x00,
    0x00, 0x0f, 0x00, 0x00, 0x00, 0xe2, 0x4f, 0x08, 0x02, 0x72, 0x1a, 0x00,
    0x0b, 0x00, 0x00, 0x00, 0x00, 0x0f, 0x00, 0x00, 0x00, 0xe2, 0x0f, 0x08,
    0x02, 0x72, 0x12, 0x00, 0x0b, 0x00, 0x00, 0x00, 0x00, 0x0f, 0x00, 0x00,
    0x00, 0xe2, 0x0f, 0x00, 0x47, 0x79, 0x10, 0x00, 0x14, 0x00, 0x00, 0x00,
    0x00, 0x00, 0x80, 0x03, 0x00, 0xec, 0x0f, 0x00, 0x0c, 0x72, 0x00, 0x18,
    0xff, 0x00, 0x00, 0x00, 0x70, 0x50, 0xf0, 0x03, 0x00, 0xe2, 0x0f, 0x00,
    0x45, 0x79, 0x05, 0x00, 0x40, 0x02, 0x00, 0x00, 0x00, 0x02, 0x80, 0x03,
    0x00, 0xe2, 0x0f, 0x00, 0x19, 0x78, 0x14, 0x14, 0x02, 0x00, 0x00, 0x00,
    0x15, 0x12, 0x00, 0x00, 0x00, 0xe4, 0x0f, 0x10, 0x19, 0x78, 0x15, 0xff,
    0x02, 0x00, 0x00, 0x00, 0x15, 0x16, 0x01, 0x00, 0x00, 0xd2, 0x0f, 0x00,
    0x47, 0x09, 0x70, 0x00, 0x00, 0x00, 0x00, 0x00, 0x00, 0x00, 0x80, 0x03,
    0x00, 0xea, 0x0f, 0x00, 0x13, 0x72, 0x1a, 0x00, 0x07, 0x00, 0x00, 0x00,
    0x00, 0x00, 0x00, 0x00, 0x00, 0xe4, 0x0f, 0x08, 0x13, 0x72, 0x18, 0x00,
    0x07, 0x00, 0x00, 0x00, 0x00, 0x00, 0x00, 0x00, 0x00, 0xe4, 0x0f, 0x00,
    0x06, 0x73, 0x0b, 0x00, 0x1a, 0x00, 0x00, 0x00, 0x00, 0x94, 0x20, 0x00,
    0x00, 0x22, 0x0f, 0x00, 0x13, 0x72, 0x17, 0x00, 0x10, 0x00, 0x00, 0x00,
    0x00, 0x00, 0x00, 0x00, 0x00, 0xe4, 0x2f, 0x00, 0x35, 0x72, 0x1b, 0xff,
    0x18, 0x00, 0x00, 0x80, 0x00, 0x00, 0x8e, 0x07, 0x00, 0xe2, 0x0f, 0x00,
    0x31, 0x74, 0x18, 0xff, 0x00, 0x00, 0x00, 0x00, 0xff, 0x01, 0x00, 0x00,
    0x00, 0xe2, 0x0f, 0x00, 0x0c, 0x72, 0x00, 0x10, 0xff, 0x00, 0x00, 0x00,
    0x70, 0x62, 0xf4, 0x03, 0x00, 0xe2, 0x0f, 0x00, 0x08, 0x73, 0x0b, 0x00,
    0x0b, 0x00, 0x00, 0x00, 0x00, 0x10, 0x00, 0x00, 0x00, 0x64, 0x0e, 0x01,
    0x35, 0x78, 0x19, 0x0b, 0xfe, 0xff, 0xff, 0x0f, 0x00, 0x00, 0x8e, 0x07,
    0x00, 0xcc, 0x2f, 0x00, 0x05, 0x73, 0x19, 0x00, 0x19, 0x00, 0x00, 0x00,
    0x00, 0xf0, 0x21, 0x00, 0x00, 0x64, 0x0e, 0x00, 0x35, 0x72, 0x11, 0xff,
    0x19, 0x00, 0x00, 0x80, 0x00, 0x00, 0x8e, 0x07, 0x00, 0xca, 0x2f, 0x00,
    0x24, 0x72, 0x11, 0x11, 0x1a, 0x00, 0x00, 0x00, 0xff, 0x02, 0x8e, 0x07,
    0x00, 0xc8, 0x0f, 0x00, 0x27, 0x72, 0x11, 0x19, 0x11, 0x00, 0x00, 0x00,
    0x18, 0x00, 0x8e, 0x07, 0x00, 0xe2, 0x0f, 0x00, 0x02, 0x72, 0x18, 0x00,
    0x17, 0x00, 0x00, 0x00, 0x00, 0x0f, 0x00, 0x00, 0x00, 0xe2, 0x0f, 0x00,
    0x02, 0x72, 0x17, 0x00, 0x1b, 0x00, 0x00, 0x00, 0x00, 0x0f, 0x00, 0x00,
    0x00, 0xc8, 0x0f, 0x00, 0x27, 0x72, 0x0b, 0x11, 0x18, 0x00, 0x00, 0x00,
    0xff, 0x00, 0x8e, 0x07, 0x00, 0xc8, 0x0f, 0x00, 0x24, 0x72, 0x0b, 0x0b,
    0x17, 0x00, 0x00, 0x00, 0x18, 0x02, 0x8e, 0x07, 0x00, 0xca, 0x0f, 0x00,
    0x0c, 0x72, 0x00, 0x1a, 0x0b, 0x00, 0x00, 0x00, 0x70, 0x40, 0xf2, 0x03,
    0x00, 0xda, 0x0f, 0x00, 0x35, 0x92, 0x0b, 0x0b, 0x1a, 0x00, 0x00, 0x80,
    0x00, 0x00, 0x8e, 0x07, 0x00, 0xca, 0x0f, 0x00, 0x0c, 0x72, 0x00, 0x1a,
    0x0b, 0x00, 0x00, 0x00, 0x70, 0x40, 0xf2, 0x03, 0x00, 0xda, 0x0f, 0x00,
    0x35, 0x92, 0x0b, 0x0b, 0x1a, 0x00, 0x00, 0x80, 0x00, 0x00, 0x8e, 0x07,
    0x00, 0xe2, 0x0f, 0x00, 0x0c, 0x72, 0x00, 0x07, 0xff, 0x00, 0x00, 0x00,
    0x70, 0x52, 0xf2, 0x03, 0x00, 0xc8, 0x0f, 0x00, 0x35, 0xa2, 0x0b, 0x0b,
    0xff, 0x00, 0x00, 0x00, 0x00, 0x01, 0x8e, 0x07, 0x00, 0xd2, 0x0f, 0x00,
    0x12, 0x92, 0x0b, 0xff, 0x07, 0x00, 0x00, 0x00, 0xff, 0x33, 0x8e, 0x07,
    0x00, 0xc8, 0x0f, 0x00, 0x19, 0x78, 0x18, 0xff, 0x1f, 0x00, 0x00, 0x00,
    0x0b, 0x14, 0x01, 0x00, 0x00, 0xc8, 0x0f, 0x00, 0x12, 0x72, 0x18, 0x18,
    0x07, 0x00, 0x00, 0x00, 0xff, 0xc0, 0x8e, 0x07, 0x00, 0xca, 0x0f, 0x00,
    0x35, 0x72, 0x1b, 0x0b, 0x18, 0x00, 0x00, 0x00, 0x00, 0x00, 0x8e, 0x07,
    0x00, 0xe2, 0x0f, 0x00, 0x47, 0x79, 0x0c, 0x00, 0x00, 0x00, 0x00, 0x00,
    0x00, 0x00, 0x80, 0x03, 0x00, 0xec, 0x0f, 0x00, 0x0c, 0x72, 0x00, 0x10,
    0xff, 0x00, 0x00, 0x00, 0x70, 0x62, 0xf2, 0x03, 0x00, 0xe2, 0x2f, 0x00,
    0x48, 0x72, 0x1b, 0x05, 0x10, 0x00, 0x00, 0x00, 0x00, 0x00, 0xfe, 0x03,
    0x00, 0xca, 0x0f, 0x00, 0x07, 0x72, 0x1b, 0x1b, 0xff, 0x00, 0x00, 0x00,
    0x00, 0x00, 0x80, 0x00, 0x00, 0xce, 0x0f, 0x00, 0x18, 0x79, 0x00, 0x00,
    0x00, 0x00, 0x00, 0x00, 0x00, 0x00, 0x00, 0x00, 0x00, 0xe2, 0x0f, 0x00,
    0x41, 0x79, 0x05, 0x00, 0x00, 0x00, 0x00, 0x00, 0x00, 0x02, 0x80, 0x03,
    0x00, 0xea, 0x0f, 0x00, 0x0c, 0x72, 0x00, 0x16, 0xff, 0x00, 0x00, 0x00,
    0x70, 0x50, 0xf2, 0x03, 0x00, 0xe2, 0x0f, 0x00, 0x45, 0x79, 0x05, 0x00,
    0x30, 0x02, 0x00, 0x00, 0x00, 0x02, 0x80, 0x03, 0x00, 0xd8, 0x0f, 0x00,
    0x47, 0x19, 0x70, 0x00, 0x00, 0x00, 0x00, 0x00, 0x00, 0x00, 0x80, 0x03,
    0x00, 0xea, 0x0f, 0x00, 0x13, 0x72, 0x18, 0x00, 0x12, 0x00, 0x00, 0x00,
    0x00, 0x00, 0x00, 0x00, 0x00, 0xe4, 0x0f, 0x08, 0x13, 0x72, 0x16, 0x00,
    0x12, 0x00, 0x00, 0x00, 0x00, 0x00, 0x00, 0x00, 0x00, 0xe4, 0x0f, 0x00,
    0x06, 0x73, 0x0b, 0x00, 0x18, 0x00, 0x00, 0x00, 0x00, 0x90, 0x20, 0x00,
    0x00, 0x62, 0x0e, 0x00, 0x13, 0x72, 0x19, 0x00, 0x09, 0x00, 0x00, 0x00,
    0x00, 0x00, 0x00, 0x00, 0x00, 0xe4, 0x8f, 0x00, 0x35, 0x72, 0x1a, 0xff,
    0x16, 0x00, 0x00, 0x80, 0x00, 0x00, 0x8e, 0x07, 0x00, 0xe2, 0x0f, 0x00,
    0x31, 0x74, 0x16, 0xff, 0x00, 0x00, 0x00, 0x00, 0xff, 0x01, 0x00, 0x00,
    0x00, 0xe2, 0x0f, 0x00, 0x08, 0x73, 0x0b, 0x00, 0x0b, 0x00, 0x00, 0x00,
    0x00, 0x10, 0x00, 0x00, 0x00, 0x64, 0x2e, 0x00, 0x35, 0x78, 0x17, 0x0b,
    0xfe, 0xff, 0xff, 0x0f, 0x00, 0x00, 0x8e, 0x07, 0x00, 0xcc, 0x2f, 0x00,
    0x05, 0x73, 0x17, 0x00, 0x17, 0x00, 0x00, 0x00, 0x00, 0xf0, 0x21, 0x00,
    0x00, 0x64, 0x0e, 0x00, 0x35, 0x72, 0x11, 0xff, 0x17, 0x00, 0x00, 0x80,
    0x00, 0x00, 0x8e, 0x07, 0x00, 0xca, 0x2f, 0x00, 0x24, 0x72, 0x11, 0x11,
    0x18, 0x00, 0x00, 0x00, 0xff, 0x02, 0x8e, 0x07, 0x00, 0xc8, 0x0f, 0x00,
    0x27, 0x72, 0x11, 0x17, 0x11, 0x00, 0x00, 0x00, 0x16, 0x00, 0x8e, 0x07,
    0x00, 0xe2, 0x0f, 0x00, 0x02, 0x72, 0x16, 0x00, 0x19, 0x00, 0x00, 0x00,
    0x00, 0x0f, 0x00, 0x00, 0x00, 0xe2, 0x0f, 0x00, 0x02, 0x72, 0x19, 0x00,
    0x1a, 0x00, 0x00, 0x00, 0x00, 0x0f, 0x00, 0x00, 0x00, 0xc8, 0x0f, 0x00,
    0x27, 0x72, 0x0b, 0x11, 0x16, 0x00, 0x00, 0x00, 0xff, 0x00, 0x8e, 0x07,
    0x00, 0xc8, 0x0f, 0x00, 0x24, 0x72, 0x0b, 0x0b, 0x19, 0x00, 0x00, 0x00,
    0x16, 0x02, 0x8e, 0x07, 0x00, 0xca, 0x0f, 0x00, 0x0c, 0x72, 0x00, 0x18,
    0x0b, 0x00, 0x00, 0x00, 0x70, 0x40, 0xf4, 0x03, 0x00, 0xda, 0x0f, 0x00,
    0x35, 0xa2, 0x0b, 0x0b, 0x18, 0x00, 0x00, 0x80, 0x00, 0x00, 0x8e, 0x07,
    0x00, 0xe2, 0x0f, 0x00, 0x0c, 0x72, 0x00, 0x09, 0xff, 0x00, 0x00, 0x00,
    0x70, 0x62, 0xf4, 0x03, 0x00, 0xc8, 0x0f, 0x00, 0x0c, 0x72, 0x00, 0x18,
    0x0b, 0x00, 0x00, 0x00, 0x70, 0x40, 0xf6, 0x03, 0x00, 0xda, 0x0f, 0x00,
    0x35, 0xb2, 0x0b, 0x0b, 0x18, 0x00, 0x00, 0x80, 0x00, 0x00, 0x8e, 0x07,
    0x00, 0xe2, 0x0f, 0x00, 0x0c, 0x72, 0x00, 0x12, 0xff, 0x00, 0x00, 0x00,
    0x70, 0x52, 0xf6, 0x03, 0x00, 0xc8, 0x0f, 0x00, 0x35, 0xa2, 0x0b, 0x0b,
    0xff, 0x00, 0x00, 0x00, 0x00, 0x01, 0x8e, 0x07, 0x00, 0xd2, 0x0f, 0x00,
    0x12, 0xb2, 0x0b, 0xff, 0x12, 0x00, 0x00, 0x00, 0xff, 0x33, 0x8e, 0x07,
    0x00, 0xc8, 0x0f, 0x00, 0x19, 0x78, 0x11, 0xff, 0x1f, 0x00, 0x00, 0x00,
    0x0b, 0x14, 0x01, 0x00, 0x00, 0xc8, 0x0f, 0x00, 0x12, 0x72, 0x16, 0x11,
    0x12, 0x00, 0x00, 0x00, 0xff, 0xc0, 0x8e, 0x07, 0x00, 0xca, 0x0f, 0x00,
    0x35, 0x72, 0x18, 0x0b, 0x16, 0x00, 0x00, 0x00, 0x00, 0x00, 0x8e, 0x07,
    0x00, 0xe2, 0x0f, 0x00, 0x47, 0x79, 0x10, 0x00, 0x00, 0x00, 0x00, 0x00,
    0x00, 0x00, 0x80, 0x03, 0x00, 0xec, 0x0f, 0x00, 0x0c, 0x72, 0x00, 0x09,
    0xff, 0x00, 0x00, 0x00, 0x70, 0x62, 0xf4, 0x03, 0x00, 0xe2, 0x8f, 0x00,
    0x31, 0x74, 0x18, 0xff, 0x00, 0x00, 0x00, 0x00, 0xff, 0x01, 0x00, 0x00,
    0x00, 0xd8, 0x0f, 0x00, 0x35, 0x28, 0x16, 0x12, 0xff, 0xff, 0xff, 0xff,
    0x00, 0x00, 0x8e, 0x07, 0x00, 0xca, 0x0f, 0x00, 0x48, 0x22, 0x18, 0x09,
    0x16, 0x00, 0x00, 0x00, 0x00, 0x00, 0xfe, 0x03, 0x00, 0xce, 0x0f, 0x00,
    0x18, 0x79, 0x00, 0x00, 0x00, 0x00, 0x00, 0x00, 0x00, 0x00, 0x00, 0x00,
    0x00, 0xe2, 0x0f, 0x00, 0x41, 0x79, 0x05, 0x00, 0x00, 0x00, 0x00, 0x00,
    0x00, 0x02, 0x80, 0x03, 0x00, 0xea, 0x0f, 0x00, 0x82, 0x7b, 0x16, 0xff,
    0x00, 0xe6, 0x00, 0x00, 0x00, 0x0a, 0x00, 0x00, 0x00, 0x62, 0x0e, 0x00,
    0x19, 0x78, 0x0b, 0xff, 0x1f, 0x00, 0x00, 0x00, 0x1b, 0x14, 0x01, 0x00,
    0x00, 0xe2, 0x0f, 0x00, 0x25, 0x72, 0x1a, 0x06, 0x1b, 0x00, 0x00, 0x00,
    0x14, 0x00, 0x8e, 0x07, 0x00, 0xe2, 0x0f, 0x00, 0x19, 0x78, 0x19, 0xff,
    0x1f, 0x00, 0x00, 0x00, 0x18, 0x14, 0x01, 0x00, 0x00, 0xc6, 0x0f, 0x00,
    0x24, 0x72, 0x1b, 0x06, 0x0b, 0x00, 0x00, 0x00, 0x1b, 0x02, 0x8e, 0x07,
    0x00, 0xca, 0x0f, 0x00, 0x35, 0x72, 0x18, 0x18, 0x1a, 0x00, 0x00, 0x00,
    0x00, 0x02, 0x8e, 0x07, 0x00, 0xca, 0x0f, 0x00, 0x11, 0x72, 0x1a, 0x18,
    0x16, 0x00, 0x00, 0x00, 0xff, 0x10, 0x84, 0x07, 0x00, 0xc8, 0x2f, 0x00,
    0x11, 0x72, 0x1b, 0x18, 0x17, 0x00, 0x00, 0x00, 0x19, 0x14, 0x0f, 0x01,
    0x00, 0xca, 0x0f, 0x00, 0x81, 0x79, 0x0b, 0x1a, 0x0a, 0x00, 0x00, 0x00,
    0x00, 0x19, 0x1e, 0x0c, 0x00, 0x62, 0x03, 0x00, 0x45, 0x79, 0x05, 0x00,
    0x30, 0x02, 0x00, 0x00, 0x00, 0x02, 0x80, 0x03, 0x00, 0xe2, 0x0f, 0x00,
    0x35, 0x78, 0x1c, 0x09, 0x01, 0x00, 0x00, 0x00, 0x00, 0x00, 0x8e, 0x07,
    0x00, 0xc6, 0x0f, 0x00, 0x47, 0x09, 0x70, 0x00, 0x00, 0x00, 0x00, 0x00,
    0x00, 0x00, 0x80, 0x03, 0x00, 0xea, 0x0f, 0x00, 0x13, 0x72, 0x11, 0x00,
    0x07, 0x00, 0x00, 0x00, 0x00, 0x00, 0x00, 0x00, 0x00, 0xe4, 0x0f, 0x08,
    0x13, 0x72, 0x1d, 0x00, 0x07, 0x00, 0x00, 0x00, 0x00, 0x00, 0x00, 0x00,
    0x00, 0xe4, 0x0f, 0x00, 0x06, 0x73, 0x1a, 0x00, 0x11, 0x00, 0x00, 0x00,
    0x00, 0x94, 0x20, 0x00, 0x00, 0x66, 0x2e, 0x00, 0x35, 0x72, 0x1d, 0xff,
    0x1d, 0x00, 0x00, 0x80, 0x00, 0x00, 0x8e, 0x07, 0x00, 0xe2, 0x0f, 0x00,
    0x08, 0x73, 0x1a, 0x00, 0x1a, 0x00, 0x00, 0x00, 0x00, 0x10, 0x00, 0x00,
    0x00, 0x64, 0x2e, 0x00, 0x35, 0x78, 0x18, 0x1a, 0xfe, 0xff, 0xff, 0x0f,
    0x00, 0x00, 0x8e, 0x07, 0x00, 0xe2, 0x2f, 0x00, 0x13, 0x72, 0x1a, 0x00,
    0x10, 0x00, 0x00, 0x00, 0x00, 0x00, 0x00, 0x00, 0x00, 0xc6, 0x0f, 0x00,
    0x05, 0x73, 0x19, 0x00, 0x18, 0x00, 0x00, 0x00, 0x00, 0xf0, 0x21, 0x00,
    0x00, 0xe4, 0x02, 0x00, 0x02, 0x72, 0x18, 0x00, 0xff, 0x00, 0x00, 0x00,
    0x00, 0x0f, 0x00, 0x00, 0x00, 0xe2, 0x2f, 0x00, 0x35, 0x72, 0x1e, 0xff,
    0x19, 0x00, 0x00, 0x80, 0x00, 0x00, 0x8e, 0x07, 0x00, 0xca, 0x8f, 0x00,
    0x24, 0x72, 0x1b, 0x1e, 0x11, 0x00, 0x00, 0x00, 0xff, 0x02, 0x8e, 0x07,
    0x00, 0xc8, 0x0f, 0x00, 0x27, 0x72, 0x1b, 0x19, 0x1b, 0x00, 0x00, 0x00,
    0x18, 0x00, 0x8e, 0x07, 0x00, 0xe2, 0x0f, 0x00, 0x02, 0x72, 0x19, 0x00,
    0x1d, 0x00, 0x00, 0x00, 0x00, 0x0f, 0x00, 0x00, 0x00, 0xca, 0x0f, 0x00,
    0x27, 0x72, 0x1b, 0x1b, 0x1a, 0x00, 0x00, 0x00, 0xff, 0x00, 0x8e, 0x07,
    0x00, 0xc8, 0x0f, 0x00, 0x24, 0x72, 0x1a, 0x1b, 0x19, 0x00, 0x00, 0x00,
    0x1a, 0x02, 0x8e, 0x07, 0x00, 0xca, 0x0f, 0x00, 0x0c, 0x72, 0x00, 0x11,
    0x1a, 0x00, 0x00, 0x00, 0x70, 0x40, 0xf4, 0x03, 0x00, 0xda, 0x0f, 0x00,
    0x35, 0xa2, 0x1a, 0x1a, 0x11, 0x00, 0x00, 0x80, 0x00, 0x00, 0x8e, 0x07,
    0x00, 0xe2, 0x0f, 0x00, 0x0c, 0x72, 0x00, 0x10, 0xff, 0x00, 0x00, 0x00,
    0x70, 0x62, 0xf4, 0x03, 0x00, 0xc8, 0x0f, 0x00, 0x0c, 0x72, 0x00, 0x11,
    0x1a, 0x00, 0x00, 0x00, 0x70, 0x40, 0xf6, 0x03, 0x00, 0xda, 0x0f, 0x00,
    0x35, 0xb2, 0x1a, 0x1a, 0x11, 0x00, 0x00, 0x80, 0x00, 0x00, 0x8e, 0x07,
    0x00, 0xe2, 0x0f, 0x00, 0x0c, 0x72, 0x00, 0x07, 0xff, 0x00, 0x00, 0x00,
    0x70, 0x52, 0xf6, 0x03, 0x00, 0xc8, 0x0f, 0x00, 0x02, 0x72, 0x11, 0x00,
    0x1a, 0x00, 0x00, 0x00, 0x00, 0x0f, 0x00, 0x00, 0x00, 0xca, 0x0f, 0x00,
    0x35, 0xa2, 0x11, 0x11, 0xff, 0x00, 0x00, 0x00, 0x00, 0x01, 0x8e, 0x07,
    0x00, 0xc8, 0x0f, 0x00, 0x12, 0xb2, 0x11, 0xff, 0x07, 0x00, 0x00, 0x00,
    0xff, 0x33, 0x8e, 0x07, 0x00, 0xc8, 0x0f, 0x00, 0x19, 0x78, 0x18, 0xff,
    0x1f, 0x00, 0x00, 0x00, 0x11, 0x14, 0x01, 0x00, 0x00, 0xc8, 0x0f, 0x00,
    0x12, 0x72, 0x18, 0x18, 0x07, 0x00, 0x00, 0x00, 0xff, 0xc0, 0x8e, 0x07,
    0x00, 0xca, 0x0f, 0x00, 0x35, 0x72, 0x11, 0x11, 0x18, 0x00, 0x00, 0x00,
    0x00, 0x00, 0x8e, 0x07, 0x00, 0xe2, 0x0f, 0x00, 0x47, 0x79, 0x0c, 0x00,
    0x00, 0x00, 0x00, 0x00, 0x00, 0x00, 0x80, 0x03, 0x00, 0xec, 0x0f, 0x00,
    0x0c, 0x72, 0x00, 0x10, 0xff, 0x00, 0x00, 0x00, 0x70, 0x62, 0xf4, 0x03,
    0x00, 0xe2, 0x0f, 0x00, 0x48, 0x72, 0x11, 0x05, 0x10, 0x00, 0x00, 0x00,
    0x00, 0x00, 0xfe, 0x03, 0x00, 0xca, 0x0f, 0x00, 0x07, 0x72, 0x11, 0x11,
    0xff, 0x00, 0x00, 0x00, 0x00, 0x00, 0x00, 0x01, 0x00, 0xce, 0x0f, 0x00,
    0x18, 0x79, 0x00, 0x00, 0x00, 0x00, 0x00, 0x00, 0x00, 0x00, 0x00, 0x00,
    0x00, 0xe2, 0x0f, 0x00, 0x41, 0x79, 0x05, 0x00, 0x00, 0x00, 0x00, 0x00,
    0x00, 0x02, 0x80, 0x03, 0x00, 0xea, 0x0f, 0x00, 0x45, 0x79, 0x05, 0x00,
    0x20, 0x02, 0x00, 0x00, 0x00, 0x02, 0x80, 0x03, 0x00, 0xe8, 0x0f, 0x00,
    0x47, 0x19, 0x6c, 0x00, 0x00, 0x00, 0x00, 0x00, 0x00, 0x00, 0x80, 0x03,
    0x00, 0xea, 0x0f, 0x00, 0x13, 0x72, 0x1a, 0x00, 0x12, 0x00, 0x00, 0x00,
    0x00, 0x00, 0x00, 0x00, 0x00, 0xe4, 0x2f, 0x08, 0x13, 0x72, 0x1e, 0x00,
    0x12, 0x00, 0x00, 0x00, 0x00, 0x00, 0x00, 0x00, 0x00, 0xe4, 0x0f, 0x00,
    0x06, 0x73, 0x1b, 0x00, 0x1a, 0x00, 0x00, 0x00, 0x00, 0x90, 0x20, 0x00,
    0x00, 0x62, 0x0e, 0x00, 0x13, 0x72, 0x1f, 0x00, 0x1c, 0x00, 0x00, 0x00,
    0x00, 0x00, 0x00, 0x00, 0x00, 0xe2, 0x0f, 0x00, 0x08, 0x73, 0x1b, 0x00,
    0x1b, 0x00, 0x00, 0x00, 0x00, 0x10, 0x00, 0x00, 0x00, 0x64, 0x2e, 0x00,
    0x35, 0x78, 0x18, 0x1b, 0xfe, 0xff, 0xff, 0x0f, 0x00, 0x00, 0x8e, 0x07,
    0x00, 0xe2, 0x2f, 0x00, 0x35, 0x72, 0x1b, 0xff, 0x1e, 0x00, 0x00, 0x80,
    0x00, 0x00, 0x8e, 0x07, 0x00, 0xc6, 0x0f, 0x00, 0x05, 0x73, 0x19, 0x00,
    0x18, 0x00, 0x00, 0x00, 0x00, 0xf0, 0x21, 0x00, 0x00, 0xe4, 0x02, 0x00,
    0x31, 0x74, 0x18, 0xff, 0x00, 0x00, 0x00, 0x00, 0xff, 0x01, 0x00, 0x00,
    0x00, 0xe2, 0x2f, 0x00, 0x35, 0x72, 0x1d, 0xff, 0x19, 0x00, 0x00, 0x80,
    0x00, 0x00, 0x8e, 0x07, 0x00, 0xca, 0x8f, 0x00, 0x24, 0x72, 0x1d, 0x1d,
    0x1a, 0x00, 0x00, 0x00, 0xff, 0x02, 0x8e, 0x07, 0x00, 0xc8, 0x0f, 0x00,
    0x27, 0x72, 0x1e, 0x19, 0x1d, 0x00, 0x00, 0x00, 0x18, 0x00, 0x8e, 0x07,
    0x00, 0xe2, 0x0f, 0x00, 0x02, 0x72, 0x19, 0x00, 0x1f, 0x00, 0x00, 0x00,
    0x00, 0x0f, 0x00, 0x00, 0x00, 0xca, 0x0f, 0x00, 0x27, 0x72, 0x18, 0x1e,
    0x19, 0x00, 0x00, 0x00, 0xff, 0x00, 0x8e, 0x07, 0x00, 0xc8, 0x0f, 0x00,
    0x24, 0x72, 0x19, 0x18, 0x1b, 0x00, 0x00, 0x00, 0x19, 0x02, 0x8e, 0x07,
    0x00, 0xca, 0x0f, 0x00, 0x0c, 0x72, 0x00, 0x1a, 0x19, 0x00, 0x00, 0x00,
    0x70, 0x40, 0xf4, 0x03, 0x00, 0xda, 0x0f, 0x00, 0x35, 0xa2, 0x19, 0x19,
    0x1a, 0x00, 0x00, 0x80, 0x00, 0x00, 0x8e, 0x07, 0x00, 0xe2, 0x0f, 0x00,
    0x0c, 0x72, 0x00, 0x1c, 0xff, 0x00, 0x00, 0x00, 0x70, 0x62, 0xf4, 0x03,
    0x00, 0xc8, 0x0f, 0x00, 0x0c, 0x72, 0x00, 0x1a, 0x19, 0x00, 0x00, 0x00,
    0x70, 0x40, 0xf6, 0x03, 0x00, 0xda, 0x0f, 0x00, 0x35, 0xb2, 0x19, 0x19,
    0x1a, 0x00, 0x00, 0x80, 0x00, 0x00, 0x8e, 0x07, 0x00, 0xe2, 0x0f, 0x00,
    0x0c, 0x72, 0x00, 0x12, 0xff, 0x00, 0x00, 0x00, 0x70, 0x52, 0xf6, 0x03,
    0x00, 0xc8, 0x0f, 0x00, 0x35, 0xa2, 0x19, 0x19, 0xff, 0x00, 0x00, 0x00,
    0x00, 0x01, 0x8e, 0x07, 0x00, 0xd2, 0x0f, 0x00, 0x12, 0xb2, 0x19, 0xff,
    0x12, 0x00, 0x00, 0x00, 0xff, 0x33, 0x8e, 0x07, 0x00, 0xc8, 0x0f, 0x00,
    0x19, 0x78, 0x1b, 0xff, 0x1f, 0x00, 0x00, 0x00, 0x19, 0x14, 0x01, 0x00,
    0x00, 0xc8, 0x0f, 0x00, 0x12, 0x72, 0x18, 0x1b, 0x12, 0x00, 0x00, 0x00,
    0xff, 0xc0, 0x8e, 0x07, 0x00, 0xca, 0x0f, 0x00, 0x35, 0x72, 0x1a, 0x19,
    0x18, 0x00, 0x00, 0x00, 0x00, 0x00, 0x8e, 0x07, 0x00, 0xe2, 0x0f, 0x00,
    0x47, 0x79, 0x10, 0x00, 0x00, 0x00, 0x00, 0x00, 0x00, 0x00, 0x80, 0x03,
    0x00, 0xec, 0x0f, 0x00, 0x0c, 0x78, 0x00, 0x09, 0xff, 0xff, 0xff, 0xff,
    0x70, 0x62, 0xf4, 0x03, 0x00, 0xe2, 0x0f, 0x00, 0x31, 0x74, 0x1a, 0xff,
    0x00, 0x00, 0x00, 0x00, 0xff, 0x01, 0x00, 0x00, 0x00, 0xd8, 0x2f, 0x00,
    0x35, 0x28, 0x19, 0x12, 0xff, 0xff, 0xff, 0xff, 0x00, 0x00, 0x8e, 0x07,
    0x00, 0xca, 0x0f, 0x00, 0x48, 0x22, 0x1a, 0x19, 0x1c, 0x00, 0x00, 0x00,
    0x00, 0x00, 0xfe, 0x03, 0x00, 0xce, 0x0f, 0x00, 0x18, 0x79, 0x00, 0x00,
    0x00, 0x00, 0x00, 0x00, 0x00, 0x00, 0x00, 0x00, 0x00, 0xe2, 0x0f, 0x00,
    0x41, 0x79, 0x05, 0x00, 0x00, 0x00, 0x00, 0x00, 0x00, 0x02, 0x80, 0x03,
    0x00, 0xea, 0x0f, 0x00, 0x19, 0x78, 0x1d, 0xff, 0x1f, 0x00, 0x00, 0x00,
    0x11, 0x14, 0x01, 0x00, 0x00, 0xe2, 0x0f, 0x00, 0x25, 0x72, 0x18, 0x06,
    0x11, 0x00, 0x00, 0x00, 0x14, 0x00, 0x8e, 0x07, 0x00, 0xe2, 0x0f, 0x00,
    0x19, 0x78, 0x1b, 0xff, 0x1f, 0x00, 0x00, 0x00, 0x1a, 0x14, 0x01, 0x00,
    0x00, 0xc6, 0x0f, 0x00, 0x24, 0x72, 0x19, 0x06, 0x1d, 0x00, 0x00, 0x00,
    0x19, 0x02, 0x8e, 0x07, 0x00, 0xca, 0x0f, 0x00, 0x35, 0x72, 0x1a, 0x1a,
    0x18, 0x00, 0x00, 0x00, 0x00, 0x02, 0x8e, 0x07, 0x00, 0xca, 0x0f, 0x00,
    0x11, 0x72, 0x18, 0x1a, 0x16, 0x00, 0x00, 0x00, 0xff, 0x10, 0x84, 0x07,
    0x00, 0xc8, 0x0f, 0x00, 0x11, 0x72, 0x19, 0x1a, 0x17, 0x00, 0x00, 0x00,
    0x1b, 0x14, 0x0f, 0x01, 0x00, 0xca, 0x0f, 0x00, 0x81, 0x79, 0x11, 0x18,
    0x0a, 0x00, 0x00, 0x00, 0x00, 0x19, 0x1e, 0x0c, 0x00, 0x62, 0x03, 0x00,
    0x45, 0x79, 0x05, 0x00, 0x20, 0x02, 0x00, 0x00, 0x00, 0x02, 0x80, 0x03,
    0x00, 0xe2, 0x0f, 0x00, 0x35, 0x78, 0x1e, 0x10, 0x01, 0x00, 0x00, 0x00,
    0x00, 0x00, 0x8e, 0x07, 0x00, 0xc6, 0x0f, 0x00, 0x47, 0x09, 0x6c, 0x00,
    0x00, 0x00, 0x00, 0x00, 0x00, 0x00, 0x80, 0x03, 0x00, 0xea, 0x0f, 0x00,
    0x13, 0x72, 0x1a, 0x00, 0x07, 0x00, 0x00, 0x00, 0x00, 0x00, 0x00, 0x00,
    0x00, 0xe4, 0x0f, 0x08, 0x13, 0x72, 0x20, 0x00, 0x07, 0x00, 0x00, 0x00,
    0x00, 0x00, 0x00, 0x00, 0x00, 0xe4, 0x0f, 0x00, 0x06, 0x73, 0x1b, 0x00,
    0x1a, 0x00, 0x00, 0x00, 0x00, 0x94, 0x20, 0x00, 0x00, 0xe2, 0x0e, 0x00,
    0x13, 0x72, 0x1f, 0x00, 0x1e, 0x00, 0x00, 0x00, 0x00, 0x00, 0x00, 0x00,
    0x00, 0xe2, 0x0f, 0x00, 0x08, 0x73, 0x1b, 0x00, 0x1b, 0x00, 0x00, 0x00,
    0x00, 0x10, 0x00, 0x00, 0x00, 0x64, 0x8e, 0x00, 0x35, 0x78, 0x18, 0x1b,
    0xfe, 0xff, 0xff, 0x0f, 0x00, 0x00, 0x8e, 0x07, 0x00, 0xe2, 0x2f, 0x00,
    0x35, 0x72, 0x1b, 0xff, 0x20, 0x00, 0x00, 0x80, 0x00, 0x00, 0x8e, 0x07,
    0x00, 0xc6, 0x0f, 0x00, 0x05, 0x73, 0x19, 0x00, 0x18, 0x00, 0x00, 0x00,
    0x00, 0xf0, 0x21, 0x00, 0x00, 0xe4, 0x02, 0x00, 0x02, 0x72, 0x18, 0x00,
    0xff, 0x00, 0x00, 0x00, 0x00, 0x0f, 0x00, 0x00, 0x00, 0xe2, 0x2f, 0x00,
    0x35, 0x72, 0x1d, 0xff, 0x19, 0x00, 0x00, 0x80, 0x00, 0x00, 0x8e, 0x07,
    0x00, 0xca, 0x8f, 0x00, 0x24, 0x72, 0x1d, 0x1d, 0x1a, 0x00, 0x00, 0x00,
    0xff, 0x02, 0x8e, 0x07, 0x00, 0xc8, 0x0f, 0x00, 0x27, 0x72, 0x20, 0x19,
    0x1d, 0x00, 0x00, 0x00, 0x18, 0x00, 0x8e, 0x07, 0x00, 0xe2, 0x0f, 0x00,
    0x02, 0x72, 0x19, 0x00, 0x1f, 0x00, 0x00, 0x00, 0x00, 0x0f, 0x00, 0x00,
    0x00, 0xca, 0x0f, 0x00, 0x27, 0x72, 0x18, 0x20, 0x19, 0x00, 0x00, 0x00,
    0xff, 0x00, 0x8e, 0x07, 0x00, 0xc8, 0x0f, 0x00, 0x24, 0x72, 0x19, 0x18,
    0x1b, 0x00, 0x00, 0x00, 0x19, 0x02, 0x8e, 0x07, 0x00, 0xca, 0x0f, 0x00,
    0x0c, 0x72, 0x00, 0x1a, 0x19, 0x00, 0x00, 0x00, 0x70, 0x40, 0xf4, 0x03,
    0x00, 0xda, 0x0f, 0x00, 0x35, 0xa2, 0x19, 0x19, 0x1a, 0x00, 0x00, 0x80,
    0x00, 0x00, 0x8e, 0x07, 0x00, 0xe2, 0x0f, 0x00, 0x0c, 0x72, 0x00, 0x1e,
    0xff, 0x00, 0x00, 0x00, 0x70, 0x62, 0xf4, 0x03, 0x00, 0xc8, 0x0f, 0x00,
    0x0c, 0x72, 0x00, 0x1a, 0x19, 0x00, 0x00, 0x00, 0x70, 0x40, 0xf6, 0x03,
    0x00, 0xda, 0x0f, 0x00, 0x35, 0xb2, 0x19, 0x19, 0x1a, 0x00, 0x00, 0x80,
    0x00, 0x00, 0x8e, 0x07, 0x00, 0xe2, 0x0f, 0x00, 0x0c, 0x72, 0x00, 0x07,
    0xff, 0x00, 0x00, 0x00, 0x70, 0x52, 0xf6, 0x03, 0x00, 0xc8, 0x0f, 0x00,
    0x35, 0xa2, 0x19, 0x19, 0xff, 0x00, 0x00, 0x00, 0x00, 0x01, 0x8e, 0x07,
    0x00, 0xd2, 0x0f, 0x00, 0x12, 0xb2, 0x19, 0xff, 0x07, 0x00, 0x00, 0x00,
    0xff, 0x33, 0x8e, 0x07, 0x00, 0xc8, 0x0f, 0x00, 0x19, 0x78, 0x18, 0xff,
    0x1f, 0x00, 0x00, 0x00, 0x19, 0x14, 0x01, 0x00, 0x00, 0xc8, 0x0f, 0x00,
    0x12, 0x72, 0x18, 0x18, 0x07, 0x00, 0x00, 0x00, 0xff, 0xc0, 0x8e, 0x07,
    0x00, 0xca, 0x0f, 0x00, 0x35, 0x72, 0x1b, 0x19, 0x18, 0x00, 0x00, 0x00,
    0x00, 0x00, 0x8e, 0x07, 0x00, 0xe2, 0x0f, 0x00, 0x47, 0x79, 0x0c, 0x00,
    0x00, 0x00, 0x00, 0x00, 0x00, 0x00, 0x80, 0x03, 0x00, 0xec, 0x0f, 0x00,
    0x0c, 0x78, 0x00, 0x10, 0xff, 0xff, 0xff, 0xff, 0x70, 0x62, 0xf4, 0x03,
    0x00, 0xe2, 0x0f, 0x00, 0x48, 0x72, 0x1b, 0x05, 0x1e, 0x00, 0x00, 0x00,
    0x00, 0x00, 0xfe, 0x03, 0x00, 0xca, 0x0f, 0x00, 0x07, 0x72, 0x1b, 0x1b,
    0xff, 0x00, 0x00, 0x00, 0x00, 0x00, 0x00, 0x01, 0x00, 0xce, 0x0f, 0x00,
    0x18, 0x79, 0x00, 0x00, 0x00, 0x00, 0x00, 0x00, 0x00, 0x00, 0x00, 0x00,
    0x00, 0xe2, 0x0f, 0x00, 0x41, 0x79, 0x05, 0x00, 0x00, 0x00, 0x00, 0x00,
    0x00, 0x02, 0x80, 0x03, 0x00, 0xea, 0x0f, 0x00, 0x45, 0x79, 0x05, 0x00,
    0x10, 0x02, 0x00, 0x00, 0x00, 0x02, 0x80, 0x03, 0x00, 0xe8, 0x0f, 0x00,
    0x47, 0x19, 0x68, 0x00, 0x00, 0x00, 0x00, 0x00, 0x00, 0x00, 0x80, 0x03,
    0x00, 0xea, 0x0f, 0x00, 0x13, 0x72, 0x1a, 0x00, 0x12, 0x00, 0x00, 0x00,
    0x00, 0x00, 0x00, 0x00, 0x00, 0xe4, 0x0f, 0x08, 0x13, 0x72, 0x21, 0x00,
    0x12, 0x00, 0x00, 0x00, 0x00, 0x00, 0x00, 0x00, 0x00, 0xe4, 0x0f, 0x00,
    0x06, 0x73, 0x1d, 0x00, 0x1a, 0x00, 0x00, 0x00, 0x00, 0x90, 0x20, 0x00,
    0x00, 0xe2, 0x0e, 0x00, 0x13, 0x72, 0x20, 0x00, 0x09, 0x00, 0x00, 0x00,
    0x00, 0x00, 0x00, 0x00, 0x00, 0xe2, 0x0f, 0x00, 0x08, 0x73, 0x1d, 0x00,
    0x1d, 0x00, 0x00, 0x00, 0x00, 0x10, 0x00, 0x00, 0x00, 0x64, 0x8e, 0x00,
    0x35, 0x78, 0x18, 0x1d, 0xfe, 0xff, 0xff, 0x0f, 0x00, 0x00, 0x8e, 0x07,
    0x00, 0xc8, 0x2f, 0x00, 0x05, 0x73, 0x19, 0x00, 0x18, 0x00, 0x00, 0x00,
    0x00, 0xf0, 0x21, 0x00, 0x00, 0xe4, 0x02, 0x00, 0x31, 0x74, 0x18, 0xff,
    0x00, 0x00, 0x00, 0x00, 0xff, 0x01, 0x00, 0x00, 0x00, 0xe2, 0x2f, 0x00,
    0x35, 0x72, 0x1f, 0xff, 0x19, 0x00, 0x00, 0x80, 0x00, 0x00, 0x8e, 0x07,
    0x00, 0xca, 0x8f, 0x00, 0x24, 0x72, 0x1f, 0x1f, 0x1a, 0x00, 0x00, 0x00,
    0xff, 0x02, 0x8e, 0x07, 0x00, 0xc8, 0x0f, 0x00, 0x27, 0x72, 0x1f, 0x19,
    0x1f, 0x00, 0x00, 0x00, 0x18, 0x00, 0x8e, 0x07, 0x00, 0xe2, 0x0f, 0x00,
    0x35, 0x72, 0x19, 0xff, 0x21, 0x00, 0x00, 0x80, 0x00, 0x00, 0x8e, 0x07,
    0x00, 0xca, 0x0f, 0x00, 0x27, 0x72, 0x1f, 0x1f, 0x20, 0x00, 0x00, 0x00,
    0xff, 0x00, 0x8e, 0x07, 0x00, 0xc8, 0x0f, 0x00, 0x24, 0x72, 0x18, 0x1f,
    0x19, 0x00, 0x00, 0x00, 0x20, 0x02, 0x8e, 0x07, 0x00, 0xca, 0x0f, 0x00,
    0x0c, 0x72, 0x00, 0x1a, 0x18, 0x00, 0x00, 0x00, 0x70, 0x40, 0xf4, 0x03,
    0x00, 0xda, 0x0f, 0x00, 0x35, 0xa2, 0x18, 0x18, 0x1a, 0x00, 0x00, 0x80,
    0x00, 0x00, 0x8e, 0x07, 0x00, 0xe2, 0x0f, 0x00, 0x0c, 0x72, 0x00, 0x09,
    0xff, 0x00, 0x00, 0x00, 0x70, 0x62, 0xf4, 0x03, 0x00, 0xc8, 0x0f, 0x00,
    0x0c, 0x72, 0x00, 0x1a, 0x18, 0x00, 0x00, 0x00, 0x70, 0x40, 0xf6, 0x03,
    0x00, 0xda, 0x0f, 0x00, 0x35, 0xb2, 0x18, 0x18, 0x1a, 0x00, 0x00, 0x80,
    0x00, 0x00, 0x8e, 0x07, 0x00, 0xe2, 0x0f, 0x00, 0x0c, 0x72, 0x00, 0x12,
    0xff, 0x00, 0x00, 0x00, 0x70, 0x52, 0xf6, 0x03, 0x00, 0xc8, 0x0f, 0x00,
    0x35, 0xa2, 0x18, 0x18, 0xff, 0x00, 0x00, 0x00, 0x00, 0x01, 0x8e, 0x07,
    0x00, 0xd2, 0x0f, 0x00, 0x12, 0xb2, 0x18, 0xff, 0x12, 0x00, 0x00, 0x00,
    0xff, 0x33, 0x8e, 0x07, 0x00, 0xc8, 0x0f, 0x00, 0x19, 0x78, 0x19, 0xff,
    0x1f, 0x00, 0x00, 0x00, 0x18, 0x14, 0x01, 0x00, 0x00, 0xc8, 0x0f, 0x00,
    0x12, 0x72, 0x19, 0x19, 0x12, 0x00, 0x00, 0x00, 0xff, 0xc0, 0x8e, 0x07,
    0x00, 0xca, 0x0f, 0x00, 0x35, 0x72, 0x18, 0x18, 0x19, 0x00, 0x00, 0x00,
    0x00, 0x00, 0x8e, 0x07, 0x00, 0xe2, 0x0f, 0x00, 0x47, 0x79, 0x10, 0x00,
    0x00, 0x00, 0x00, 0x00, 0x00, 0x00, 0x80, 0x03, 0x00, 0xec, 0x0f, 0x00,
    0x0c, 0x72, 0x00, 0x09, 0xff, 0x00, 0x00, 0x00, 0x70, 0x62, 0xf4, 0x03,
    0x00, 0xe2, 0x0f, 0x00, 0x02, 0x72, 0x18, 0x00, 0xff, 0x00, 0x00, 0x00,
    0x00, 0x0f, 0x00, 0x00, 0x00, 0xd8, 0x2f, 0x00, 0x35, 0x28, 0x1a, 0x12,
    0xff, 0xff, 0xff, 0xff, 0x00, 0x00, 0x8e, 0x07, 0x00, 0xca, 0x0f, 0x00,
    0x48, 0x22, 0x18, 0x09, 0x1a, 0x00, 0x00, 0x00, 0x00, 0x00, 0xfe, 0x03,
    0x00, 0xce, 0x0f, 0x00, 0x18, 0x79, 0x00, 0x00, 0x00, 0x00, 0x00, 0x00,
    0x00, 0x00, 0x00, 0x00, 0x00, 0xe2, 0x0f, 0x00, 0x41, 0x79, 0x05, 0x00,
    0x00, 0x00, 0x00, 0x00, 0x00, 0x02, 0x80, 0x03, 0x00, 0xea, 0x0f, 0x00,
    0x19, 0x78, 0x1d, 0xff, 0x1f, 0x00, 0x00, 0x00, 0x1b, 0x14, 0x01, 0x00,
    0x00, 0xe2, 0x0f, 0x00, 0x25, 0x72, 0x1a, 0x06, 0x1b, 0x00, 0x00, 0x00,
    0x14, 0x00, 0x8e, 0x07, 0x00, 0xe2, 0x0f, 0x00, 0x19, 0x78, 0x19, 0xff,
    0x1f, 0x00, 0x00, 0x00, 0x18, 0x14, 0x01, 0x00, 0x00, 0xc6, 0x0f, 0x00,
    0x24, 0x72, 0x1b, 0x06, 0x1d, 0x00, 0x00, 0x00, 0x1b, 0x02, 0x8e, 0x07,
    0x00, 0xca, 0x0f, 0x00, 0x35, 0x72, 0x18, 0x18, 0x1a, 0x00, 0x00, 0x00,
    0x00, 0x02, 0x8e, 0x07, 0x00, 0xca, 0x0f, 0x00, 0x11, 0x72, 0x1a, 0x18,
    0x16, 0x00, 0x00, 0x00, 0xff, 0x10, 0x84, 0x07, 0x00, 0xc8, 0x0f, 0x00,
    0x11, 0x72, 0x1b, 0x18, 0x17, 0x00, 0x00, 0x00, 0x19, 0x14, 0x0f, 0x01,
    0x00, 0xca, 0x0f, 0x00, 0x81, 0x79, 0x1a, 0x1a, 0x0a, 0x00, 0x00, 0x00,
    0x00, 0x19, 0x1e, 0x0c, 0x00, 0x62, 0x03, 0x00, 0x45, 0x79, 0x05, 0x00,
    0x30, 0x02, 0x00, 0x00, 0x00, 0x02, 0x80, 0x03, 0x00, 0xe8, 0x0f, 0x00,
    0x47, 0x09, 0x74, 0x00, 0x00, 0x00, 0x00, 0x00, 0x00, 0x00, 0x80, 0x03,
    0x00, 0xea, 0x0f, 0x00, 0x13, 0x72, 0x05, 0x00, 0x07, 0x00, 0x00, 0x00,
    0x00, 0x00, 0x00, 0x00, 0x00, 0xe4, 0x0f, 0x08, 0x13, 0x72, 0x21, 0x00,
    0x07, 0x00, 0x00, 0x00, 0x00, 0x00, 0x00, 0x00, 0x00, 0xe4, 0x0f, 0x00,
    0x06, 0x73, 0x1b, 0x00, 0x05, 0x00, 0x00, 0x00, 0x00, 0x94, 0x20, 0x00,
    0x00, 0x62, 0x2e, 0x00, 0x13, 0x72, 0x1f, 0x00, 0x1e, 0x00, 0x00, 0x00,
    0x00, 0x00, 0x00, 0x00, 0x00, 0xe4, 0x0f, 0x00, 0x35, 0x72, 0x21, 0xff,
    0x21, 0x00, 0x00, 0x80, 0x00, 0x00, 0x8e, 0x07, 0x00, 0xe2, 0x0f, 0x00,
    0x0c, 0x72, 0x00, 0x1e, 0xff, 0x00, 0x00, 0x00, 0x70, 0x62, 0xf4, 0x03,
    0x00, 0xe2, 0x0f, 0x00, 0x08, 0x73, 0x1b, 0x00, 0x1b, 0x00, 0x00, 0x00,
    0x00, 0x10, 0x00, 0x00, 0x00, 0x64, 0x2e, 0x00, 0x35, 0x78, 0x18, 0x1b,
    0xfe, 0xff, 0xff, 0x0f, 0x00, 0x00, 0x8e, 0x07, 0x00, 0xc8, 0x2f, 0x00,
    0x05, 0x73, 0x19, 0x00, 0x18, 0x00, 0x00, 0x00, 0x00, 0xf0, 0x21, 0x00,
    0x00, 0xe4, 0x02, 0x00, 0x31, 0x74, 0x18, 0xff, 0x00, 0x00, 0x00, 0x00,
    0xff, 0x01, 0x00, 0x00, 0x00, 0xe2, 0x2f, 0x00, 0x35, 0x72, 0x20, 0xff,
    0x19, 0x00, 0x00, 0x80, 0x00, 0x00, 0x8e, 0x07, 0x00, 0xca, 0x8f, 0x00,
    0x24, 0x72, 0x1d, 0x20, 0x05, 0x00, 0x00, 0x00, 0xff, 0x02, 0x8e, 0x07,
    0x00, 0xe2, 0x0f, 0x00, 0x02, 0x72, 0x20, 0x00, 0x1f, 0x00, 0x00, 0x00,
    0x00, 0x0f, 0x00, 0x00, 0x00, 0xc6, 0x0f, 0x00, 0x27, 0x72, 0x1d, 0x19,
    0x1d, 0x00, 0x00, 0x00, 0x18, 0x00, 0x8e, 0x07, 0x00, 0xe2, 0x0f, 0x00,
    0x02, 0x72, 0x19, 0x00, 0x21, 0x00, 0x00, 0x00, 0x00, 0x0f, 0x00, 0x00,
    0x00, 0xca, 0x0f, 0x00, 0x27, 0x72, 0x1d, 0x1d, 0x20, 0x00, 0x00, 0x00,
    0xff, 0x00, 0x8e, 0x07, 0x00, 0xc8, 0x0f, 0x00, 0x24, 0x72, 0x20, 0x1d,
    0x19, 0x00, 0x00, 0x00, 0x20, 0x02, 0x8e, 0x07, 0x00, 0xca, 0x0f, 0x00,
    0x0c, 0x72, 0x00, 0x05, 0x20, 0x00, 0x00, 0x00, 0x70, 0x40, 0xf0, 0x03,
    0x00, 0xda, 0x0f, 0x00, 0x35, 0x82, 0x20, 0x20, 0x05, 0x00, 0x00, 0x80,
    0x00, 0x00, 0x8e, 0x07, 0x00, 0xca, 0x0f, 0x00, 0x0c, 0x72, 0x00, 0x05,
    0x20, 0x00, 0x00, 0x00, 0x70, 0x40, 0xf0, 0x03, 0x00, 0xda, 0x0f, 0x00,
    0x35, 0x82, 0x20, 0x20, 0x05, 0x00, 0x00, 0x80, 0x00, 0x00, 0x8e, 0x07,
    0x00, 0xe2, 0x0f, 0x00, 0x0c, 0x72, 0x00, 0x07, 0xff, 0x00, 0x00, 0x00,
    0x70, 0x52, 0xf0, 0x03, 0x00, 0xc8, 0x0f, 0x00, 0x02, 0x72, 0x05, 0x00,
    0x20, 0x00, 0x00, 0x00, 0x00, 0x0f, 0x00, 0x00, 0x00, 0xca, 0x0f, 0x00,
    0x35, 0xa2, 0x05, 0x05, 0xff, 0x00, 0x00, 0x00, 0x00, 0x01, 0x8e, 0x07,
    0x00, 0xc8, 0x0f, 0x00, 0x12, 0x82, 0x05, 0xff, 0x07, 0x00, 0x00, 0x00,
    0xff, 0x33, 0x8e, 0x07, 0x00, 0xc8, 0x0f, 0x00, 0x19, 0x78, 0x18, 0xff,
    0x1f, 0x00, 0x00, 0x00, 0x05, 0x14, 0x01, 0x00, 0x00, 0xc8, 0x0f, 0x00,
    0x12, 0x72, 0x18, 0x18, 0x07, 0x00, 0x00, 0x00, 0xff, 0xc0, 0x8e, 0x07,
    0x00, 0xca, 0x0f, 0x00, 0x35, 0x72, 0x05, 0x05, 0x18, 0x00, 0x00, 0x00,
    0x00, 0x00, 0x8e, 0x07, 0x00, 0xe2, 0x0f, 0x00, 0x47, 0x79, 0x0c, 0x00,
    0x00, 0x00, 0x00, 0x00, 0x00, 0x00, 0x80, 0x03, 0x00, 0xec, 0x0f, 0x00,
    0x0c, 0x78, 0x00, 0x10, 0xff, 0xff, 0xff, 0xff, 0x70, 0x62, 0xf0, 0x03,
    0x00, 0xe2, 0x0f, 0x00, 0x48, 0x72, 0x05, 0x05, 0x1e, 0x00, 0x00, 0x00,
    0x00, 0x00, 0xfe, 0x03, 0x00, 0xca, 0x0f, 0x00, 0x07, 0x72, 0x05, 0x05,
    0xff, 0x00, 0x00, 0x00, 0x00, 0x00, 0x00, 0x00, 0x00, 0xce, 0x0f, 0x00,
    0x18, 0x79, 0x00, 0x00, 0x00, 0x00, 0x00, 0x00, 0x00, 0x00, 0x00, 0x00,
    0x00, 0xe2, 0x0f, 0x00, 0x41, 0x79, 0x05, 0x00, 0x00, 0x00, 0x00, 0x00,
    0x00, 0x02, 0x80, 0x03, 0x00, 0xea, 0x0f, 0x00, 0x19, 0x78, 0x07, 0xff,
    0x1f, 0x00, 0x00, 0x00, 0x05, 0x14, 0x01, 0x00, 0x00, 0xe2, 0x0f, 0x00,
    0x25, 0x72, 0x14, 0x06, 0x05, 0x00, 0x00, 0x00, 0x14, 0x00, 0x8e, 0x07,
    0x00, 0xe2, 0x0f, 0x04, 0x45, 0x79, 0x05, 0x00, 0x30, 0x02, 0x00, 0x00,
    0x00, 0x02, 0x80, 0x03, 0x00, 0xe6, 0x0f, 0x00, 0x24, 0x72, 0x05, 0x06,
    0x07, 0x00, 0x00, 0x00, 0x15, 0x02, 0x8e, 0x07, 0x00, 0xe2, 0x0f, 0x00,
    0x47, 0x19, 0x6c, 0x00, 0x00, 0x00, 0x00, 0x00, 0x00, 0x00, 0x80, 0x03,
    0x00, 0xec, 0x0f, 0x00, 0x13, 0x72, 0x13, 0x00, 0x12, 0x00, 0x00, 0x00,
    0x00, 0x00, 0x00, 0x00, 0x00, 0xe4, 0x0f, 0x08, 0x13, 0x72, 0x1b, 0x00,
    0x12, 0x00, 0x00, 0x00, 0x00, 0x00, 0x00, 0x00, 0x00, 0xe4, 0x2f, 0x00,
    0x06, 0x73, 0x18, 0x00, 0x13, 0x00, 0x00, 0x00, 0x00, 0x90, 0x20, 0x00,
    0x00, 0x62, 0x0e, 0x00, 0x0c, 0x72, 0x00, 0x1c, 0xff, 0x00, 0x00, 0x00,
    0x70, 0x62, 0xf2, 0x03, 0x00, 0xe4, 0x0f, 0x00, 0x35, 0x72, 0x1b, 0xff,
    0x1b, 0x00, 0x00, 0x80, 0x00, 0x00, 0x8e, 0x07, 0x00, 0xe2, 0x0f, 0x00,
    0x08, 0x73, 0x18, 0x00, 0x18, 0x00, 0x00, 0x00, 0x00, 0x10, 0x00, 0x00,
    0x00, 0x64, 0x2e, 0x00, 0x35, 0x78, 0x06, 0x18, 0xfe, 0xff, 0xff, 0x0f,
    0x00, 0x00, 0x8e, 0x07, 0x00, 0xe2, 0x2f, 0x00, 0x13, 0x72, 0x18, 0x00,
    0x1c, 0x00, 0x00, 0x00, 0x00, 0x00, 0x00, 0x00, 0x00, 0xc6, 0x0f, 0x00,
    0x05, 0x73, 0x07, 0x00, 0x06, 0x00, 0x00, 0x00, 0x00, 0xf0, 0x21, 0x00,
    0x00, 0xe4, 0x02, 0x00, 0x31, 0x74, 0x06, 0xff, 0x00, 0x00, 0x00, 0x00,
    0xff, 0x01, 0x00, 0x00, 0x00, 0xe2, 0x2f, 0x00, 0x35, 0x72, 0x1e, 0xff,
    0x07, 0x00, 0x00, 0x80, 0x00, 0x00, 0x8e, 0x07, 0x00, 0xca, 0x8f, 0x00,
    0x24, 0x72, 0x19, 0x1e, 0x13, 0x00, 0x00, 0x00, 0xff, 0x02, 0x8e, 0x07,
    0x00, 0xc8, 0x0f, 0x00, 0x27, 0x72, 0x19, 0x07, 0x19, 0x00, 0x00, 0x00,
    0x06, 0x00, 0x8e, 0x07, 0x00, 0xe2, 0x0f, 0x00, 0x02, 0x72, 0x07, 0x00,
    0x1b, 0x00, 0x00, 0x00, 0x00, 0x0f, 0x00, 0x00, 0x00, 0xca, 0x0f, 0x00,
    0x27, 0x72, 0x19, 0x19, 0x18, 0x00, 0x00, 0x00, 0xff, 0x00, 0x8e, 0x07,
    0x00, 0xc8, 0x0f, 0x00, 0x24, 0x72, 0x06, 0x19, 0x07, 0x00, 0x00, 0x00,
    0x18, 0x02, 0x8e, 0x07, 0x00, 0xca, 0x0f, 0x00, 0x0c, 0x72, 0x00, 0x13,
    0x06, 0x00, 0x00, 0x00, 0x70, 0x40, 0xf0, 0x03, 0x00, 0xda, 0x0f, 0x00,
    0x35, 0x82, 0x06, 0x06, 0x13, 0x00, 0x00, 0x80, 0x00, 0x00, 0x8e, 0x07,
    0x00, 0xca, 0x0f, 0x00, 0x0c, 0x72, 0x00, 0x13, 0x06, 0x00, 0x00, 0x00,
    0x70, 0x40, 0xf0, 0x03, 0x00, 0xda, 0x0f, 0x00, 0x35, 0x82, 0x06, 0x06,
    0x13, 0x00, 0x00, 0x80, 0x00, 0x00, 0x8e, 0x07, 0x00, 0xe2, 0x0f, 0x00,
    0x0c, 0x72, 0x00, 0x12, 0xff, 0x00, 0x00, 0x00, 0x70, 0x52, 0xf0, 0x03,
    0x00, 0xc8, 0x0f, 0x00, 0x35, 0x92, 0x06, 0x06, 0xff, 0x00, 0x00, 0x00,
    0x00, 0x01, 0x8e, 0x07, 0x00, 0xd2, 0x0f, 0x00, 0x12, 0x82, 0x06, 0xff,
    0x12, 0x00, 0x00, 0x00, 0xff, 0x33, 0x8e, 0x07, 0x00, 0xc8, 0x0f, 0x00,
    0x19, 0x78, 0x07, 0xff, 0x1f, 0x00, 0x00, 0x00, 0x06, 0x14, 0x01, 0x00,
    0x00, 0xc8, 0x0f, 0x00, 0x12, 0x72, 0x07, 0x07, 0x12, 0x00, 0x00, 0x00,
    0xff, 0xc0, 0x8e, 0x07, 0x00, 0xca, 0x0f, 0x00, 0x35, 0x72, 0x06, 0x06,
    0x07, 0x00, 0x00, 0x00, 0x00, 0x00, 0x8e, 0x07, 0x00, 0xe2, 0x0f, 0x00,
    0x47, 0x79, 0x10, 0x00, 0x00, 0x00, 0x00, 0x00, 0x00, 0x00, 0x80, 0x03,
    0x00, 0xec, 0x0f, 0x00, 0x0c, 0x78, 0x00, 0x09, 0xff, 0xff, 0xff, 0xff,
    0x70, 0x62, 0xf0, 0x03, 0x00, 0xe2, 0x0f, 0x00, 0x31, 0x74, 0x06, 0xff,
    0x00, 0x00, 0x00, 0x00, 0xff, 0x01, 0x00, 0x00, 0x00, 0xd8, 0x0f, 0x00,
    0x35, 0x08, 0x13, 0x12, 0xff, 0xff, 0xff, 0xff, 0x00, 0x00, 0x8e, 0x07,
    0x00, 0xca, 0x0f, 0x00, 0x48, 0x02, 0x06, 0x13, 0x1c, 0x00, 0x00, 0x00,
    0x00, 0x00, 0xfe, 0x03, 0x00, 0xce, 0x0f, 0x00, 0x18, 0x79, 0x00, 0x00,
    0x00, 0x00, 0x00, 0x00, 0x00, 0x00, 0x00, 0x00, 0x00, 0xe2, 0x0f, 0x00,
    0x41, 0x79, 0x05, 0x00, 0x00, 0x00, 0x00, 0x00, 0x00, 0x02, 0x80, 0x03,
    0x00, 0xea, 0x0f, 0x00, 0x19, 0x78, 0x07, 0xff, 0x1f, 0x00, 0x00, 0x00,
    0x06, 0x14, 0x01, 0x00, 0x00, 0xe2, 0x0f, 0x00, 0x02, 0x72, 0x15, 0x00,
    0x05, 0x00, 0x00, 0x00, 0x00, 0x0f, 0x00, 0x00, 0x00, 0xca, 0x0f, 0x00,
    0x35, 0x72, 0x06, 0x06, 0x14, 0x00, 0x00, 0x00, 0x00, 0x02, 0x8e, 0x07,
    0x00, 0xca, 0x0f, 0x00, 0x11, 0x72, 0x12, 0x06, 0x16, 0x00, 0x00, 0x00,
    0xff, 0x10, 0x80, 0x07, 0x00, 0xc8, 0x0f, 0x00, 0x11, 0x72, 0x13, 0x06,
    0x17, 0x00, 0x00, 0x00, 0x07, 0x14, 0x0f, 0x00, 0x00, 0xca, 0x0f, 0x00,
    0x81, 0x79, 0x12, 0x12, 0x0a, 0x00, 0x00, 0x00, 0x00, 0x19, 0x1e, 0x0c,
    0x00, 0x62, 0x07, 0x00, 0x45, 0x72, 0x05, 0x00, 0x10, 0x00, 0x00, 0x00,
    0x00, 0x14, 0x20, 0x00, 0x00, 0xe4, 0x0f, 0x00, 0x45, 0x72, 0x09, 0x00,
    0x09, 0x00, 0x00, 0x00, 0x00, 0x14, 0x20, 0x00, 0x00, 0xc6, 0x0f, 0x00,
    0x21, 0x72, 0x0a, 0x0a, 0x05, 0x00, 0x00, 0x80, 0x00, 0x00, 0x00, 0x00,
    0x00, 0xe4, 0x1f, 0x00, 0x21, 0x72, 0x09, 0x08, 0x09, 0x00, 0x00, 0x80,
    0x00, 0x00, 0x00, 0x00, 0x00, 0xce, 0x0f, 0x00, 0x18, 0x79, 0x00, 0x00,
    0x00, 0x00, 0x00, 0x00, 0x00, 0x00, 0x00, 0x00, 0x00, 0xe2, 0x0f, 0x00,
    0x41, 0x79, 0x04, 0x00, 0x00, 0x00, 0x00, 0x00, 0x00, 0x02, 0x80, 0x03,
    0x00, 0xea, 0x0f, 0x00, 0x06, 0x73, 0x05, 0x00, 0x0b, 0x00, 0x00, 0x00,
    0x00, 0x10, 0x00, 0x00, 0x00, 0x22, 0x0e, 0x02, 0x06, 0x73, 0x08, 0x00,
    0x1a, 0x00, 0x00, 0x00, 0x00, 0x10, 0x00, 0x00, 0x00, 0xa2, 0x4e, 0x00,
    0x20, 0x78, 0x06, 0x05, 0x81, 0x80, 0x80, 0x3b, 0x00, 0x00, 0x40, 0x00,
    0x00, 0xe2, 0x1f, 0x00, 0x06, 0x73, 0x10, 0x00, 0x0b, 0x00, 0x00, 0x30,
    0x00, 0x10, 0x00, 0x00, 0x00, 0x22, 0x2e, 0x00, 0x20, 0x78, 0x08, 0x08,
    0x81, 0x80, 0x80, 0x3b, 0x00, 0x00, 0x40, 0x00, 0x00, 0xe2, 0x4f, 0x00,
    0x06, 0x73, 0x14, 0x00, 0x1a, 0x00, 0x00, 0x30, 0x00, 0x10, 0x00, 0x00,
    0x00, 0x62, 0x0e, 0x00, 0x20, 0x78, 0x10, 0x10, 0x81, 0x80, 0x80, 0x3b,
    0x00, 0x00, 0x40, 0x00, 0x00, 0xe2, 0x1f, 0x00, 0x06, 0x73, 0x07, 0x00,
    0x11, 0x00, 0x00, 0x00, 0x00, 0x10, 0x00, 0x00, 0x00, 0x22, 0x0e, 0x00,
    0x20, 0x78, 0x14, 0x14, 0x81, 0x80, 0x80, 0x3b, 0x00, 0x00, 0x40, 0x00,
    0x00, 0xe2, 0x2f, 0x00, 0x06, 0x73, 0x13, 0x00, 0x12, 0x00, 0x00, 0x00,
    0x00, 0x10, 0x00, 0x00, 0x00, 0x62, 0x8e, 0x00, 0x23, 0x78, 0x07, 0x07,
    0x81, 0x80, 0x80, 0x3b, 0x06, 0x08, 0x00, 0x00, 0x00, 0xe2, 0x1f, 0x10,
    0x06, 0x73, 0x15, 0x00, 0x11, 0x00, 0x00, 0x30, 0x00, 0x10, 0x00, 0x00,
    0x00, 0x26, 0x0e, 0x00, 0x23, 0x72, 0x07, 0x07, 0x09, 0x00, 0x00, 0x00,
    0x06, 0x00, 0x00, 0x00, 0x00, 0xe2, 0x0f, 0x08, 0x23, 0x78, 0x13, 0x13,
    0x81, 0x80, 0x80, 0x3b, 0x08, 0x08, 0x00, 0x00, 0x00, 0xe2, 0x2f, 0x10,
    0x06, 0x73, 0x17, 0x00, 0x12, 0x00, 0x00, 0x30, 0x00, 0x10, 0x00, 0x00,
    0x00, 0xa6, 0x02, 0x00, 0x23, 0x72, 0x06, 0x13, 0x09, 0x00, 0x00, 0x00,
    0x08, 0x00, 0x00, 0x00, 0x00, 0xe2, 0x0f, 0x08, 0x19, 0x78, 0x13, 0xff,
    0x10, 0x00, 0x00, 0x00, 0x12, 0x16, 0x01, 0x00, 0x00, 0xe2, 0x0f, 0x00,
    0x23, 0x78, 0x05, 0x15, 0x81, 0x80, 0x80, 0x3b, 0x10, 0x08, 0x00, 0x00,
    0x00, 0xe2, 0x1f, 0x00, 0x19, 0x78, 0x15, 0xff, 0x08, 0x00, 0x00, 0x00,
    0x11, 0x16, 0x01, 0x00, 0x00, 0xe2, 0x0f, 0x00, 0x21, 0x72, 0x06, 0x07,
    0x06, 0x00, 0x00, 0x00, 0x00, 0x01, 0x00, 0x00, 0x00, 0xe2, 0x0f, 0x00,
    0x19, 0x78, 0x12, 0xff, 0x08, 0x00, 0x00, 0x00, 0x12, 0x16, 0x01, 0x00,
    0x00, 0xe2, 0x2f, 0x00, 0x23, 0x72, 0x05, 0x05, 0x09, 0x00, 0x00, 0x00,
    0x10, 0x00, 0x00, 0x00, 0x00, 0xe2, 0x0f, 0x00, 0x19, 0x78, 0x10, 0xff,
    0x10, 0x00, 0x00, 0x00, 0x0b, 0x16, 0x01, 0x00, 0x00, 0xc4, 0x0f, 0x00,
    0x12, 0x78, 0x18, 0x12, 0xff, 0x00, 0x00, 0x00, 0xff, 0xc0, 0x8e, 0x07,
    0x00, 0xe2, 0x0f, 0x00, 0x23, 0x78, 0x17, 0x17, 0x81, 0x80, 0x80, 0x3b,
    0x14, 0x08, 0x00, 0x00, 0x00, 0xe2, 0x4f, 0x10, 0x12, 0x78, 0x10, 0x10,
    0xff, 0x00, 0x00, 0x00, 0xff, 0xc0, 0x8e, 0x07, 0x00, 0xe4, 0x0f, 0x00,
    0x12, 0x78, 0x13, 0x13, 0xff, 0x00, 0x00, 0x00, 0xff, 0xc0, 0x8e, 0x07,
    0x00, 0xe2, 0x0f, 0x00, 0x23, 0x72, 0x08, 0x17, 0x09, 0x00, 0x00, 0x00,
    0x14, 0x00, 0x00, 0x00, 0x00, 0xe2, 0x0f, 0x00, 0x19, 0x78, 0x14, 0xff,
    0x08, 0x00, 0x00, 0x00, 0x0b, 0x16, 0x01, 0x00, 0x00, 0xe4, 0x0f, 0x00,
    0x19, 0x78, 0x0b, 0xff, 0x10, 0x00, 0x00, 0x00, 0x11, 0x16, 0x01, 0x00,
    0x00, 0xe2, 0x0f, 0x00, 0x21, 0x72, 0x08, 0x05, 0x08, 0x00, 0x00, 0x00,
    0x00, 0x01, 0x00, 0x00, 0x00, 0xe2, 0x0f, 0x00, 0x19, 0x78, 0x11, 0xff,
    0x10, 0x00, 0x00, 0x00, 0x1a, 0x16, 0x01, 0x00, 0x00, 0xc4, 0x0f, 0x00,
    0x19, 0x78, 0x1a, 0xff, 0x08, 0x00, 0x00, 0x00, 0x1a, 0x16, 0x01, 0x00,
    0x00, 0xe4, 0x0f, 0x00, 0x12, 0x78, 0x16, 0x0b, 0xff, 0x00, 0x00, 0x00,
    0xff, 0xc0, 0x8e, 0x07, 0x00, 0xe4, 0x0f, 0x00, 0x12, 0x78, 0x17, 0x11,
    0xff, 0x00, 0x00, 0x00, 0xff, 0xc0, 0x8e, 0x07, 0x00, 0xe4, 0x0f, 0x00,
    0x12, 0x78, 0x14, 0x14, 0xff, 0x00, 0x00, 0x00, 0xff, 0xc0, 0x8e, 0x07,
    0x00, 0xe4, 0x0f, 0x00, 0x12, 0x78, 0x1a, 0x1a, 0xff, 0x00, 0x00, 0x00,
    0xff, 0xc0, 0x8e, 0x07, 0x00, 0xe4, 0x0f, 0x00, 0x45, 0x72, 0x11, 0x00,
    0x16, 0x00, 0x00, 0x00, 0x00, 0x10, 0x20, 0x00, 0x00, 0xc4, 0x0f, 0x00,
    0x12, 0x78, 0x15, 0x15, 0xff, 0x00, 0x00, 0x00, 0xff, 0xc0, 0x8e, 0x07,
    0x00, 0xe4, 0x0f, 0x00, 0x45, 0x72, 0x0b, 0x00, 0x10, 0x00, 0x00, 0x00,
    0x00, 0x10, 0x20, 0x00, 0x00, 0xe4, 0x0f, 0x00, 0x45, 0x72, 0x12, 0x00,
    0x17, 0x00, 0x00, 0x00, 0x00, 0x10, 0x20, 0x00, 0x00, 0xe4, 0x0f, 0x00,
    0x45, 0x72, 0x14, 0x00, 0x14, 0x00, 0x00, 0x00, 0x00, 0x10, 0x20, 0x00,
    0x00, 0xe2, 0x0f, 0x00, 0x20, 0x78, 0x10, 0x0b, 0x81, 0x80, 0x80, 0x3b,
    0x00, 0x00, 0x40, 0x00, 0x00, 0xe2, 0x0f, 0x00, 0x45, 0x72, 0x16, 0x00,
    0x1a, 0x00, 0x00, 0x00, 0x00, 0x10, 0x20, 0x00, 0x00, 0xe2, 0x0f, 0x00,
    0x20, 0x78, 0x12, 0x12, 0x81, 0x80, 0x80, 0x3b, 0x00, 0x00, 0x40, 0x00,
    0x00, 0xe2, 0x0f, 0x00, 0x45, 0x72, 0x13, 0x00, 0x13, 0x00, 0x00, 0x00,
    0x00, 0x10, 0x20, 0x00, 0x00, 0xe2, 0x0f, 0x00, 0x20, 0x78, 0x14, 0x14,
    0x81, 0x80, 0x80, 0x3b, 0x00, 0x00, 0x40, 0x00, 0x00, 0xe2, 0x0f, 0x00,
    0x45, 0x72, 0x15, 0x00, 0x15, 0x00, 0x00, 0x00, 0x00, 0x10, 0x20, 0x00,
    0x00, 0xe2, 0x0f, 0x00, 0x20, 0x78, 0x16, 0x16, 0x81, 0x80, 0x80, 0x3b,
    0x00, 0x00, 0x40, 0x00, 0x00, 0xe2, 0x0f, 0x00, 0x45, 0x72, 0x17, 0x00,
    0x18, 0x00, 0x00, 0x00, 0x00, 0x10, 0x20, 0x00, 0x00, 0xe2, 0x0f, 0x00,
    0x23, 0x78, 0x11, 0x11, 0x81, 0x80, 0x80, 0x3b, 0x10, 0x08, 0x00, 0x00,
    0x00, 0xe2, 0x0f, 0x00, 0x23, 0x78, 0x13, 0x13, 0x81, 0x80, 0x80, 0x3b,
    0x12, 0x08, 0x00, 0x00, 0x00, 0xe2, 0x0f, 0x00, 0x23, 0x78, 0x15, 0x15,
    0x81, 0x80, 0x80, 0x3b, 0x14, 0x08, 0x00, 0x00, 0x00, 0xe2, 0x0f, 0x00,
    0x23, 0x72, 0x18, 0x06, 0x0a, 0x00, 0x00, 0x00, 0x07, 0x00, 0x00, 0x00,
    0x00, 0xe2, 0x0f, 0x08, 0x23, 0x78, 0x17, 0x17, 0x81, 0x80, 0x80, 0x3b,
    0x16, 0x08, 0x00, 0x00, 0x00, 0xe2, 0x0f, 0x00, 0x23, 0x72, 0x11, 0x11,
    0x09, 0x00, 0x00, 0x00, 0x10, 0x00, 0x00, 0x00, 0x00, 0xe2, 0x0f, 0x08,
    0x23, 0x72, 0x12, 0x13, 0x09, 0x00, 0x00, 0x00, 0x12, 0x00, 0x00, 0x00,
    0x00, 0xe2, 0x0f, 0x08, 0x23, 0x72, 0x15, 0x15, 0x09, 0x00, 0x00, 0x00,
    0x14, 0x00, 0x00, 0x00, 0x00, 0xe2, 0x0f, 0x08, 0x23, 0x72, 0x16, 0x17,
    0x09, 0x00, 0x00, 0x00, 0x16, 0x00, 0x00, 0x00, 0x00, 0xe2, 0x0f, 0x00,
    0x23, 0x72, 0x1a, 0x08, 0x0a, 0x00, 0x00, 0x00, 0x05, 0x00, 0x00, 0x00,
    0x00, 0xe2, 0x0f, 0x00, 0x21, 0x72, 0x12, 0x11, 0x12, 0x00, 0x00, 0x00,
    0x00, 0x01, 0x00, 0x00, 0x00, 0xc4, 0x0f, 0x00, 0x21, 0x72, 0x16, 0x15,
    0x16, 0x00, 0x00, 0x00, 0x00, 0x01, 0x00, 0x00, 0x00, 0xe4, 0x0f, 0x00,
    0x23, 0x72, 0x0b, 0x12, 0x0a, 0x00, 0x00, 0x00, 0x11, 0x00, 0x00, 0x00,
    0x00, 0xe4, 0x0f, 0x08, 0x23, 0x72, 0x16, 0x16, 0x0a, 0x00, 0x00, 0x00,
    0x15, 0x00, 0x00, 0x00, 0x00, 0xe2, 0x0f, 0x00, 0x47, 0x79, 0x70, 0x00,
    0x4c, 0x00, 0x00, 0x00, 0x00, 0x00, 0x80, 0x03, 0x00, 0xec, 0x0f, 0x00,
    0x35, 0x78, 0x0b, 0x07, 0xf9, 0xff, 0xff, 0xff, 0x00, 0x00, 0x8e, 0x07,
    0x00, 0xe2, 0x2f, 0x00, 0x45, 0x79, 0x04, 0x00, 0x30, 0x49, 0x00, 0x00,
    0x00, 0x02, 0x80, 0x03, 0x00, 0xe8, 0x0f, 0x00, 0x12, 0x78, 0x0b, 0x0b,
    0xff, 0x00, 0x00, 0x00, 0xff, 0xc0, 0x8e, 0x07, 0x00, 0xca, 0x0f, 0x00,
    0x0c, 0x78, 0x00, 0x0b, 0x02, 0x00, 0x00, 0x00, 0x70, 0x40, 0xf0, 0x03,
    0x00, 0xca, 0x0f, 0x00, 0x0c, 0x78, 0x00, 0x07, 0x07, 0x00, 0x00, 0x00,
    0x70, 0x50, 0x72, 0x04, 0x00, 0xe2, 0x0f, 0x04, 0x0c, 0x78, 0x00, 0x07,
    0x09, 0x00, 0x00, 0x00, 0x70, 0x54, 0x74, 0x00, 0x00, 0xce, 0x0f, 0x00,
    0x20, 0x82, 0x10, 0x19, 0x08, 0x00, 0x00, 0x00, 0x00, 0x00, 0x40, 0x00,
    0x00, 0xc8, 0x4f, 0x02, 0x23, 0x82, 0x18, 0x17, 0x1c, 0x00, 0x00, 0x00,
    0x10, 0x00, 0x00, 0x00, 0x00, 0xc8, 0x0f, 0x00, 0x23, 0x12, 0x18, 0x15,
    0x0a, 0x00, 0x00, 0x00, 0x18, 0x00, 0x00, 0x00, 0x00, 0xc8, 0x0f, 0x00,
    0x23, 0xa2, 0x18, 0x09, 0x06, 0x00, 0x00, 0x00, 0x18, 0x00, 0x00, 0x00,
    0x00, 0xca, 0x0f, 0x00, 0x02, 0x82, 0x1a, 0x00, 0x18, 0x00, 0x00, 0x00,
    0x00, 0x0f, 0x00, 0x00, 0x00, 0xe2, 0x1f, 0x08, 0x02, 0x82, 0x16, 0x00,
    0x18, 0x00, 0x00, 0x00, 0x00, 0x0f, 0x00, 0x00, 0x00, 0xe2, 0x0f, 0x08,
    0x02, 0x82, 0x0b, 0x00, 0x18, 0x00, 0x00, 0x00, 0x00, 0x0f, 0x00, 0x00,
    0x00, 0xe2, 0x0f, 0x00, 0x47, 0x89, 0x14, 0x00, 0x48, 0x00, 0x00, 0x00,
    0x00, 0x00, 0x80, 0x03, 0x00, 0xec, 0x0f, 0x00, 0x81, 0x79, 0x0b, 0x0e,
    0x0a, 0x0c, 0x00, 0x00, 0x00, 0x11, 0x1e, 0x0c, 0x00, 0xa2, 0x0e, 0x00,
    0x12, 0x78, 0x22, 0x1d, 0xff, 0xff, 0x00, 0x00, 0xff, 0xc0, 0x8e, 0x07,
    0x00, 0xe2, 0x0f, 0x00, 0x31, 0x74, 0x23, 0xff, 0x00, 0x00, 0x00, 0x00,
    0xff, 0x01, 0x00, 0x00, 0x00, 0xe2, 0x0f, 0x00, 0x02, 0x72, 0x11, 0x00,
    0xff, 0x00, 0x00, 0x00, 0x00, 0x0f, 0x00, 0x00, 0x00, 0xe2, 0x0f, 0x00,
    0x31, 0x74, 0x1b, 0xff, 0x00, 0x00, 0x00, 0x00, 0xff, 0x01, 0x00, 0x00,
    0x00, 0xe2, 0x0f, 0x00, 0x02, 0x72, 0x1f, 0x00, 0xff, 0x00, 0x00, 0x00,
    0x00, 0x0f, 0x00, 0x00, 0x00, 0xe2, 0x0f, 0x00, 0x19, 0x78, 0x10, 0xff,
    0x02, 0x00, 0x00, 0x00, 0x0b, 0x16, 0x01, 0x00, 0x00, 0xe4, 0x4f, 0x10,
    0x19, 0x78, 0x1a, 0xff, 0x04, 0x00, 0x00, 0x00, 0x0b, 0x16, 0x01, 0x00,
    0x00, 0xe4, 0x0f, 0x00, 0x12, 0x78, 0x10, 0x10, 0x03, 0x00, 0x00, 0x00,
    0xff, 0xc0, 0x8e, 0x07, 0x00, 0xc4, 0x0f, 0x00, 0x12, 0x78, 0x1a, 0x1a,
    0x03, 0x00, 0x00, 0x00, 0xff, 0xc0, 0x8e, 0x07, 0x00, 0xe4, 0x0f, 0x00,
    0x12, 0x78, 0x1e, 0x0b, 0xc0, 0x00, 0x00, 0x00, 0xff, 0xc0, 0x8e, 0x07,
    0x00, 0xe2, 0x0f, 0x00, 0x35, 0x72, 0x10, 0x22, 0x10, 0x00, 0x00, 0x00,
    0x00, 0x02, 0x8e, 0x07, 0x00, 0xe4, 0x0f, 0x04, 0x35, 0x72, 0x1a, 0x22,
    0x1a, 0x00, 0x00, 0x00, 0x00, 0x02, 0x8e, 0x07, 0x00, 0xc6, 0x0f, 0x00,
    0x19, 0x78, 0x1e, 0x1e, 0x06, 0x00, 0x00, 0x00, 0xff, 0x12, 0x00, 0x00,
    0x00, 0xe2, 0x0f, 0x00, 0x24, 0x72, 0x1d, 0x11, 0x05, 0x00, 0x00, 0x00,
    0xff, 0x02, 0x8e, 0x07, 0x00, 0xe4, 0x0f, 0x08, 0x25, 0x72, 0x10, 0x10,
    0x05, 0x00, 0x00, 0x00, 0x0c, 0x00, 0x8e, 0x07, 0x00, 0xe4, 0x0f, 0x00,
    0x35, 0x72, 0x1e, 0x22, 0x1e, 0x00, 0x00, 0x00, 0x00, 0x02, 0x8e, 0x07,
    0x00, 0xc6, 0x0f, 0x00, 0x35, 0x72, 0x11, 0x11, 0x1d, 0x00, 0x00, 0x00,
    0x00, 0x00, 0x8e, 0x07, 0x00, 0xe2, 0x0f, 0x00, 0x24, 0x72, 0x1d, 0x1b,
    0x05, 0x00, 0x00, 0x00, 0xff, 0x02, 0x8e, 0x07, 0x00, 0xe2, 0x0f, 0x08,
    0x11, 0x72, 0x20, 0x10, 0x12, 0x00, 0x00, 0x00, 0xff, 0x10, 0x80, 0x07,
    0x00, 0xe2, 0x0f, 0x00, 0x25, 0x72, 0x1a, 0x1a, 0x05, 0x00, 0x00, 0x00,
    0x0c, 0x00, 0x8e, 0x07, 0x00, 0xc6, 0x0f, 0x00, 0x11, 0x72, 0x21, 0x10,
    0x13, 0x00, 0x00, 0x00, 0x11, 0x14, 0x0f, 0x00, 0x00, 0xe2, 0x0f, 0x00,
    0x24, 0x72, 0x25, 0x1f, 0x05, 0x00, 0x00, 0x00, 0xff, 0x02, 0x8e, 0x07,
    0x00, 0xe2, 0x0f, 0x00, 0x35, 0x72, 0x1d, 0x1b, 0x1d, 0x00, 0x00, 0x00,
    0x00, 0x00, 0x8e, 0x07, 0x00, 0xe2, 0x0f, 0x00, 0x25, 0x72, 0x10, 0x1e,
    0x05, 0x00, 0x00, 0x00, 0x0c, 0x00, 0x8e, 0x07, 0x00, 0xe2, 0x0f, 0x00,
    0x11, 0x72, 0x1e, 0x1a, 0x12, 0x00, 0x00, 0x00, 0xff, 0x10, 0x80, 0x07,
    0x00, 0xe2, 0x0f, 0x0c, 0x81, 0x79, 0x20, 0x20, 0x0a, 0x00, 0x00, 0x00,
    0x00, 0x19, 0x1e, 0x0c, 0x00, 0x66, 0x01, 0x00, 0x11, 0x72, 0x1f, 0x1a,
    0x13, 0x00, 0x00, 0x00, 0x1d, 0x14, 0x0f, 0x00, 0x00, 0xe2, 0x0f, 0x00,
    0x35, 0x72, 0x11, 0x11, 0x25, 0x00, 0x00, 0x00, 0x00, 0x00, 0x8e, 0x07,
    0x00, 0xe2, 0x0f, 0x00, 0x11, 0x72, 0x1a, 0x10, 0x12, 0x00, 0x00, 0x00,
    0xff, 0x10, 0x80, 0x07, 0x00, 0xc6, 0x0f, 0x00, 0x81, 0x79, 0x1e, 0x1e,
    0x0a, 0x00, 0x00, 0x00, 0x00, 0x19, 0x1e, 0x0c, 0x00, 0x62, 0x01, 0x00,
    0x11, 0x72, 0x1b, 0x10, 0x13, 0x00, 0x00, 0x00, 0x11, 0x14, 0x0f, 0x00,
    0x00, 0xca, 0x0f, 0x00, 0x81, 0x79, 0x1a, 0x1a, 0x0a, 0x00, 0x00, 0x00,
    0x00, 0x19, 0x1e, 0x0c, 0x00, 0x62, 0x01, 0x00, 0x12, 0x78, 0x10, 0x0b,
    0x03, 0x00, 0x00, 0x00, 0xff, 0xc0, 0x8e, 0x07, 0x00, 0xe2, 0x0f, 0x00,
    0x31, 0x74, 0x11, 0xff, 0x00, 0x00, 0x00, 0x00, 0xff, 0x01, 0x00, 0x00,
    0x00, 0xe2, 0x0f, 0x00, 0x0c, 0x78, 0x00, 0x07, 0x13, 0x00, 0x00, 0x00,
    0x70, 0x42, 0xf4, 0x03, 0x00, 0xc8, 0x0f, 0x00, 0x35, 0x72, 0x10, 0x22,
    0x10, 0x00, 0x00, 0x00, 0x00, 0x02, 0x8e, 0x07, 0x00, 0xcc, 0x0f, 0x00,
    0x24, 0x72, 0x0b, 0x11, 0x05, 0x00, 0x00, 0x00, 0xff, 0x02, 0x8e, 0x07,
    0x00, 0xe4, 0x0f, 0x08, 0x25, 0x72, 0x10, 0x10, 0x05, 0x00, 0x00, 0x00,
    0x0c, 0x00, 0x8e, 0x07, 0x00, 0xe2, 0x0f, 0x00, 0x45, 0x79, 0x05, 0x00,
    0xe0, 0x11, 0x00, 0x00, 0x00, 0x02, 0x80, 0x03, 0x00, 0xe8, 0x0f, 0x00,
    0x35, 0x72, 0x05, 0x11, 0x0b, 0x00, 0x00, 0x00, 0x00, 0x00, 0x8e, 0x07,
    0x00, 0xe2, 0x0f, 0x00, 0x11, 0x72, 0x12, 0x10, 0x12, 0x00, 0x00, 0x00,
    0xff, 0x10, 0x80, 0x07, 0x00, 0xe2, 0x0f, 0x00, 0x02, 0x78, 0x14, 0x00,
    0x00, 0x00, 0x80, 0x3f, 0x00, 0x0f, 0x00, 0x00, 0x00, 0xc6, 0x0f, 0x00,
    0x11, 0x72, 0x13, 0x10, 0x13, 0x00, 0x00, 0x00, 0x05, 0x14, 0x0f, 0x00,
    0x00, 0xe2, 0x0f, 0x00, 0x47, 0x29, 0xa0, 0x00, 0x08, 0x00, 0x00, 0x00,
    0x00, 0x00, 0x80, 0x03, 0x00, 0xf0, 0x0f, 0x00, 0x0c, 0x78, 0x00, 0x07,
    0x0a, 0x00, 0x00, 0x00, 0x70, 0x42, 0xf0, 0x03, 0x00, 0xda, 0x0f, 0x00,
    0x47, 0x09, 0xe0, 0x00, 0x00, 0x00, 0x00, 0x00, 0x00, 0x00, 0x80, 0x03,
    0x00, 0xea, 0x0f, 0x00, 0x81, 0x79, 0x12, 0x12, 0x0a, 0x00, 0x00, 0x00,
    0x00, 0x19, 0x1e, 0x0c, 0x00, 0x62, 0x03, 0x00, 0x0c, 0x78, 0x00, 0x07,
    0x03, 0x00, 0x00, 0x00, 0x70, 0x42, 0xf0, 0x03, 0x00, 0xda, 0x0f, 0x00,
    0x47, 0x09, 0x30, 0x00, 0x00, 0x00, 0x00, 0x00, 0x00, 0x00, 0x80, 0x03,
    0x00, 0xea, 0x0f, 0x00, 0x0c, 0x78, 0x00, 0x07, 0x01, 0x00, 0x00, 0x00,
    0x70, 0x50, 0xf0, 0x03, 0x00, 0xe2, 0x0f, 0x00, 0x02, 0x72, 0x0b, 0x00,
    0x17, 0x00, 0x00, 0x00, 0x00, 0x0f, 0x00, 0x00, 0x00, 0xd8, 0x0f, 0x00,
    0x47, 0x89, 0x3c, 0x00, 0x10, 0x00, 0x00, 0x00, 0x00, 0x00, 0x80, 0x03,
    0x00, 0xea, 0x0f, 0x00, 0x0c, 0x78, 0x00, 0x07, 0x02, 0x00, 0x00, 0x00,
    0x70, 0x50, 0xf0, 0x03, 0x00, 0xda, 0x0f, 0x00, 0x47, 0x89, 0x14, 0x00,
    0x00, 0x00, 0x00, 0x00, 0x00, 0x00, 0x80, 0x03, 0x00, 0xea, 0x0f, 0x00,
    0x0c, 0x78, 0x00, 0x07, 0x03, 0x00, 0x00, 0x00, 0x70, 0x50, 0xf0, 0x03,
    0x00, 0xe2, 0x0f, 0x00, 0x31, 0x74, 0x0b, 0xff, 0x00, 0x00, 0x00, 0x00,
    0xff, 0x01, 0x00, 0x00, 0x00, 0xd8, 0x0f, 0x00, 0x47, 0x09, 0x28, 0x00,
    0x10, 0x00, 0x00, 0x00, 0x00, 0x00, 0x80, 0x03, 0x00, 0xea, 0x0f, 0x00,
    0x21, 0x72, 0x0b, 0x17, 0x1c, 0x00, 0x00, 0x80, 0x00, 0x00, 0x00, 0x00,
    0x00, 0xe2, 0x0f, 0x00, 0x47, 0x79, 0x20, 0x00, 0x10, 0x00, 0x00, 0x00,
    0x00, 0x00, 0x80, 0x03, 0x00, 0xec, 0x0f, 0x00, 0x21, 0x72, 0x0b, 0x17,
    0x1c, 0x00, 0x00, 0x00, 0x00, 0x00, 0x00, 0x00, 0x00, 0xe2, 0x0f, 0x00,
    0x47, 0x79, 0x18, 0x00, 0x10, 0x00, 0x00, 0x00, 0x00, 0x00, 0x80, 0x03,
    0x00, 0xec, 0x0f, 0x00, 0x0c, 0x78, 0x00, 0x07, 0x05, 0x00, 0x00, 0x00,
    0x70, 0x42, 0xf0, 0x03, 0x00, 0xda, 0x0f, 0x00, 0x47, 0x09, 0x74, 0x00,
    0x00, 0x00, 0x00, 0x00, 0x00, 0x00, 0x80, 0x03, 0x00, 0xea, 0x0f, 0x00,
    0x0c, 0x78, 0x00, 0x07, 0x04, 0x00, 0x00, 0x00, 0x70, 0x50, 0xf0, 0x03,
    0x00, 0xda, 0x0f, 0x00, 0x47, 0x89, 0x64, 0x00, 0x00, 0x00, 0x00, 0x00,
    0x00, 0x00, 0x80, 0x03, 0x00, 0xea, 0x0f, 0x00, 0x0c, 0x78, 0x00, 0x07,
    0x05, 0x00, 0x00, 0x00, 0x70, 0x50, 0xf0, 0x03, 0x00, 0xe2, 0x0f, 0x00,
    0x02, 0x72, 0x0b, 0x00, 0xff, 0x00, 0x00, 0x00, 0x00, 0x0f, 0x00, 0x00,
    0x00, 0xd8, 0x0f, 0x00, 0x47, 0x09, 0xfc, 0x00, 0x0c, 0x00, 0x00, 0x00,
    0x00, 0x00, 0x80, 0x03, 0x00, 0xea, 0x0f, 0x00, 0x0b, 0x78, 0x00, 0x1c,
    0x08, 0xe5, 0x3c, 0x1e, 0x00, 0xe2, 0xf0, 0x03, 0x00, 0xda, 0x0f, 0x00,
    0x0b, 0x82, 0x00, 0x1c, 0xff, 0x00, 0x00, 0x00, 0x00, 0xe0, 0xf2, 0x03,
    0x00, 0xe2, 0x0f, 0x00, 0x02, 0x88, 0x10, 0x00, 0xca, 0xf2, 0x49, 0x71,
    0x00, 0x0f, 0x00, 0x00, 0x00, 0xca, 0x0f, 0x00, 0x08, 0x88, 0x10, 0x10,
    0xca, 0xf2, 0x49, 0x71, 0x00, 0x01, 0x80, 0x04, 0x00, 0xca, 0x0f, 0x00,
    0x20, 0x82, 0x0b, 0x17, 0x10, 0x00, 0x00, 0x00, 0x00, 0x00, 0x40, 0x00,
    0x00, 0xe2, 0x0f, 0x00, 0x47, 0x89, 0xe4, 0x00, 0x0c, 0x00, 0x00, 0x00,
    0x00, 0x00, 0x80, 0x03, 0x00, 0xec, 0x0f, 0x00, 0x08, 0x73, 0x05, 0x00,
    0x1c, 0x00, 0x00, 0x00, 0x00, 0x10, 0x00, 0x00, 0x00, 0xa2, 0x0e, 0x00,
    0x45, 0x79, 0x08, 0x00, 0xc0, 0x00, 0x00, 0x00, 0x00, 0x02, 0x80, 0x03,
    0x00, 0xe2, 0x0f, 0x00, 0x02, 0x73, 0x00, 0x14, 0x1c, 0x00, 0x00, 0x00,
    0x00, 0x00, 0x00, 0x00, 0x00, 0xe2, 0x0e, 0x00, 0x23, 0x74, 0x10, 0x1c,
    0x00, 0x00, 0x80, 0x3f, 0x05, 0x01, 0x00, 0x00, 0x00, 0xc8, 0x4f, 0x00,
    0x23, 0x72, 0x05, 0x05, 0x10, 0x00, 0x00, 0x00, 0x05, 0x00, 0x00, 0x00,
    0x00, 0xc8, 0x0f, 0x00, 0x23, 0x78, 0x0b, 0x05, 0x00, 0x00, 0x80, 0x3f,
    0xff, 0x00, 0x00, 0x00, 0x00, 0xc8, 0x0f, 0x00, 0x23, 0x74, 0x10, 0x1c,
    0x00, 0x00, 0x80, 0x3f, 0x0b, 0x01, 0x00, 0x00, 0x00, 0xc8, 0x0f, 0x00,
    0x23, 0x72, 0x10, 0x05, 0x10, 0x00, 0x00, 0x00, 0x0b, 0x00, 0x00, 0x00,
    0x00, 0xe2, 0x0f, 0x00, 0x47, 0x89, 0x0c, 0x00, 0x00, 0x00, 0x00, 0x00,
    0x00, 0x00, 0x80, 0x03, 0x00, 0xec, 0x8f, 0x00, 0x02, 0x78, 0x10, 0x00,
    0xa0, 0x3c, 0x00, 0x00, 0x00, 0x0f, 0x00, 0x00, 0x00, 0xce, 0x0f, 0x00,
    0x44, 0x79, 0xb0, 0x00, 0x4c, 0x00, 0x00, 0x00, 0x00, 0x00, 0xc0, 0x03,
    0x00, 0xea, 0x3f, 0x02, 0x02, 0x72, 0x10, 0x00, 0x05, 0x00, 0x00, 0x00,
    0x00, 0x0f, 0x00, 0x00, 0x00, 0xce, 0x0f, 0x00, 0x18, 0x79, 0x00, 0x00,
    0x00, 0x00, 0x00, 0x00, 0x00, 0x00, 0x00, 0x00, 0x00, 0xe2, 0x0f, 0x00,
    0x41, 0x79, 0x08, 0x00, 0x00, 0x00, 0x00, 0x00, 0x00, 0x02, 0x80, 0x03,
    0x00, 0xea, 0x0f, 0x00, 0x20, 0x72, 0x0b, 0x17, 0x10, 0x00, 0x00, 0x00,
    0x00, 0x00, 0x40, 0x00, 0x00, 0xe2, 0x0f, 0x00, 0x47, 0x79, 0xa4, 0x00,
    0x0c, 0x00, 0x00, 0x00, 0x00, 0x00, 0x80, 0x03, 0x00, 0xec, 0x0f, 0x00,
    0x20, 0x72, 0x0b, 0x17, 0x1c, 0x00, 0x00, 0x00, 0x00, 0x00, 0x40, 0x00,
    0x00, 0xe2, 0x0f, 0x00, 0x47, 0x79, 0x9c, 0x00, 0x0c, 0x00, 0x00, 0x00,
    0x00, 0x00, 0x80, 0x03, 0x00, 0xec, 0x0f, 0x00, 0x0c, 0x78, 0x00, 0x07,
    0x06, 0x00, 0x00, 0x00, 0x70, 0x50, 0xf0, 0x03, 0x00, 0xda, 0x0f, 0x00,
    0x47, 0x89, 0x18, 0x00, 0x00, 0x00, 0x00, 0x00, 0x00, 0x00, 0x80, 0x03,
    0x00, 0xea, 0x0f, 0x00, 0x0c, 0x78, 0x00, 0x07, 0x0a, 0x00, 0x00, 0x00,
    0x70, 0x50, 0xf0, 0x03, 0x00, 0xe2, 0x0f, 0x00, 0x31, 0x74, 0x0b, 0xff,
    0x00, 0x00, 0x00, 0x00, 0xff, 0x01, 0x00, 0x00, 0x00, 0xd8, 0x0f, 0x00,
    0x47, 0x09, 0x88, 0x00, 0x0c, 0x00, 0x00, 0x00, 0x00, 0x00, 0x80, 0x03,
    0x00, 0xea, 0x0f, 0x00, 0x0b, 0x72, 0x00, 0x17, 0x1c, 0x00, 0x00, 0x00,
    0x00, 0xe0, 0xf0, 0x03, 0x00, 0xca, 0x0f, 0x00, 0x08, 0x72, 0x0b, 0x17,
    0x1c, 0x00, 0x00, 0x00, 0x00, 0x00, 0x00, 0x04, 0x00, 0xe2, 0x0f, 0x00,
    0x47, 0x79, 0x7c, 0x00, 0x0c, 0x00, 0x00, 0x00, 0x00, 0x00, 0x80, 0x03,
    0x00, 0xee, 0x0f, 0x00, 0x23, 0x72, 0x0b, 0x17, 0x1c, 0x00, 0x00, 0x00,
    0x12, 0x00, 0x00, 0x00, 0x00, 0xe2, 0x0f, 0x02, 0x47, 0x79, 0x74, 0x00,
    0x0c, 0x00, 0x00, 0x00, 0x00, 0x00, 0x80, 0x03, 0x00, 0xec, 0x0f, 0x00,
    0x0c, 0x78, 0x00, 0x07, 0x0f, 0x00, 0x00, 0x00, 0x70, 0x42, 0xf0, 0x03,
    0x00, 0xda, 0x0f, 0x00, 0x47, 0x09, 0x5c, 0x00, 0x04, 0x00, 0x00, 0x00,
    0x00, 0x00, 0x80, 0x03, 0x00, 0xea, 0x0f, 0x00, 0x0c, 0x78, 0x00, 0x07,
    0x0d, 0x00, 0x00, 0x00, 0x70, 0x42, 0xf0, 0x03, 0x00, 0xda, 0x0f, 0x00,
    0x47, 0x09, 0x74, 0x00, 0x00, 0x00, 0x00, 0x00, 0x00, 0x00, 0x80, 0x03,
    0x00, 0xea, 0x0f, 0x00, 0x0c, 0x78, 0x00, 0x07, 0x0b, 0x00, 0x00, 0x00,
    0x70, 0x50, 0xf0, 0x03, 0x00, 0xda, 0x0f, 0x00, 0x47, 0x89, 0x60, 0x00,
    0x00, 0x00, 0x00, 0x00, 0x00, 0x00, 0x80, 0x03, 0x00, 0xea, 0x0f, 0x00,
    0x0c, 0x78, 0x00, 0x07, 0x0d, 0x00, 0x00, 0x00, 0x70, 0x50, 0xf0, 0x03,
    0x00, 0xe2, 0x0f, 0x00, 0x02, 0x72, 0x0b, 0x00, 0xff, 0x00, 0x00, 0x00,
    0x00, 0x0f, 0x00, 0x00, 0x00, 0xd8, 0x0f, 0x00, 0x47, 0x09, 0x50, 0x00,
    0x0c, 0x00, 0x00, 0x00, 0x00, 0x00, 0x80, 0x03, 0x00, 0xea, 0x0f, 0x00,
    0x0b, 0x78, 0x00, 0x17, 0x08, 0xe5, 0x3c, 0x1e, 0x00, 0xe2, 0xf0, 0x03,
    0x00, 0xda, 0x0f, 0x00, 0x0b, 0x82, 0x00, 0x17, 0xff, 0x00, 0x00, 0x00,
    0x00, 0xe0, 0xf2, 0x03, 0x00, 0xe2, 0x0f, 0x00, 0x02, 0x88, 0x0b, 0x00,
    0xca, 0xf2, 0x49, 0x71, 0x00, 0x0f, 0x00, 0x00, 0x00, 0xca, 0x0f, 0x00,
    0x08, 0x88, 0x0b, 0x0b, 0xca, 0xf2, 0x49, 0x71, 0x00, 0x01, 0x80, 0x04,
    0x00, 0xe2, 0x0f, 0x00, 0x47, 0x89, 0x3c, 0x00, 0x0c, 0x00, 0x00, 0x00,
    0x00, 0x00, 0x80, 0x03, 0x00, 0xec, 0x0f, 0x00, 0x08, 0x73, 0x10, 0x00,
    0x17, 0x00, 0x00, 0x00, 0x00, 0x10, 0x00, 0x00, 0x00, 0x62, 0x0e, 0x00,
    0x45, 0x79, 0x08, 0x00, 0xd0, 0x00, 0x00, 0x00, 0x00, 0x02, 0x80, 0x03,
    0x00, 0xe2, 0x0f, 0x00, 0x02, 0x73, 0x00, 0x14, 0x17, 0x00, 0x00, 0x00,
    0x00, 0x00, 0x00, 0x00, 0x00, 0xa2, 0x0e, 0x00, 0x23, 0x74, 0x05, 0x17,
    0x00, 0x00, 0x80, 0x3f, 0x10, 0x01, 0x00, 0x00, 0x00, 0xc8, 0x2f, 0x00,
    0x23, 0x72, 0x05, 0x10, 0x05, 0x00, 0x00, 0x00, 0x10, 0x00, 0x00, 0x00,
    0x00, 0xc8, 0x0f, 0x00, 0x23, 0x78, 0x10, 0x05, 0x00, 0x00, 0x80, 0x3f,
    0xff, 0x00, 0x00, 0x00, 0x00, 0xc8, 0x0f, 0x00, 0x23, 0x74, 0x0b, 0x17,
    0x00, 0x00, 0x80, 0x3f, 0x10, 0x01, 0x00, 0x00, 0x00, 0xc8, 0x0f, 0x00,
    0x23, 0x72, 0x0b, 0x05, 0x0b, 0x00, 0x00, 0x00, 0x10, 0x00, 0x00, 0x00,
    0x00, 0xe2, 0x0f, 0x00, 0x47, 0x89, 0x10, 0x00, 0x00, 0x00, 0x00, 0x00,
    0x00, 0x00, 0x80, 0x03, 0x00, 0xec, 0x4f, 0x00, 0x02, 0x72, 0x1c, 0x00,
    0x17, 0x00, 0x00, 0x00, 0x00, 0x0f, 0x00, 0x00, 0x00, 0xe2, 0x0f, 0x00,
    0x02, 0x78, 0x10, 0x00, 0x50, 0x3f, 0x00, 0x00, 0x00, 0x0f, 0x00, 0x00,
    0x00, 0xce, 0x0f, 0x00, 0x44, 0x79, 0x04, 0x00, 0x4c, 0x00, 0x00, 0x00,
    0x00, 0x00, 0xc0, 0x03, 0x00, 0xea, 0x1f, 0x02, 0x02, 0x72, 0x0b, 0x00,
    0x05, 0x00, 0x00, 0x00, 0x00, 0x0f, 0x00, 0x00, 0x00, 0xce, 0x0f, 0x00,
    0x18, 0x79, 0x00, 0x00, 0x00, 0x00, 0x00, 0x00, 0x00, 0x00, 0x00, 0x00,
    0x00, 0xe2, 0x0f, 0x00, 0x41, 0x79, 0x08, 0x00, 0x00, 0x00, 0x00, 0x00,
    0x00, 0x02, 0x80, 0x03, 0x00, 0xea, 0x0f, 0x00, 0x47, 0x79, 0xfc, 0x00,
    0x08, 0x00, 0x00, 0x00, 0x00, 0x00, 0x80, 0x03, 0x00, 0xea, 0x0f, 0x00,
    0x0b, 0x72, 0x00, 0x17, 0x1c, 0x00, 0x00, 0x00, 0x00, 0x40, 0xf0, 0x03,
    0x00, 0xca, 0x0f, 0x00, 0x08, 0x72, 0x0b, 0x17, 0x1c, 0x00, 0x00, 0x00,
    0x00, 0x00, 0x00, 0x00, 0x00, 0xe2, 0x0f, 0x00, 0x47, 0x79, 0xf0, 0x00,
    0x08, 0x00, 0x00, 0x00, 0x00, 0x00, 0x80, 0x03, 0x00, 0xee, 0x0f, 0x00,
    0x0c, 0x78, 0x00, 0x07, 0x0e, 0x00, 0x00, 0x00, 0x70, 0x50, 0xf0, 0x03,
    0x00, 0xda, 0x0f, 0x00, 0x47, 0x89, 0x58, 0x00, 0x00, 0x00, 0x00, 0x00,
    0x00, 0x00, 0x80, 0x03, 0x00, 0xea, 0x0f, 0x00, 0x0c, 0x78, 0x00, 0x07,
    0x0f, 0x00, 0x00, 0x00, 0x70, 0x50, 0xf0, 0x03, 0x00, 0xe2, 0x0f, 0x00,
    0x31, 0x74, 0x0b, 0xff, 0x00, 0x00, 0x00, 0x00, 0xff, 0x01, 0x00, 0x00,
    0x00, 0xd8, 0x0f, 0x00, 0x47, 0x09, 0xdc, 0x00, 0x08, 0x00, 0x00, 0x00,
    0x00, 0x00, 0x80, 0x03, 0x00, 0xea, 0x0f, 0x00, 0x0b, 0x72, 0x00, 0x17,
    0xff, 0x00, 0x00, 0x00, 0x00, 0x40, 0xf0, 0x03, 0x00, 0xe2, 0x0f, 0x00,
    0x02, 0x72, 0x0b, 0x00, 0xff, 0x00, 0x00, 0x00, 0x00, 0x0f, 0x00, 0x00,
    0x00, 0xd8, 0x0f, 0x00, 0x47, 0x89, 0xd0, 0x00, 0x08, 0x00, 0x00, 0x00,
    0x00, 0x00, 0x80, 0x03, 0x00, 0xea, 0x0f, 0x00, 0x35, 0x78, 0x05, 0x17,
    0x00, 0x00, 0x00, 0xf3, 0x00, 0x00, 0x8e, 0x07, 0x00, 0xe2, 0x0f, 0x00,
    0x08, 0x73, 0x12, 0x00, 0x17, 0x00, 0x00, 0x00, 0x00, 0x14, 0x00, 0x00,
    0x00, 0xa2, 0x02, 0x00, 0x45, 0x79, 0x06, 0x00, 0xc0, 0x00, 0x00, 0x00,
    0x00, 0x02, 0x80, 0x03, 0x00, 0xe6, 0x0f, 0x00, 0x0c, 0x78, 0x00, 0x05,
    0xff, 0xff, 0x7f, 0x72, 0x70, 0x40, 0xf0, 0x03, 0x00, 0xda, 0x0f, 0x00,
    0x47, 0x89, 0x10, 0x00, 0x00, 0x00, 0x00, 0x00, 0x00, 0x00, 0x80, 0x03,
    0x00, 0xea, 0x0f, 0x00, 0x02, 0x78, 0x1b, 0x00, 0xb0, 0x40, 0x00, 0x00,
    0x00, 0x0f, 0x00, 0x00, 0x00, 0xce, 0x1f, 0x00, 0x44, 0x79, 0x50, 0x00,
    0x48, 0x00, 0x00, 0x00, 0x00, 0x00, 0xc0, 0x03, 0x00, 0xea, 0x6f, 0x02,
    0x02, 0x72, 0x0b, 0x00, 0x1c, 0x00, 0x00, 0x00, 0x00, 0x0f, 0x00, 0x00,
    0x00, 0xe2, 0x0f, 0x00, 0x47, 0x79, 0x10, 0x00, 0x00, 0x00, 0x00, 0x00,
    0x00, 0x00, 0x80, 0x03, 0x00, 0xec, 0x0f, 0x00, 0x20, 0x72, 0x10, 0x17,
    0x12, 0x00, 0x00, 0x00, 0x00, 0x00, 0x41, 0x00, 0x00, 0xe2, 0x4f, 0x00,
    0x20, 0x78, 0x05, 0x12, 0x00, 0x00, 0x00, 0x3f, 0x00, 0x00, 0x41, 0x00,
    0x00, 0xc6, 0x0f, 0x00, 0x23, 0x72, 0x0b, 0x10, 0x10, 0x00, 0x00, 0x00,
    0x17, 0x01, 0x00, 0x00, 0x00, 0xc8, 0x0f, 0x00, 0x23, 0x72, 0x0b, 0x0b,
    0x05, 0x00, 0x00, 0x00, 0x10, 0x00, 0x00, 0x00, 0x00, 0xce, 0x0f, 0x00,
    0x18, 0x79, 0x00, 0x00, 0x00, 0x00, 0x00, 0x00, 0x00, 0x00, 0x00, 0x00,
    0x00, 0xe2, 0x0f, 0x00, 0x41, 0x79, 0x06, 0x00, 0x00, 0x00, 0x00, 0x00,
    0x00, 0x02, 0x80, 0x03, 0x00, 0xea, 0x0f, 0x00, 0x47, 0x79, 0x90, 0x00,
    0x08, 0x00, 0x00, 0x00, 0x00, 0x00, 0x80, 0x03, 0x00, 0xea, 0x0f, 0x00,
    0x0b, 0x72, 0x00, 0x17, 0xff, 0x00, 0x00, 0x00, 0x00, 0x40, 0xf0, 0x03,
    0x00, 0xe2, 0x0f, 0x00, 0x31, 0x74, 0x0b, 0xff, 0xca, 0xf2, 0x49, 0x71,
    0xff, 0x01, 0x00, 0x00, 0x00, 0xd8, 0x0f, 0x00, 0x47, 0x89, 0x84, 0x00,
    0x08, 0x00, 0x00, 0x00, 0x00, 0x00, 0x80, 0x03, 0x00, 0xea, 0x0f, 0x00,
    0x35, 0x78, 0x05, 0x17, 0x00, 0x00, 0x00, 0xf3, 0x00, 0x00, 0x8e, 0x07,
    0x00, 0xe2, 0x0f, 0x00, 0x08, 0x73, 0x10, 0x00, 0x17, 0x00, 0x00, 0x00,
    0x00, 0x14, 0x00, 0x00, 0x00, 0xa2, 0x02, 0x00, 0x45, 0x79, 0x06, 0x00,
    0xb0, 0x00, 0x00, 0x00, 0x00, 0x02, 0x80, 0x03, 0x00, 0xe6, 0x0f, 0x00,
    0x0c, 0x78, 0x00, 0x05, 0xff, 0xff, 0x7f, 0x72, 0x70, 0x40, 0xf0, 0x03,
    0x00, 0xda, 0x0f, 0x00, 0x47, 0x89, 0x0c, 0x00, 0x00, 0x00, 0x00, 0x00,
    0x00, 0x00, 0x80, 0x03, 0x00, 0xea, 0x0f, 0x00, 0x02, 0x78, 0x1b, 0x00,
    0xe0, 0x41, 0x00, 0x00, 0x00, 0x0f, 0x00, 0x00, 0x00, 0xce, 0x1f, 0x00,
    0x44, 0x79, 0x04, 0x00, 0x48, 0x00, 0x00, 0x00, 0x00, 0x00, 0xc0, 0x03,
    0x00, 0xea, 0x6f, 0x02, 0x47, 0x79, 0x10, 0x00, 0x00, 0x00, 0x00, 0x00,
    0x00, 0x00, 0x80, 0x03, 0x00, 0xea, 0x0f, 0x00, 0x20, 0x72, 0x1c, 0x17,
    0x10, 0x00, 0x00, 0x00, 0x00, 0x00, 0x41, 0x00, 0x00, 0xe2, 0x4f, 0x00,
    0x20, 0x78, 0x05, 0x10, 0x00, 0x00, 0x00, 0x3f, 0x00, 0x00, 0x41, 0x00,
    0x00, 0xc6, 0x0f, 0x00, 0x23, 0x72, 0x17, 0x1c, 0x1c, 0x00, 0x00, 0x00,
    0x17, 0x01, 0x00, 0x00, 0x00, 0xc8, 0x2f, 0x00, 0x23, 0x72, 0x1c, 0x17,
    0x05, 0x00, 0x00, 0x00, 0x1c, 0x00, 0x00, 0x00, 0x00, 0xce, 0x0f, 0x00,
    0x18, 0x79, 0x00, 0x00, 0x00, 0x00, 0x00, 0x00, 0x00, 0x00, 0x00, 0x00,
    0x00, 0xe2, 0x0f, 0x00, 0x41, 0x79, 0x06, 0x00, 0x00, 0x00, 0x00, 0x00,
    0x00, 0x02, 0x80, 0x03, 0x00, 0xea, 0x0f, 0x00, 0x08, 0x73, 0x05, 0x00,
    0x1c, 0x00, 0x00, 0x00, 0x00, 0x10, 0x00, 0x00, 0x00, 0x62, 0x0e, 0x00,
    0x45, 0x79, 0x08, 0x00, 0xc0, 0x00, 0x00, 0x00, 0x00, 0x02, 0x80, 0x03,
    0x00, 0xe2, 0x0f, 0x00, 0x02, 0x73, 0x00, 0x14, 0x1c, 0x00, 0x00, 0x00,
    0x00, 0x00, 0x00, 0x00, 0x00, 0xa2, 0x0e, 0x00, 0x23, 0x74, 0x10, 0x05,
    0x00, 0x00, 0x80, 0x3f, 0x1c, 0x08, 0x00, 0x00, 0x00, 0xc8, 0x2f, 0x00,
    0x23, 0x72, 0x05, 0x05, 0x10, 0x00, 0x00, 0x00, 0x05, 0x00, 0x00, 0x00,
    0x00, 0xc8, 0x0f, 0x00, 0x23, 0x78, 0x0b, 0x05, 0x00, 0x00, 0x80, 0x3f,
    0xff, 0x00, 0x00, 0x00, 0x00, 0xc8, 0x0f, 0x00, 0x23, 0x74, 0x10, 0x0b,
    0x00, 0x00, 0x80, 0x3f, 0x1c, 0x08, 0x00, 0x00, 0x00, 0xc8, 0x0f, 0x00,
    0x23, 0x72, 0x0b, 0x05, 0x10, 0x00, 0x00, 0x00, 0x0b, 0x00, 0x00, 0x00,
    0x00, 0xe2, 0x0f, 0x00, 0x47, 0x89, 0x0c, 0x00, 0x00, 0x00, 0x00, 0x00,
    0x00, 0x00, 0x80, 0x03, 0x00, 0xec, 0x4f, 0x00, 0x02, 0x78, 0x10, 0x00,
    0x00, 0x43, 0x00, 0x00, 0x00, 0x0f, 0x00, 0x00, 0x00, 0xce, 0x0f, 0x00,
    0x44, 0x79, 0x18, 0x00, 0x48, 0x00, 0x00, 0x00, 0x00, 0x00, 0xc0, 0x03,
    0x00, 0xea, 0x1f, 0x02, 0x02, 0x72, 0x0b, 0x00, 0x05, 0x00, 0x00, 0x00,
    0x00, 0x0f, 0x00, 0x00, 0x00, 0xce, 0x0f, 0x00, 0x18, 0x79, 0x00, 0x00,
    0x00, 0x00, 0x00, 0x00, 0x00, 0x00, 0x00, 0x00, 0x00, 0xe2, 0x0f, 0x00,
    0x41, 0x79, 0x08, 0x00, 0x00, 0x00, 0x00, 0x00, 0x00, 0x02, 0x80, 0x03,
    0x00, 0xea, 0x0f, 0x00, 0x47, 0x79, 0x10, 0x00, 0x08, 0x00, 0x00, 0x00,
    0x00, 0x00, 0x80, 0x03, 0x00, 0xea, 0x0f, 0x00, 0x0c, 0x78, 0x00, 0x07,
    0x11, 0x00, 0x00, 0x00, 0x70, 0x42, 0xf0, 0x03, 0x00, 0xda, 0x0f, 0x00,
    0x47, 0x09, 0x24, 0x00, 0x00, 0x00, 0x00, 0x00, 0x00, 0x00, 0x80, 0x03,
    0x00, 0xea, 0x0f, 0x00, 0x0c, 0x78, 0x00, 0x07, 0x10, 0x00, 0x00, 0x00,
    0x70, 0x50, 0xf0, 0x03, 0x00, 0xda, 0x0f, 0x00, 0x47, 0x89, 0x14, 0x00,
    0x00, 0x00, 0x00, 0x00, 0x00, 0x00, 0x80, 0x03, 0x00, 0xea, 0x0f, 0x00,
    0x0c, 0x78, 0x00, 0x07, 0x11, 0x00, 0x00, 0x00, 0x70, 0x50, 0xf0, 0x03,
    0x00, 0xe2, 0x0f, 0x00, 0x31, 0x74, 0x0b, 0xff, 0x00, 0x00, 0x00, 0x00,
    0xff, 0x01, 0x00, 0x00, 0x00, 0xd8, 0x0f, 0x00, 0x47, 0x09, 0xf4, 0x00,
    0x04, 0x00, 0x00, 0x00, 0x00, 0x00, 0x80, 0x03, 0x00, 0xea, 0x0f, 0x00,
    0x21, 0x72, 0x0b, 0x17, 0xff, 0x00, 0x00, 0x80, 0x00, 0x01, 0x00, 0x00,
    0x00, 0xe2, 0x0f, 0x00, 0x47, 0x79, 0xec, 0x00, 0x04, 0x00, 0x00, 0x00,
    0x00, 0x00, 0x80, 0x03, 0x00, 0xec, 0x0f, 0x00, 0x21, 0x72, 0x0b, 0x17,
    0xff, 0x00, 0x00, 0x80, 0x00, 0x02, 0x00, 0x00, 0x00, 0xe2, 0x0f, 0x00,
    0x47, 0x79, 0xe4, 0x00, 0x04, 0x00, 0x00, 0x00, 0x00, 0x00, 0x80, 0x03,
    0x00, 0xec, 0x0f, 0x00, 0x0c, 0x78, 0x00, 0x07, 0x12, 0x00, 0x00, 0x00,
    0x70, 0x50, 0xf0, 0x03, 0x00, 0xda, 0x0f, 0x00, 0x47, 0x89, 0x18, 0x00,
    0x00, 0x00, 0x00, 0x00, 0x00, 0x00, 0x80, 0x03, 0x00, 0xea, 0x0f, 0x00,
    0x0c, 0x78, 0x00, 0x07, 0x13, 0x00, 0x00, 0x00, 0x70, 0x50, 0xf0, 0x03,
    0x00, 0xe2, 0x0f, 0x00, 0x02, 0x72, 0x0b, 0x00, 0xff, 0x00, 0x00, 0x00,
    0x00, 0x0f, 0x00, 0x00, 0x00, 0xd8, 0x0f, 0x00, 0x47, 0x09, 0xd0, 0x00,
    0x04, 0x00, 0x00, 0x00, 0x00, 0x00, 0x80, 0x03, 0x00, 0xea, 0x0f, 0x00,
    0x07, 0x73, 0x10, 0x00, 0x17, 0x00, 0x00, 0x00, 0x00, 0x50, 0x20, 0x00,
    0x00, 0x64, 0x0e, 0x00, 0x21, 0x72, 0x0b, 0x17, 0x10, 0x00, 0x00, 0x80,
    0x00, 0x00, 0x00, 0x00, 0x00, 0xe2, 0x2f, 0x00, 0x47, 0x79, 0xc4, 0x00,
    0x04, 0x00, 0x00, 0x00, 0x00, 0x00, 0x80, 0x03, 0x00, 0xec, 0x0f, 0x00,
    0x07, 0x73, 0x0b, 0x00, 0x17, 0x00, 0x00, 0x00, 0x00, 0x50, 0x20, 0x00,
    0x00, 0x22, 0x07, 0x00, 0x47, 0x79, 0xbc, 0x00, 0x04, 0x00, 0x00, 0x00,
    0x00, 0x00, 0x80, 0x03, 0x00, 0xea, 0x0f, 0x00, 0x0c, 0x78, 0x00, 0x07,
    0x1a, 0x00, 0x00, 0x00, 0x70, 0x42, 0xf0, 0x03, 0x00, 0xda, 0x0f, 0x00,
    0x47, 0x09, 0x00, 0x00, 0x04, 0x00, 0x00, 0x00, 0x00, 0x00, 0x80, 0x03,
    0x00, 0xea, 0x0f, 0x00, 0x0c, 0x78, 0x00, 0x07, 0x16, 0x00, 0x00, 0x00,
    0x70, 0x42, 0xf0, 0x03, 0x00, 0xda, 0x0f, 0x00, 0x47, 0x09, 0x4c, 0x00,
    0x00, 0x00, 0x00, 0x00, 0x00, 0x00, 0x80, 0x03, 0x00, 0xea, 0x0f, 0x00,
    0x0c, 0x78, 0x00, 0x07, 0x14, 0x00, 0x00, 0x00, 0x70, 0x50, 0xf0, 0x03,
    0x00, 0xda, 0x0f, 0x00, 0x47, 0x89, 0x2c, 0x00, 0x00, 0x00, 0x00, 0x00,
    0x00, 0x00, 0x80, 0x03, 0x00, 0xea, 0x0f, 0x00, 0x0c, 0x78, 0x00, 0x07,
    0x15, 0x00, 0x00, 0x00, 0x70, 0x50, 0xf0, 0x03, 0x00, 0xda, 0x0f, 0x00,
    0x47, 0x89, 0x18, 0x00, 0x00, 0x00, 0x00, 0x00, 0x00, 0x00, 0x80, 0x03,
    0x00, 0xea, 0x0f, 0x00, 0x0c, 0x78, 0x00, 0x07, 0x16, 0x00, 0x00, 0x00,
    0x70, 0x50, 0xf0, 0x03, 0x00, 0xe2, 0x0f, 0x00, 0x31, 0x74, 0x0b, 0xff,
    0x00, 0x00, 0x00, 0x00, 0xff, 0x01, 0x00, 0x00, 0x00, 0xd8, 0x0f, 0x00,
    0x47, 0x09, 0x90, 0x00, 0x04, 0x00, 0x00, 0x00, 0x00, 0x00, 0x80, 0x03,
    0x00, 0xea, 0x0f, 0x00, 0x20, 0x78, 0x0b, 0x17, 0x83, 0xf9, 0x22, 0x3e,
    0x00, 0xc0, 0x40, 0x00, 0x00, 0xcc, 0x0f, 0x00, 0x08, 0x73, 0x0b, 0x00,
    0x0b, 0x00, 0x00, 0x00, 0x00, 0x00, 0x00, 0x00, 0x00, 0xa2, 0x0e, 0x00,
    0x47, 0x79, 0x84, 0x00, 0x04, 0x00, 0x00, 0x00, 0x00, 0x00, 0x80, 0x03,
    0x00, 0xea, 0x0f, 0x00, 0x20, 0x78, 0x0b, 0x17, 0x83, 0xf9, 0x22, 0x3e,
    0x00, 0xc0, 0x40, 0x00, 0x00, 0xcc, 0x0f, 0x00, 0x08, 0x73, 0x0b, 0x00,
    0x0b, 0x00, 0x00, 0x00, 0x00, 0x04, 0x00, 0x00, 0x00, 0x62, 0x0e, 0x00,
    0x47, 0x79, 0x78, 0x00, 0x04, 0x00, 0x00, 0x00, 0x00, 0x00, 0x80, 0x03,
    0x00, 0xea, 0x0f, 0x00, 0x0b, 0x72, 0x00, 0x17, 0xff, 0x00, 0x00, 0x00,
    0x00, 0x10, 0xf0, 0x03, 0x00, 0xca, 0x0f, 0x00, 0x07, 0x78, 0x0b, 0xff,
    0xff, 0xff, 0xff, 0xff, 0x00, 0x00, 0x00, 0x04, 0x00, 0xe2, 0x0f, 0x00,
    0x0b, 0x72, 0x00, 0x17, 0xff, 0x00, 0x00, 0x00, 0x00, 0x40, 0xf0, 0x03,
    0x00, 0xc8, 0x0f, 0x00, 0x45, 0x72, 0x0b, 0x00, 0x0b, 0x00, 0x00, 0x00,
    0x00, 0x14, 0x20, 0x00, 0x00, 0xca, 0x0f, 0x00, 0x08, 0x78, 0x0b, 0x0b,
    0x00, 0x00, 0x80, 0x3f, 0x00, 0x00, 0x00, 0x04, 0x00, 0xe2, 0x0f, 0x00,
    0x47, 0x79, 0x60, 0x00, 0x04, 0x00, 0x00, 0x00, 0x00, 0x00, 0x80, 0x03,
    0x00, 0xec, 0x0f, 0x00, 0x0c, 0x78, 0x00, 0x07, 0x18, 0x00, 0x00, 0x00,
    0x70, 0x42, 0xf0, 0x03, 0x00, 0xda, 0x0f, 0x00, 0x47, 0x09, 0x64, 0x00,
    0x00, 0x00, 0x00, 0x00, 0x00, 0x00, 0x80, 0x03, 0x00, 0xea, 0x0f, 0x00,
    0x0c, 0x78, 0x00, 0x07, 0x17, 0x00, 0x00, 0x00, 0x70, 0x50, 0xf0, 0x03,
    0x00, 0xda, 0x0f, 0x00, 0x47, 0x89, 0x24, 0x00, 0x00, 0x00, 0x00, 0x00,
    0x00, 0x00, 0x80, 0x03, 0x00, 0xea, 0x0f, 0x00, 0x0c, 0x78, 0x00, 0x07,
    0x18, 0x00, 0x00, 0x00, 0x70, 0x50, 0xf0, 0x03, 0x00, 0xe2, 0x0f, 0x00,
    0x02, 0x72, 0x0b, 0x00, 0xff, 0x00, 0x00, 0x00, 0x00, 0x0f, 0x00, 0x00,
    0x00, 0xd8, 0x0f, 0x00, 0x47, 0x09, 0x44, 0x00, 0x04, 0x00, 0x00, 0x00,
    0x00, 0x00, 0x80, 0x03, 0x00, 0xea, 0x0f, 0x00, 0x0b, 0x78, 0x00, 0x17,
    0x00, 0x00, 0xfc, 0xc2, 0x00, 0xe0, 0xf0, 0x03, 0x00, 0xe2, 0x0f, 0x04,
    0x20, 0x78, 0x10, 0x17, 0x00, 0x00, 0x00, 0x3f, 0x00, 0x00, 0x40, 0x00,
    0x00, 0xca, 0x0f, 0x00, 0x08, 0x72, 0x10, 0x10, 0x17, 0x00, 0x00, 0x00,
    0x00, 0x00, 0x00, 0x04, 0x00, 0xc8, 0x0f, 0x00, 0x08, 0x73, 0x0b, 0x00,
    0x10, 0x00, 0x00, 0x00, 0x00, 0x08, 0x00, 0x00, 0x00, 0x66, 0x0e, 0x00,
    0x20, 0x82, 0x0b, 0x0b, 0x0b, 0x00, 0x00, 0x00, 0x00, 0x00, 0x40, 0x00,
    0x00, 0xe2, 0x2f, 0x00, 0x47, 0x79, 0x2c, 0x00, 0x04, 0x00, 0x00, 0x00,
    0x00, 0x00, 0x80, 0x03, 0x00, 0xec, 0x0f, 0x00, 0x0b, 0x72, 0x00, 0x17,
    0xff, 0x00, 0x00, 0x00, 0x00, 0x40, 0xf0, 0x03, 0x00, 0xe2, 0x0f, 0x00,
    0x31, 0x74, 0x0b, 0xff, 0x00, 0x00, 0x00, 0x00, 0xff, 0x01, 0x00, 0x00,
    0x00, 0xd8, 0x0f, 0x00, 0x47, 0x89, 0x20, 0x00, 0x04, 0x00, 0x00, 0x00,
    0x00, 0x00, 0x80, 0x03, 0x00, 0xea, 0x0f, 0x00, 0x0b, 0x78, 0x00, 0x17,
    0x00, 0x00, 0x80, 0x00, 0x00, 0xe2, 0xf0, 0x03, 0x00, 0xe2, 0x0f, 0x04,
    0x20, 0x78, 0x10, 0x17, 0x00, 0x00, 0x80, 0x4b, 0x00, 0x00, 0x40, 0x00,
    0x00, 0xca, 0x0f, 0x00, 0x08, 0x72, 0x10, 0x10, 0x17, 0x00, 0x00, 0x00,
    0x00, 0x00, 0x00, 0x04, 0x00, 0xc8, 0x0f, 0x00, 0x08, 0x73, 0x05, 0x00,
    0x10, 0x00, 0x00, 0x00, 0x00, 0x0c, 0x00, 0x00, 0x00, 0x66, 0x0e, 0x00,
    0x21, 0x84, 0x05, 0x05, 0x00, 0x00, 0xc0, 0xc1, 0x00, 0x00, 0x00, 0x00,
    0x00, 0xc8, 0x2f, 0x00, 0x20, 0x72, 0x05, 0x1c, 0x05, 0x00, 0x00, 0x00,
    0x00, 0x00, 0x40, 0x00, 0x00, 0xca, 0x0f, 0x00, 0x0b, 0x78, 0x00, 0x05,
    0x00, 0x00, 0xfc, 0xc2, 0x00, 0xe0, 0xf0, 0x03, 0x00, 0xda, 0x0f, 0x00,
    0x20, 0x88, 0x05, 0x05, 0x00, 0x00, 0x00, 0x3f, 0x00, 0x00, 0x40, 0x00,
    0x00, 0xc8, 0x0f, 0x00, 0x08, 0x73, 0x0b, 0x00, 0x05, 0x00, 0x00, 0x00,
    0x00, 0x08, 0x00, 0x00, 0x00, 0x64, 0x0e, 0x00, 0x20, 0x82, 0x0b, 0x0b,
    0x0b, 0x00, 0x00, 0x00, 0x00, 0x00, 0x40, 0x00, 0x00, 0xe2, 0x2f, 0x00,
    0x47, 0x79, 0xf4, 0x00, 0x00, 0x00, 0x00, 0x00, 0x00, 0x00, 0x80, 0x03,
    0x00, 0xec, 0x0f, 0x00, 0x0c, 0x78, 0x00, 0x07, 0x19, 0x00, 0x00, 0x00,
    0x70, 0x50, 0xf0, 0x03, 0x00, 0xda, 0x0f, 0x00, 0x47, 0x89, 0x14, 0x00,
    0x00, 0x00, 0x00, 0x00, 0x00, 0x00, 0x80, 0x03, 0x00, 0xea, 0x0f, 0x00,
    0x0c, 0x78, 0x00, 0x07, 0x1a, 0x00, 0x00, 0x00, 0x70, 0x50, 0xf0, 0x03,
    0x00, 0xe2, 0x0f, 0x00, 0x02, 0x72, 0x0b, 0x00, 0xff, 0x00, 0x00, 0x00,
    0x00, 0x0f, 0x00, 0x00, 0x00, 0xd8, 0x0f, 0x00, 0x47, 0x09, 0xe0, 0x00,
    0x00, 0x00, 0x00, 0x00, 0x00, 0x00, 0x80, 0x03, 0x00, 0xea, 0x0f, 0x00,
    0x0a, 0x72, 0x0b, 0x17, 0x1c, 0x00, 0x00, 0x00, 0x00, 0x10, 0x80, 0x03,
    0x00, 0xe2, 0x0f, 0x00, 0x47, 0x79, 0xd8, 0x00, 0x00, 0x00, 0x00, 0x00,
    0x00, 0x00, 0x80, 0x03, 0x00, 0xec, 0x0f, 0x00, 0x0b, 0x72, 0x00, 0x17,
    0xff, 0x00, 0x00, 0x00, 0x00, 0x40, 0xf0, 0x03, 0x00, 0xe2, 0x0f, 0x00,
    0x31, 0x74, 0x0b, 0xff, 0xca, 0xf2, 0x49, 0xf1, 0xff, 0x01, 0x00, 0x00,
    0x00, 0xd8, 0x0f, 0x00, 0x47, 0x89, 0xcc, 0x00, 0x00, 0x00, 0x00, 0x00,
    0x00, 0x00, 0x80, 0x03, 0x00, 0xea, 0x0f, 0x00, 0x0b, 0x78, 0x00, 0x17,
    0x00, 0x00, 0x80, 0x00, 0x00, 0xe2, 0xf0, 0x03, 0x00, 0xe2, 0x0f, 0x04,
    0x20, 0x78, 0x10, 0x17, 0x00, 0x00, 0x80, 0x4b, 0x00, 0x00, 0x40, 0x00,
    0x00, 0xca, 0x0f, 0x00, 0x08, 0x72, 0x10, 0x10, 0x17, 0x00, 0x00, 0x00,
    0x00, 0x00, 0x00, 0x04, 0x00, 0xc8, 0x0f, 0x00, 0x08, 0x73, 0x0b, 0x00,
    0x10, 0x00, 0x00, 0x00, 0x00, 0x0c, 0x00, 0x00, 0x00, 0x66, 0x0e, 0x00,
    0x21, 0x84, 0x0b, 0x0b, 0x00, 0x00, 0xc0, 0xc1, 0x00, 0x00, 0x00, 0x00,
    0x00, 0xe2, 0x2f, 0x00, 0x47, 0x79, 0xb4, 0x00, 0x00, 0x00, 0x00, 0x00,
    0x00, 0x00, 0x80, 0x03, 0x00, 0xec, 0x0f, 0x00, 0x0c, 0x78, 0x00, 0x07,
    0x1e, 0x00, 0x00, 0x00, 0x70, 0x42, 0xf0, 0x03, 0x00, 0xda, 0x0f, 0x00,
    0x47, 0x09, 0x50, 0x00, 0x00, 0x00, 0x00, 0x00, 0x00, 0x00, 0x80, 0x03,
    0x00, 0xea, 0x0f, 0x00, 0x0c, 0x78, 0x00, 0x07, 0x1c, 0x00, 0x00, 0x00,
    0x70, 0x42, 0xf0, 0x03, 0x00, 0xda, 0x0f, 0x00, 0x47, 0x09, 0x24, 0x00,
    0x00, 0x00, 0x00, 0x00, 0x00, 0x00, 0x80, 0x03, 0x00, 0xea, 0x0f, 0x00,
    0x0c, 0x78, 0x00, 0x07, 0x1b, 0x00, 0x00, 0x00, 0x70, 0x50, 0xf0, 0x03,
    0x00, 0xda, 0x0f, 0x00, 0x47, 0x89, 0x14, 0x00, 0x00, 0x00, 0x00, 0x00,
    0x00, 0x00, 0x80, 0x03, 0x00, 0xea, 0x0f, 0x00, 0x0c, 0x78, 0x00, 0x07,
    0x1c, 0x00, 0x00, 0x00, 0x70, 0x50, 0xf0, 0x03, 0x00, 0xe2, 0x0f, 0x00,
    0x02, 0x72, 0x0b, 0x00, 0xff, 0x00, 0x00, 0x00, 0x00, 0x0f, 0x00, 0x00,
    0x00, 0xd8, 0x0f, 0x00, 0x47, 0x09, 0x90, 0x00, 0x00, 0x00, 0x00, 0x00,
    0x00, 0x00, 0x80, 0x03, 0x00, 0xea, 0x0f, 0x00, 0x0a, 0x72, 0x0b, 0x17,
    0x1c, 0x00, 0x00, 0x00, 0x00, 0x40, 0x80, 0x03, 0x00, 0xe2, 0x0f, 0x00,
    0x47, 0x79, 0x88, 0x00, 0x00, 0x00, 0x00, 0x00, 0x00, 0x00, 0x80, 0x03,
    0x00, 0xec, 0x0f, 0x00, 0x0a, 0x72, 0x0b, 0x17, 0x1c, 0x00, 0x00, 0x00,
    0x00, 0x30, 0x80, 0x03, 0x00, 0xe2, 0x0f, 0x00, 0x47, 0x79, 0x80, 0x00,
    0x00, 0x00, 0x00, 0x00, 0x00, 0x00, 0x80, 0x03, 0x00, 0xec, 0x0f, 0x00,
    0x0c, 0x78, 0x00, 0x07, 0x1d, 0x00, 0x00, 0x00, 0x70, 0x50, 0xf0, 0x03,
    0x00, 0xda, 0x0f, 0x00, 0x47, 0x89, 0x14, 0x00, 0x00, 0x00, 0x00, 0x00,
    0x00, 0x00, 0x80, 0x03, 0x00, 0xea, 0x0f, 0x00, 0x0c, 0x78, 0x00, 0x07,
    0x1e, 0x00, 0x00, 0x00, 0x70, 0x50, 0xf0, 0x03, 0x00, 0xe2, 0x0f, 0x00,
    0x31, 0x74, 0x0b, 0xff, 0x00, 0x00, 0x00, 0x00, 0xff, 0x01, 0x00, 0x00,
    0x00, 0xd8, 0x0f, 0x00, 0x47, 0x09, 0x6c, 0x00, 0x00, 0x00, 0x00, 0x00,
    0x00, 0x00, 0x80, 0x03, 0x00, 0xea, 0x0f, 0x00, 0x0a, 0x72, 0x0b, 0x17,
    0x1c, 0x00, 0x00, 0x00, 0x00, 0x20, 0x80, 0x03, 0x00, 0xe2, 0x0f, 0x00,
    0x47, 0x79, 0x64, 0x00, 0x00, 0x00, 0x00, 0x00, 0x00, 0x00, 0x80, 0x03,
    0x00, 0xec, 0x0f, 0x00, 0x0a, 0x72, 0x0b, 0x17, 0x1c, 0x00, 0x00, 0x00,
    0x00, 0x60, 0x80, 0x03, 0x00, 0xe2, 0x0f, 0x00, 0x47, 0x79, 0x5c, 0x00,
    0x00, 0x00, 0x00, 0x00, 0x00, 0x00, 0x80, 0x03, 0x00, 0xec, 0x0f, 0x00,
    0x0c, 0x78, 0x00, 0x07, 0x20, 0x00, 0x00, 0x00, 0x70, 0x42, 0xf0, 0x03,
    0x00, 0xda, 0x0f, 0x00, 0x47, 0x09, 0x2c, 0x00, 0x00, 0x00, 0x00, 0x00,
    0x00, 0x00, 0x80, 0x03, 0x00, 0xea, 0x0f, 0x00, 0x0c, 0x78, 0x00, 0x07,
    0x1f, 0x00, 0x00, 0x00, 0x70, 0x50, 0xf0, 0x03, 0x00, 0xda, 0x0f, 0x00,
    0x47, 0x89, 0x1c, 0x00, 0x00, 0x00, 0x00, 0x00, 0x00, 0x00, 0x80, 0x03,
    0x00, 0xea, 0x0f, 0x00, 0x0c, 0x78, 0x00, 0x07, 0x20, 0x00, 0x00, 0x00,
    0x70, 0x50, 0xf0, 0x03, 0x00, 0xe2, 0x0f, 0x00, 0x02, 0x72, 0x0b, 0x00,
    0xff, 0x00, 0x00, 0x00, 0x00, 0x0f, 0x00, 0x00, 0x00, 0xd8, 0x0f, 0x00,
    0x47, 0x09, 0x40, 0x00, 0x00, 0x00, 0x00, 0x00, 0x00, 0x00, 0x80, 0x03,
    0x00, 0xea, 0x0f, 0x00, 0x0b, 0x72, 0x00, 0x17, 0xff, 0x00, 0x00, 0x00,
    0x00, 0xd0, 0xf0, 0x03, 0x00, 0xe2, 0x0f, 0x00, 0x0a, 0x72, 0x0b, 0x1c,
    0xff, 0x00, 0x00, 0x00, 0x00, 0xd0, 0x80, 0x03, 0x00, 0xca, 0x0f, 0x00,
    0x08, 0x72, 0x0b, 0x0b, 0xff, 0x00, 0x00, 0x00, 0x00, 0x00, 0x00, 0x00,
    0x00, 0xe2, 0x0f, 0x00, 0x47, 0x79, 0x30, 0x00, 0x00, 0x00, 0x00, 0x00,
    0x00, 0x00, 0x80, 0x03, 0x00, 0xec, 0x0f, 0x00, 0x0a, 0x72, 0x0b, 0x17,
    0x1c, 0x00, 0x00, 0x00, 0x00, 0xd0, 0x80, 0x03, 0x00, 0xe2, 0x0f, 0x00,
    0x47, 0x79, 0x28, 0x00, 0x00, 0x00, 0x00, 0x00, 0x00, 0x00, 0x80, 0x03,
    0x00, 0xec, 0x0f, 0x00, 0x0c, 0x78, 0x00, 0x07, 0x21, 0x00, 0x00, 0x00,
    0x70, 0x50, 0xf0, 0x03, 0x00, 0xda, 0x0f, 0x00, 0x47, 0x89, 0x14, 0x00,
    0x00, 0x00, 0x00, 0x00, 0x00, 0x00, 0x80, 0x03, 0x00, 0xea, 0x0f, 0x00,
    0x0c, 0x78, 0x00, 0x07, 0x22, 0x00, 0x00, 0x00, 0x70, 0x50, 0xf0, 0x03,
    0x00, 0xe2, 0x0f, 0x00, 0x31, 0x74, 0x0b, 0xff, 0x00, 0x00, 0x00, 0x00,
    0xff, 0x01, 0x00, 0x00, 0x00, 0xd8, 0x0f, 0x00, 0x47, 0x09, 0x14, 0x00,
    0x00, 0x00, 0x00, 0x00, 0x00, 0x00, 0x80, 0x03, 0x00, 0xea, 0x0f, 0x00,
    0x0a, 0x72, 0x0b, 0x17, 0xff, 0x00, 0x00, 0x00, 0x00, 0x20, 0x80, 0x03,
    0x00, 0xe2, 0x0f, 0x00, 0x47, 0x79, 0x0c, 0x00, 0x00, 0x00, 0x00, 0x00,
    0x00, 0x00, 0x80, 0x03, 0x00, 0xec, 0x0f, 0x00, 0x0b, 0x72, 0x00, 0x17,
    0xff, 0x00, 0x00, 0x00, 0x00, 0xd0, 0xf0, 0x03, 0x00, 0xe2, 0x0f, 0x00,
    0x0a, 0x72, 0x0b, 0x1c, 0xff, 0x00, 0x00, 0x00, 0x00, 0xd0, 0x80, 0x03,
    0x00, 0xca, 0x0f, 0x00, 0x08, 0x78, 0x0b, 0x0b, 0x00, 0x00, 0x80, 0x3f,
    0x00, 0x00, 0x00, 0x04, 0x00, 0xce, 0x0f, 0x00, 0x18, 0x79, 0x00, 0x00,
    0x00, 0x00, 0x00, 0x00, 0x00, 0x00, 0x00, 0x00, 0x00, 0xe2, 0x0f, 0x00,
    0x41, 0x79, 0x05, 0x00, 0x00, 0x00, 0x00, 0x00, 0x00, 0x02, 0x80, 0x03,
    0x00, 0xea, 0x0f, 0x00, 0x45, 0x79, 0x05, 0x00, 0xf0, 0x10, 0x00, 0x00,
    0x00, 0x02, 0x80, 0x03, 0x00, 0xe2, 0x0f, 0x00, 0x02, 0x72, 0x16, 0x00,
    0xff, 0x00, 0x00, 0x00, 0x00, 0x0f, 0x00, 0x00, 0x00, 0xc6, 0x0f, 0x00,
    0x47, 0x29, 0x90, 0x00, 0x08, 0x00, 0x00, 0x00, 0x00, 0x00, 0x80, 0x03,
    0x00, 0xea, 0x0f, 0x00, 0x0c, 0x78, 0x00, 0x07, 0x0a, 0x00, 0x00, 0x00,
    0x70, 0x42, 0xf0, 0x03, 0x00, 0xda, 0x0f, 0x00, 0x47, 0x09, 0xdc, 0x00,
    0x00, 0x00, 0x00, 0x00, 0x00, 0x00, 0x80, 0x03, 0x00, 0xea, 0x0f, 0x00,
    0x0c, 0x78, 0x00, 0x07, 0x03, 0x00, 0x00, 0x00, 0x70, 0x42, 0xf0, 0x03,
    0x00, 0xda, 0x0f, 0x00, 0x47, 0x09, 0x30, 0x00, 0x00, 0x00, 0x00, 0x00,
    0x00, 0x00, 0x80, 0x03, 0x00, 0xea, 0x0f, 0x00, 0x0c, 0x78, 0x00, 0x07,
    0x01, 0x00, 0x00, 0x00, 0x70, 0x50, 0xf0, 0x03, 0x00, 0xda, 0x0f, 0x00,
    0x47, 0x89, 0x20, 0x00, 0x00, 0x00, 0x00, 0x00, 0x00, 0x00, 0x80, 0x03,
    0x00, 0xea, 0x0f, 0x00, 0x0c, 0x78, 0x00, 0x07, 0x02, 0x00, 0x00, 0x00,
    0x70, 0x50, 0xf0, 0x03, 0x00, 0xda, 0x0f, 0x00, 0x47, 0x89, 0x10, 0x00,
    0x00, 0x00, 0x00, 0x00, 0x00, 0x00, 0x80, 0x03, 0x00, 0xea, 0x0f, 0x00,
    0x0c, 0x78, 0x00, 0x07, 0x03, 0x00, 0x00, 0x00, 0x70, 0x50, 0xf0, 0x03,
    0x00, 0xda, 0x0f, 0x00, 0x47, 0x09, 0x04, 0x00, 0x10, 0x00, 0x00, 0x00,
    0x00, 0x00, 0x80, 0x03, 0x00, 0xea, 0x0f, 0x00, 0x21, 0x72, 0x16, 0x19,
    0x08, 0x00, 0x00, 0x80, 0x00, 0x00, 0x00, 0x00, 0x00, 0xe2, 0x0f, 0x00,
    0x47, 0x79, 0xfc, 0x00, 0x0c, 0x00, 0x00, 0x00, 0x00, 0x00, 0x80, 0x03,
    0x00, 0xec, 0x0f, 0x00, 0x21, 0x72, 0x16, 0x19, 0x08, 0x00, 0x00, 0x00,
    0x00, 0x00, 0x00, 0x00, 0x00, 0xe2, 0x0f, 0x00, 0x47, 0x79, 0xf4, 0x00,
    0x0c, 0x00, 0x00, 0x00, 0x00, 0x00, 0x80, 0x03, 0x00, 0xec, 0x0f, 0x00,
    0x02, 0x72, 0x16, 0x00, 0x19, 0x00, 0x00, 0x00, 0x00, 0x0f, 0x00, 0x00,
    0x00, 0xe2, 0x0f, 0x00, 0x47, 0x79, 0xec, 0x00, 0x0c, 0x00, 0x00, 0x00,
    0x00, 0x00, 0x80, 0x03, 0x00, 0xec, 0x0f, 0x00, 0x0c, 0x78, 0x00, 0x07,
    0x05, 0x00, 0x00, 0x00, 0x70, 0x42, 0xf0, 0x03, 0x00, 0xda, 0x0f, 0x00,
    0x47, 0x09, 0x78, 0x00, 0x00, 0x00, 0x00, 0x00, 0x00, 0x00, 0x80, 0x03,
    0x00, 0xea, 0x0f, 0x00, 0x0c, 0x78, 0x00, 0x07, 0x04, 0x00, 0x00, 0x00,
    0x70, 0x50, 0xf0, 0x03, 0x00, 0xda, 0x0f, 0x00, 0x47, 0x89, 0x68, 0x00,
    0x00, 0x00, 0x00, 0x00, 0x00, 0x00, 0x80, 0x03, 0x00, 0xea, 0x0f, 0x00,
    0x0c, 0x78, 0x00, 0x07, 0x05, 0x00, 0x00, 0x00, 0x70, 0x50, 0xf0, 0x03,
    0x00, 0xda, 0x0f, 0x00, 0x47, 0x09, 0xd4, 0x00, 0x0c, 0x00, 0x00, 0x00,
    0x00, 0x00, 0x80, 0x03, 0x00, 0xea, 0x0f, 0x00, 0x0b, 0x78, 0x00, 0x08,
    0x08, 0xe5, 0x3c, 0x1e, 0x00, 0xe2, 0xf0, 0x03, 0x00, 0xda, 0x0f, 0x00,
    0x47, 0x89, 0x44, 0x00, 0x00, 0x00, 0x00, 0x00, 0x00, 0x00, 0x80, 0x03,
    0x00, 0xea, 0x0f, 0x00, 0x08, 0x73, 0x05, 0x00, 0x08, 0x00, 0x00, 0x00,
    0x00, 0x10, 0x00, 0x00, 0x00, 0x22, 0x0e, 0x00, 0x45, 0x79, 0x08, 0x00,
    0xd0, 0x00, 0x00, 0x00, 0x00, 0x02, 0x80, 0x03, 0x00, 0xe2, 0x0f, 0x00,
    0x02, 0x73, 0x00, 0x14, 0x08, 0x00, 0x00, 0x00, 0x00, 0x00, 0x00, 0x00,
    0x00, 0x62, 0x0e, 0x00, 0x23, 0x74, 0x10, 0x08, 0x00, 0x00, 0x80, 0x3f,
    0x05, 0x01, 0x00, 0x00, 0x00, 0xc8, 0x1f, 0x00, 0x23, 0x72, 0x05, 0x05,
    0x10, 0x00, 0x00, 0x00, 0x05, 0x00, 0x00, 0x00, 0x00, 0xc8, 0x0f, 0x00,
    0x23, 0x78, 0x10, 0x05, 0x00, 0x00, 0x80, 0x3f, 0xff, 0x00, 0x00, 0x00,
    0x00, 0xc8, 0x0f, 0x00, 0x23, 0x74, 0x11, 0x08, 0x00, 0x00, 0x80, 0x3f,
    0x10, 0x01, 0x00, 0x00, 0x00, 0xc8, 0x0f, 0x00, 0x23, 0x72, 0x10, 0x05,
    0x11, 0x00, 0x00, 0x00, 0x10, 0x00, 0x00, 0x00, 0x00, 0xe2, 0x0f, 0x00,
    0x47, 0x89, 0x10, 0x00, 0x00, 0x00, 0x00, 0x00, 0x00, 0x00, 0x80, 0x03,
    0x00, 0xec, 0x2f, 0x00, 0x02, 0x72, 0x1c, 0x00, 0x08, 0x00, 0x00, 0x00,
    0x00, 0x0f, 0x00, 0x00, 0x00, 0xe2, 0x0f, 0x00, 0x02, 0x78, 0x10, 0x00,
    0x10, 0x4e, 0x00, 0x00, 0x00, 0x0f, 0x00, 0x00, 0x00, 0xce, 0x0f, 0x00,
    0x44, 0x79, 0x54, 0x00, 0x3c, 0x00, 0x00, 0x00, 0x00, 0x00, 0xc0, 0x03,
    0x00, 0xea, 0xcf, 0x03, 0x02, 0x72, 0x10, 0x00, 0x05, 0x00, 0x00, 0x00,
    0x00, 0x0f, 0x00, 0x00, 0x00, 0xce, 0x0f, 0x00, 0x18, 0x79, 0x00, 0x00,
    0x00, 0x00, 0x00, 0x00, 0x00, 0x00, 0x00, 0x00, 0x00, 0xe2, 0x0f, 0x00,
    0x41, 0x79, 0x08, 0x00, 0x00, 0x00, 0x00, 0x00, 0x00, 0x02, 0x80, 0x03,
    0x00, 0xea, 0x0f, 0x00, 0x20, 0x72, 0x16, 0x19, 0x10, 0x00, 0x00, 0x00,
    0x00, 0x00, 0x40, 0x00, 0x00, 0xe2, 0x0f, 0x00, 0x47, 0x79, 0x88, 0x00,
    0x0c, 0x00, 0x00, 0x00, 0x00, 0x00, 0x80, 0x03, 0x00, 0xec, 0x0f, 0x00,
    0x0b, 0x72, 0x00, 0x08, 0xff, 0x00, 0x00, 0x00, 0x00, 0xe0, 0xf0, 0x03,
    0x00, 0xe2, 0x0f, 0x00, 0x31, 0x74, 0x16, 0xff, 0xca, 0xf2, 0x49, 0x71,
    0xff, 0x01, 0x00, 0x00, 0x00, 0xca, 0x0f, 0x00, 0x08, 0x78, 0x16, 0x16,
    0xca, 0xf2, 0x49, 0x71, 0x00, 0x01, 0x00, 0x04, 0x00, 0xca, 0x0f, 0x00,
    0x20, 0x72, 0x16, 0x19, 0x16, 0x00, 0x00, 0x00, 0x00, 0x00, 0x40, 0x00,
    0x00, 0xe2, 0x0f, 0x00, 0x47, 0x79, 0x74, 0x00, 0x0c, 0x00, 0x00, 0x00,
    0x00, 0x00, 0x80, 0x03, 0x00, 0xec, 0x0f, 0x00, 0x20, 0x72, 0x16, 0x19,
    0x08, 0x00, 0x00, 0x00, 0x00, 0x00, 0x40, 0x00, 0x00, 0xe2, 0x0f, 0x00,
    0x47, 0x79, 0x6c, 0x00, 0x0c, 0x00, 0x00, 0x00, 0x00, 0x00, 0x80, 0x03,
    0x00, 0xec, 0x0f, 0x00, 0x0c, 0x78, 0x00, 0x07, 0x06, 0x00, 0x00, 0x00,
    0x70, 0x50, 0xf0, 0x03, 0x00, 0xda, 0x0f, 0x00, 0x47, 0x89, 0x14, 0x00,
    0x00, 0x00, 0x00, 0x00, 0x00, 0x00, 0x80, 0x03, 0x00, 0xea, 0x0f, 0x00,
    0x0c, 0x78, 0x00, 0x07, 0x0a, 0x00, 0x00, 0x00, 0x70, 0x50, 0xf0, 0x03,
    0x00, 0xda, 0x0f, 0x00, 0x47, 0x09, 0x5c, 0x00, 0x0c, 0x00, 0x00, 0x00,
    0x00, 0x00, 0x80, 0x03, 0x00, 0xea, 0x0f, 0x00, 0x0b, 0x72, 0x00, 0x19,
    0x08, 0x00, 0x00, 0x00, 0x00, 0xe0, 0xf0, 0x03, 0x00, 0xca, 0x0f, 0x00,
    0x08, 0x72, 0x16, 0x19, 0x08, 0x00, 0x00, 0x00, 0x00, 0x00, 0x00, 0x04,
    0x00, 0xe2, 0x0f, 0x00, 0x47, 0x79, 0x50, 0x00, 0x0c, 0x00, 0x00, 0x00,
    0x00, 0x00, 0x80, 0x03, 0x00, 0xee, 0x0f, 0x00, 0x23, 0x72, 0x16, 0x19,
    0x08, 0x00, 0x00, 0x00, 0x20, 0x00, 0x00, 0x00, 0x00, 0xe2, 0x0f, 0x02,
    0x47, 0x79, 0x48, 0x00, 0x0c, 0x00, 0x00, 0x00, 0x00, 0x00, 0x80, 0x03,
    0x00, 0xec, 0x0f, 0x00, 0x0c, 0x78, 0x00, 0x07, 0x0f, 0x00, 0x00, 0x00,
    0x70, 0x42, 0xf0, 0x03, 0x00, 0xda, 0x0f, 0x00, 0x47, 0x09, 0x58, 0x00,
    0x04, 0x00, 0x00, 0x00, 0x00, 0x00, 0x80, 0x03, 0x00, 0xea, 0x0f, 0x00,
    0x0c, 0x78, 0x00, 0x07, 0x0d, 0x00, 0x00, 0x00, 0x70, 0x42, 0xf0, 0x03,
    0x00, 0xda, 0x0f, 0x00, 0x47, 0x09, 0x74, 0x00, 0x00, 0x00, 0x00, 0x00,
    0x00, 0x00, 0x80, 0x03, 0x00, 0xea, 0x0f, 0x00, 0x0c, 0x78, 0x00, 0x07,
    0x0b, 0x00, 0x00, 0x00, 0x70, 0x50, 0xf0, 0x03, 0x00, 0xda, 0x0f, 0x00,
    0x47, 0x89, 0x60, 0x00, 0x00, 0x00, 0x00, 0x00, 0x00, 0x00, 0x80, 0x03,
    0x00, 0xea, 0x0f, 0x00, 0x0c, 0x78, 0x00, 0x07, 0x0d, 0x00, 0x00, 0x00,
    0x70, 0x50, 0xf0, 0x03, 0x00, 0xda, 0x0f, 0x00, 0x47, 0x09, 0x28, 0x00,
    0x0c, 0x00, 0x00, 0x00, 0x00, 0x00, 0x80, 0x03, 0x00, 0xea, 0x0f, 0x00,
    0x0b, 0x78, 0x00, 0x19, 0x08, 0xe5, 0x3c, 0x1e, 0x00, 0xe2, 0xf0, 0x03,
    0x00, 0xda, 0x0f, 0x00, 0x47, 0x89, 0x40, 0x00, 0x00, 0x00, 0x00, 0x00,
    0x00, 0x00, 0x80, 0x03, 0x00, 0xea, 0x0f, 0x00, 0x08, 0x73, 0x08, 0x00,
    0x19, 0x00, 0x00, 0x00, 0x00, 0x10, 0x00, 0x00, 0x00, 0x22, 0x0e, 0x00,
    0x45, 0x79, 0x08, 0x00, 0xd0, 0x00, 0x00, 0x00, 0x00, 0x02, 0x80, 0x03,
    0x00, 0xe2, 0x0f, 0x00, 0x02, 0x73, 0x00, 0x14, 0x19, 0x00, 0x00, 0x00,
    0x00, 0x00, 0x00, 0x00, 0x00, 0x62, 0x0e, 0x00, 0x23, 0x74, 0x05, 0x19,
    0x00, 0x00, 0x80, 0x3f, 0x08, 0x01, 0x00, 0x00, 0x00, 0xc8, 0x1f, 0x00,
    0x23, 0x72, 0x05, 0x08, 0x05, 0x00, 0x00, 0x00, 0x08, 0x00, 0x00, 0x00,
    0x00, 0xc8, 0x0f, 0x00, 0x23, 0x78, 0x08, 0x05, 0x00, 0x00, 0x80, 0x3f,
    0xff, 0x00, 0x00, 0x00, 0x00, 0xc8, 0x0f, 0x00, 0x23, 0x74, 0x11, 0x19,
    0x00, 0x00, 0x80, 0x3f, 0x08, 0x01, 0x00, 0x00, 0x00, 0xc8, 0x0f, 0x00,
    0x23, 0x72, 0x16, 0x05, 0x11, 0x00, 0x00, 0x00, 0x08, 0x00, 0x00, 0x00,
    0x00, 0xe2, 0x0f, 0x00, 0x47, 0x89, 0x10, 0x00, 0x00, 0x00, 0x00, 0x00,
    0x00, 0x00, 0x80, 0x03, 0x00, 0xec, 0x2f, 0x00, 0x02, 0x72, 0x1c, 0x00,
    0x19, 0x00, 0x00, 0x00, 0x00, 0x0f, 0x00, 0x00, 0x00, 0xe2, 0x0f, 0x00,
    0x02, 0x78, 0x10, 0x00, 0xc0, 0x50, 0x00, 0x00, 0x00, 0x0f, 0x00, 0x00,
    0x00, 0xce, 0x0f, 0x00, 0x44, 0x79, 0xa8, 0x00, 0x38, 0x00, 0x00, 0x00,
    0x00, 0x00, 0xc0, 0x03, 0x00, 0xea, 0xcf, 0x03, 0x02, 0x72, 0x16, 0x00,
    0x05, 0x00, 0x00, 0x00, 0x00, 0x0f, 0x00, 0x00, 0x00, 0xce, 0x0f, 0x00,
    0x18, 0x79, 0x00, 0x00, 0x00, 0x00, 0x00, 0x00, 0x00, 0x00, 0x00, 0x00,
    0x00, 0xe2, 0x0f, 0x00, 0x41, 0x79, 0x08, 0x00, 0x00, 0x00, 0x00, 0x00,
    0x00, 0x02, 0x80, 0x03, 0x00, 0xea, 0x0f, 0x00, 0x47, 0x79, 0xe0, 0x00,
    0x08, 0x00, 0x00, 0x00, 0x00, 0x00, 0x80, 0x03, 0x00, 0xea, 0x0f, 0x00,
    0x0b, 0x72, 0x00, 0x19, 0xff, 0x00, 0x00, 0x00, 0x00, 0xe0, 0xf0, 0x03,
    0x00, 0xe2, 0x0f, 0x00, 0x31, 0x74, 0x16, 0xff, 0xca, 0xf2, 0x49, 0x71,
    0xff, 0x01, 0x00, 0x00, 0x00, 0xca, 0x0f, 0x00, 0x08, 0x78, 0x16, 0x16,
    0xca, 0xf2, 0x49, 0x71, 0x00, 0x01, 0x00, 0x04, 0x00, 0xe2, 0x0f, 0x00,
    0x47, 0x79, 0xd0, 0x00, 0x08, 0x00, 0x00, 0x00, 0x00, 0x00, 0x80, 0x03,
    0x00, 0xec, 0x0f, 0x00, 0x0b, 0x72, 0x00, 0x19, 0x08, 0x00, 0x00, 0x00,
    0x00, 0x40, 0xf0, 0x03, 0x00, 0xca, 0x0f, 0x00, 0x08, 0x72, 0x16, 0x19,
    0x08, 0x00, 0x00, 0x00, 0x00, 0x00, 0x00, 0x00, 0x00, 0xe2, 0x0f, 0x00,
    0x47, 0x79, 0xc4, 0x00, 0x08, 0x00, 0x00, 0x00, 0x00, 0x00, 0x80, 0x03,
    0x00, 0xee, 0x0f, 0x00, 0x0c, 0x78, 0x00, 0x07, 0x0e, 0x00, 0x00, 0x00,
    0x70, 0x50, 0xf0, 0x03, 0x00, 0xda, 0x0f, 0x00, 0x47, 0x89, 0x50, 0x00,
    0x00, 0x00, 0x00, 0x00, 0x00, 0x00, 0x80, 0x03, 0x00, 0xea, 0x0f, 0x00,
    0x0b, 0x72, 0x00, 0x19, 0xff, 0x00, 0x00, 0x00, 0x00, 0x40, 0xf0, 0x03,
    0x00, 0xca, 0x0f, 0x00, 0x0c, 0x78, 0x00, 0x07, 0x0f, 0x00, 0x00, 0x00,
    0x70, 0x54, 0x70, 0x04, 0x00, 0xda, 0x0f, 0x00, 0x47, 0x09, 0xb0, 0x00,
    0x08, 0x00, 0x00, 0x00, 0x00, 0x00, 0x80, 0x03, 0x00, 0xea, 0x0f, 0x00,
    0x35, 0x78, 0x05, 0x19, 0x00, 0x00, 0x00, 0xf3, 0x00, 0x00, 0x8e, 0x07,
    0x00, 0xe2, 0x0f, 0x00, 0x08, 0x73, 0x08, 0x00, 0x19, 0x00, 0x00, 0x00,
    0x00, 0x14, 0x00, 0x00, 0x00, 0x62, 0x00, 0x00, 0x45, 0x79, 0x06, 0x00,
    0xd0, 0x00, 0x00, 0x00, 0x00, 0x02, 0x80, 0x03, 0x00, 0xe6, 0x0f, 0x00,
    0x0c, 0x78, 0x00, 0x05, 0xff, 0xff, 0x7f, 0x72, 0x70, 0x40, 0xf0, 0x03,
    0x00, 0xda, 0x0f, 0x00, 0x47, 0x89, 0x14, 0x00, 0x00, 0x00, 0x00, 0x00,
    0x00, 0x00, 0x80, 0x03, 0x00, 0xea, 0x0f, 0x00, 0x02, 0x72, 0x17, 0x00,
    0x19, 0x00, 0x00, 0x00, 0x00, 0x0f, 0x00, 0x00, 0x00, 0xe2, 0xaf, 0x00,
    0x02, 0x78, 0x1b, 0x00, 0x40, 0x52, 0x00, 0x00, 0x00, 0x0f, 0x00, 0x00,
    0x00, 0xce, 0x1f, 0x00, 0x44, 0x79, 0xec, 0x00, 0x34, 0x00, 0x00, 0x00,
    0x00, 0x00, 0xc0, 0x03, 0x00, 0xea, 0x4f, 0x03, 0x02, 0x72, 0x16, 0x00,
    0x1c, 0x00, 0x00, 0x00, 0x00, 0x0f, 0x00, 0x00, 0x00, 0xe2, 0x0f, 0x00,
    0x47, 0x79, 0x10, 0x00, 0x00, 0x00, 0x00, 0x00, 0x00, 0x00, 0x80, 0x03,
    0x00, 0xec, 0x0f, 0x00, 0x20, 0x72, 0x16, 0x19, 0x08, 0x00, 0x00, 0x00,
    0x00, 0x00, 0x41, 0x00, 0x00, 0xe2, 0x2f, 0x00, 0x20, 0x78, 0x05, 0x08,
    0x00, 0x00, 0x00, 0x3f, 0x00, 0x00, 0x41, 0x00, 0x00, 0xc6, 0x0f, 0x00,
    0x23, 0x72, 0x19, 0x16, 0x16, 0x00, 0x00, 0x00, 0x19, 0x01, 0x00, 0x00,
    0x00, 0xc8, 0x1f, 0x00, 0x23, 0x72, 0x16, 0x19, 0x05, 0x00, 0x00, 0x00,
    0x16, 0x00, 0x00, 0x00, 0x00, 0xce, 0x0f, 0x00, 0x18, 0x79, 0x00, 0x00,
    0x00, 0x00, 0x00, 0x00, 0x00, 0x00, 0x00, 0x00, 0x00, 0xe2, 0x0f, 0x00,
    0x41, 0x79, 0x06, 0x00, 0x00, 0x00, 0x00, 0x00, 0x00, 0x02, 0x80, 0x03,
    0x00, 0xea, 0x0f, 0x00, 0x47, 0x79, 0x6c, 0x00, 0x08, 0x00, 0x00, 0x00,
    0x00, 0x00, 0x80, 0x03, 0x00, 0xea, 0x0f, 0x00, 0x0b, 0x72, 0x00, 0x19,
    0xff, 0x00, 0x00, 0x00, 0x00, 0x40, 0xf0, 0x03, 0x00, 0xe2, 0x0f, 0x00,
    0x31, 0x74, 0x16, 0xff, 0xca, 0xf2, 0x49, 0x71, 0xff, 0x01, 0x00, 0x00,
    0x00, 0xd8, 0x0f, 0x00, 0x47, 0x89, 0x60, 0x00, 0x08, 0x00, 0x00, 0x00,
    0x00, 0x00, 0x80, 0x03, 0x00, 0xea, 0x0f, 0x00, 0x35, 0x78, 0x05, 0x19,
    0x00, 0x00, 0x00, 0xf3, 0x00, 0x00, 0x8e, 0x07, 0x00, 0xe2, 0x0f, 0x00,
    0x08, 0x73, 0x08, 0x00, 0x19, 0x00, 0x00, 0x00, 0x00, 0x14, 0x00, 0x00,
    0x00, 0x62, 0x00, 0x00, 0x45, 0x79, 0x06, 0x00, 0xc0, 0x00, 0x00, 0x00,
    0x00, 0x02, 0x80, 0x03, 0x00, 0xe6, 0x0f, 0x00, 0x0c, 0x78, 0x00, 0x05,
    0xff, 0xff, 0x7f, 0x72, 0x70, 0x40, 0xf0, 0x03, 0x00, 0xda, 0x0f, 0x00,
    0x47, 0x89, 0x10, 0x00, 0x00, 0x00, 0x00, 0x00, 0x00, 0x00, 0x80, 0x03,
    0x00, 0xea, 0x0f, 0x00, 0x02, 0x72, 0x17, 0x00, 0x19, 0x00, 0x00, 0x00,
    0x00, 0x0f, 0x00, 0x00, 0x00, 0xe2, 0xaf, 0x00, 0x02, 0x78, 0x1b, 0x00,
    0x80, 0x53, 0x00, 0x00, 0x00, 0x0f, 0x00, 0x00, 0x00, 0xce, 0x1f, 0x00,
    0x44, 0x79, 0x9c, 0x00, 0x34, 0x00, 0x00, 0x00, 0x00, 0x00, 0xc0, 0x03,
    0x00, 0xea, 0x4f, 0x03, 0x47, 0x79, 0x10, 0x00, 0x00, 0x00, 0x00, 0x00,
    0x00, 0x00, 0x80, 0x03, 0x00, 0xea, 0x0f, 0x00, 0x20, 0x72, 0x1c, 0x19,
    0x08, 0x00, 0x00, 0x00, 0x00, 0x00, 0x41, 0x00, 0x00, 0xe2, 0x2f, 0x00,
    0x20, 0x78, 0x05, 0x08, 0x00, 0x00, 0x00, 0x3f, 0x00, 0x00, 0x41, 0x00,
    0x00, 0xc6, 0x0f, 0x00, 0x23, 0x72, 0x19, 0x1c, 0x1c, 0x00, 0x00, 0x00,
    0x19, 0x01, 0x00, 0x00, 0x00, 0xc8, 0x1f, 0x00, 0x23, 0x72, 0x1c, 0x19,
    0x05, 0x00, 0x00, 0x00, 0x1c, 0x00, 0x00, 0x00, 0x00, 0xce, 0x0f, 0x00,
    0x18, 0x79, 0x00, 0x00, 0x00, 0x00, 0x00, 0x00, 0x00, 0x00, 0x00, 0x00,
    0x00, 0xe2, 0x0f, 0x00, 0x41, 0x79, 0x06, 0x00, 0x00, 0x00, 0x00, 0x00,
    0x00, 0x02, 0x80, 0x03, 0x00, 0xea, 0x0f, 0x00, 0x08, 0x73, 0x05, 0x00,
    0x1c, 0x00, 0x00, 0x00, 0x00, 0x10, 0x00, 0x00, 0x00, 0x22, 0x0e, 0x00,
    0x45, 0x79, 0x08, 0x00, 0xc0, 0x00, 0x00, 0x00, 0x00, 0x02, 0x80, 0x03,
    0x00, 0xe2, 0x0f, 0x00, 0x02, 0x73, 0x00, 0x14, 0x1c, 0x00, 0x00, 0x00,
    0x00, 0x00, 0x00, 0x00, 0x00, 0x62, 0x0e, 0x00, 0x23, 0x74, 0x08, 0x05,
    0x00, 0x00, 0x80, 0x3f, 0x1c, 0x08, 0x00, 0x00, 0x00, 0xc8, 0x1f, 0x00,
    0x23, 0x72, 0x05, 0x05, 0x08, 0x00, 0x00, 0x00, 0x05, 0x00, 0x00, 0x00,
    0x00, 0xc8, 0x0f, 0x00, 0x23, 0x78, 0x08, 0x05, 0x00, 0x00, 0x80, 0x3f,
    0xff, 0x00, 0x00, 0x00, 0x00, 0xc8, 0x0f, 0x00, 0x23, 0x74, 0x11, 0x08,
    0x00, 0x00, 0x80, 0x3f, 0x1c, 0x08, 0x00, 0x00, 0x00, 0xc8, 0x0f, 0x00,
    0x23, 0x72, 0x16, 0x05, 0x11, 0x00, 0x00, 0x00, 0x08, 0x00, 0x00, 0x00,
    0x00, 0xe2, 0x0f, 0x00, 0x47, 0x89, 0x0c, 0x00, 0x00, 0x00, 0x00, 0x00,
    0x00, 0x00, 0x80, 0x03, 0x00, 0xec, 0x2f, 0x00, 0x02, 0x78, 0x10, 0x00,
    0xa0, 0x54, 0x00, 0x00, 0x00, 0x0f, 0x00, 0x00, 0x00, 0xce, 0x0f, 0x00,
    0x44, 0x79, 0xb0, 0x00, 0x34, 0x00, 0x00, 0x00, 0x00, 0x00, 0xc0, 0x03,
    0x00, 0xea, 0xcf, 0x03, 0x02, 0x72, 0x16, 0x00, 0x05, 0x00, 0x00, 0x00,
    0x00, 0x0f, 0x00, 0x00, 0x00, 0xce, 0x0f, 0x00, 0x18, 0x79, 0x00, 0x00,
    0x00, 0x00, 0x00, 0x00, 0x00, 0x00, 0x00, 0x00, 0x00, 0xe2, 0x0f, 0x00,
    0x41, 0x79, 0x08, 0x00, 0x00, 0x00, 0x00, 0x00, 0x00, 0x02, 0x80, 0x03,
    0x00, 0xea, 0x0f, 0x00, 0x47, 0x79, 0xe8, 0x00, 0x04, 0x00, 0x00, 0x00,
    0x00, 0x00, 0x80, 0x03, 0x00, 0xea, 0x0f, 0x00, 0x0c, 0x78, 0x00, 0x07,
    0x11, 0x00, 0x00, 0x00, 0x70, 0x42, 0xf0, 0x03, 0x00, 0xda, 0x0f, 0x00,
    0x47, 0x09, 0x20, 0x00, 0x00, 0x00, 0x00, 0x00, 0x00, 0x00, 0x80, 0x03,
    0x00, 0xea, 0x0f, 0x00, 0x0c, 0x78, 0x00, 0x07, 0x10, 0x00, 0x00, 0x00,
    0x70, 0x50, 0xf0, 0x03, 0x00, 0xda, 0x0f, 0x00, 0x47, 0x89, 0x10, 0x00,
    0x00, 0x00, 0x00, 0x00, 0x00, 0x00, 0x80, 0x03, 0x00, 0xea, 0x0f, 0x00,
    0x0c, 0x78, 0x00, 0x07, 0x11, 0x00, 0x00, 0x00, 0x70, 0x50, 0xf0, 0x03,
    0x00, 0xda, 0x0f, 0x00, 0x47, 0x09, 0xd0, 0x00, 0x04, 0x00, 0x00, 0x00,
    0x00, 0x00, 0x80, 0x03, 0x00, 0xea, 0x0f, 0x00, 0x21, 0x72, 0x16, 0x19,
    0xff, 0x00, 0x00, 0x80, 0x00, 0x01, 0x00, 0x00, 0x00, 0xe2, 0x0f, 0x00,
    0x47, 0x79, 0xc8, 0x00, 0x04, 0x00, 0x00, 0x00, 0x00, 0x00, 0x80, 0x03,
    0x00, 0xec, 0x0f, 0x00, 0x21, 0x72, 0x16, 0x19, 0xff, 0x00, 0x00, 0x80,
    0x00, 0x02, 0x00, 0x00, 0x00, 0xe2, 0x0f, 0x00, 0x47, 0x79, 0xc0, 0x00,
    0x04, 0x00, 0x00, 0x00, 0x00, 0x00, 0x80, 0x03, 0x00, 0xec, 0x0f, 0x00,
    0x0c, 0x78, 0x00, 0x07, 0x12, 0x00, 0x00, 0x00, 0x70, 0x50, 0xf0, 0x03,
    0x00, 0xda, 0x0f, 0x00, 0x47, 0x89, 0x14, 0x00, 0x00, 0x00, 0x00, 0x00,
    0x00, 0x00, 0x80, 0x03, 0x00, 0xea, 0x0f, 0x00, 0x0c, 0x78, 0x00, 0x07,
    0x13, 0x00, 0x00, 0x00, 0x70, 0x50, 0xf0, 0x03, 0x00, 0xda, 0x0f, 0x00,
    0x47, 0x09, 0xb0, 0x00, 0x04, 0x00, 0x00, 0x00, 0x00, 0x00, 0x80, 0x03,
    0x00, 0xea, 0x0f, 0x00, 0x07, 0x73, 0x16, 0x00, 0x19, 0x00, 0x00, 0x00,
    0x00, 0x50, 0x20, 0x00, 0x00, 0x24, 0x0e, 0x00, 0x21, 0x72, 0x16, 0x19,
    0x16, 0x00, 0x00, 0x80, 0x00, 0x00, 0x00, 0x00, 0x00, 0xe2, 0x1f, 0x00,
    0x47, 0x79, 0xa4, 0x00, 0x04, 0x00, 0x00, 0x00, 0x00, 0x00, 0x80, 0x03,
    0x00, 0xec, 0x0f, 0x00, 0x07, 0x73, 0x16, 0x00, 0x19, 0x00, 0x00, 0x00,
    0x00, 0x50, 0x20, 0x00, 0x00, 0x22, 0x00, 0x00, 0x47, 0x79, 0x9c, 0x00,
    0x04, 0x00, 0x00, 0x00, 0x00, 0x00, 0x80, 0x03, 0x00, 0xea, 0x0f, 0x00,
    0x0c, 0x78, 0x00, 0x07, 0x1a, 0x00, 0x00, 0x00, 0x70, 0x42, 0xf0, 0x03,
    0x00, 0xda, 0x0f, 0x00, 0x47, 0x09, 0xf0, 0x00, 0x00, 0x00, 0x00, 0x00,
    0x00, 0x00, 0x80, 0x03, 0x00, 0xea, 0x0f, 0x00, 0x0c, 0x78, 0x00, 0x07,
    0x16, 0x00, 0x00, 0x00, 0x70, 0x42, 0xf0, 0x03, 0x00, 0xda, 0x0f, 0x00,
    0x47, 0x09, 0x48, 0x00, 0x00, 0x00, 0x00, 0x00, 0x00, 0x00, 0x80, 0x03,
    0x00, 0xea, 0x0f, 0x00, 0x0c, 0x78, 0x00, 0x07, 0x14, 0x00, 0x00, 0x00,
    0x70, 0x50, 0xf0, 0x03, 0x00, 0xda, 0x0f, 0x00, 0x47, 0x89, 0x28, 0x00,
    0x00, 0x00, 0x00, 0x00, 0x00, 0x00, 0x80, 0x03, 0x00, 0xea, 0x0f, 0x00,
    0x0c, 0x78, 0x00, 0x07, 0x15, 0x00, 0x00, 0x00, 0x70, 0x50, 0xf0, 0x03,
    0x00, 0xda, 0x0f, 0x00, 0x47, 0x89, 0x14, 0x00, 0x00, 0x00, 0x00, 0x00,
    0x00, 0x00, 0x80, 0x03, 0x00, 0xea, 0x0f, 0x00, 0x0c, 0x78, 0x00, 0x07,
    0x16, 0x00, 0x00, 0x00, 0x70, 0x50, 0xf0, 0x03, 0x00, 0xda, 0x0f, 0x00,
    0x47, 0x09, 0x74, 0x00, 0x04, 0x00, 0x00, 0x00, 0x00, 0x00, 0x80, 0x03,
    0x00, 0xea, 0x0f, 0x00, 0x20, 0x78, 0x16, 0x19, 0x83, 0xf9, 0x22, 0x3e,
    0x00, 0xc0, 0x40, 0x00, 0x00, 0xcc, 0x0f, 0x00, 0x08, 0x73, 0x16, 0x00,
    0x16, 0x00, 0x00, 0x00, 0x00, 0x00, 0x00, 0x00, 0x00, 0x22, 0x0e, 0x00,
    0x47, 0x79, 0x68, 0x00, 0x04, 0x00, 0x00, 0x00, 0x00, 0x00, 0x80, 0x03,
    0x00, 0xea, 0x0f, 0x00, 0x20, 0x78, 0x16, 0x19, 0x83, 0xf9, 0x22, 0x3e,
    0x00, 0xc0, 0x40, 0x00, 0x00, 0xcc, 0x0f, 0x00, 0x08, 0x73, 0x16, 0x00,
    0x16, 0x00, 0x00, 0x00, 0x00, 0x04, 0x00, 0x00, 0x00, 0x22, 0x0e, 0x00,
    0x47, 0x79, 0x5c, 0x00, 0x04, 0x00, 0x00, 0x00, 0x00, 0x00, 0x80, 0x03,
    0x00, 0xea, 0x0f, 0x00, 0x0b, 0x72, 0x00, 0x19, 0xff, 0x00, 0x00, 0x00,
    0x00, 0x10, 0xf0, 0x03, 0x00, 0xca, 0x0f, 0x00, 0x07, 0x78, 0x16, 0xff,
    0xff, 0xff, 0xff, 0xff, 0x00, 0x00, 0x00, 0x04, 0x00, 0xe2, 0x0f, 0x00,
    0x0b, 0x72, 0x00, 0x19, 0xff, 0x00, 0x00, 0x00, 0x00, 0x40, 0xf0, 0x03,
    0x00, 0xc8, 0x0f, 0x00, 0x45, 0x72, 0x16, 0x00, 0x16, 0x00, 0x00, 0x00,
    0x00, 0x14, 0x20, 0x00, 0x00, 0xca, 0x0f, 0x00, 0x08, 0x78, 0x16, 0x16,
    0x00, 0x00, 0x80, 0x3f, 0x00, 0x00, 0x00, 0x04, 0x00, 0xe2, 0x0f, 0x00,
    0x47, 0x79, 0x44, 0x00, 0x04, 0x00, 0x00, 0x00, 0x00, 0x00, 0x80, 0x03,
    0x00, 0xec, 0x0f, 0x00, 0x0c, 0x78, 0x00, 0x07, 0x18, 0x00, 0x00, 0x00,
    0x70, 0x42, 0xf0, 0x03, 0x00, 0xda, 0x0f, 0x00, 0x47, 0x09, 0x5c, 0x00,
    0x00, 0x00, 0x00, 0x00, 0x00, 0x00, 0x80, 0x03, 0x00, 0xea, 0x0f, 0x00,
    0x0c, 0x78, 0x00, 0x07, 0x17, 0x00, 0x00, 0x00, 0x70, 0x50, 0xf0, 0x03,
    0x00, 0xda, 0x0f, 0x00, 0x47, 0x89, 0x20, 0x00, 0x00, 0x00, 0x00, 0x00,
    0x00, 0x00, 0x80, 0x03, 0x00, 0xea, 0x0f, 0x00, 0x0c, 0x78, 0x00, 0x07,
    0x18, 0x00, 0x00, 0x00, 0x70, 0x50, 0xf0, 0x03, 0x00, 0xda, 0x0f, 0x00,
    0x47, 0x09, 0x2c, 0x00, 0x04, 0x00, 0x00, 0x00, 0x00, 0x00, 0x80, 0x03,
    0x00, 0xea, 0x0f, 0x00, 0x0b, 0x78, 0x00, 0x19, 0x00, 0x00, 0xfc, 0xc2,
    0x00, 0xe0, 0xf0, 0x03, 0x00, 0xe2, 0x0f, 0x04, 0x20, 0x78, 0x08, 0x19,
    0x00, 0x00, 0x00, 0x3f, 0x00, 0x00, 0x40, 0x00, 0x00, 0xca, 0x0f, 0x00,
    0x08, 0x72, 0x08, 0x08, 0x19, 0x00, 0x00, 0x00, 0x00, 0x00, 0x00, 0x04,
    0x00, 0xc8, 0x0f, 0x00, 0x08, 0x73, 0x16, 0x00, 0x08, 0x00, 0x00, 0x00,
    0x00, 0x08, 0x00, 0x00, 0x00, 0x26, 0x0e, 0x00, 0x20, 0x82, 0x16, 0x16,
    0x16, 0x00, 0x00, 0x00, 0x00, 0x00, 0x40, 0x00, 0x00, 0xe2, 0x1f, 0x00,
    0x47, 0x79, 0x14, 0x00, 0x04, 0x00, 0x00, 0x00, 0x00, 0x00, 0x80, 0x03,
    0x00, 0xec, 0x0f, 0x00, 0x0b, 0x72, 0x00, 0x19, 0xff, 0x00, 0x00, 0x00,
    0x00, 0x40, 0xf0, 0x03, 0x00, 0xda, 0x0f, 0x00, 0x47, 0x89, 0x0c, 0x00,
    0x04, 0x00, 0x00, 0x00, 0x00, 0x00, 0x80, 0x03, 0x00, 0xea, 0x0f, 0x00,
    0x0b, 0x78, 0x00, 0x19, 0x00, 0x00, 0x80, 0x00, 0x00, 0xe2, 0xf0, 0x03,
    0x00, 0xe2, 0x0f, 0x04, 0x20, 0x78, 0x10, 0x19, 0x00, 0x00, 0x80, 0x4b,
    0x00, 0x00, 0x40, 0x00, 0x00, 0xca, 0x0f, 0x00, 0x08, 0x72, 0x10, 0x10,
    0x19, 0x00, 0x00, 0x00, 0x00, 0x00, 0x00, 0x04, 0x00, 0xc8, 0x0f, 0x00,
    0x08, 0x73, 0x05, 0x00, 0x10, 0x00, 0x00, 0x00, 0x00, 0x0c, 0x00, 0x00,
    0x00, 0x26, 0x0e, 0x00, 0x21, 0x84, 0x05, 0x05, 0x00, 0x00, 0xc0, 0xc1,
    0x00, 0x00, 0x00, 0x00, 0x00, 0xc8, 0x1f, 0x00, 0x20, 0x72, 0x05, 0x08,
    0x05, 0x00, 0x00, 0x00, 0x00, 0x00, 0x40, 0x00, 0x00, 0xca, 0x0f, 0x00,
    0x0b, 0x78, 0x00, 0x05, 0x00, 0x00, 0xfc, 0xc2, 0x00, 0xe0, 0xf0, 0x03,
    0x00, 0xda, 0x0f, 0x00, 0x20, 0x88, 0x05, 0x05, 0x00, 0x00, 0x00, 0x3f,
    0x00, 0x00, 0x40, 0x00, 0x00, 0xc8, 0x0f, 0x00, 0x08, 0x73, 0x16, 0x00,
    0x05, 0x00, 0x00, 0x00, 0x00, 0x08, 0x00, 0x00, 0x00, 0x24, 0x0e, 0x00,
    0x20, 0x82, 0x16, 0x16, 0x16, 0x00, 0x00, 0x00, 0x00, 0x00, 0x40, 0x00,
    0x00, 0xe2, 0x1f, 0x00, 0x47, 0x79, 0xe0, 0x00, 0x00, 0x00, 0x00, 0x00,
    0x00, 0x00, 0x80, 0x03, 0x00, 0xec, 0x0f, 0x00, 0x0c, 0x78, 0x00, 0x07,
    0x19, 0x00, 0x00, 0x00, 0x70, 0x50, 0xf0, 0x03, 0x00, 0xda, 0x0f, 0x00,
    0x47, 0x89, 0x10, 0x00, 0x00, 0x00, 0x00, 0x00, 0x00, 0x00, 0x80, 0x03,
    0x00, 0xea, 0x0f, 0x00, 0x0c, 0x78, 0x00, 0x07, 0x1a, 0x00, 0x00, 0x00,
    0x70, 0x50, 0xf0, 0x03, 0x00, 0xda, 0x0f, 0x00, 0x47, 0x09, 0xd0, 0x00,
    0x00, 0x00, 0x00, 0x00, 0x00, 0x00, 0x80, 0x03, 0x00, 0xea, 0x0f, 0x00,
    0x0a, 0x72, 0x16, 0x19, 0x08, 0x00, 0x00, 0x00, 0x00, 0x10, 0x80, 0x03,
    0x00, 0xe2, 0x0f, 0x00, 0x47, 0x79, 0xc8, 0x00, 0x00, 0x00, 0x00, 0x00,
    0x00, 0x00, 0x80, 0x03, 0x00, 0xec, 0x0f, 0x00, 0x0b, 0x72, 0x00, 0x19,
    0xff, 0x00, 0x00, 0x00, 0x00, 0x40, 0xf0, 0x03, 0x00, 0xe2, 0x0f, 0x00,
    0x31, 0x74, 0x16, 0xff, 0xca, 0xf2, 0x49, 0xf1, 0xff, 0x01, 0x00, 0x00,
    0x00, 0xd8, 0x0f, 0x00, 0x47, 0x89, 0xbc, 0x00, 0x00, 0x00, 0x00, 0x00,
    0x00, 0x00, 0x80, 0x03, 0x00, 0xea, 0x0f, 0x00, 0x0b, 0x78, 0x00, 0x19,
    0x00, 0x00, 0x80, 0x00, 0x00, 0xe2, 0xf0, 0x03, 0x00, 0xe2, 0x0f, 0x04,
    0x20, 0x78, 0x08, 0x19, 0x00, 0x00, 0x80, 0x4b, 0x00, 0x00, 0x40, 0x00,
    0x00, 0xca, 0x0f, 0x00, 0x08, 0x72, 0x08, 0x08, 0x19, 0x00, 0x00, 0x00,
    0x00, 0x00, 0x00, 0x04, 0x00, 0xc8, 0x0f, 0x00, 0x08, 0x73, 0x16, 0x00,
    0x08, 0x00, 0x00, 0x00, 0x00, 0x0c, 0x00, 0x00, 0x00, 0x26, 0x0e, 0x00,
    0x21, 0x84, 0x16, 0x16, 0x00, 0x00, 0xc0, 0xc1, 0x00, 0x00, 0x00, 0x00,
    0x00, 0xe2, 0x1f, 0x00, 0x47, 0x79, 0xa4, 0x00, 0x00, 0x00, 0x00, 0x00,
    0x00, 0x00, 0x80, 0x03, 0x00, 0xec, 0x0f, 0x00, 0x0c, 0x78, 0x00, 0x07,
    0x1e, 0x00, 0x00, 0x00, 0x70, 0x42, 0xf0, 0x03, 0x00, 0xda, 0x0f, 0x00,
    0x47, 0x09, 0x48, 0x00, 0x00, 0x00, 0x00, 0x00, 0x00, 0x00, 0x80, 0x03,
    0x00, 0xea, 0x0f, 0x00, 0x0c, 0x78, 0x00, 0x07, 0x1c, 0x00, 0x00, 0x00,
    0x70, 0x42, 0xf0, 0x03, 0x00, 0xda, 0x0f, 0x00, 0x47, 0x09, 0x20, 0x00,
    0x00, 0x00, 0x00, 0x00, 0x00, 0x00, 0x80, 0x03, 0x00, 0xea, 0x0f, 0x00,
    0x0c, 0x78, 0x00, 0x07, 0x1b, 0x00, 0x00, 0x00, 0x70, 0x50, 0xf0, 0x03,
    0x00, 0xda, 0x0f, 0x00, 0x47, 0x89, 0x10, 0x00, 0x00, 0x00, 0x00, 0x00,
    0x00, 0x00, 0x80, 0x03, 0x00, 0xea, 0x0f, 0x00, 0x0c, 0x78, 0x00, 0x07,
    0x1c, 0x00, 0x00, 0x00, 0x70, 0x50, 0xf0, 0x03, 0x00, 0xda, 0x0f, 0x00,
    0x47, 0x09, 0x84, 0x00, 0x00, 0x00, 0x00, 0x00, 0x00, 0x00, 0x80, 0x03,
    0x00, 0xea, 0x0f, 0x00, 0x0a, 0x72, 0x16, 0x19, 0x08, 0x00, 0x00, 0x00,
    0x00, 0x40, 0x80, 0x03, 0x00, 0xe2, 0x0f, 0x00, 0x47, 0x79, 0x7c, 0x00,
    0x00, 0x00, 0x00, 0x00, 0x00, 0x00, 0x80, 0x03, 0x00, 0xec, 0x0f, 0x00,
    0x0a, 0x72, 0x16, 0x19, 0x08, 0x00, 0x00, 0x00, 0x00, 0x30, 0x80, 0x03,
    0x00, 0xe2, 0x0f, 0x00, 0x47, 0x79, 0x74, 0x00, 0x00, 0x00, 0x00, 0x00,
    0x00, 0x00, 0x80, 0x03, 0x00, 0xec, 0x0f, 0x00, 0x0c, 0x78, 0x00, 0x07,
    0x1d, 0x00, 0x00, 0x00, 0x70, 0x50, 0xf0, 0x03, 0x00, 0xda, 0x0f, 0x00,
    0x47, 0x89, 0x10, 0x00, 0x00, 0x00, 0x00, 0x00, 0x00, 0x00, 0x80, 0x03,
    0x00, 0xea, 0x0f, 0x00, 0x0c, 0x78, 0x00, 0x07, 0x1e, 0x00, 0x00, 0x00,
    0x70, 0x50, 0xf0, 0x03, 0x00, 0xda, 0x0f, 0x00, 0x47, 0x09, 0x64, 0x00,
    0x00, 0x00, 0x00, 0x00, 0x00, 0x00, 0x80, 0x03, 0x00, 0xea, 0x0f, 0x00,
    0x0a, 0x72, 0x16, 0x19, 0x08, 0x00, 0x00, 0x00, 0x00, 0x20, 0x80, 0x03,
    0x00, 0xe2, 0x0f, 0x00, 0x47, 0x79, 0x5c, 0x00, 0x00, 0x00, 0x00, 0x00,
    0x00, 0x00, 0x80, 0x03, 0x00, 0xec, 0x0f, 0x00, 0x0a, 0x72, 0x16, 0x19,
    0x08, 0x00, 0x00, 0x00, 0x00, 0x60, 0x80, 0x03, 0x00, 0xe2, 0x0f, 0x00,
    0x47, 0x79, 0x54, 0x00, 0x00, 0x00, 0x00, 0x00, 0x00, 0x00, 0x80, 0x03,
    0x00, 0xec, 0x0f, 0x00, 0x0c, 0x78, 0x00, 0x07, 0x20, 0x00, 0x00, 0x00,
    0x70, 0x42, 0xf0, 0x03, 0x00, 0xda, 0x0f, 0x00, 0x47, 0x09, 0x28, 0x00,
    0x00, 0x00, 0x00, 0x00, 0x00, 0x00, 0x80, 0x03, 0x00, 0xea, 0x0f, 0x00,
    0x0c, 0x78, 0x00, 0x07, 0x1f, 0x00, 0x00, 0x00, 0x70, 0x50, 0xf0, 0x03,
    0x00, 0xda, 0x0f, 0x00, 0x47, 0x89, 0x18, 0x00, 0x00, 0x00, 0x00, 0x00,
    0x00, 0x00, 0x80, 0x03, 0x00, 0xea, 0x0f, 0x00, 0x0c, 0x78, 0x00, 0x07,
    0x20, 0x00, 0x00, 0x00, 0x70, 0x50, 0xf0, 0x03, 0x00, 0xda, 0x0f, 0x00,
    0x47, 0x09, 0x3c, 0x00, 0x00, 0x00, 0x00, 0x00, 0x00, 0x00, 0x80, 0x03,
    0x00, 0xea, 0x0f, 0x00, 0x0b, 0x72, 0x00, 0x19, 0xff, 0x00, 0x00, 0x00,
    0x00, 0xd0, 0xf0, 0x03, 0x00, 0xe2, 0x0f, 0x00, 0x0a, 0x72, 0x08, 0x08,
    0xff, 0x00, 0x00, 0x00, 0x00, 0xd0, 0x80, 0x03, 0x00, 0xca, 0x0f, 0x00,
    0x08, 0x72, 0x16, 0x08, 0xff, 0x00, 0x00, 0x00, 0x00, 0x00, 0x00, 0x00,
    0x00, 0xe2, 0x0f, 0x00, 0x47, 0x79, 0x2c, 0x00, 0x00, 0x00, 0x00, 0x00,
    0x00, 0x00, 0x80, 0x03, 0x00, 0xec, 0x0f, 0x00, 0x0a, 0x72, 0x16, 0x19,
    0x08, 0x00, 0x00, 0x00, 0x00, 0xd0, 0x80, 0x03, 0x00, 0xe2, 0x0f, 0x00,
    0x47, 0x79, 0x24, 0x00, 0x00, 0x00, 0x00, 0x00, 0x00, 0x00, 0x80, 0x03,
    0x00, 0xec, 0x0f, 0x00, 0x0c, 0x78, 0x00, 0x07, 0x21, 0x00, 0x00, 0x00,
    0x70, 0x50, 0xf0, 0x03, 0x00, 0xda, 0x0f, 0x00, 0x47, 0x89, 0x10, 0x00,
    0x00, 0x00, 0x00, 0x00, 0x00, 0x00, 0x80, 0x03, 0x00, 0xea, 0x0f, 0x00,
    0x0c, 0x78, 0x00, 0x07, 0x22, 0x00, 0x00, 0x00, 0x70, 0x50, 0xf0, 0x03,
    0x00, 0xda, 0x0f, 0x00, 0x47, 0x09, 0x14, 0x00, 0x00, 0x00, 0x00, 0x00,
    0x00, 0x00, 0x80, 0x03, 0x00, 0xea, 0x0f, 0x00, 0x0a, 0x72, 0x16, 0x19,
    0xff, 0x00, 0x00, 0x00, 0x00, 0x20, 0x80, 0x03, 0x00, 0xe2, 0x0f, 0x00,
    0x47, 0x79, 0x0c, 0x00, 0x00, 0x00, 0x00, 0x00, 0x00, 0x00, 0x80, 0x03,
    0x00, 0xec, 0x0f, 0x00, 0x0b, 0x72, 0x00, 0x19, 0xff, 0x00, 0x00, 0x00,
    0x00, 0xd0, 0xf0, 0x03, 0x00, 0xe2, 0x0f, 0x00, 0x0a, 0x72, 0x08, 0x08,
    0xff, 0x00, 0x00, 0x00, 0x00, 0xd0, 0x80, 0x03, 0x00, 0xca, 0x0f, 0x00,
    0x08, 0x78, 0x16, 0x08, 0x00, 0x00, 0x80, 0x3f, 0x00, 0x00, 0x00, 0x04,
    0x00, 0xce, 0x0f, 0x00, 0x18, 0x79, 0x00, 0x00, 0x00, 0x00, 0x00, 0x00,
    0x00, 0x00, 0x00, 0x00, 0x00, 0xe2, 0x0f, 0x00, 0x41, 0x79, 0x05, 0x00,
    0x00, 0x00, 0x00, 0x00, 0x00, 0x02, 0x80, 0x03, 0x00, 0xea, 0x0f, 0x00,
    0x0c, 0x78, 0x00, 0x07, 0x13, 0x00, 0x00, 0x00, 0x70, 0x42, 0xf0, 0x03,
    0x00, 0xe2, 0x0f, 0x00, 0x45, 0x79, 0x05, 0x00, 0xf0, 0x10, 0x00, 0x00,
    0x00, 0x02, 0x80, 0x03, 0x00, 0xe2, 0x0f, 0x00, 0x02, 0x72, 0x18, 0x00,
    0xff, 0x00, 0x00, 0x00, 0x00, 0x0f, 0x00, 0x00, 0x00, 0xd6, 0x0f, 0x00,
    0x47, 0x09, 0x90, 0x00, 0x08, 0x00, 0x00, 0x00, 0x00, 0x00, 0x80, 0x03,
    0x00, 0xea, 0x0f, 0x00, 0x0c, 0x78, 0x00, 0x07, 0x0a, 0x00, 0x00, 0x00,
    0x70, 0x42, 0xf0, 0x03, 0x00, 0xda, 0x0f, 0x00, 0x47, 0x09, 0xdc, 0x00,
    0x00, 0x00, 0x00, 0x00, 0x00, 0x00, 0x80, 0x03, 0x00, 0xea, 0x0f, 0x00,
    0x0c, 0x78, 0x00, 0x07, 0x03, 0x00, 0x00, 0x00, 0x70, 0x42, 0xf0, 0x03,
    0x00, 0xda, 0x0f, 0x00, 0x47, 0x09, 0x30, 0x00, 0x00, 0x00, 0x00, 0x00,
    0x00, 0x00, 0x80, 0x03, 0x00, 0xea, 0x0f, 0x00, 0x0c, 0x78, 0x00, 0x07,
    0x01, 0x00, 0x00, 0x00, 0x70, 0x50, 0xf0, 0x03, 0x00, 0xda, 0x0f, 0x00,
    0x47, 0x89, 0x20, 0x00, 0x00, 0x00, 0x00, 0x00, 0x00, 0x00, 0x80, 0x03,
    0x00, 0xea, 0x0f, 0x00, 0x0c, 0x78, 0x00, 0x07, 0x02, 0x00, 0x00, 0x00,
    0x70, 0x50, 0xf0, 0x03, 0x00, 0xda, 0x0f, 0x00, 0x47, 0x89, 0x10, 0x00,
    0x00, 0x00, 0x00, 0x00, 0x00, 0x00, 0x80, 0x03, 0x00, 0xea, 0x0f, 0x00,
    0x0c, 0x78, 0x00, 0x07, 0x03, 0x00, 0x00, 0x00, 0x70, 0x50, 0xf0, 0x03,
    0x00, 0xda, 0x0f, 0x00, 0x47, 0x09, 0x04, 0x00, 0x10, 0x00, 0x00, 0x00,
    0x00, 0x00, 0x80, 0x03, 0x00, 0xea, 0x0f, 0x00, 0x21, 0x72, 0x18, 0x15,
    0x0a, 0x00, 0x00, 0x80, 0x00, 0x00, 0x00, 0x00, 0x00, 0xe2, 0x0f, 0x00,
    0x47, 0x79, 0xfc, 0x00, 0x0c, 0x00, 0x00, 0x00, 0x00, 0x00, 0x80, 0x03,
    0x00, 0xec, 0x0f, 0x00, 0x21, 0x72, 0x18, 0x15, 0x0a, 0x00, 0x00, 0x00,
    0x00, 0x00, 0x00, 0x00, 0x00, 0xe2, 0x0f, 0x00, 0x47, 0x79, 0xf4, 0x00,
    0x0c, 0x00, 0x00, 0x00, 0x00, 0x00, 0x80, 0x03, 0x00, 0xec, 0x0f, 0x00,
    0x02, 0x72, 0x18, 0x00, 0x15, 0x00, 0x00, 0x00, 0x00, 0x0f, 0x00, 0x00,
    0x00, 0xe2, 0x0f, 0x00, 0x47, 0x79, 0xec, 0x00, 0x0c, 0x00, 0x00, 0x00,
    0x00, 0x00, 0x80, 0x03, 0x00, 0xec, 0x0f, 0x00, 0x0c, 0x78, 0x00, 0x07,
    0x05, 0x00, 0x00, 0x00, 0x70, 0x42, 0xf0, 0x03, 0x00, 0xda, 0x0f, 0x00,
    0x47, 0x09, 0x78, 0x00, 0x00, 0x00, 0x00, 0x00, 0x00, 0x00, 0x80, 0x03,
    0x00, 0xea, 0x0f, 0x00, 0x0c, 0x78, 0x00, 0x07, 0x04, 0x00, 0x00, 0x00,
    0x70, 0x50, 0xf0, 0x03, 0x00, 0xda, 0x0f, 0x00, 0x47, 0x89, 0x68, 0x00,
    0x00, 0x00, 0x00, 0x00, 0x00, 0x00, 0x80, 0x03, 0x00, 0xea, 0x0f, 0x00,
    0x0c, 0x78, 0x00, 0x07, 0x05, 0x00, 0x00, 0x00, 0x70, 0x50, 0xf0, 0x03,
    0x00, 0xda, 0x0f, 0x00, 0x47, 0x09, 0xd4, 0x00, 0x0c, 0x00, 0x00, 0x00,
    0x00, 0x00, 0x80, 0x03, 0x00, 0xea, 0x0f, 0x00, 0x0b, 0x78, 0x00, 0x0a,
    0x08, 0xe5, 0x3c, 0x1e, 0x00, 0xe2, 0xf0, 0x03, 0x00, 0xda, 0x0f, 0x00,
    0x47, 0x89, 0x44, 0x00, 0x00, 0x00, 0x00, 0x00, 0x00, 0x00, 0x80, 0x03,
    0x00, 0xea, 0x0f, 0x00, 0x08, 0x73, 0x05, 0x00, 0x0a, 0x00, 0x00, 0x00,
    0x00, 0x10, 0x00, 0x00, 0x00, 0x22, 0x0e, 0x00, 0x45, 0x79, 0x08, 0x00,
    0xd0, 0x00, 0x00, 0x00, 0x00, 0x02, 0x80, 0x03, 0x00, 0xe2, 0x0f, 0x00,
    0x02, 0x73, 0x00, 0x14, 0x0a, 0x00, 0x00, 0x00, 0x00, 0x00, 0x00, 0x00,
    0x00, 0x62, 0x0e, 0x00, 0x23, 0x74, 0x08, 0x0a, 0x00, 0x00, 0x80, 0x3f,
    0x05, 0x01, 0x00, 0x00, 0x00, 0xc8, 0x1f, 0x00, 0x23, 0x72, 0x05, 0x05,
    0x08, 0x00, 0x00, 0x00, 0x05, 0x00, 0x00, 0x00, 0x00, 0xc8, 0x0f, 0x00,
    0x23, 0x78, 0x08, 0x05, 0x00, 0x00, 0x80, 0x3f, 0xff, 0x00, 0x00, 0x00,
    0x00, 0xc8, 0x0f, 0x00, 0x23, 0x74, 0x11, 0x0a, 0x00, 0x00, 0x80, 0x3f,
    0x08, 0x01, 0x00, 0x00, 0x00, 0xc8, 0x0f, 0x00, 0x23, 0x72, 0x08, 0x05,
    0x11, 0x00, 0x00, 0x00, 0x08, 0x00, 0x00, 0x00, 0x00, 0xe2, 0x0f, 0x00,
    0x47, 0x89, 0x10, 0x00, 0x00, 0x00, 0x00, 0x00, 0x00, 0x00, 0x80, 0x03,
    0x00, 0xec, 0x2f, 0x00, 0x02, 0x72, 0x1c, 0x00, 0x0a, 0x00, 0x00, 0x00,
    0x00, 0x0f, 0x00, 0x00, 0x00, 0xe2, 0x0f, 0x00, 0x02, 0x78, 0x10, 0x00,
    0x20, 0x5f, 0x00, 0x00, 0x00, 0x0f, 0x00, 0x00, 0x00, 0xce, 0x0f, 0x00,
    0x44, 0x79, 0x10, 0x00, 0x2c, 0x00, 0x00, 0x00, 0x00, 0x00, 0xc0, 0x03,
    0x00, 0xea, 0xcf, 0x03, 0x02, 0x72, 0x08, 0x00, 0x05, 0x00, 0x00, 0x00,
    0x00, 0x0f, 0x00, 0x00, 0x00, 0xce, 0x0f, 0x00, 0x18, 0x79, 0x00, 0x00,
    0x00, 0x00, 0x00, 0x00, 0x00, 0x00, 0x00, 0x00, 0x00, 0xe2, 0x0f, 0x00,
    0x41, 0x79, 0x08, 0x00, 0x00, 0x00, 0x00, 0x00, 0x00, 0x02, 0x80, 0x03,
    0x00, 0xea, 0x0f, 0x00, 0x20, 0x72, 0x18, 0x15, 0x08, 0x00, 0x00, 0x00,
    0x00, 0x00, 0x40, 0x00, 0x00, 0xe2, 0x0f, 0x00, 0x47, 0x79, 0x88, 0x00,
    0x0c, 0x00, 0x00, 0x00, 0x00, 0x00, 0x80, 0x03, 0x00, 0xec, 0x0f, 0x00,
    0x0b, 0x72, 0x00, 0x0a, 0xff, 0x00, 0x00, 0x00, 0x00, 0xe0, 0xf0, 0x03,
    0x00, 0xe2, 0x0f, 0x00, 0x31, 0x74, 0x18, 0xff, 0xca, 0xf2, 0x49, 0x71,
    0xff, 0x01, 0x00, 0x00, 0x00, 0xca, 0x0f, 0x00, 0x08, 0x78, 0x18, 0x18,
    0xca, 0xf2, 0x49, 0x71, 0x00, 0x01, 0x00, 0x04, 0x00, 0xca, 0x0f, 0x00,
    0x20, 0x72, 0x18, 0x15, 0x18, 0x00, 0x00, 0x00, 0x00, 0x00, 0x40, 0x00,
    0x00, 0xe2, 0x0f, 0x00, 0x47, 0x79, 0x74, 0x00, 0x0c, 0x00, 0x00, 0x00,
    0x00, 0x00, 0x80, 0x03, 0x00, 0xec, 0x0f, 0x00, 0x20, 0x72, 0x18, 0x15,
    0x0a, 0x00, 0x00, 0x00, 0x00, 0x00, 0x40, 0x00, 0x00, 0xe2, 0x0f, 0x00,
    0x47, 0x79, 0x6c, 0x00, 0x0c, 0x00, 0x00, 0x00, 0x00, 0x00, 0x80, 0x03,
    0x00, 0xec, 0x0f, 0x00, 0x0c, 0x78, 0x00, 0x07, 0x06, 0x00, 0x00, 0x00,
    0x70, 0x50, 0xf0, 0x03, 0x00, 0xda, 0x0f, 0x00, 0x47, 0x89, 0x14, 0x00,
    0x00, 0x00, 0x00, 0x00, 0x00, 0x00, 0x80, 0x03, 0x00, 0xea, 0x0f, 0x00,
    0x0c, 0x78, 0x00, 0x07, 0x0a, 0x00, 0x00, 0x00, 0x70, 0x50, 0xf0, 0x03,
    0x00, 0xda, 0x0f, 0x00, 0x47, 0x09, 0x5c, 0x00, 0x0c, 0x00, 0x00, 0x00,
    0x00, 0x00, 0x80, 0x03, 0x00, 0xea, 0x0f, 0x00, 0x0b, 0x72, 0x00, 0x15,
    0x0a, 0x00, 0x00, 0x00, 0x00, 0xe0, 0xf0, 0x03, 0x00, 0xca, 0x0f, 0x00,
    0x08, 0x72, 0x18, 0x15, 0x0a, 0x00, 0x00, 0x00, 0x00, 0x00, 0x00, 0x04,
    0x00, 0xe2, 0x0f, 0x00, 0x47, 0x79, 0x50, 0x00, 0x0c, 0x00, 0x00, 0x00,
    0x00, 0x00, 0x80, 0x03, 0x00, 0xee, 0x0f, 0x00, 0x23, 0x72, 0x18, 0x15,
    0x0a, 0x00, 0x00, 0x00, 0x1e, 0x00, 0x00, 0x00, 0x00, 0xe2, 0x0f, 0x02,
    0x47, 0x79, 0x48, 0x00, 0x0c, 0x00, 0x00, 0x00, 0x00, 0x00, 0x80, 0x03,
    0x00, 0xec, 0x0f, 0x00, 0x0c, 0x78, 0x00, 0x07, 0x0f, 0x00, 0x00, 0x00,
    0x70, 0x42, 0xf0, 0x03, 0x00, 0xda, 0x0f, 0x00, 0x47, 0x09, 0x58, 0x00,
    0x04, 0x00, 0x00, 0x00, 0x00, 0x00, 0x80, 0x03, 0x00, 0xea, 0x0f, 0x00,
    0x0c, 0x78, 0x00, 0x07, 0x0d, 0x00, 0x00, 0x00, 0x70, 0x42, 0xf0, 0x03,
    0x00, 0xda, 0x0f, 0x00, 0x47, 0x09, 0x74, 0x00, 0x00, 0x00, 0x00, 0x00,
    0x00, 0x00, 0x80, 0x03, 0x00, 0xea, 0x0f, 0x00, 0x0c, 0x78, 0x00, 0x07,
    0x0b, 0x00, 0x00, 0x00, 0x70, 0x50, 0xf0, 0x03, 0x00, 0xda, 0x0f, 0x00,
    0x47, 0x89, 0x60, 0x00, 0x00, 0x00, 0x00, 0x00, 0x00, 0x00, 0x80, 0x03,
    0x00, 0xea, 0x0f, 0x00, 0x0c, 0x78, 0x00, 0x07, 0x0d, 0x00, 0x00, 0x00,
    0x70, 0x50, 0xf0, 0x03, 0x00, 0xda, 0x0f, 0x00, 0x47, 0x09, 0x28, 0x00,
    0x0c, 0x00, 0x00, 0x00, 0x00, 0x00, 0x80, 0x03, 0x00, 0xea, 0x0f, 0x00,
    0x0b, 0x78, 0x00, 0x15, 0x08, 0xe5, 0x3c, 0x1e, 0x00, 0xe2, 0xf0, 0x03,
    0x00, 0xda, 0x0f, 0x00, 0x47, 0x89, 0x40, 0x00, 0x00, 0x00, 0x00, 0x00,
    0x00, 0x00, 0x80, 0x03, 0x00, 0xea, 0x0f, 0x00, 0x08, 0x73, 0x08, 0x00,
    0x15, 0x00, 0x00, 0x00, 0x00, 0x10, 0x00, 0x00, 0x00, 0x22, 0x0e, 0x00,
    0x45, 0x79, 0x08, 0x00, 0xd0, 0x00, 0x00, 0x00, 0x00, 0x02, 0x80, 0x03,
    0x00, 0xe2, 0x0f, 0x00, 0x02, 0x73, 0x00, 0x14, 0x15, 0x00, 0x00, 0x00,
    0x00, 0x00, 0x00, 0x00, 0x00, 0x62, 0x0e, 0x00, 0x23, 0x74, 0x05, 0x15,
    0x00, 0x00, 0x80, 0x3f, 0x08, 0x01, 0x00, 0x00, 0x00, 0xc8, 0x1f, 0x00,
    0x23, 0x72, 0x05, 0x08, 0x05, 0x00, 0x00, 0x00, 0x08, 0x00, 0x00, 0x00,
    0x00, 0xc8, 0x0f, 0x00, 0x23, 0x78, 0x08, 0x05, 0x00, 0x00, 0x80, 0x3f,
    0xff, 0x00, 0x00, 0x00, 0x00, 0xc8, 0x0f, 0x00, 0x23, 0x74, 0x11, 0x15,
    0x00, 0x00, 0x80, 0x3f, 0x08, 0x01, 0x00, 0x00, 0x00, 0xc8, 0x0f, 0x00,
    0x23, 0x72, 0x18, 0x05, 0x11, 0x00, 0x00, 0x00, 0x08, 0x00, 0x00, 0x00,
    0x00, 0xe2, 0x0f, 0x00, 0x47, 0x89, 0x10, 0x00, 0x00, 0x00, 0x00, 0x00,
    0x00, 0x00, 0x80, 0x03, 0x00, 0xec, 0x2f, 0x00, 0x02, 0x72, 0x1c, 0x00,
    0x15, 0x00, 0x00, 0x00, 0x00, 0x0f, 0x00, 0x00, 0x00, 0xe2, 0x0f, 0x00,
    0x02, 0x78, 0x10, 0x00, 0xd0, 0x61, 0x00, 0x00, 0x00, 0x0f, 0x00, 0x00,
    0x00, 0xce, 0x0f, 0x00, 0x44, 0x79, 0x64, 0x00, 0x28, 0x00, 0x00, 0x00,
    0x00, 0x00, 0xc0, 0x03, 0x00, 0xea, 0xcf, 0x03, 0x02, 0x72, 0x18, 0x00,
    0x05, 0x00, 0x00, 0x00, 0x00, 0x0f, 0x00, 0x00, 0x00, 0xce, 0x0f, 0x00,
    0x18, 0x79, 0x00, 0x00, 0x00, 0x00, 0x00, 0x00, 0x00, 0x00, 0x00, 0x00,
    0x00, 0xe2, 0x0f, 0x00, 0x41, 0x79, 0x08, 0x00, 0x00, 0x00, 0x00, 0x00,
    0x00, 0x02, 0x80, 0x03, 0x00, 0xea, 0x0f, 0x00, 0x47, 0x79, 0xe0, 0x00,
    0x08, 0x00, 0x00, 0x00, 0x00, 0x00, 0x80, 0x03, 0x00, 0xea, 0x0f, 0x00,
    0x0b, 0x72, 0x00, 0x15, 0xff, 0x00, 0x00, 0x00, 0x00, 0xe0, 0xf0, 0x03,
    0x00, 0xe2, 0x0f, 0x00, 0x31, 0x74, 0x18, 0xff, 0xca, 0xf2, 0x49, 0x71,
    0xff, 0x01, 0x00, 0x00, 0x00, 0xca, 0x0f, 0x00, 0x08, 0x78, 0x18, 0x18,
    0xca, 0xf2, 0x49, 0x71, 0x00, 0x01, 0x00, 0x04, 0x00, 0xe2, 0x0f, 0x00,
    0x47, 0x79, 0xd0, 0x00, 0x08, 0x00, 0x00, 0x00, 0x00, 0x00, 0x80, 0x03,
    0x00, 0xec, 0x0f, 0x00, 0x0b, 0x72, 0x00, 0x15, 0x0a, 0x00, 0x00, 0x00,
    0x00, 0x40, 0xf0, 0x03, 0x00, 0xca, 0x0f, 0x00, 0x08, 0x72, 0x18, 0x15,
    0x0a, 0x00, 0x00, 0x00, 0x00, 0x00, 0x00, 0x00, 0x00, 0xe2, 0x0f, 0x00,
    0x47, 0x79, 0xc4, 0x00, 0x08, 0x00, 0x00, 0x00, 0x00, 0x00, 0x80, 0x03,
    0x00, 0xee, 0x0f, 0x00, 0x0c, 0x78, 0x00, 0x07, 0x0e, 0x00, 0x00, 0x00,
    0x70, 0x50, 0xf0, 0x03, 0x00, 0xda, 0x0f, 0x00, 0x47, 0x89, 0x50, 0x00,
    0x00, 0x00, 0x00, 0x00, 0x00, 0x00, 0x80, 0x03, 0x00, 0xea, 0x0f, 0x00,
    0x0b, 0x72, 0x00, 0x15, 0xff, 0x00, 0x00, 0x00, 0x00, 0x40, 0xf0, 0x03,
    0x00, 0xca, 0x0f, 0x00, 0x0c, 0x78, 0x00, 0x07, 0x0f, 0x00, 0x00, 0x00,
    0x70, 0x54, 0x70, 0x04, 0x00, 0xda, 0x0f, 0x00, 0x47, 0x09, 0xb0, 0x00,
    0x08, 0x00, 0x00, 0x00, 0x00, 0x00, 0x80, 0x03, 0x00, 0xea, 0x0f, 0x00,
    0x35, 0x78, 0x05, 0x15, 0x00, 0x00, 0x00, 0xf3, 0x00, 0x00, 0x8e, 0x07,
    0x00, 0xe2, 0x0f, 0x00, 0x08, 0x73, 0x08, 0x00, 0x15, 0x00, 0x00, 0x00,
    0x00, 0x14, 0x00, 0x00, 0x00, 0x62, 0x00, 0x00, 0x45, 0x79, 0x06, 0x00,
    0xd0, 0x00, 0x00, 0x00, 0x00, 0x02, 0x80, 0x03, 0x00, 0xe6, 0x0f, 0x00,
    0x0c, 0x78, 0x00, 0x05, 0xff, 0xff, 0x7f, 0x72, 0x70, 0x40, 0xf0, 0x03,
    0x00, 0xda, 0x0f, 0x00, 0x47, 0x89, 0x14, 0x00, 0x00, 0x00, 0x00, 0x00,
    0x00, 0x00, 0x80, 0x03, 0x00, 0xea, 0x0f, 0x00, 0x02, 0x72, 0x17, 0x00,
    0x15, 0x00, 0x00, 0x00, 0x00, 0x0f, 0x00, 0x00, 0x00, 0xe2, 0xaf, 0x00,
    0x02, 0x78, 0x1b, 0x00, 0x50, 0x63, 0x00, 0x00, 0x00, 0x0f, 0x00, 0x00,
    0x00, 0xce, 0x1f, 0x00, 0x44, 0x79, 0xa8, 0x00, 0x24, 0x00, 0x00, 0x00,
    0x00, 0x00, 0xc0, 0x03, 0x00, 0xea, 0x4f, 0x03, 0x02, 0x72, 0x18, 0x00,
    0x1c, 0x00, 0x00, 0x00, 0x00, 0x0f, 0x00, 0x00, 0x00, 0xe2, 0x0f, 0x00,
    0x47, 0x79, 0x10, 0x00, 0x00, 0x00, 0x00, 0x00, 0x00, 0x00, 0x80, 0x03,
    0x00, 0xec, 0x0f, 0x00, 0x20, 0x72, 0x18, 0x15, 0x08, 0x00, 0x00, 0x00,
    0x00, 0x00, 0x41, 0x00, 0x00, 0xe2, 0x2f, 0x00, 0x20, 0x78, 0x05, 0x08,
    0x00, 0x00, 0x00, 0x3f, 0x00, 0x00, 0x41, 0x00, 0x00, 0xc6, 0x0f, 0x00,
    0x23, 0x72, 0x15, 0x18, 0x18, 0x00, 0x00, 0x00, 0x15, 0x01, 0x00, 0x00,
    0x00, 0xc8, 0x1f, 0x00, 0x23, 0x72, 0x18, 0x15, 0x05, 0x00, 0x00, 0x00,
    0x18, 0x00, 0x00, 0x00, 0x00, 0xce, 0x0f, 0x00, 0x18, 0x79, 0x00, 0x00,
    0x00, 0x00, 0x00, 0x00, 0x00, 0x00, 0x00, 0x00, 0x00, 0xe2, 0x0f, 0x00,
    0x41, 0x79, 0x06, 0x00, 0x00, 0x00, 0x00, 0x00, 0x00, 0x02, 0x80, 0x03,
    0x00, 0xea, 0x0f, 0x00, 0x47, 0x79, 0x6c, 0x00, 0x08, 0x00, 0x00, 0x00,
    0x00, 0x00, 0x80, 0x03, 0x00, 0xea, 0x0f, 0x00, 0x0b, 0x72, 0x00, 0x15,
    0xff, 0x00, 0x00, 0x00, 0x00, 0x40, 0xf0, 0x03, 0x00, 0xe2, 0x0f, 0x00,
    0x31, 0x74, 0x18, 0xff, 0xca, 0xf2, 0x49, 0x71, 0xff, 0x01, 0x00, 0x00,
    0x00, 0xd8, 0x0f, 0x00, 0x47, 0x89, 0x60, 0x00, 0x08, 0x00, 0x00, 0x00,
    0x00, 0x00, 0x80, 0x03, 0x00, 0xea, 0x0f, 0x00, 0x35, 0x78, 0x05, 0x15,
    0x00, 0x00, 0x00, 0xf3, 0x00, 0x00, 0x8e, 0x07, 0x00, 0xe2, 0x0f, 0x00,
    0x08, 0x73, 0x08, 0x00, 0x15, 0x00, 0x00, 0x00, 0x00, 0x14, 0x00, 0x00,
    0x00, 0x62, 0x00, 0x00, 0x45, 0x79, 0x06, 0x00, 0xc0, 0x00, 0x00, 0x00,
    0x00, 0x02, 0x80, 0x03, 0x00, 0xe6, 0x0f, 0x00, 0x0c, 0x78, 0x00, 0x05,
    0xff, 0xff, 0x7f, 0x72, 0x70, 0x40, 0xf0, 0x03, 0x00, 0xda, 0x0f, 0x00,
    0x47, 0x89, 0x10, 0x00, 0x00, 0x00, 0x00, 0x00, 0x00, 0x00, 0x80, 0x03,
    0x00, 0xea, 0x0f, 0x00, 0x02, 0x72, 0x17, 0x00, 0x15, 0x00, 0x00, 0x00,
    0x00, 0x0f, 0x00, 0x00, 0x00, 0xe2, 0xaf, 0x00, 0x02, 0x78, 0x1b, 0x00,
    0x90, 0x64, 0x00, 0x00, 0x00, 0x0f, 0x00, 0x00, 0x00, 0xce, 0x1f, 0x00,
    0x44, 0x79, 0x58, 0x00, 0x24, 0x00, 0x00, 0x00, 0x00, 0x00, 0xc0, 0x03,
    0x00, 0xea, 0x4f, 0x03, 0x47, 0x79, 0x10, 0x00, 0x00, 0x00, 0x00, 0x00,
    0x00, 0x00, 0x80, 0x03, 0x00, 0xea, 0x0f, 0x00, 0x20, 0x72, 0x1c, 0x15,
    0x08, 0x00, 0x00, 0x00, 0x00, 0x00, 0x41, 0x00, 0x00, 0xe2, 0x2f, 0x00,
    0x20, 0x78, 0x05, 0x08, 0x00, 0x00, 0x00, 0x3f, 0x00, 0x00, 0x41, 0x00,
    0x00, 0xc6, 0x0f, 0x00, 0x23, 0x72, 0x15, 0x1c, 0x1c, 0x00, 0x00, 0x00,
    0x15, 0x01, 0x00, 0x00, 0x00, 0xc8, 0x1f, 0x00, 0x23, 0x72, 0x1c, 0x15,
    0x05, 0x00, 0x00, 0x00, 0x1c, 0x00, 0x00, 0x00, 0x00, 0xce, 0x0f, 0x00,
    0x18, 0x79, 0x00, 0x00, 0x00, 0x00, 0x00, 0x00, 0x00, 0x00, 0x00, 0x00,
    0x00, 0xe2, 0x0f, 0x00, 0x41, 0x79, 0x06, 0x00, 0x00, 0x00, 0x00, 0x00,
    0x00, 0x02, 0x80, 0x03, 0x00, 0xea, 0x0f, 0x00, 0x08, 0x73, 0x05, 0x00,
    0x1c, 0x00, 0x00, 0x00, 0x00, 0x10, 0x00, 0x00, 0x00, 0x22, 0x0e, 0x00,
    0x45, 0x79, 0x08, 0x00, 0xc0, 0x00, 0x00, 0x00, 0x00, 0x02, 0x80, 0x03,
    0x00, 0xe2, 0x0f, 0x00, 0x02, 0x73, 0x00, 0x14, 0x1c, 0x00, 0x00, 0x00,
    0x00, 0x00, 0x00, 0x00, 0x00, 0x62, 0x0e, 0x00, 0x23, 0x74, 0x08, 0x05,
    0x00, 0x00, 0x80, 0x3f, 0x1c, 0x08, 0x00, 0x00, 0x00, 0xc8, 0x1f, 0x00,
    0x23, 0x72, 0x05, 0x05, 0x08, 0x00, 0x00, 0x00, 0x05, 0x00, 0x00, 0x00,
    0x00, 0xc8, 0x0f, 0x00, 0x23, 0x78, 0x08, 0x05, 0x00, 0x00, 0x80, 0x3f,
    0xff, 0x00, 0x00, 0x00, 0x00, 0xc8, 0x0f, 0x00, 0x23, 0x74, 0x11, 0x08,
    0x00, 0x00, 0x80, 0x3f, 0x1c, 0x08, 0x00, 0x00, 0x00, 0xc8, 0x0f, 0x00,
    0x23, 0x72, 0x18, 0x05, 0x11, 0x00, 0x00, 0x00, 0x08, 0x00, 0x00, 0x00,
    0x00, 0xe2, 0x0f, 0x00, 0x47, 0x89, 0x0c, 0x00, 0x00, 0x00, 0x00, 0x00,
    0x00, 0x00, 0x80, 0x03, 0x00, 0xec, 0x2f, 0x00, 0x02, 0x78, 0x10, 0x00,
    0xb0, 0x65, 0x00, 0x00, 0x00, 0x0f, 0x00, 0x00, 0x00, 0xce, 0x0f, 0x00,
    0x44, 0x79, 0x6c, 0x00, 0x24, 0x00, 0x00, 0x00, 0x00, 0x00, 0xc0, 0x03,
    0x00, 0xea, 0xcf, 0x03, 0x02, 0x72, 0x18, 0x00, 0x05, 0x00, 0x00, 0x00,
    0x00, 0x0f, 0x00, 0x00, 0x00, 0xce, 0x0f, 0x00, 0x18, 0x79, 0x00, 0x00,
    0x00, 0x00, 0x00, 0x00, 0x00, 0x00, 0x00, 0x00, 0x00, 0xe2, 0x0f, 0x00,
    0x41, 0x79, 0x08, 0x00, 0x00, 0x00, 0x00, 0x00, 0x00, 0x02, 0x80, 0x03,
    0x00, 0xea, 0x0f, 0x00, 0x47, 0x79, 0xe8, 0x00, 0x04, 0x00, 0x00, 0x00,
    0x00, 0x00, 0x80, 0x03, 0x00, 0xea, 0x0f, 0x00, 0x0c, 0x78, 0x00, 0x07,
    0x11, 0x00, 0x00, 0x00, 0x70, 0x42, 0xf0, 0x03, 0x00, 0xda, 0x0f, 0x00,
    0x47, 0x09, 0x20, 0x00, 0x00, 0x00, 0x00, 0x00, 0x00, 0x00, 0x80, 0x03,
    0x00, 0xea, 0x0f, 0x00, 0x0c, 0x78, 0x00, 0x07, 0x10, 0x00, 0x00, 0x00,
    0x70, 0x50, 0xf0, 0x03, 0x00, 0xda, 0x0f, 0x00, 0x47, 0x89, 0x10, 0x00,
    0x00, 0x00, 0x00, 0x00, 0x00, 0x00, 0x80, 0x03, 0x00, 0xea, 0x0f, 0x00,
    0x0c, 0x78, 0x00, 0x07, 0x11, 0x00, 0x00, 0x00, 0x70, 0x50, 0xf0, 0x03,
    0x00, 0xda, 0x0f, 0x00, 0x47, 0x09, 0xd0, 0x00, 0x04, 0x00, 0x00, 0x00,
    0x00, 0x00, 0x80, 0x03, 0x00, 0xea, 0x0f, 0x00, 0x21, 0x72, 0x18, 0x15,
    0xff, 0x00, 0x00, 0x80, 0x00, 0x01, 0x00, 0x00, 0x00, 0xe2, 0x0f, 0x00,
    0x47, 0x79, 0xc8, 0x00, 0x04, 0x00, 0x00, 0x00, 0x00, 0x00, 0x80, 0x03,
    0x00, 0xec, 0x0f, 0x00, 0x21, 0x72, 0x18, 0x15, 0xff, 0x00, 0x00, 0x80,
    0x00, 0x02, 0x00, 0x00, 0x00, 0xe2, 0x0f, 0x00, 0x47, 0x79, 0xc0, 0x00,
    0x04, 0x00, 0x00, 0x00, 0x00, 0x00, 0x80, 0x03, 0x00, 0xec, 0x0f, 0x00,
    0x0c, 0x78, 0x00, 0x07, 0x12, 0x00, 0x00, 0x00, 0x70, 0x50, 0xf0, 0x03,
    0x00, 0xda, 0x0f, 0x00, 0x47, 0x89, 0x14, 0x00, 0x00, 0x00, 0x00, 0x00,
    0x00, 0x00, 0x80, 0x03, 0x00, 0xea, 0x0f, 0x00, 0x0c, 0x78, 0x00, 0x07,
    0x13, 0x00, 0x00, 0x00, 0x70, 0x50, 0xf0, 0x03, 0x00, 0xda, 0x0f, 0x00,
    0x47, 0x09, 0xb0, 0x00, 0x04, 0x00, 0x00, 0x00, 0x00, 0x00, 0x80, 0x03,
    0x00, 0xea, 0x0f, 0x00, 0x07, 0x73, 0x18, 0x00, 0x15, 0x00, 0x00, 0x00,
    0x00, 0x50, 0x20, 0x00, 0x00, 0x24, 0x0e, 0x00, 0x21, 0x72, 0x18, 0x15,
    0x18, 0x00, 0x00, 0x80, 0x00, 0x00, 0x00, 0x00, 0x00, 0xe2, 0x1f, 0x00,
    0x47, 0x79, 0xa4, 0x00, 0x04, 0x00, 0x00, 0x00, 0x00, 0x00, 0x80, 0x03,
    0x00, 0xec, 0x0f, 0x00, 0x07, 0x73, 0x18, 0x00, 0x15, 0x00, 0x00, 0x00,
    0x00, 0x50, 0x20, 0x00, 0x00, 0x22, 0x00, 0x00, 0x47, 0x79, 0x9c, 0x00,
    0x04, 0x00, 0x00, 0x00, 0x00, 0x00, 0x80, 0x03, 0x00, 0xea, 0x0f, 0x00,
    0x0c, 0x78, 0x00, 0x07, 0x1a, 0x00, 0x00, 0x00, 0x70, 0x42, 0xf0, 0x03,
    0x00, 0xda, 0x0f, 0x00, 0x47, 0x09, 0xf0, 0x00, 0x00, 0x00, 0x00, 0x00,
    0x00, 0x00, 0x80, 0x03, 0x00, 0xea, 0x0f, 0x00, 0x0c, 0x78, 0x00, 0x07,
    0x16, 0x00, 0x00, 0x00, 0x70, 0x42, 0xf0, 0x03, 0x00, 0xda, 0x0f, 0x00,
    0x47, 0x09, 0x48, 0x00, 0x00, 0x00, 0x00, 0x00, 0x00, 0x00, 0x80, 0x03,
    0x00, 0xea, 0x0f, 0x00, 0x0c, 0x78, 0x00, 0x07, 0x14, 0x00, 0x00, 0x00,
    0x70, 0x50, 0xf0, 0x03, 0x00, 0xda, 0x0f, 0x00, 0x47, 0x89, 0x28, 0x00,
    0x00, 0x00, 0x00, 0x00, 0x00, 0x00, 0x80, 0x03, 0x00, 0xea, 0x0f, 0x00,
    0x0c, 0x78, 0x00, 0x07, 0x15, 0x00, 0x00, 0x00, 0x70, 0x50, 0xf0, 0x03,
    0x00, 0xda, 0x0f, 0x00, 0x47, 0x89, 0x14, 0x00, 0x00, 0x00, 0x00, 0x00,
    0x00, 0x00, 0x80, 0x03, 0x00, 0xea, 0x0f, 0x00, 0x0c, 0x78, 0x00, 0x07,
    0x16, 0x00, 0x00, 0x00, 0x70, 0x50, 0xf0, 0x03, 0x00, 0xda, 0x0f, 0x00,
    0x47, 0x09, 0x74, 0x00, 0x04, 0x00, 0x00, 0x00, 0x00, 0x00, 0x80, 0x03,
    0x00, 0xea, 0x0f, 0x00, 0x20, 0x78, 0x15, 0x15, 0x83, 0xf9, 0x22, 0x3e,
    0x00, 0xc0, 0x40, 0x00, 0x00, 0xc8, 0x0f, 0x00, 0x08, 0x73, 0x18, 0x00,
    0x15, 0x00, 0x00, 0x00, 0x00, 0x00, 0x00, 0x00, 0x00, 0x22, 0x00, 0x00,
    0x47, 0x79, 0x68, 0x00, 0x04, 0x00, 0x00, 0x00, 0x00, 0x00, 0x80, 0x03,
    0x00, 0xea, 0x0f, 0x00, 0x20, 0x78, 0x15, 0x15, 0x83, 0xf9, 0x22, 0x3e,
    0x00, 0xc0, 0x40, 0x00, 0x00, 0xc8, 0x0f, 0x00, 0x08, 0x73, 0x18, 0x00,
    0x15, 0x00, 0x00, 0x00, 0x00, 0x04, 0x00, 0x00, 0x00, 0x22, 0x00, 0x00,
    0x47, 0x79, 0x5c, 0x00, 0x04, 0x00, 0x00, 0x00, 0x00, 0x00, 0x80, 0x03,
    0x00, 0xea, 0x0f, 0x00, 0x0b, 0x72, 0x00, 0x15, 0xff, 0x00, 0x00, 0x00,
    0x00, 0x10, 0xf0, 0x03, 0x00, 0xca, 0x0f, 0x00, 0x07, 0x78, 0x18, 0xff,
    0xff, 0xff, 0xff, 0xff, 0x00, 0x00, 0x00, 0x04, 0x00, 0xe2, 0x0f, 0x00,
    0x0b, 0x72, 0x00, 0x15, 0xff, 0x00, 0x00, 0x00, 0x00, 0x40, 0xf0, 0x03,
    0x00, 0xc8, 0x0f, 0x00, 0x45, 0x72, 0x18, 0x00, 0x18, 0x00, 0x00, 0x00,
    0x00, 0x14, 0x20, 0x00, 0x00, 0xca, 0x0f, 0x00, 0x08, 0x78, 0x18, 0x18,
    0x00, 0x00, 0x80, 0x3f, 0x00, 0x00, 0x00, 0x04, 0x00, 0xe2, 0x0f, 0x00,
    0x47, 0x79, 0x44, 0x00, 0x04, 0x00, 0x00, 0x00, 0x00, 0x00, 0x80, 0x03,
    0x00, 0xec, 0x0f, 0x00, 0x0c, 0x78, 0x00, 0x07, 0x18, 0x00, 0x00, 0x00,
    0x70, 0x42, 0xf0, 0x03, 0x00, 0xda, 0x0f, 0x00, 0x47, 0x09, 0x5c, 0x00,
    0x00, 0x00, 0x00, 0x00, 0x00, 0x00, 0x80, 0x03, 0x00, 0xea, 0x0f, 0x00,
    0x0c, 0x78, 0x00, 0x07, 0x17, 0x00, 0x00, 0x00, 0x70, 0x50, 0xf0, 0x03,
    0x00, 0xda, 0x0f, 0x00, 0x47, 0x89, 0x20, 0x00, 0x00, 0x00, 0x00, 0x00,
    0x00, 0x00, 0x80, 0x03, 0x00, 0xea, 0x0f, 0x00, 0x0c, 0x78, 0x00, 0x07,
    0x18, 0x00, 0x00, 0x00, 0x70, 0x50, 0xf0, 0x03, 0x00, 0xda, 0x0f, 0x00,
    0x47, 0x09, 0x2c, 0x00, 0x04, 0x00, 0x00, 0x00, 0x00, 0x00, 0x80, 0x03,
    0x00, 0xea, 0x0f, 0x00, 0x0b, 0x78, 0x00, 0x15, 0x00, 0x00, 0xfc, 0xc2,
    0x00, 0xe0, 0xf0, 0x03, 0x00, 0xe2, 0x0f, 0x04, 0x20, 0x78, 0x08, 0x15,
    0x00, 0x00, 0x00, 0x3f, 0x00, 0x00, 0x40, 0x00, 0x00, 0xca, 0x0f, 0x00,
    0x08, 0x72, 0x08, 0x08, 0x15, 0x00, 0x00, 0x00, 0x00, 0x00, 0x00, 0x04,
    0x00, 0xc8, 0x0f, 0x00, 0x08, 0x73, 0x18, 0x00, 0x08, 0x00, 0x00, 0x00,
    0x00, 0x08, 0x00, 0x00, 0x00, 0x26, 0x0e, 0x00, 0x20, 0x82, 0x18, 0x18,
    0x18, 0x00, 0x00, 0x00, 0x00, 0x00, 0x40, 0x00, 0x00, 0xe2, 0x1f, 0x00,
    0x47, 0x79, 0x14, 0x00, 0x04, 0x00, 0x00, 0x00, 0x00, 0x00, 0x80, 0x03,
    0x00, 0xec, 0x0f, 0x00, 0x0b, 0x72, 0x00, 0x15, 0xff, 0x00, 0x00, 0x00,
    0x00, 0x40, 0xf0, 0x03, 0x00, 0xda, 0x0f, 0x00, 0x47, 0x89, 0x0c, 0x00,
    0x04, 0x00, 0x00, 0x00, 0x00, 0x00, 0x80, 0x03, 0x00, 0xea, 0x0f, 0x00,
    0x0b, 0x78, 0x00, 0x15, 0x00, 0x00, 0x80, 0x00, 0x00, 0xe2, 0xf0, 0x03,
    0x00, 0xe2, 0x0f, 0x04, 0x20, 0x78, 0x08, 0x15, 0x00, 0x00, 0x80, 0x4b,
    0x00, 0x00, 0x40, 0x00, 0x00, 0xca, 0x0f, 0x00, 0x08, 0x72, 0x08, 0x08,
    0x15, 0x00, 0x00, 0x00, 0x00, 0x00, 0x00, 0x04, 0x00, 0xc8, 0x0f, 0x00,
    0x08, 0x73, 0x05, 0x00, 0x08, 0x00, 0x00, 0x00, 0x00, 0x0c, 0x00, 0x00,
    0x00, 0x26, 0x0e, 0x00, 0x21, 0x84, 0x05, 0x05, 0x00, 0x00, 0xc0, 0xc1,
    0x00, 0x00, 0x00, 0x00, 0x00, 0xc8, 0x1f, 0x00, 0x20, 0x72, 0x05, 0x0a,
    0x05, 0x00, 0x00, 0x00, 0x00, 0x00, 0x40, 0x00, 0x00, 0xca, 0x0f, 0x00,
    0x0b, 0x78, 0x00, 0x05, 0x00, 0x00, 0xfc, 0xc2, 0x00, 0xe0, 0xf0, 0x03,
    0x00, 0xda, 0x0f, 0x00, 0x20, 0x88, 0x05, 0x05, 0x00, 0x00, 0x00, 0x3f,
    0x00, 0x00, 0x40, 0x00, 0x00, 0xc8, 0x0f, 0x00, 0x08, 0x73, 0x18, 0x00,
    0x05, 0x00, 0x00, 0x00, 0x00, 0x08, 0x00, 0x00, 0x00, 0x24, 0x0e, 0x00,
    0x20, 0x82, 0x18, 0x18, 0x18, 0x00, 0x00, 0x00, 0x00, 0x00, 0x40, 0x00,
    0x00, 0xe2, 0x1f, 0x00, 0x47, 0x79, 0xe0, 0x00, 0x00, 0x00, 0x00, 0x00,
    0x00, 0x00, 0x80, 0x03, 0x00, 0xec, 0x0f, 0x00, 0x0c, 0x78, 0x00, 0x07,
    0x19, 0x00, 0x00, 0x00, 0x70, 0x50, 0xf0, 0x03, 0x00, 0xda, 0x0f, 0x00,
    0x47, 0x89, 0x10, 0x00, 0x00, 0x00, 0x00, 0x00, 0x00, 0x00, 0x80, 0x03,
    0x00, 0xea, 0x0f, 0x00, 0x0c, 0x78, 0x00, 0x07, 0x1a, 0x00, 0x00, 0x00,
    0x70, 0x50, 0xf0, 0x03, 0x00, 0xda, 0x0f, 0x00, 0x47, 0x09, 0xd0, 0x00,
    0x00, 0x00, 0x00, 0x00, 0x00, 0x00, 0x80, 0x03, 0x00, 0xea, 0x0f, 0x00,
    0x0a, 0x72, 0x18, 0x15, 0x0a, 0x00, 0x00, 0x00, 0x00, 0x10, 0x80, 0x03,
    0x00, 0xe2, 0x0f, 0x00, 0x47, 0x79, 0xc8, 0x00, 0x00, 0x00, 0x00, 0x00,
    0x00, 0x00, 0x80, 0x03, 0x00, 0xec, 0x0f, 0x00, 0x0b, 0x72, 0x00, 0x15,
    0xff, 0x00, 0x00, 0x00, 0x00, 0x40, 0xf0, 0x03, 0x00, 0xe2, 0x0f, 0x00,
    0x31, 0x74, 0x18, 0xff, 0xca, 0xf2, 0x49, 0xf1, 0xff, 0x01, 0x00, 0x00,
    0x00, 0xd8, 0x0f, 0x00, 0x47, 0x89, 0xbc, 0x00, 0x00, 0x00, 0x00, 0x00,
    0x00, 0x00, 0x80, 0x03, 0x00, 0xea, 0x0f, 0x00, 0x0b, 0x78, 0x00, 0x15,
    0x00, 0x00, 0x80, 0x00, 0x00, 0xe2, 0xf0, 0x03, 0x00, 0xe2, 0x0f, 0x04,
    0x20, 0x78, 0x08, 0x15, 0x00, 0x00, 0x80, 0x4b, 0x00, 0x00, 0x40, 0x00,
    0x00, 0xca, 0x0f, 0x00, 0x08, 0x72, 0x08, 0x08, 0x15, 0x00, 0x00, 0x00,
    0x00, 0x00, 0x00, 0x04, 0x00, 0xc8, 0x0f, 0x00, 0x08, 0x73, 0x18, 0x00,
    0x08, 0x00, 0x00, 0x00, 0x00, 0x0c, 0x00, 0x00, 0x00, 0x26, 0x0e, 0x00,
    0x21, 0x84, 0x18, 0x18, 0x00, 0x00, 0xc0, 0xc1, 0x00, 0x00, 0x00, 0x00,
    0x00, 0xe2, 0x1f, 0x00, 0x47, 0x79, 0xa4, 0x00, 0x00, 0x00, 0x00, 0x00,
    0x00, 0x00, 0x80, 0x03, 0x00, 0xec, 0x0f, 0x00, 0x0c, 0x78, 0x00, 0x07,
    0x1e, 0x00, 0x00, 0x00, 0x70, 0x42, 0xf0, 0x03, 0x00, 0xda, 0x0f, 0x00,
    0x47, 0x09, 0x48, 0x00, 0x00, 0x00, 0x00, 0x00, 0x00, 0x00, 0x80, 0x03,
    0x00, 0xea, 0x0f, 0x00, 0x0c, 0x78, 0x00, 0x07, 0x1c, 0x00, 0x00, 0x00,
    0x70, 0x42, 0xf0, 0x03, 0x00, 0xda, 0x0f, 0x00, 0x47, 0x09, 0x20, 0x00,
    0x00, 0x00, 0x00, 0x00, 0x00, 0x00, 0x80, 0x03, 0x00, 0xea, 0x0f, 0x00,
    0x0c, 0x78, 0x00, 0x07, 0x1b, 0x00, 0x00, 0x00, 0x70, 0x50, 0xf0, 0x03,
    0x00, 0xda, 0x0f, 0x00, 0x47, 0x89, 0x10, 0x00, 0x00, 0x00, 0x00, 0x00,
    0x00, 0x00, 0x80, 0x03, 0x00, 0xea, 0x0f, 0x00, 0x0c, 0x78, 0x00, 0x07,
    0x1c, 0x00, 0x00, 0x00, 0x70, 0x50, 0xf0, 0x03, 0x00, 0xda, 0x0f, 0x00,
    0x47, 0x09, 0x84, 0x00, 0x00, 0x00, 0x00, 0x00, 0x00, 0x00, 0x80, 0x03,
    0x00, 0xea, 0x0f, 0x00, 0x0a, 0x72, 0x18, 0x15, 0x0a, 0x00, 0x00, 0x00,
    0x00, 0x40, 0x80, 0x03, 0x00, 0xe2, 0x0f, 0x00, 0x47, 0x79, 0x7c, 0x00,
    0x00, 0x00, 0x00, 0x00, 0x00, 0x00, 0x80, 0x03, 0x00, 0xec, 0x0f, 0x00,
    0x0a, 0x72, 0x18, 0x15, 0x0a, 0x00, 0x00, 0x00, 0x00, 0x30, 0x80, 0x03,
    0x00, 0xe2, 0x0f, 0x00, 0x47, 0x79, 0x74, 0x00, 0x00, 0x00, 0x00, 0x00,
    0x00, 0x00, 0x80, 0x03, 0x00, 0xec, 0x0f, 0x00, 0x0c, 0x78, 0x00, 0x07,
    0x1d, 0x00, 0x00, 0x00, 0x70, 0x50, 0xf0, 0x03, 0x00, 0xda, 0x0f, 0x00,
    0x47, 0x89, 0x10, 0x00, 0x00, 0x00, 0x00, 0x00, 0x00, 0x00, 0x80, 0x03,
    0x00, 0xea, 0x0f, 0x00, 0x0c, 0x78, 0x00, 0x07, 0x1e, 0x00, 0x00, 0x00,
    0x70, 0x50, 0xf0, 0x03, 0x00, 0xda, 0x0f, 0x00, 0x47, 0x09, 0x64, 0x00,
    0x00, 0x00, 0x00, 0x00, 0x00, 0x00, 0x80, 0x03, 0x00, 0xea, 0x0f, 0x00,
    0x0a, 0x72, 0x18, 0x15, 0x0a, 0x00, 0x00, 0x00, 0x00, 0x20, 0x80, 0x03,
    0x00, 0xe2, 0x0f, 0x00, 0x47, 0x79, 0x5c, 0x00, 0x00, 0x00, 0x00, 0x00,
    0x00, 0x00, 0x80, 0x03, 0x00, 0xec, 0x0f, 0x00, 0x0a, 0x72, 0x18, 0x15,
    0x0a, 0x00, 0x00, 0x00, 0x00, 0x60, 0x80, 0x03, 0x00, 0xe2, 0x0f, 0x00,
    0x47, 0x79, 0x54, 0x00, 0x00, 0x00, 0x00, 0x00, 0x00, 0x00, 0x80, 0x03,
    0x00, 0xec, 0x0f, 0x00, 0x0c, 0x78, 0x00, 0x07, 0x20, 0x00, 0x00, 0x00,
    0x70, 0x42, 0xf0, 0x03, 0x00, 0xda, 0x0f, 0x00, 0x47, 0x09, 0x28, 0x00,
    0x00, 0x00, 0x00, 0x00, 0x00, 0x00, 0x80, 0x03, 0x00, 0xea, 0x0f, 0x00,
    0x0c, 0x78, 0x00, 0x07, 0x1f, 0x00, 0x00, 0x00, 0x70, 0x50, 0xf0, 0x03,
    0x00, 0xda, 0x0f, 0x00, 0x47, 0x89, 0x18, 0x00, 0x00, 0x00, 0x00, 0x00,
    0x00, 0x00, 0x80, 0x03, 0x00, 0xea, 0x0f, 0x00, 0x0c, 0x78, 0x00, 0x07,
    0x20, 0x00, 0x00, 0x00, 0x70, 0x50, 0xf0, 0x03, 0x00, 0xda, 0x0f, 0x00,
    0x47, 0x09, 0x3c, 0x00, 0x00, 0x00, 0x00, 0x00, 0x00, 0x00, 0x80, 0x03,
    0x00, 0xea, 0x0f, 0x00, 0x0b, 0x72, 0x00, 0x15, 0xff, 0x00, 0x00, 0x00,
    0x00, 0xd0, 0xf0, 0x03, 0x00, 0xe2, 0x0f, 0x00, 0x0a, 0x72, 0x0a, 0x0a,
    0xff, 0x00, 0x00, 0x00, 0x00, 0xd0, 0x80, 0x03, 0x00, 0xca, 0x0f, 0x00,
    0x08, 0x72, 0x18, 0x0a, 0xff, 0x00, 0x00, 0x00, 0x00, 0x00, 0x00, 0x00,
    0x00, 0xe2, 0x0f, 0x00, 0x47, 0x79, 0x2c, 0x00, 0x00, 0x00, 0x00, 0x00,
    0x00, 0x00, 0x80, 0x03, 0x00, 0xec, 0x0f, 0x00, 0x0a, 0x72, 0x18, 0x15,
    0x0a, 0x00, 0x00, 0x00, 0x00, 0xd0, 0x80, 0x03, 0x00, 0xe2, 0x0f, 0x00,
    0x47, 0x79, 0x24, 0x00, 0x00, 0x00, 0x00, 0x00, 0x00, 0x00, 0x80, 0x03,
    0x00, 0xec, 0x0f, 0x00, 0x0c, 0x78, 0x00, 0x07, 0x21, 0x00, 0x00, 0x00,
    0x70, 0x50, 0xf0, 0x03, 0x00, 0xda, 0x0f, 0x00, 0x47, 0x89, 0x10, 0x00,
    0x00, 0x00, 0x00, 0x00, 0x00, 0x00, 0x80, 0x03, 0x00, 0xea, 0x0f, 0x00,
    0x0c, 0x78, 0x00, 0x07, 0x22, 0x00, 0x00, 0x00, 0x70, 0x50, 0xf0, 0x03,
    0x00, 0xda, 0x0f, 0x00, 0x47, 0x09, 0x14, 0x00, 0x00, 0x00, 0x00, 0x00,
    0x00, 0x00, 0x80, 0x03, 0x00, 0xea, 0x0f, 0x00, 0x0a, 0x72, 0x18, 0x15,
    0xff, 0x00, 0x00, 0x00, 0x00, 0x20, 0x80, 0x03, 0x00, 0xe2, 0x0f, 0x00,
    0x47, 0x79, 0x0c, 0x00, 0x00, 0x00, 0x00, 0x00, 0x00, 0x00, 0x80, 0x03,
    0x00, 0xec, 0x0f, 0x00, 0x0b, 0x72, 0x00, 0x15, 0xff, 0x00, 0x00, 0x00,
    0x00, 0xd0, 0xf0, 0x03, 0x00, 0xe2, 0x0f, 0x00, 0x0a, 0x72, 0x0a, 0x0a,
    0xff, 0x00, 0x00, 0x00, 0x00, 0xd0, 0x80, 0x03, 0x00, 0xca, 0x0f, 0x00,
    0x08, 0x78, 0x18, 0x0a, 0x00, 0x00, 0x80, 0x3f, 0x00, 0x00, 0x00, 0x04,
    0x00, 0xce, 0x0f, 0x00, 0x18, 0x79, 0x00, 0x00, 0x00, 0x00, 0x00, 0x00,
    0x00, 0x00, 0x00, 0x00, 0x00, 0xe2, 0x0f, 0x00, 0x41, 0x79, 0x05, 0x00,
    0x00, 0x00, 0x00, 0x00, 0x00, 0x02, 0x80, 0x03, 0x00, 0xea, 0x0f, 0x00,
    0x0c, 0x78, 0x00, 0x07, 0x13, 0x00, 0x00, 0x00, 0x70, 0x42, 0xf0, 0x03,
    0x00, 0xda, 0x0f, 0x00, 0x47, 0x09, 0xb4, 0x00, 0x08, 0x00, 0x00, 0x00,
    0x00, 0x00, 0x80, 0x03, 0x00, 0xea, 0x0f, 0x00, 0x0c, 0x78, 0x00, 0x07,
    0x0a, 0x00, 0x00, 0x00, 0x70, 0x42, 0xf0, 0x03, 0x00, 0xda, 0x0f, 0x00,
    0x47, 0x09, 0xe8, 0x00, 0x00, 0x00, 0x00, 0x00, 0x00, 0x00, 0x80, 0x03,
    0x00, 0xea, 0x0f, 0x00, 0x0c, 0x78, 0x00, 0x07, 0x03, 0x00, 0x00, 0x00,
    0x70, 0x42, 0xf0, 0x03, 0x00, 0xda, 0x0f, 0x00, 0x47, 0x09, 0x34, 0x00,
    0x00, 0x00, 0x00, 0x00, 0x00, 0x00, 0x80, 0x03, 0x00, 0xea, 0x0f, 0x00,
    0x0c, 0x78, 0x00, 0x07, 0x01, 0x00, 0x00, 0x00, 0x70, 0x50, 0xf0, 0x03,
    0x00, 0xda, 0x0f, 0x00, 0x47, 0x89, 0x24, 0x00, 0x00, 0x00, 0x00, 0x00,
    0x00, 0x00, 0x80, 0x03, 0x00, 0xea, 0x0f, 0x00, 0x0c, 0x78, 0x00, 0x07,
    0x02, 0x00, 0x00, 0x00, 0x70, 0x50, 0xf0, 0x03, 0x00, 0xda, 0x0f, 0x00,
    0x47, 0x89, 0x14, 0x00, 0x00, 0x00, 0x00, 0x00, 0x00, 0x00, 0x80, 0x03,
    0x00, 0xea, 0x0f, 0x00, 0x0c, 0x78, 0x00, 0x07, 0x03, 0x00, 0x00, 0x00,
    0x70, 0x50, 0xf0, 0x03, 0x00, 0xe2, 0x0f, 0x00, 0x02, 0x72, 0x1a, 0x00,
    0xff, 0x00, 0x00, 0x00, 0x00, 0x0f, 0x00, 0x00, 0x00, 0xd8, 0x0f, 0x02,
    0x47, 0x09, 0x44, 0x00, 0x10, 0x00, 0x00, 0x00, 0x00, 0x00, 0x80, 0x03,
    0x00, 0xea, 0x0f, 0x00, 0x21, 0x72, 0x1a, 0x09, 0x06, 0x00, 0x00, 0x80,
    0x00, 0x00, 0x00, 0x00, 0x00, 0xe2, 0x0f, 0x00, 0x47, 0x79, 0x3c, 0x00,
    0x10, 0x00, 0x00, 0x00, 0x00, 0x00, 0x80, 0x03, 0x00, 0xec, 0x0f, 0x00,
    0x21, 0x72, 0x1a, 0x09, 0x06, 0x00, 0x00, 0x00, 0x00, 0x00, 0x00, 0x00,
    0x00, 0xe2, 0x0f, 0x02, 0x47, 0x79, 0x34, 0x00, 0x10, 0x00, 0x00, 0x00,
    0x00, 0x00, 0x80, 0x03, 0x00, 0xec, 0x0f, 0x00, 0x02, 0x72, 0x1a, 0x00,
    0x09, 0x00, 0x00, 0x00, 0x00, 0x0f, 0x00, 0x00, 0x00, 0xe2, 0x0f, 0x02,
    0x47, 0x79, 0x2c, 0x00, 0x10, 0x00, 0x00, 0x00, 0x00, 0x00, 0x80, 0x03,
    0x00, 0xec, 0x0f, 0x00, 0x0c, 0x78, 0x00, 0x07, 0x05, 0x00, 0x00, 0x00,
    0x70, 0x42, 0xf0, 0x03, 0x00, 0xda, 0x0f, 0x00, 0x47, 0x09, 0x7c, 0x00,
    0x00, 0x00, 0x00, 0x00, 0x00, 0x00, 0x80, 0x03, 0x00, 0xea, 0x0f, 0x00,
    0x0c, 0x78, 0x00, 0x07, 0x04, 0x00, 0x00, 0x00, 0x70, 0x50, 0xf0, 0x03,
    0x00, 0xda, 0x0f, 0x00, 0x47, 0x89, 0x6c, 0x00, 0x00, 0x00, 0x00, 0x00,
    0x00, 0x00, 0x80, 0x03, 0x00, 0xea, 0x0f, 0x00, 0x0c, 0x78, 0x00, 0x07,
    0x05, 0x00, 0x00, 0x00, 0x70, 0x50, 0xf0, 0x03, 0x00, 0xe2, 0x0f, 0x00,
    0x31, 0x74, 0x1a, 0xff, 0x00, 0x00, 0x00, 0x00, 0xff, 0x01, 0x00, 0x00,
    0x00, 0xd8, 0x0f, 0x02, 0x47, 0x09, 0x10, 0x00, 0x10, 0x00, 0x00, 0x00,
    0x00, 0x00, 0x80, 0x03, 0x00, 0xea, 0x0f, 0x00, 0x0b, 0x78, 0x00, 0x06,
    0x08, 0xe5, 0x3c, 0x1e, 0x00, 0xe2, 0xf0, 0x03, 0x00, 0xda, 0x0f, 0x00,
    0x47, 0x89, 0x44, 0x00, 0x00, 0x00, 0x00, 0x00, 0x00, 0x00, 0x80, 0x03,
    0x00, 0xea, 0x0f, 0x00, 0x08, 0x73, 0x05, 0x00, 0x06, 0x00, 0x00, 0x00,
    0x00, 0x10, 0x00, 0x00, 0x00, 0x62, 0x0f, 0x00, 0x45, 0x79, 0x05, 0x00,
    0xd0, 0x00, 0x00, 0x00, 0x00, 0x02, 0x80, 0x03, 0x00, 0xe2, 0x0f, 0x00,
    0x02, 0x73, 0x00, 0x14, 0x06, 0x00, 0x00, 0x00, 0x00, 0x00, 0x00, 0x00,
    0x00, 0x22, 0x0e, 0x00, 0x23, 0x74, 0x08, 0x06, 0x00, 0x00, 0x80, 0x3f,
    0x05, 0x01, 0x00, 0x00, 0x00, 0xc8, 0x0f, 0x02, 0x23, 0x72, 0x05, 0x05,
    0x08, 0x00, 0x00, 0x00, 0x05, 0x00, 0x00, 0x00, 0x00, 0xc8, 0x0f, 0x00,
    0x23, 0x78, 0x07, 0x05, 0x00, 0x00, 0x80, 0x3f, 0xff, 0x00, 0x00, 0x00,
    0x00, 0xc8, 0x0f, 0x00, 0x23, 0x74, 0x08, 0x06, 0x00, 0x00, 0x80, 0x3f,
    0x07, 0x01, 0x00, 0x00, 0x00, 0xc8, 0x0f, 0x00, 0x23, 0x72, 0x08, 0x05,
    0x08, 0x00, 0x00, 0x00, 0x07, 0x00, 0x00, 0x00, 0x00, 0xe2, 0x0f, 0x00,
    0x47, 0x89, 0x10, 0x00, 0x00, 0x00, 0x00, 0x00, 0x00, 0x00, 0x80, 0x03,
    0x00, 0xec, 0x1f, 0x00, 0x02, 0x72, 0x1c, 0x00, 0x06, 0x00, 0x00, 0x00,
    0x00, 0x0f, 0x00, 0x00, 0x00, 0xe2, 0x0f, 0x00, 0x02, 0x78, 0x10, 0x00,
    0x30, 0x70, 0x00, 0x00, 0x00, 0x0f, 0x00, 0x00, 0x00, 0xce, 0x0f, 0x00,
    0x44, 0x79, 0xcc, 0x00, 0x18, 0x00, 0x00, 0x00, 0x00, 0x00, 0xc0, 0x03,
    0x00, 0xea, 0xef, 0x01, 0x02, 0x72, 0x08, 0x00, 0x05, 0x00, 0x00, 0x00,
    0x00, 0x0f, 0x00, 0x00, 0x00, 0xce, 0x0f, 0x00, 0x18, 0x79, 0x00, 0x00,
    0x00, 0x00, 0x00, 0x00, 0x00, 0x00, 0x00, 0x00, 0x00, 0xe2, 0x0f, 0x00,
    0x41, 0x79, 0x05, 0x00, 0x00, 0x00, 0x00, 0x00, 0x00, 0x02, 0x80, 0x03,
    0x00, 0xea, 0x0f, 0x00, 0x20, 0x72, 0x1a, 0x09, 0x08, 0x00, 0x00, 0x00,
    0x00, 0x00, 0x40, 0x00, 0x00, 0xe2, 0x0f, 0x00, 0x47, 0x79, 0xc4, 0x00,
    0x0c, 0x00, 0x00, 0x00, 0x00, 0x00, 0x80, 0x03, 0x00, 0xec, 0x0f, 0x00,
    0x0b, 0x72, 0x00, 0x06, 0xff, 0x00, 0x00, 0x00, 0x00, 0xe0, 0xf0, 0x03,
    0x00, 0xe2, 0x0f, 0x00, 0x31, 0x74, 0x1a, 0xff, 0xca, 0xf2, 0x49, 0x71,
    0xff, 0x01, 0x00, 0x00, 0x00, 0xca, 0x0f, 0x00, 0x08, 0x78, 0x1a, 0x1a,
    0xca, 0xf2, 0x49, 0x71, 0x00, 0x01, 0x00, 0x04, 0x00, 0xca, 0x0f, 0x00,
    0x20, 0x72, 0x1a, 0x09, 0x1a, 0x00, 0x00, 0x00, 0x00, 0x00, 0x40, 0x00,
    0x00, 0xe2, 0x0f, 0x00, 0x47, 0x79, 0xb0, 0x00, 0x0c, 0x00, 0x00, 0x00,
    0x00, 0x00, 0x80, 0x03, 0x00, 0xec, 0x0f, 0x00, 0x20, 0x72, 0x1a, 0x09,
    0x06, 0x00, 0x00, 0x00, 0x00, 0x00, 0x40, 0x00, 0x00, 0xe2, 0x0f, 0x02,
    0x47, 0x79, 0xa8, 0x00, 0x0c, 0x00, 0x00, 0x00, 0x00, 0x00, 0x80, 0x03,
    0x00, 0xec, 0x0f, 0x00, 0x0c, 0x78, 0x00, 0x07, 0x06, 0x00, 0x00, 0x00,
    0x70, 0x50, 0xf0, 0x03, 0x00, 0xda, 0x0f, 0x00, 0x47, 0x89, 0x18, 0x00,
    0x00, 0x00, 0x00, 0x00, 0x00, 0x00, 0x80, 0x03, 0x00, 0xea, 0x0f, 0x00,
    0x0c, 0x78, 0x00, 0x07, 0x0a, 0x00, 0x00, 0x00, 0x70, 0x50, 0xf0, 0x03,
    0x00, 0xe2, 0x0f, 0x00, 0x02, 0x72, 0x1a, 0x00, 0xff, 0x00, 0x00, 0x00,
    0x00, 0x0f, 0x00, 0x00, 0x00, 0xd8, 0x0f, 0x02, 0x47, 0x09, 0x94, 0x00,
    0x0c, 0x00, 0x00, 0x00, 0x00, 0x00, 0x80, 0x03, 0x00, 0xea, 0x0f, 0x00,
    0x0b, 0x72, 0x00, 0x09, 0x06, 0x00, 0x00, 0x00, 0x00, 0xe0, 0xf0, 0x03,
    0x00, 0xca, 0x0f, 0x00, 0x08, 0x72, 0x1a, 0x09, 0x06, 0x00, 0x00, 0x00,
    0x00, 0x00, 0x00, 0x04, 0x00, 0xe2, 0x0f, 0x00, 0x47, 0x79, 0x88, 0x00,
    0x0c, 0x00, 0x00, 0x00, 0x00, 0x00, 0x80, 0x03, 0x00, 0xee, 0x0f, 0x00,
    0x23, 0x72, 0x1a, 0x09, 0x06, 0x00, 0x00, 0x00, 0x1a, 0x00, 0x00, 0x00,
    0x00, 0xe2, 0x0f, 0x02, 0x47, 0x79, 0x80, 0x00, 0x0c, 0x00, 0x00, 0x00,
    0x00, 0x00, 0x80, 0x03, 0x00, 0xec, 0x0f, 0x00, 0x0c, 0x78, 0x00, 0x07,
    0x0f, 0x00, 0x00, 0x00, 0x70, 0x42, 0xf0, 0x03, 0x00, 0xda, 0x0f, 0x00,
    0x47, 0x09, 0x68, 0x00, 0x04, 0x00, 0x00, 0x00, 0x00, 0x00, 0x80, 0x03,
    0x00, 0xea, 0x0f, 0x00, 0x0c, 0x78, 0x00, 0x07, 0x0d, 0x00, 0x00, 0x00,
    0x70, 0x42, 0xf0, 0x03, 0x00, 0xda, 0x0f, 0x00, 0x47, 0x09, 0x78, 0x00,
    0x00, 0x00, 0x00, 0x00, 0x00, 0x00, 0x80, 0x03, 0x00, 0xea, 0x0f, 0x00,
    0x0c, 0x78, 0x00, 0x07, 0x0b, 0x00, 0x00, 0x00, 0x70, 0x50, 0xf0, 0x03,
    0x00, 0xda, 0x0f, 0x00, 0x47, 0x89, 0x64, 0x00, 0x00, 0x00, 0x00, 0x00,
    0x00, 0x00, 0x80, 0x03, 0x00, 0xea, 0x0f, 0x00, 0x0c, 0x78, 0x00, 0x07,
    0x0d, 0x00, 0x00, 0x00, 0x70, 0x50, 0xf0, 0x03, 0x00, 0xe2, 0x0f, 0x00,
    0x31, 0x74, 0x1a, 0xff, 0x00, 0x00, 0x00, 0x00, 0xff, 0x01, 0x00, 0x00,
    0x00, 0xd8, 0x0f, 0x02, 0x47, 0x09, 0x5c, 0x00, 0x0c, 0x00, 0x00, 0x00,
    0x00, 0x00, 0x80, 0x03, 0x00, 0xea, 0x0f, 0x00, 0x0b, 0x78, 0x00, 0x09,
    0x08, 0xe5, 0x3c, 0x1e, 0x00, 0xe2, 0xf0, 0x03, 0x00, 0xda, 0x0f, 0x00,
    0x47, 0x89, 0x40, 0x00, 0x00, 0x00, 0x00, 0x00, 0x00, 0x00, 0x80, 0x03,
    0x00, 0xea, 0x0f, 0x00, 0x08, 0x73, 0x06, 0x00, 0x09, 0x00, 0x00, 0x00,
    0x00, 0x10, 0x00, 0x00, 0x00, 0x62, 0x0f, 0x00, 0x45, 0x79, 0x05, 0x00,
    0xd0, 0x00, 0x00, 0x00, 0x00, 0x02, 0x80, 0x03, 0x00, 0xe2, 0x0f, 0x00,
    0x02, 0x73, 0x00, 0x14, 0x09, 0x00, 0x00, 0x00, 0x00, 0x00, 0x00, 0x00,
    0x00, 0x22, 0x0e, 0x00, 0x23, 0x74, 0x05, 0x09, 0x00, 0x00, 0x80, 0x3f,
    0x06, 0x01, 0x00, 0x00, 0x00, 0xc8, 0x0f, 0x02, 0x23, 0x72, 0x05, 0x06,
    0x05, 0x00, 0x00, 0x00, 0x06, 0x00, 0x00, 0x00, 0x00, 0xc8, 0x0f, 0x00,
    0x23, 0x78, 0x06, 0x05, 0x00, 0x00, 0x80, 0x3f, 0xff, 0x00, 0x00, 0x00,
    0x00, 0xc8, 0x0f, 0x00, 0x23, 0x74, 0x07, 0x09, 0x00, 0x00, 0x80, 0x3f,
    0x06, 0x01, 0x00, 0x00, 0x00, 0xc8, 0x0f, 0x00, 0x23, 0x72, 0x1a, 0x05,
    0x07, 0x00, 0x00, 0x00, 0x06, 0x00, 0x00, 0x00, 0x00, 0xe2, 0x0f, 0x00,
    0x47, 0x89, 0x10, 0x00, 0x00, 0x00, 0x00, 0x00, 0x00, 0x00, 0x80, 0x03,
    0x00, 0xec, 0x1f, 0x00, 0x02, 0x72, 0x1c, 0x00, 0x09, 0x00, 0x00, 0x00,
    0x00, 0x0f, 0x00, 0x00, 0x00, 0xe2, 0x0f, 0x00, 0x02, 0x78, 0x10, 0x00,
    0x00, 0x73, 0x00, 0x00, 0x00, 0x0f, 0x00, 0x00, 0x00, 0xce, 0x0f, 0x00,
    0x44, 0x79, 0x18, 0x00, 0x18, 0x00, 0x00, 0x00, 0x00, 0x00, 0xc0, 0x03,
    0x00, 0xea, 0xef, 0x01, 0x02, 0x72, 0x1a, 0x00, 0x05, 0x00, 0x00, 0x00,
    0x00, 0x0f, 0x00, 0x00, 0x00, 0xce, 0x0f, 0x00, 0x18, 0x79, 0x00, 0x00,
    0x00, 0x00, 0x00, 0x00, 0x00, 0x00, 0x00, 0x00, 0x00, 0xe2, 0x0f, 0x00,
    0x41, 0x79, 0x05, 0x00, 0x00, 0x00, 0x00, 0x00, 0x00, 0x02, 0x80, 0x03,
    0x00, 0xea, 0x0f, 0x00, 0x47, 0x79, 0x14, 0x00, 0x0c, 0x00, 0x00, 0x00,
    0x00, 0x00, 0x80, 0x03, 0x00, 0xea, 0x0f, 0x00, 0x0b, 0x72, 0x00, 0x09,
    0xff, 0x00, 0x00, 0x00, 0x00, 0xe0, 0xf0, 0x03, 0x00, 0xe2, 0x0f, 0x00,
    0x31, 0x74, 0x1a, 0xff, 0xca, 0xf2, 0x49, 0x71, 0xff, 0x01, 0x00, 0x00,
    0x00, 0xca, 0x0f, 0x00, 0x08, 0x78, 0x1a, 0x1a, 0xca, 0xf2, 0x49, 0x71,
    0x00, 0x01, 0x00, 0x04, 0x00, 0xe2, 0x0f, 0x00, 0x47, 0x79, 0x04, 0x00,
    0x0c, 0x00, 0x00, 0x00, 0x00, 0x00, 0x80, 0x03, 0x00, 0xec, 0x0f, 0x00,
    0x0b, 0x72, 0x00, 0x09, 0x06, 0x00, 0x00, 0x00, 0x00, 0x40, 0xf0, 0x03,
    0x00, 0xca, 0x0f, 0x00, 0x08, 0x72, 0x1a, 0x09, 0x06, 0x00, 0x00, 0x00,
    0x00, 0x00, 0x00, 0x00, 0x00, 0xe2, 0x0f, 0x02, 0x47, 0x79, 0xf8, 0x00,
    0x08, 0x00, 0x00, 0x00, 0x00, 0x00, 0x80, 0x03, 0x00, 0xee, 0x0f, 0x00,
    0x0c, 0x78, 0x00, 0x07, 0x0e, 0x00, 0x00, 0x00, 0x70, 0x50, 0xf0, 0x03,
    0x00, 0xda, 0x0f, 0x00, 0x47, 0x89, 0x5c, 0x00, 0x00, 0x00, 0x00, 0x00,
    0x00, 0x00, 0x80, 0x03, 0x00, 0xea, 0x0f, 0x00, 0x0c, 0x78, 0x00, 0x07,
    0x0f, 0x00, 0x00, 0x00, 0x70, 0x50, 0xf0, 0x03, 0x00, 0xe2, 0x0f, 0x00,
    0x02, 0x72, 0x1a, 0x00, 0xff, 0x00, 0x00, 0x00, 0x00, 0x0f, 0x00, 0x00,
    0x00, 0xd8, 0x0f, 0x02, 0x47, 0x09, 0xe4, 0x00, 0x08, 0x00, 0x00, 0x00,
    0x00, 0x00, 0x80, 0x03, 0x00, 0xea, 0x0f, 0x00, 0x0b, 0x72, 0x00, 0x09,
    0xff, 0x00, 0x00, 0x00, 0x00, 0x40, 0xf0, 0x03, 0x00, 0xe2, 0x0f, 0x00,
    0x31, 0x74, 0x1a, 0xff, 0x00, 0x00, 0x00, 0x00, 0xff, 0x01, 0x00, 0x00,
    0x00, 0xd8, 0x0f, 0x00, 0x47, 0x89, 0xd8, 0x00, 0x08, 0x00, 0x00, 0x00,
    0x00, 0x00, 0x80, 0x03, 0x00, 0xea, 0x0f, 0x00, 0x35, 0x78, 0x05, 0x09,
    0x00, 0x00, 0x00, 0xf3, 0x00, 0x00, 0x8e, 0x07, 0x00, 0xe2, 0x0f, 0x00,
    0x08, 0x73, 0x06, 0x00, 0x09, 0x00, 0x00, 0x00, 0x00, 0x14, 0x00, 0x00,
    0x00, 0x62, 0x00, 0x00, 0x45, 0x79, 0x05, 0x00, 0xd0, 0x00, 0x00, 0x00,
    0x00, 0x02, 0x80, 0x03, 0x00, 0xe6, 0x0f, 0x00, 0x0c, 0x78, 0x00, 0x05,
    0xff, 0xff, 0x7f, 0x72, 0x70, 0x40, 0xf0, 0x03, 0x00, 0xda, 0x0f, 0x00,
    0x47, 0x89, 0x14, 0x00, 0x00, 0x00, 0x00, 0x00, 0x00, 0x00, 0x80, 0x03,
    0x00, 0xea, 0x0f, 0x00, 0x02, 0x72, 0x17, 0x00, 0x09, 0x00, 0x00, 0x00,
    0x00, 0x0f, 0x00, 0x00, 0x00, 0xe2, 0xaf, 0x00, 0x02, 0x78, 0x1b, 0x00,
    0xb0, 0x74, 0x00, 0x00, 0x00, 0x0f, 0x00, 0x00, 0x00, 0xce, 0x1f, 0x00,
    0x44, 0x79, 0x50, 0x00, 0x14, 0x00, 0x00, 0x00, 0x00, 0x00, 0xc0, 0x03,
    0x00, 0xea, 0x4f, 0x01, 0x02, 0x72, 0x1a, 0x00, 0x1c, 0x00, 0x00, 0x00,
    0x00, 0x0f, 0x00, 0x00, 0x00, 0xe2, 0x0f, 0x00, 0x47, 0x79, 0x10, 0x00,
    0x00, 0x00, 0x00, 0x00, 0x00, 0x00, 0x80, 0x03, 0x00, 0xec, 0x0f, 0x00,
    0x20, 0x72, 0x1a, 0x09, 0x06, 0x00, 0x00, 0x00, 0x00, 0x00, 0x41, 0x00,
    0x00, 0xe2, 0x2f, 0x00, 0x20, 0x78, 0x05, 0x06, 0x00, 0x00, 0x00, 0x3f,
    0x00, 0x00, 0x41, 0x00, 0x00, 0xc6, 0x0f, 0x00, 0x23, 0x72, 0x09, 0x1a,
    0x1a, 0x00, 0x00, 0x00, 0x09, 0x01, 0x00, 0x00, 0x00, 0xc8, 0x1f, 0x00,
    0x23, 0x72, 0x1a, 0x09, 0x05, 0x00, 0x00, 0x00, 0x1a, 0x00, 0x00, 0x00,
    0x00, 0xce, 0x0f, 0x00, 0x18, 0x79, 0x00, 0x00, 0x00, 0x00, 0x00, 0x00,
    0x00, 0x00, 0x00, 0x00, 0x00, 0xe2, 0x0f, 0x00, 0x41, 0x79, 0x05, 0x00,
    0x00, 0x00, 0x00, 0x00, 0x00, 0x02, 0x80, 0x03, 0x00, 0xea, 0x0f, 0x00,
    0x47, 0x79, 0x94, 0x00, 0x08, 0x00, 0x00, 0x00, 0x00, 0x00, 0x80, 0x03,
    0x00, 0xea, 0x0f, 0x00, 0x0b, 0x72, 0x00, 0x09, 0xff, 0x00, 0x00, 0x00,
    0x00, 0x40, 0xf0, 0x03, 0x00, 0xe2, 0x0f, 0x00, 0x31, 0x74, 0x1a, 0xff,
    0xca, 0xf2, 0x49, 0x71, 0xff, 0x01, 0x00, 0x00, 0x00, 0xd8, 0x0f, 0x02,
    0x47, 0x89, 0x88, 0x00, 0x08, 0x00, 0x00, 0x00, 0x00, 0x00, 0x80, 0x03,
    0x00, 0xea, 0x0f, 0x00, 0x35, 0x78, 0x05, 0x09, 0x00, 0x00, 0x00, 0xf3,
    0x00, 0x00, 0x8e, 0x07, 0x00, 0xe2, 0x0f, 0x00, 0x08, 0x73, 0x06, 0x00,
    0x09, 0x00, 0x00, 0x00, 0x00, 0x14, 0x00, 0x00, 0x00, 0x62, 0x00, 0x00,
    0x45, 0x79, 0x05, 0x00, 0xc0, 0x00, 0x00, 0x00, 0x00, 0x02, 0x80, 0x03,
    0x00, 0xe6, 0x0f, 0x00, 0x0c, 0x78, 0x00, 0x05, 0xff, 0xff, 0x7f, 0x72,
    0x70, 0x40, 0xf0, 0x03, 0x00, 0xda, 0x0f, 0x00, 0x47, 0x89, 0x10, 0x00,
    0x00, 0x00, 0x00, 0x00, 0x00, 0x00, 0x80, 0x03, 0x00, 0xea, 0x0f, 0x00,
    0x02, 0x72, 0x17, 0x00, 0x09, 0x00, 0x00, 0x00, 0x00, 0x0f, 0x00, 0x00,
    0x00, 0xe2, 0xaf, 0x00, 0x02, 0x78, 0x1b, 0x00, 0xf0, 0x75, 0x00, 0x00,
    0x00, 0x0f, 0x00, 0x00, 0x00, 0xce, 0x1f, 0x00, 0x44, 0x79, 0x00, 0x00,
    0x14, 0x00, 0x00, 0x00, 0x00, 0x00, 0xc0, 0x03, 0x00, 0xea, 0x4f, 0x01,
    0x47, 0x79, 0x10, 0x00, 0x00, 0x00, 0x00, 0x00, 0x00, 0x00, 0x80, 0x03,
    0x00, 0xea, 0x0f, 0x00, 0x20, 0x72, 0x1c, 0x09, 0x06, 0x00, 0x00, 0x00,
    0x00, 0x00, 0x41, 0x00, 0x00, 0xe2, 0x2f, 0x00, 0x20, 0x78, 0x05, 0x06,
    0x00, 0x00, 0x00, 0x3f, 0x00, 0x00, 0x41, 0x00, 0x00, 0xc6, 0x0f, 0x00,
    0x23, 0x72, 0x09, 0x1c, 0x1c, 0x00, 0x00, 0x00, 0x09, 0x01, 0x00, 0x00,
    0x00, 0xc8, 0x1f, 0x00, 0x23, 0x72, 0x1c, 0x09, 0x05, 0x00, 0x00, 0x00,
    0x1c, 0x00, 0x00, 0x00, 0x00, 0xce, 0x0f, 0x00, 0x18, 0x79, 0x00, 0x00,
    0x00, 0x00, 0x00, 0x00, 0x00, 0x00, 0x00, 0x00, 0x00, 0xe2, 0x0f, 0x00,
    0x41, 0x79, 0x05, 0x00, 0x00, 0x00, 0x00, 0x00, 0x00, 0x02, 0x80, 0x03,
    0x00, 0xea, 0x0f, 0x00, 0x08, 0x73, 0x05, 0x00, 0x1c, 0x00, 0x00, 0x00,
    0x00, 0x10, 0x00, 0x00, 0x00, 0x22, 0x0e, 0x00, 0x45, 0x79, 0x05, 0x00,
    0xc0, 0x00, 0x00, 0x00, 0x00, 0x02, 0x80, 0x03, 0x00, 0xe2, 0x0f, 0x00,
    0x02, 0x73, 0x00, 0x14, 0x1c, 0x00, 0x00, 0x00, 0x00, 0x00, 0x00, 0x00,
    0x00, 0x62, 0x0e, 0x00, 0x23, 0x74, 0x06, 0x05, 0x00, 0x00, 0x80, 0x3f,
    0x1c, 0x08, 0x00, 0x00, 0x00, 0xc8, 0x1f, 0x00, 0x23, 0x72, 0x05, 0x05,
    0x06, 0x00, 0x00, 0x00, 0x05, 0x00, 0x00, 0x00, 0x00, 0xc8, 0x0f, 0x00,
    0x23, 0x78, 0x06, 0x05, 0x00, 0x00, 0x80, 0x3f, 0xff, 0x00, 0x00, 0x00,
    0x00, 0xc8, 0x0f, 0x00, 0x23, 0x74, 0x07, 0x06, 0x00, 0x00, 0x80, 0x3f,
    0x1c, 0x08, 0x00, 0x00, 0x00, 0xc8, 0x0f, 0x00, 0x23, 0x72, 0x1a, 0x05,
    0x07, 0x00, 0x00, 0x00, 0x06, 0x00, 0x00, 0x00, 0x00, 0xe2, 0x0f, 0x00,
    0x47, 0x89, 0x0c, 0x00, 0x00, 0x00, 0x00, 0x00, 0x00, 0x00, 0x80, 0x03,
    0x00, 0xec, 0x2f, 0x00, 0x02, 0x78, 0x10, 0x00, 0x10, 0x77, 0x00, 0x00,
    0x00, 0x0f, 0x00, 0x00, 0x00, 0xce, 0x0f, 0x00, 0x44, 0x79, 0x14, 0x00,
    0x14, 0x00, 0x00, 0x00, 0x00, 0x00, 0xc0, 0x03, 0x00, 0xea, 0xcf, 0x01,
    0x02, 0x72, 0x1a, 0x00, 0x05, 0x00, 0x00, 0x00, 0x00, 0x0f, 0x00, 0x00,
    0x00, 0xce, 0x0f, 0x00, 0x18, 0x79, 0x00, 0x00, 0x00, 0x00, 0x00, 0x00,
    0x00, 0x00, 0x00, 0x00, 0x00, 0xe2, 0x0f, 0x00, 0x41, 0x79, 0x05, 0x00,
    0x00, 0x00, 0x00, 0x00, 0x00, 0x02, 0x80, 0x03, 0x00, 0xea, 0x0f, 0x00,
    0x47, 0x79, 0x10, 0x00, 0x08, 0x00, 0x00, 0x00, 0x00, 0x00, 0x80, 0x03,
    0x00, 0xea, 0x0f, 0x00, 0x0c, 0x78, 0x00, 0x07, 0x11, 0x00, 0x00, 0x00,
    0x70, 0x42, 0xf0, 0x03, 0x00, 0xda, 0x0f, 0x00, 0x47, 0x09, 0x24, 0x00,
    0x00, 0x00, 0x00, 0x00, 0x00, 0x00, 0x80, 0x03, 0x00, 0xea, 0x0f, 0x00,
    0x0c, 0x78, 0x00, 0x07, 0x10, 0x00, 0x00, 0x00, 0x70, 0x50, 0xf0, 0x03,
    0x00, 0xda, 0x0f, 0x00, 0x47, 0x89, 0x14, 0x00, 0x00, 0x00, 0x00, 0x00,
    0x00, 0x00, 0x80, 0x03, 0x00, 0xea, 0x0f, 0x00, 0x0c, 0x78, 0x00, 0x07,
    0x11, 0x00, 0x00, 0x00, 0x70, 0x50, 0xf0, 0x03, 0x00, 0xe2, 0x0f, 0x00,
    0x31, 0x74, 0x1a, 0xff, 0x00, 0x00, 0x00, 0x00, 0xff, 0x01, 0x00, 0x00,
    0x00, 0xd8, 0x0f, 0x02, 0x47, 0x09, 0xf4, 0x00, 0x04, 0x00, 0x00, 0x00,
    0x00, 0x00, 0x80, 0x03, 0x00, 0xea, 0x0f, 0x00, 0x21, 0x72, 0x1a, 0x09,
    0xff, 0x00, 0x00, 0x80, 0x00, 0x01, 0x00, 0x00, 0x00, 0xe2, 0x0f, 0x00,
    0x47, 0x79, 0xec, 0x00, 0x04, 0x00, 0x00, 0x00, 0x00, 0x00, 0x80, 0x03,
    0x00, 0xec, 0x0f, 0x00, 0x21, 0x72, 0x1a, 0x09, 0xff, 0x00, 0x00, 0x80,
    0x00, 0x02, 0x00, 0x00, 0x00, 0xe2, 0x0f, 0x02, 0x47, 0x79, 0xe4, 0x00,
    0x04, 0x00, 0x00, 0x00, 0x00, 0x00, 0x80, 0x03, 0x00, 0xec, 0x0f, 0x00,
    0x0c, 0x78, 0x00, 0x07, 0x12, 0x00, 0x00, 0x00, 0x70, 0x50, 0xf0, 0x03,
    0x00, 0xda, 0x0f, 0x00, 0x47, 0x89, 0x18, 0x00, 0x00, 0x00, 0x00, 0x00,
    0x00, 0x00, 0x80, 0x03, 0x00, 0xea, 0x0f, 0x00, 0x0c, 0x78, 0x00, 0x07,
    0x13, 0x00, 0x00, 0x00, 0x70, 0x50, 0xf0, 0x03, 0x00, 0xe2, 0x0f, 0x00,
    0x02, 0x72, 0x1a, 0x00, 0xff, 0x00, 0x00, 0x00, 0x00, 0x0f, 0x00, 0x00,
    0x00, 0xd8, 0x0f, 0x02, 0x47, 0x09, 0xd0, 0x00, 0x04, 0x00, 0x00, 0x00,
    0x00, 0x00, 0x80, 0x03, 0x00, 0xea, 0x0f, 0x00, 0x07, 0x73, 0x1a, 0x00,
    0x09, 0x00, 0x00, 0x00, 0x00, 0x50, 0x20, 0x00, 0x00, 0x64, 0x0f, 0x00,
    0x21, 0x72, 0x1a, 0x09, 0x1a, 0x00, 0x00, 0x80, 0x00, 0x00, 0x00, 0x00,
    0x00, 0xe2, 0x0f, 0x02, 0x47, 0x79, 0xc4, 0x00, 0x04, 0x00, 0x00, 0x00,
    0x00, 0x00, 0x80, 0x03, 0x00, 0xec, 0x0f, 0x00, 0x07, 0x73, 0x1a, 0x00,
    0x09, 0x00, 0x00, 0x00, 0x00, 0x50, 0x20, 0x00, 0x00, 0x22, 0x00, 0x02,
    0x47, 0x79, 0xbc, 0x00, 0x04, 0x00, 0x00, 0x00, 0x00, 0x00, 0x80, 0x03,
    0x00, 0xea, 0x0f, 0x00, 0x0c, 0x78, 0x00, 0x07, 0x1a, 0x00, 0x00, 0x00,
    0x70, 0x42, 0xf0, 0x03, 0x00, 0xda, 0x0f, 0x00, 0x47, 0x09, 0x00, 0x00,
    0x04, 0x00, 0x00, 0x00, 0x00, 0x00, 0x80, 0x03, 0x00, 0xea, 0x0f, 0x00,
    0x0c, 0x78, 0x00, 0x07, 0x16, 0x00, 0x00, 0x00, 0x70, 0x42, 0xf0, 0x03,
    0x00, 0xda, 0x0f, 0x00, 0x47, 0x09, 0x4c, 0x00, 0x00, 0x00, 0x00, 0x00,
    0x00, 0x00, 0x80, 0x03, 0x00, 0xea, 0x0f, 0x00, 0x0c, 0x78, 0x00, 0x07,
    0x14, 0x00, 0x00, 0x00, 0x70, 0x50, 0xf0, 0x03, 0x00, 0xda, 0x0f, 0x00,
    0x47, 0x89, 0x2c, 0x00, 0x00, 0x00, 0x00, 0x00, 0x00, 0x00, 0x80, 0x03,
    0x00, 0xea, 0x0f, 0x00, 0x0c, 0x78, 0x00, 0x07, 0x15, 0x00, 0x00, 0x00,
    0x70, 0x50, 0xf0, 0x03, 0x00, 0xda, 0x0f, 0x00, 0x47, 0x89, 0x18, 0x00,
    0x00, 0x00, 0x00, 0x00, 0x00, 0x00, 0x80, 0x03, 0x00, 0xea, 0x0f, 0x00,
    0x0c, 0x78, 0x00, 0x07, 0x16, 0x00, 0x00, 0x00, 0x70, 0x50, 0xf0, 0x03,
    0x00, 0xe2, 0x0f, 0x00, 0x31, 0x74, 0x1a, 0xff, 0x00, 0x00, 0x00, 0x00,
    0xff, 0x01, 0x00, 0x00, 0x00, 0xd8, 0x0f, 0x02, 0x47, 0x09, 0x90, 0x00,
    0x04, 0x00, 0x00, 0x00, 0x00, 0x00, 0x80, 0x03, 0x00, 0xea, 0x0f, 0x00,
    0x20, 0x78, 0x09, 0x09, 0x83, 0xf9, 0x22, 0x3e, 0x00, 0xc0, 0x40, 0x00,
    0x00, 0xc8, 0x0f, 0x00, 0x08, 0x73, 0x1a, 0x00, 0x09, 0x00, 0x00, 0x00,
    0x00, 0x00, 0x00, 0x00, 0x00, 0x22, 0x00, 0x00, 0x47, 0x79, 0x84, 0x00,
    0x04, 0x00, 0x00, 0x00, 0x00, 0x00, 0x80, 0x03, 0x00, 0xea, 0x0f, 0x00,
    0x20, 0x78, 0x09, 0x09, 0x83, 0xf9, 0x22, 0x3e, 0x00, 0xc0, 0x40, 0x00,
    0x00, 0xc8, 0x0f, 0x00, 0x08, 0x73, 0x1a, 0x00, 0x09, 0x00, 0x00, 0x00,
    0x00, 0x04, 0x00, 0x00, 0x00, 0x22, 0x00, 0x02, 0x47, 0x79, 0x78, 0x00,
    0x04, 0x00, 0x00, 0x00, 0x00, 0x00, 0x80, 0x03, 0x00, 0xea, 0x0f, 0x00,
    0x0b, 0x72, 0x00, 0x09, 0xff, 0x00, 0x00, 0x00, 0x00, 0x10, 0xf0, 0x03,
    0x00, 0xca, 0x0f, 0x00, 0x07, 0x78, 0x1a, 0xff, 0xff, 0xff, 0xff, 0xff,
    0x00, 0x00, 0x00, 0x04, 0x00, 0xe2, 0x0f, 0x02, 0x0b, 0x72, 0x00, 0x09,
    0xff, 0x00, 0x00, 0x00, 0x00, 0x40, 0xf0, 0x03, 0x00, 0xc8, 0x0f, 0x00,
    0x45, 0x72, 0x1a, 0x00, 0x1a, 0x00, 0x00, 0x00, 0x00, 0x14, 0x20, 0x00,
    0x00, 0xca, 0x0f, 0x00, 0x08, 0x78, 0x1a, 0x1a, 0x00, 0x00, 0x80, 0x3f,
    0x00, 0x00, 0x00, 0x04, 0x00, 0xe2, 0x0f, 0x00, 0x47, 0x79, 0x60, 0x00,
    0x04, 0x00, 0x00, 0x00, 0x00, 0x00, 0x80, 0x03, 0x00, 0xec, 0x0f, 0x00,
    0x0c, 0x78, 0x00, 0x07, 0x18, 0x00, 0x00, 0x00, 0x70, 0x42, 0xf0, 0x03,
    0x00, 0xda, 0x0f, 0x00, 0x47, 0x09, 0x64, 0x00, 0x00, 0x00, 0x00, 0x00,
    0x00, 0x00, 0x80, 0x03, 0x00, 0xea, 0x0f, 0x00, 0x0c, 0x78, 0x00, 0x07,
    0x17, 0x00, 0x00, 0x00, 0x70, 0x50, 0xf0, 0x03, 0x00, 0xda, 0x0f, 0x00,
    0x47, 0x89, 0x24, 0x00, 0x00, 0x00, 0x00, 0x00, 0x00, 0x00, 0x80, 0x03,
    0x00, 0xea, 0x0f, 0x00, 0x0c, 0x78, 0x00, 0x07, 0x18, 0x00, 0x00, 0x00,
    0x70, 0x50, 0xf0, 0x03, 0x00, 0xe2, 0x0f, 0x00, 0x02, 0x72, 0x1a, 0x00,
    0xff, 0x00, 0x00, 0x00, 0x00, 0x0f, 0x00, 0x00, 0x00, 0xd8, 0x0f, 0x02,
    0x47, 0x09, 0x44, 0x00, 0x04, 0x00, 0x00, 0x00, 0x00, 0x00, 0x80, 0x03,
    0x00, 0xea, 0x0f, 0x00, 0x0b, 0x78, 0x00, 0x09, 0x00, 0x00, 0xfc, 0xc2,
    0x00, 0xe0, 0xf0, 0x03, 0x00, 0xe2, 0x0f, 0x04, 0x20, 0x78, 0x06, 0x09,
    0x00, 0x00, 0x00, 0x3f, 0x00, 0x00, 0x40, 0x00, 0x00, 0xca, 0x0f, 0x00,
    0x08, 0x72, 0x06, 0x06, 0x09, 0x00, 0x00, 0x00, 0x00, 0x00, 0x00, 0x04,
    0x00, 0xc8, 0x0f, 0x00, 0x08, 0x73, 0x1a, 0x00, 0x06, 0x00, 0x00, 0x00,
    0x00, 0x08, 0x00, 0x00, 0x00, 0x66, 0x0f, 0x00, 0x20, 0x82, 0x1a, 0x1a,
    0x1a, 0x00, 0x00, 0x00, 0x00, 0x00, 0x40, 0x00, 0x00, 0xe2, 0x0f, 0x02,
    0x47, 0x79, 0x2c, 0x00, 0x04, 0x00, 0x00, 0x00, 0x00, 0x00, 0x80, 0x03,
    0x00, 0xec, 0x0f, 0x00, 0x0b, 0x72, 0x00, 0x09, 0xff, 0x00, 0x00, 0x00,
    0x00, 0x40, 0xf0, 0x03, 0x00, 0xe2, 0x0f, 0x00, 0x31, 0x74, 0x1a, 0xff,
    0x00, 0x00, 0x00, 0x00, 0xff, 0x01, 0x00, 0x00, 0x00, 0xd8, 0x0f, 0x02,
    0x47, 0x89, 0x20, 0x00, 0x04, 0x00, 0x00, 0x00, 0x00, 0x00, 0x80, 0x03,
    0x00, 0xea, 0x0f, 0x00, 0x0b, 0x78, 0x00, 0x09, 0x00, 0x00, 0x80, 0x00,
    0x00, 0xe2, 0xf0, 0x03, 0x00, 0xe2, 0x0f, 0x04, 0x20, 0x78, 0x08, 0x09,
    0x00, 0x00, 0x80, 0x4b, 0x00, 0x00, 0x40, 0x00, 0x00, 0xca, 0x0f, 0x00,
    0x08, 0x72, 0x08, 0x08, 0x09, 0x00, 0x00, 0x00, 0x00, 0x00, 0x00, 0x04,
    0x00, 0xc8, 0x0f, 0x00, 0x08, 0x73, 0x05, 0x00, 0x08, 0x00, 0x00, 0x00,
    0x00, 0x0c, 0x00, 0x00, 0x00, 0x66, 0x0f, 0x00, 0x21, 0x84, 0x05, 0x05,
    0x00, 0x00, 0xc0, 0xc1, 0x00, 0x00, 0x00, 0x00, 0x00, 0xc8, 0x0f, 0x02,
    0x20, 0x72, 0x05, 0x06, 0x05, 0x00, 0x00, 0x00, 0x00, 0x00, 0x40, 0x00,
    0x00, 0xca, 0x0f, 0x00, 0x0b, 0x78, 0x00, 0x05, 0x00, 0x00, 0xfc, 0xc2,
    0x00, 0xe0, 0xf0, 0x03, 0x00, 0xda, 0x0f, 0x00, 0x20, 0x88, 0x05, 0x05,
    0x00, 0x00, 0x00, 0x3f, 0x00, 0x00, 0x40, 0x00, 0x00, 0xc8, 0x0f, 0x00,
    0x08, 0x73, 0x1a, 0x00, 0x05, 0x00, 0x00, 0x00, 0x00, 0x08, 0x00, 0x00,
    0x00, 0x64, 0x0f, 0x00, 0x20, 0x82, 0x1a, 0x1a, 0x1a, 0x00, 0x00, 0x00,
    0x00, 0x00, 0x40, 0x00, 0x00, 0xe2, 0x0f, 0x02, 0x47, 0x79, 0xf4, 0x00,
    0x00, 0x00, 0x00, 0x00, 0x00, 0x00, 0x80, 0x03, 0x00, 0xec, 0x0f, 0x00,
    0x0c, 0x78, 0x00, 0x07, 0x19, 0x00, 0x00, 0x00, 0x70, 0x50, 0xf0, 0x03,
    0x00, 0xda, 0x0f, 0x00, 0x47, 0x89, 0x14, 0x00, 0x00, 0x00, 0x00, 0x00,
    0x00, 0x00, 0x80, 0x03, 0x00, 0xea, 0x0f, 0x00, 0x0c, 0x78, 0x00, 0x07,
    0x1a, 0x00, 0x00, 0x00, 0x70, 0x50, 0xf0, 0x03, 0x00, 0xe2, 0x0f, 0x00,
    0x02, 0x72, 0x1a, 0x00, 0xff, 0x00, 0x00, 0x00, 0x00, 0x0f, 0x00, 0x00,
    0x00, 0xd8, 0x0f, 0x02, 0x47, 0x09, 0xe0, 0x00, 0x00, 0x00, 0x00, 0x00,
    0x00, 0x00, 0x80, 0x03, 0x00, 0xea, 0x0f, 0x00, 0x0a, 0x72, 0x1a, 0x09,
    0x06, 0x00, 0x00, 0x00, 0x00, 0x10, 0x80, 0x03, 0x00, 0xe2, 0x0f, 0x00,
    0x47, 0x79, 0xd8, 0x00, 0x00, 0x00, 0x00, 0x00, 0x00, 0x00, 0x80, 0x03,
    0x00, 0xec, 0x0f, 0x00, 0x0b, 0x72, 0x00, 0x09, 0xff, 0x00, 0x00, 0x00,
    0x00, 0x40, 0xf0, 0x03, 0x00, 0xe2, 0x0f, 0x00, 0x31, 0x74, 0x1a, 0xff,
    0xca, 0xf2, 0x49, 0xf1, 0xff, 0x01, 0x00, 0x00, 0x00, 0xd8, 0x0f, 0x02,
    0x47, 0x89, 0xcc, 0x00, 0x00, 0x00, 0x00, 0x00, 0x00, 0x00, 0x80, 0x03,
    0x00, 0xea, 0x0f, 0x00, 0x0b, 0x78, 0x00, 0x09, 0x00, 0x00, 0x80, 0x00,
    0x00, 0xe2, 0xf0, 0x03, 0x00, 0xe2, 0x0f, 0x04, 0x20, 0x78, 0x06, 0x09,
    0x00, 0x00, 0x80, 0x4b, 0x00, 0x00, 0x40, 0x00, 0x00, 0xca, 0x0f, 0x00,
    0x08, 0x72, 0x06, 0x06, 0x09, 0x00, 0x00, 0x00, 0x00, 0x00, 0x00, 0x04,
    0x00, 0xc8, 0x0f, 0x00, 0x08, 0x73, 0x1a, 0x00, 0x06, 0x00, 0x00, 0x00,
    0x00, 0x0c, 0x00, 0x00, 0x00, 0x66, 0x0f, 0x00, 0x21, 0x84, 0x1a, 0x1a,
    0x00, 0x00, 0xc0, 0xc1, 0x00, 0x00, 0x00, 0x00, 0x00, 0xe2, 0x0f, 0x02,
    0x47, 0x79, 0xb4, 0x00, 0x00, 0x00, 0x00, 0x00, 0x00, 0x00, 0x80, 0x03,
    0x00, 0xec, 0x0f, 0x00, 0x0c, 0x78, 0x00, 0x07, 0x1e, 0x00, 0x00, 0x00,
    0x70, 0x42, 0xf0, 0x03, 0x00, 0xda, 0x0f, 0x00, 0x47, 0x09, 0x50, 0x00,
    0x00, 0x00, 0x00, 0x00, 0x00, 0x00, 0x80, 0x03, 0x00, 0xea, 0x0f, 0x00,
    0x0c, 0x78, 0x00, 0x07, 0x1c, 0x00, 0x00, 0x00, 0x70, 0x42, 0xf0, 0x03,
    0x00, 0xda, 0x0f, 0x00, 0x47, 0x09, 0x24, 0x00, 0x00, 0x00, 0x00, 0x00,
    0x00, 0x00, 0x80, 0x03, 0x00, 0xea, 0x0f, 0x00, 0x0c, 0x78, 0x00, 0x07,
    0x1b, 0x00, 0x00, 0x00, 0x70, 0x50, 0xf0, 0x03, 0x00, 0xda, 0x0f, 0x00,
    0x47, 0x89, 0x14, 0x00, 0x00, 0x00, 0x00, 0x00, 0x00, 0x00, 0x80, 0x03,
    0x00, 0xea, 0x0f, 0x00, 0x0c, 0x78, 0x00, 0x07, 0x1c, 0x00, 0x00, 0x00,
    0x70, 0x50, 0xf0, 0x03, 0x00, 0xe2, 0x0f, 0x00, 0x02, 0x72, 0x1a, 0x00,
    0xff, 0x00, 0x00, 0x00, 0x00, 0x0f, 0x00, 0x00, 0x00, 0xd8, 0x0f, 0x02,
    0x47, 0x09, 0x90, 0x00, 0x00, 0x00, 0x00, 0x00, 0x00, 0x00, 0x80, 0x03,
    0x00, 0xea, 0x0f, 0x00, 0x0a, 0x72, 0x1a, 0x09, 0x06, 0x00, 0x00, 0x00,
    0x00, 0x40, 0x80, 0x03, 0x00, 0xe2, 0x0f, 0x00, 0x47, 0x79, 0x88, 0x00,
    0x00, 0x00, 0x00, 0x00, 0x00, 0x00, 0x80, 0x03, 0x00, 0xec, 0x0f, 0x00,
    0x0a, 0x72, 0x1a, 0x09, 0x06, 0x00, 0x00, 0x00, 0x00, 0x30, 0x80, 0x03,
    0x00, 0xe2, 0x0f, 0x02, 0x47, 0x79, 0x80, 0x00, 0x00, 0x00, 0x00, 0x00,
    0x00, 0x00, 0x80, 0x03, 0x00, 0xec, 0x0f, 0x00, 0x0c, 0x78, 0x00, 0x07,
    0x1d, 0x00, 0x00, 0x00, 0x70, 0x50, 0xf0, 0x03, 0x00, 0xda, 0x0f, 0x00,
    0x47, 0x89, 0x14, 0x00, 0x00, 0x00, 0x00, 0x00, 0x00, 0x00, 0x80, 0x03,
    0x00, 0xea, 0x0f, 0x00, 0x0c, 0x78, 0x00, 0x07, 0x1e, 0x00, 0x00, 0x00,
    0x70, 0x50, 0xf0, 0x03, 0x00, 0xe2, 0x0f, 0x00, 0x31, 0x74, 0x1a, 0xff,
    0x00, 0x00, 0x00, 0x00, 0xff, 0x01, 0x00, 0x00, 0x00, 0xd8, 0x0f, 0x02,
    0x47, 0x09, 0x6c, 0x00, 0x00, 0x00, 0x00, 0x00, 0x00, 0x00, 0x80, 0x03,
    0x00, 0xea, 0x0f, 0x00, 0x0a, 0x72, 0x1a, 0x09, 0x06, 0x00, 0x00, 0x00,
    0x00, 0x20, 0x80, 0x03, 0x00, 0xe2, 0x0f, 0x00, 0x47, 0x79, 0x64, 0x00,
    0x00, 0x00, 0x00, 0x00, 0x00, 0x00, 0x80, 0x03, 0x00, 0xec, 0x0f, 0x00,
    0x0a, 0x72, 0x1a, 0x09, 0x06, 0x00, 0x00, 0x00, 0x00, 0x60, 0x80, 0x03,
    0x00, 0xe2, 0x0f, 0x02, 0x47, 0x79, 0x5c, 0x00, 0x00, 0x00, 0x00, 0x00,
    0x00, 0x00, 0x80, 0x03, 0x00, 0xec, 0x0f, 0x00, 0x0c, 0x78, 0x00, 0x07,
    0x20, 0x00, 0x00, 0x00, 0x70, 0x42, 0xf0, 0x03, 0x00, 0xda, 0x0f, 0x00,
    0x47, 0x09, 0x2c, 0x00, 0x00, 0x00, 0x00, 0x00, 0x00, 0x00, 0x80, 0x03,
    0x00, 0xea, 0x0f, 0x00, 0x0c, 0x78, 0x00, 0x07, 0x1f, 0x00, 0x00, 0x00,
    0x70, 0x50, 0xf0, 0x03, 0x00, 0xda, 0x0f, 0x00, 0x47, 0x89, 0x1c, 0x00,
    0x00, 0x00, 0x00, 0x00, 0x00, 0x00, 0x80, 0x03, 0x00, 0xea, 0x0f, 0x00,
    0x0c, 0x78, 0x00, 0x07, 0x20, 0x00, 0x00, 0x00, 0x70, 0x50, 0xf0, 0x03,
    0x00, 0xe2, 0x0f, 0x00, 0x02, 0x72, 0x1a, 0x00, 0xff, 0x00, 0x00, 0x00,
    0x00, 0x0f, 0x00, 0x00, 0x00, 0xd8, 0x0f, 0x02, 0x47, 0x09, 0x40, 0x00,
    0x00, 0x00, 0x00, 0x00, 0x00, 0x00, 0x80, 0x03, 0x00, 0xea, 0x0f, 0x00,
    0x0b, 0x72, 0x00, 0x09, 0xff, 0x00, 0x00, 0x00, 0x00, 0xd0, 0xf0, 0x03,
    0x00, 0xe2, 0x0f, 0x00, 0x0a, 0x72, 0x06, 0x06, 0xff, 0x00, 0x00, 0x00,
    0x00, 0xd0, 0x80, 0x03, 0x00, 0xca, 0x0f, 0x00, 0x08, 0x72, 0x1a, 0x06,
    0xff, 0x00, 0x00, 0x00, 0x00, 0x00, 0x00, 0x00, 0x00, 0xe2, 0x0f, 0x00,
    0x47, 0x79, 0x30, 0x00, 0x00, 0x00, 0x00, 0x00, 0x00, 0x00, 0x80, 0x03,
    0x00, 0xec, 0x0f, 0x00, 0x0a, 0x72, 0x1a, 0x09, 0x06, 0x00, 0x00, 0x00,
    0x00, 0xd0, 0x80, 0x03, 0x00, 0xe2, 0x0f, 0x02, 0x47, 0x79, 0x28, 0x00,
    0x00, 0x00, 0x00, 0x00, 0x00, 0x00, 0x80, 0x03, 0x00, 0xec, 0x0f, 0x00,
    0x0c, 0x78, 0x00, 0x07, 0x21, 0x00, 0x00, 0x00, 0x70, 0x50, 0xf0, 0x03,
    0x00, 0xda, 0x0f, 0x00, 0x47, 0x89, 0x14, 0x00, 0x00, 0x00, 0x00, 0x00,
    0x00, 0x00, 0x80, 0x03, 0x00, 0xea, 0x0f, 0x00, 0x0c, 0x78, 0x00, 0x07,
    0x22, 0x00, 0x00, 0x00, 0x70, 0x50, 0xf0, 0x03, 0x00, 0xe2, 0x0f, 0x00,
    0x31, 0x74, 0x1a, 0xff, 0x00, 0x00, 0x00, 0x00, 0xff, 0x01, 0x00, 0x00,
    0x00, 0xd8, 0x0f, 0x02, 0x47, 0x09, 0x14, 0x00, 0x00, 0x00, 0x00, 0x00,
    0x00, 0x00, 0x80, 0x03, 0x00, 0xea, 0x0f, 0x00, 0x0a, 0x72, 0x1a, 0x09,
    0xff, 0x00, 0x00, 0x00, 0x00, 0x20, 0x80, 0x03, 0x00, 0xe2, 0x0f, 0x00,
    0x47, 0x79, 0x0c, 0x00, 0x00, 0x00, 0x00, 0x00, 0x00, 0x00, 0x80, 0x03,
    0x00, 0xec, 0x0f, 0x00, 0x0b, 0x72, 0x00, 0x09, 0xff, 0x00, 0x00, 0x00,
    0x00, 0xd0, 0xf0, 0x03, 0x00, 0xe2, 0x0f, 0x00, 0x0a, 0x72, 0x06, 0x06,
    0xff, 0x00, 0x00, 0x00, 0x00, 0xd0, 0x80, 0x03, 0x00, 0xca, 0x0f, 0x00,
    0x08, 0x78, 0x1a, 0x06, 0x00, 0x00, 0x80, 0x3f, 0x00, 0x00, 0x00, 0x04,
    0x00, 0xce, 0x0f, 0x02, 0x18, 0x79, 0x00, 0x00, 0x00, 0x00, 0x00, 0x00,
    0x00, 0x00, 0x00, 0x00, 0x00, 0xe2, 0x0f, 0x00, 0x41, 0x79, 0x04, 0x00,
    0x00, 0x00, 0x00, 0x00, 0x00, 0x02, 0x80, 0x03, 0x00, 0xea, 0x0f, 0x00,
    0x47, 0x79, 0x18, 0x00, 0x04, 0x00, 0x00, 0x00, 0x00, 0x00, 0x80, 0x03,
    0x00, 0xea, 0x0f, 0x00, 0x0c, 0x78, 0x00, 0x09, 0xc4, 0x00, 0x00, 0x00,
    0x70, 0x40, 0xf2, 0x03, 0x00, 0xe2, 0x0f, 0x00, 0x31, 0x74, 0x0b, 0xff,
    0x03, 0x00, 0x00, 0x00, 0xff, 0x01, 0x00, 0x00, 0x00, 0xe2, 0x2f, 0x00,
    0x02, 0x72, 0x10, 0x00, 0x02, 0x00, 0x00, 0x00, 0x00, 0x0f, 0x00, 0x00,
    0x00, 0xe2, 0x0f, 0x00, 0x02, 0x72, 0x11, 0x00, 0x00, 0x00, 0x00, 0x00,
    0x00, 0x0f, 0x00, 0x00, 0x00, 0xd4, 0x0f, 0x00, 0x42, 0x19, 0x00, 0x00,
    0x00, 0x00, 0x00, 0x00, 0x00, 0x01, 0x80, 0x03, 0x00, 0xea, 0x0f, 0x00,
    0x42, 0x19, 0x01, 0x00, 0x00, 0x00, 0x00, 0x00, 0x00, 0x01, 0x80, 0x03,
    0x00, 0xea, 0x0f, 0x00, 0x42, 0x19, 0x02, 0x00, 0x00, 0x00, 0x00, 0x00,
    0x00, 0x01, 0x80, 0x03, 0x00, 0xea, 0x0f, 0x00, 0x47, 0x19, 0x40, 0x00,
    0x08, 0x00, 0x00, 0x00, 0x00, 0x00, 0x80, 0x03, 0x00, 0xea, 0x0f, 0x00,
    0x25, 0x72, 0x16, 0x21, 0x05, 0x00, 0x00, 0x00, 0x0c, 0x00, 0x8e, 0x07,
    0x00, 0xe2, 0x0f, 0x02, 0x82, 0x7c, 0x06, 0x00, 0xff, 0x00, 0x00, 0x00,
    0x00, 0x00, 0x00, 0x08, 0x00, 0xe2, 0x0f, 0x00, 0x19, 0x78, 0x11, 0xff,
    0x1c, 0x00, 0x00, 0x00, 0x05, 0x16, 0x01, 0x00, 0x00, 0xe4, 0x0f, 0x00,
    0x24, 0x78, 0x10, 0x05, 0x10, 0x00, 0x00, 0x00, 0xff, 0x00, 0x8e, 0x07,
    0x00, 0xe2, 0x0f, 0x00, 0x35, 0x7c, 0x07, 0x17, 0x06, 0x00, 0x00, 0x00,
    0x00, 0x00, 0x8e, 0x0f, 0x00, 0xe2, 0x0f, 0x00, 0x11, 0x72, 0x14, 0x16,
    0x12, 0x00, 0x00, 0x00, 0xff, 0x10, 0x80, 0x07, 0x00, 0xc8, 0x0f, 0x00,
    0x11, 0x72, 0x15, 0x16, 0x13, 0x00, 0x00, 0x00, 0x07, 0x14, 0x0f, 0x00,
    0x00, 0xca, 0x0f, 0x00, 0x35, 0x7c, 0x22, 0x14, 0x08, 0x00, 0x00, 0x00,
    0x00, 0x02, 0x8e, 0x0f, 0x00, 0xe4, 0x0f, 0x04, 0x35, 0x72, 0x1e, 0x14,
    0x10, 0x00, 0x00, 0x00, 0x00, 0x02, 0x8e, 0x07, 0x00, 0xe4, 0x0f, 0x00,
    0x35, 0x7c, 0x16, 0x22, 0x08, 0x00, 0x00, 0x00, 0x00, 0x02, 0x8e, 0x0f,
    0x00, 0xe4, 0x0f, 0x00, 0x81, 0x79, 0x0b, 0x22, 0x0a, 0x00, 0x00, 0x00,
    0x00, 0x19, 0x1e, 0x0c, 0x00, 0xa4, 0x02, 0x00, 0x35, 0x7c, 0x18, 0x16,
    0x08, 0x00, 0x00, 0x00, 0x00, 0x02, 0x8e, 0x0f, 0x00, 0xe4, 0x0f, 0x00,
    0x81, 0x79, 0x21, 0x16, 0x0a, 0x00, 0x00, 0x00, 0x00, 0x19, 0x1e, 0x0c,
    0x00, 0x22, 0x07, 0x00, 0x35, 0x72, 0x1a, 0x10, 0x16, 0x00, 0x00, 0x00,
    0x00, 0x02, 0x8e, 0x07, 0x00, 0xc4, 0x1f, 0x00, 0x35, 0x72, 0x24, 0x10,
    0x1e, 0x00, 0x00, 0x00, 0x00, 0x02, 0x8e, 0x07, 0x00, 0xe4, 0x0f, 0x04,
    0x81, 0x79, 0x09, 0x14, 0x0a, 0x00, 0x00, 0x00, 0x00, 0x19, 0x1e, 0x0c,
    0x00, 0xa2, 0x00, 0x00, 0x35, 0x72, 0x22, 0x10, 0x22, 0x00, 0x00, 0x00,
    0x00, 0x02, 0x8e, 0x07, 0x00, 0xc6, 0x2f, 0x00, 0x81, 0x79, 0x07, 0x1e,
    0x0a, 0x00, 0x00, 0x00, 0x00, 0x19, 0x1e, 0x0c, 0x00, 0x22, 0x0f, 0x00,
    0x35, 0x72, 0x16, 0x10, 0x18, 0x00, 0x00, 0x00, 0x00, 0x02, 0x8e, 0x07,
    0x00, 0xc6, 0x8f, 0x00, 0x81, 0x79, 0x05, 0x22, 0x0a, 0x00, 0x00, 0x00,
    0x00, 0x19, 0x1e, 0x0c, 0x00, 0xe2, 0x0e, 0x00, 0x35, 0x72, 0x14, 0x10,
    0x22, 0x00, 0x00, 0x00, 0x00, 0x02, 0x8e, 0x07, 0x00, 0xc6, 0x1f, 0x00,
    0x81, 0x79, 0x1d, 0x24, 0x0a, 0x00, 0x00, 0x00, 0x00, 0x19, 0x1e, 0x0c,
    0x00, 0xa2, 0x0e, 0x00, 0x35, 0x72, 0x12, 0x10, 0x24, 0x00, 0x00, 0x00,
    0x00, 0x02, 0x8e, 0x07, 0x00, 0xc6, 0x0f, 0x00, 0x81, 0x79, 0x1e, 0x16,
    0x0a, 0x00, 0x00, 0x00, 0x00, 0x19, 0x1e, 0x0c, 0x00, 0xa8, 0x00, 0x00,
    0x81, 0x79, 0x23, 0x1a, 0x0a, 0x00, 0x00, 0x00, 0x00, 0x19, 0x1e, 0x0c,
    0x00, 0xa8, 0x02, 0x00, 0x81, 0x79, 0x1f, 0x18, 0x0a, 0x00, 0x00, 0x00,
    0x00, 0x19, 0x1e, 0x0c, 0x00, 0xa2, 0x02, 0x00, 0x35, 0x72, 0x16, 0x10,
    0x16, 0x00, 0x00, 0x00, 0x00, 0x02, 0x8e, 0x07, 0x00, 0xc6, 0x1f, 0x00,
    0x81, 0x79, 0x25, 0x14, 0x0a, 0x00, 0x00, 0x00, 0x00, 0x19, 0x1e, 0x0c,
    0x00, 0xa2, 0x00, 0x00, 0x35, 0x72, 0x1a, 0x10, 0x1a, 0x00, 0x00, 0x00,
    0x00, 0x02, 0x8e, 0x07, 0x00, 0xc6, 0x2f, 0x00, 0x81, 0x79, 0x22, 0x16,
    0x0a, 0x00, 0x00, 0x00, 0x00, 0x19, 0x1e, 0x0c, 0x00, 0xa2, 0x0e, 0x00,
    0x35, 0x72, 0x18, 0x10, 0x1a, 0x00, 0x00, 0x00, 0x00, 0x02, 0x8e, 0x07,
    0x00, 0xc6, 0x0f, 0x00, 0x81, 0x79, 0x20, 0x1a, 0x0a, 0x00, 0x00, 0x00,
    0x00, 0x19, 0x1e, 0x0c, 0x00, 0xa2, 0x0e, 0x00, 0x35, 0x72, 0x14, 0x10,
    0x14, 0x00, 0x00, 0x00, 0x00, 0x02, 0x8e, 0x07, 0x00, 0xe4, 0x1f, 0x04,
    0x35, 0x72, 0x10, 0x10, 0x16, 0x00, 0x00, 0x00, 0x00, 0x02, 0x8e, 0x07,
    0x00, 0xe4, 0x0f, 0x00, 0x81, 0x79, 0x13, 0x12, 0x0a, 0x00, 0x00, 0x00,
    0x00, 0x19, 0x1e, 0x0c, 0x00, 0xa8, 0x0e, 0x00, 0x81, 0x79, 0x24, 0x14,
    0x0a, 0x00, 0x00, 0x00, 0x00, 0x19, 0x1e, 0x0c, 0x00, 0xa8, 0x0e, 0x00,
    0x81, 0x79, 0x19, 0x18, 0x0a, 0x00, 0x00, 0x00, 0x00, 0x19, 0x1e, 0x0c,
    0x00, 0xa8, 0x0e, 0x00, 0x81, 0x79, 0x11, 0x10, 0x0a, 0x00, 0x00, 0x00,
    0x00, 0x19, 0x1e, 0x0c, 0x00, 0xa2, 0x0e, 0x00, 0x20, 0x72, 0x07, 0x08,
    0x07, 0x00, 0x00, 0x00, 0x00, 0x00, 0x40, 0x00, 0x00, 0xe2, 0x0f, 0x05,
    0x20, 0x72, 0x05, 0x08, 0x05, 0x00, 0x00, 0x00, 0x00, 0x00, 0x40, 0x00,
    0x00, 0xc6, 0x8f, 0x00, 0x23, 0x72, 0x07, 0x1c, 0x09, 0x00, 0x00, 0x00,
    0x07, 0x00, 0x00, 0x00, 0x00, 0xe2, 0x4f, 0x00, 0x20, 0x72, 0x1e, 0x08,
    0x1e, 0x00, 0x00, 0x00, 0x00, 0x00, 0x40, 0x00, 0x00, 0xe2, 0x0f, 0x04,
    0x20, 0x72, 0x23, 0x08, 0x23, 0x00, 0x00, 0x00, 0x00, 0x00, 0x40, 0x00,
    0x00, 0xe2, 0x0f, 0x00, 0x23, 0x72, 0x08, 0x1c, 0x0b, 0x00, 0x00, 0x00,
    0x05, 0x00, 0x00, 0x00, 0x00, 0xc6, 0x0f, 0x00, 0x23, 0x72, 0x21, 0x1c,
    0x21, 0x00, 0x00, 0x00, 0x23, 0x00, 0x00, 0x00, 0x00, 0xe2, 0x0f, 0x04,
    0x23, 0x72, 0x1f, 0x1c, 0x1f, 0x00, 0x00, 0x00, 0x1e, 0x00, 0x00, 0x00,
    0x00, 0xe2, 0x0f, 0x00, 0x23, 0x72, 0x07, 0x0a, 0x1d, 0x00, 0x00, 0x00,
    0x07, 0x00, 0x00, 0x00, 0x00, 0xe2, 0x0f, 0x04, 0x23, 0x72, 0x25, 0x0a,
    0x25, 0x00, 0x00, 0x00, 0x08, 0x00, 0x00, 0x00, 0x00, 0xe4, 0x0f, 0x04,
    0x23, 0x72, 0x22, 0x0a, 0x22, 0x00, 0x00, 0x00, 0x1f, 0x00, 0x00, 0x00,
    0x00, 0xe2, 0x0f, 0x04, 0x23, 0x72, 0x20, 0x0a, 0x20, 0x00, 0x00, 0x00,
    0x21, 0x00, 0x00, 0x00, 0x00, 0xe2, 0x0f, 0x00, 0x23, 0x72, 0x0b, 0x06,
    0x13, 0x00, 0x00, 0x00, 0x07, 0x00, 0x00, 0x00, 0x00, 0xe2, 0x0f, 0x04,
    0x23, 0x72, 0x16, 0x06, 0x24, 0x00, 0x00, 0x00, 0x25, 0x00, 0x00, 0x00,
    0x00, 0xe4, 0x0f, 0x04, 0x23, 0x72, 0x18, 0x06, 0x19, 0x00, 0x00, 0x00,
    0x20, 0x00, 0x00, 0x00, 0x00, 0xe2, 0x0f, 0x04, 0x23, 0x72, 0x1a, 0x06,
    0x11, 0x00, 0x00, 0x00, 0x22, 0x00, 0x00, 0x00, 0x00, 0xe2, 0x0f, 0x00,
    0x47, 0x79, 0x1c, 0x00, 0x00, 0x00, 0x00, 0x00, 0x00, 0x00, 0x80, 0x03,
    0x00, 0xec, 0x0f, 0x00, 0x20, 0x72, 0x06, 0x08, 0x15, 0x00, 0x00, 0x00,
    0x00, 0x00, 0x40, 0x00, 0x00, 0xe2, 0x0f, 0x02, 0x20, 0x72, 0x05, 0x17,
    0x0a, 0x00, 0x00, 0x00, 0x00, 0x00, 0x40, 0x00, 0x00, 0xe2, 0x0f, 0x08,
    0x20, 0x72, 0x18, 0x1c, 0x19, 0x00, 0x00, 0x00, 0x00, 0x00, 0x40, 0x00,
    0x00, 0xe2, 0x0f, 0x04, 0x02, 0x72, 0x1a, 0x00, 0xff, 0x00, 0x00, 0x00,
    0x00, 0x0f, 0x00, 0x00, 0x00, 0xe2, 0x0f, 0x00, 0x23, 0x72, 0x0b, 0x19,
    0x0a, 0x00, 0x00, 0x00, 0x06, 0x08, 0x00, 0x00, 0x00, 0xe2, 0x2f, 0x00,
    0x23, 0x72, 0x16, 0x1c, 0x15, 0x00, 0x00, 0x00, 0x05, 0x08, 0x00, 0x00,
    0x00, 0xe2, 0x0f, 0x00, 0x23, 0x72, 0x18, 0x17, 0x08, 0x00, 0x00, 0x00,
    0x18, 0x08, 0x00, 0x00, 0x00, 0xce, 0x0f, 0x00, 0x18, 0x79, 0x00, 0x00,
    0x00, 0x00, 0x00, 0x00, 0x00, 0x00, 0x00, 0x00, 0x00, 0xe2, 0x0f, 0x00,
    0x41, 0x79, 0x00, 0x00, 0x00, 0x00, 0x00, 0x00, 0x00, 0x01, 0x80, 0x03,
    0x00, 0xea, 0x0f, 0x00, 0x12, 0x78, 0xff, 0x04, 0x01, 0x00, 0x00, 0x00,
    0xff, 0xc0, 0x80, 0x07, 0x00, 0xda, 0x0f, 0x00, 0x82, 0x0b, 0x06, 0xff,
    0x00, 0xf4, 0x00, 0x00, 0x00, 0x08, 0x00, 0x00, 0x00, 0x62, 0x0e, 0x02,
    0x24, 0x08, 0x03, 0x03, 0x04, 0x00, 0x00, 0x00, 0xff, 0x00, 0x8e, 0x07,
    0x00, 0xe2, 0x0f, 0x00, 0x02, 0x02, 0x05, 0x00, 0xff, 0x00, 0x00, 0x00,
    0x00, 0x0f, 0x00, 0x00, 0x00, 0xc8, 0x0f, 0x00, 0x12, 0x08, 0x03, 0x03,
    0xff, 0xff, 0x00, 0x00, 0xff, 0xc0, 0x8e, 0x07, 0x00, 0xe4, 0x0f, 0x00,
    0x82, 0x0b, 0x08, 0xff, 0x00, 0xe0, 0x00, 0x00, 0x00, 0x0a, 0x00, 0x00,
    0x00, 0x26, 0x1e, 0x00, 0x25, 0x02, 0x06, 0x03, 0x06, 0x00, 0x00, 0x00,
    0x0c, 0x00, 0x8e, 0x07, 0x00, 0xca, 0x2f, 0x00, 0x35, 0x02, 0x03, 0x07,
    0x05, 0x00, 0x00, 0x00, 0x00, 0x00, 0x8e, 0x07, 0x00, 0xe2, 0x0f, 0x00,
    0x11, 0x02, 0x08, 0x06, 0x08, 0x00, 0x00, 0x00, 0xff, 0x10, 0x82, 0x07,
    0x00, 0xc8, 0x1f, 0x00, 0x11, 0x02, 0x09, 0x06, 0x09, 0x00, 0x00, 0x00,
    0x03, 0x14, 0x8f, 0x00, 0x00, 0xca, 0x0f, 0x00, 0x86, 0x09, 0x00, 0x08,
    0x0b, 0x00, 0x00, 0x00, 0x0a, 0x19, 0x10, 0x0c, 0x00, 0xe8, 0x41, 0x01,
    0x81, 0x09, 0x04, 0x0e, 0x0a, 0x01, 0x00, 0x00, 0x00, 0x11, 0x1e, 0x0c,
    0x00, 0xa4, 0x0e, 0x00, 0x12, 0x78, 0xff, 0x04, 0x02, 0x00, 0x00, 0x00,
    0xff, 0xc0, 0x80, 0x07, 0x00, 0xda, 0x4f, 0x00, 0x81, 0x09, 0x06, 0x0e,
    0x0a, 0x02, 0x00, 0x00, 0x00, 0x15, 0x1e, 0x0c, 0x00, 0xa2, 0x0e, 0x00,
    0x82, 0x0b, 0x11, 0xff, 0x00, 0xf4, 0x00, 0x00, 0x00, 0x08, 0x00, 0x00,
    0x00, 0xa2, 0x0e, 0x00, 0x02, 0x02, 0x03, 0x00, 0xff, 0x00, 0x00, 0x00,
    0x00, 0x0f, 0x00, 0x00, 0x00, 0xce, 0x0f, 0x00, 0x82, 0x0b, 0x12, 0xff,
    0x00, 0xe0, 0x00, 0x00, 0x00, 0x0a, 0x00, 0x00, 0x00, 0x22, 0x0e, 0x00,
    0x25, 0x02, 0x06, 0x06, 0x11, 0x00, 0x00, 0x00, 0xff, 0x00, 0x8e, 0x07,
    0x00, 0xca, 0x4f, 0x00, 0x35, 0x02, 0x03, 0x07, 0x03, 0x00, 0x00, 0x00,
    0x00, 0x00, 0x8e, 0x07, 0x00, 0xe2, 0x0f, 0x00, 0x11, 0x02, 0x10, 0x06,
    0x11, 0x00, 0x00, 0x00, 0xff, 0x10, 0x82, 0x07, 0x00, 0xc8, 0x0f, 0x00,
    0x11, 0x02, 0x11, 0x06, 0xff, 0x00, 0x00, 0x00, 0x03, 0x14, 0x8f, 0x00,
    0x00, 0xca, 0x0f, 0x00, 0x35, 0x02, 0x06, 0x0c, 0x10, 0x00, 0x00, 0x00,
    0x00, 0x02, 0x8e, 0x07, 0x00, 0xca, 0x0f, 0x00, 0x11, 0x02, 0x08, 0x06,
    0x12, 0x00, 0x00, 0x00, 0xff, 0x10, 0x82, 0x07, 0x00, 0xc8, 0x1f, 0x00,
    0x11, 0x02, 0x09, 0x06, 0x13, 0x00, 0x00, 0x00, 0x07, 0x14, 0x8f, 0x00,
    0x00, 0xca, 0x0f, 0x00, 0x86, 0x09, 0x00, 0x08, 0x16, 0x00, 0x00, 0x00,
    0x0a, 0x19, 0x10, 0x0c, 0x00, 0xe8, 0x01, 0x00, 0x81, 0x09, 0x04, 0x0e,
    0x0a, 0x01, 0x00, 0x00, 0x00, 0x11, 0x1e, 0x0c, 0x00, 0xa4, 0x0e, 0x00,
    0x12, 0x78, 0xff, 0x04, 0x04, 0x00, 0x00, 0x00, 0xff, 0xc0, 0x80, 0x07,
    0x00, 0xda, 0x4f, 0x00, 0x81, 0x09, 0x06, 0x0e, 0x0a, 0x02, 0x00, 0x00,
    0x00, 0x15, 0x1e, 0x0c, 0x00, 0xa2, 0x0e, 0x00, 0x82, 0x0b, 0x0b, 0xff,
    0x00, 0xf4, 0x00, 0x00, 0x00, 0x08, 0x00, 0x00, 0x00, 0x70, 0x0e, 0x00,
    0x82, 0x0b, 0x10, 0xff, 0x00, 0xe0, 0x00, 0x00, 0x00, 0x0a, 0x00, 0x00,
    0x00, 0x22, 0x0e, 0x00, 0x25, 0x08, 0x06, 0x06, 0x04, 0x00, 0x00, 0x00,
    0xff, 0x00, 0x8e, 0x07, 0x00, 0xc8, 0x4f, 0x00, 0x24, 0x02, 0x05, 0x07,
    0x0b, 0x00, 0x00, 0x00, 0xff, 0x02, 0x8e, 0x07, 0x00, 0xe2, 0x2f, 0x00,
    0x12, 0x08, 0x03, 0x06, 0x02, 0x00, 0x00, 0x00, 0xff, 0xfc, 0x8e, 0x07,
    0x00, 0xca, 0x0f, 0x00, 0x25, 0x02, 0x06, 0x03, 0x0b, 0x00, 0x00, 0x00,
    0x0c, 0x00, 0x8e, 0x07, 0x00, 0xca, 0x0f, 0x00, 0x35, 0x02, 0x03, 0x07,
    0x05, 0x00, 0x00, 0x00, 0x00, 0x00, 0x8e, 0x07, 0x00, 0xe2, 0x0f, 0x00,
    0x11, 0x02, 0x08, 0x06, 0x10, 0x00, 0x00, 0x00, 0xff, 0x10, 0x82, 0x07,
    0x00, 0xc8, 0x1f, 0x00, 0x11, 0x02, 0x09, 0x06, 0x11, 0x00, 0x00, 0x00,
    0x03, 0x14, 0x8f, 0x00, 0x00, 0xca, 0x0f, 0x00, 0x86, 0x09, 0x00, 0x08,
    0x18, 0x00, 0x00, 0x00, 0x0a, 0x19, 0x10, 0x0c, 0x00, 0xe8, 0x01, 0x00,
    0x81, 0x09, 0x04, 0x0e, 0x0a, 0x01, 0x00, 0x00, 0x00, 0x11, 0x1e, 0x0c,
    0x00, 0xa4, 0x0e, 0x00, 0x12, 0x78, 0xff, 0x04, 0x08, 0x00, 0x00, 0x00,
    0xff, 0xc0, 0x80, 0x07, 0x00, 0xda, 0x4f, 0x00, 0x81, 0x09, 0x04, 0x0e,
    0x0a, 0x02, 0x00, 0x00, 0x00, 0x15, 0x1e, 0x0c, 0x00, 0xa2, 0x0e, 0x00,
    0x82, 0x0b, 0x0b, 0xff, 0x00, 0xf4, 0x00, 0x00, 0x00, 0x08, 0x00, 0x00,
    0x00, 0x70, 0x0e, 0x00, 0x82, 0x0b, 0x10, 0xff, 0x00, 0xe0, 0x00, 0x00,
    0x00, 0x0a, 0x00, 0x00, 0x00, 0x22, 0x0f, 0x00, 0x25, 0x08, 0x04, 0x04,
    0x04, 0x00, 0x00, 0x00, 0xff, 0x00, 0x8e, 0x07, 0x00, 0xc8, 0x4f, 0x00,
    0x24, 0x02, 0x07, 0x05, 0x0b, 0x00, 0x00, 0x00, 0xff, 0x02, 0x8e, 0x07,
    0x00, 0xe2, 0x2f, 0x00, 0x12, 0x08, 0x03, 0x04, 0x03, 0x00, 0x00, 0x00,
    0xff, 0xfc, 0x8e, 0x07, 0x00, 0xca, 0x0f, 0x00, 0x25, 0x02, 0x04, 0x03,
    0x0b, 0x00, 0x00, 0x00, 0x0c, 0x00, 0x8e, 0x07, 0x00, 0xca, 0x0f, 0x00,
    0x35, 0x02, 0x03, 0x05, 0x07, 0x00, 0x00, 0x00, 0x00, 0x00, 0x8e, 0x07,
    0x00, 0xe2, 0x0f, 0x00, 0x11, 0x02, 0x06, 0x04, 0x10, 0x00, 0x00, 0x00,
    0xff, 0x10, 0x82, 0x07, 0x00, 0xe2, 0x0f, 0x01, 0x35, 0x78, 0x10, 0x02,
    0x01, 0x00, 0x00, 0x00, 0x00, 0x00, 0x8e, 0x07, 0x00, 0xc6, 0x0f, 0x00,
    0x11, 0x02, 0x07, 0x04, 0x11, 0x00, 0x00, 0x00, 0x03, 0x14, 0x8f, 0x00,
    0x00, 0xca, 0x0f, 0x00, 0x86, 0x09, 0x00, 0x06, 0x1a, 0x00, 0x00, 0x00,
    0x0a, 0x19, 0x10, 0x0c, 0x00, 0xe8, 0x01, 0x00, 0x18, 0x79, 0x00, 0x00,
    0x00, 0x00, 0x00, 0x00, 0x00, 0x00, 0x00, 0x00, 0x00, 0xe2, 0x0f, 0x00,
    0x41, 0x79, 0x01, 0x00, 0x00, 0x00, 0x00, 0x00, 0x00, 0x01, 0x80, 0x03,
    0x00, 0xea, 0x0f, 0x00, 0xac, 0x77, 0x06, 0xff, 0x00, 0x7b, 0x00, 0x00,
    0x00, 0x08, 0x00, 0x08, 0x00, 0x62, 0x0e, 0x00, 0x0c, 0x7c, 0x00, 0x00,
    0x13, 0x00, 0x00, 0x00, 0x70, 0x50, 0xf2, 0x0b, 0x00, 0xe2, 0x0f, 0x00,
    0x31, 0x74, 0x0b, 0xff, 0x04, 0x00, 0x00, 0x00, 0xff, 0x01, 0x00, 0x00,
    0x00, 0xe2, 0x0f, 0x00, 0x1c, 0x78, 0x08, 0x00, 0x00, 0x00, 0x00, 0x00,
    0x70, 0xf0, 0xf0, 0x03, 0x00, 0xe2, 0x0f, 0x00, 0x02, 0x7c, 0x11, 0x00,
    0x06, 0x00, 0x00, 0x00, 0x00, 0x0f, 0x00, 0x08, 0x00, 0xd4, 0x2f, 0x00,
    0x42, 0x99, 0x02, 0x00, 0x00, 0x00, 0x00, 0x00, 0x00, 0x01, 0x80, 0x03,
    0x00, 0xea, 0x0f, 0x00, 0x47, 0x99, 0x4c, 0x00, 0x00, 0x00, 0x00, 0x00,
    0x00, 0x00, 0x80, 0x03, 0x00, 0xea, 0x0f, 0x00, 0x0c, 0x7c, 0x00, 0x10,
    0x14, 0x00, 0x00, 0x00, 0x70, 0x50, 0xf2, 0x0b, 0x00, 0xe2, 0x0f, 0x00,
    0x1c, 0x78, 0x80, 0x00, 0x00, 0x00, 0x00, 0x00, 0x70, 0xe1, 0xf0, 0x03,
    0x00, 0xe2, 0x0f, 0x00, 0x02, 0x72, 0x02, 0x00, 0x10, 0x00, 0x00, 0x00,
    0x00, 0x0f, 0x00, 0x00, 0x00, 0xd6, 0x0f, 0x00, 0x47, 0x19, 0x2c, 0x00,
    0x7c, 0xff, 0xff, 0xff, 0xff, 0xff, 0x83, 0x03, 0x00, 0xea, 0x0f, 0x00,
    0x18, 0x79, 0x00, 0x00, 0x00, 0x00, 0x00, 0x00, 0x00, 0x00, 0x00, 0x00,
    0x00, 0xe2, 0x0f, 0x00, 0x41, 0x79, 0x02, 0x00, 0x00, 0x00, 0x00, 0x00,
    0x00, 0x01, 0x80, 0x03, 0x00, 0xea, 0x0f, 0x00, 0xac, 0x77, 0x06, 0xff,
    0x80, 0x7a, 0x00, 0x00, 0x00, 0x08, 0x00, 0x08, 0x00, 0x62, 0x0e, 0x00,
    0x31, 0x74, 0x0b, 0xff, 0x01, 0x00, 0x00, 0x00, 0xff, 0x01, 0x00, 0x00,
    0x00, 0xe2, 0x0f, 0x00, 0x02, 0x72, 0x11, 0x00, 0x00, 0x00, 0x00, 0x00,
    0x00, 0x0f, 0x00, 0x00, 0x00, 0xe2, 0x0f, 0x00, 0x02, 0x7c, 0x10, 0x00,
    0x06, 0x00, 0x00, 0x00, 0x00, 0x0f, 0x00, 0x08, 0x00, 0xe2, 0x2f, 0x00,
    0x47, 0x79, 0x20, 0x00, 0x00, 0x00, 0x00, 0x00, 0x00, 0x00, 0x80, 0x03,
    0x00, 0xec, 0x0f, 0x00, 0x31, 0x74, 0x0b, 0xff, 0x02, 0x00, 0x00, 0x00,
    0xff, 0x01, 0x00, 0x00, 0x00, 0xe2, 0x0f, 0x00, 0x02, 0x72, 0x10, 0x00,
    0x02, 0x00, 0x00, 0x00, 0x00, 0x0f, 0x00, 0x00, 0x00, 0xe2, 0x0f, 0x00,
    0x02, 0x72, 0x11, 0x00, 0x00, 0x00, 0x00, 0x00, 0x00, 0x0f, 0x00, 0x00,
    0x00, 0xe2, 0x0f, 0x00, 0x47, 0x79, 0x10, 0x00, 0x00, 0x00, 0x00, 0x00,
    0x00, 0x00, 0x80, 0x03, 0x00, 0xec, 0x0f, 0x00, 0x42, 0x79, 0x00, 0x00,
    0x00, 0x00, 0x00, 0x00, 0x00, 0x01, 0x80, 0x03, 0x00, 0xea, 0x0f, 0x00,
    0x42, 0x79, 0x01, 0x00, 0x00, 0x00, 0x00, 0x00, 0x00, 0x01, 0x80, 0x03,
    0x00, 0xea, 0x0f, 0x00, 0x42, 0x79, 0x02, 0x00, 0x00, 0x00, 0x00, 0x00,
    0x00, 0x01, 0x80, 0x03, 0x00, 0xea, 0x0f, 0x00, 0x18, 0x79, 0x00, 0x00,
    0x00, 0x00, 0x00, 0x00, 0x00, 0x00, 0x00, 0x00, 0x00, 0xe2, 0x0f, 0x00,
    0x18, 0x79, 0x00, 0x00, 0x00, 0x00, 0x00, 0x00, 0x00, 0x00, 0x00, 0x00,
    0x00, 0xe2, 0x0f, 0x00, 0x41, 0x79, 0x03, 0x00, 0x00, 0x00, 0x00, 0x00,
    0x00, 0x02, 0x80, 0x03, 0x00, 0xea, 0x0f, 0x00, 0xac, 0x77, 0x06, 0xff,
    0x80, 0x7a, 0x00, 0x00, 0x00, 0x08, 0x00, 0x08, 0x00, 0xa4, 0x0e, 0x00,
    0x0c, 0x7c, 0x00, 0x10, 0x06, 0x00, 0x00, 0x00, 0x70, 0x50, 0xf2, 0x0b,
    0x00, 0xca, 0x4f, 0x00, 0x07, 0x08, 0x0b, 0x0b, 0x01, 0x00, 0x00, 0x00,
    0x00, 0x00, 0x80, 0x00, 0x00, 0xd0, 0x0f, 0x00, 0xac, 0x77, 0x06, 0xff,
    0x00, 0x72, 0x00, 0x00, 0x00, 0x0a, 0x00, 0x08, 0x00, 0xa4, 0x0e, 0x00,
    0x11, 0x7c, 0x02, 0x0c, 0x06, 0x00, 0x00, 0x00, 0xff, 0x18, 0x80, 0x0f,
    0x00, 0xc8, 0x4f, 0x00, 0x11, 0x7c, 0x03, 0x0c, 0x07, 0x00, 0x00, 0x00,
    0x0d, 0x1c, 0x0f, 0x08, 0x00, 0xca, 0x0f, 0x00, 0x86, 0x79, 0x00, 0x02,
    0x11, 0x04, 0x00, 0x00, 0x0a, 0x19, 0x10, 0x0c, 0x00, 0xe8, 0x2f, 0x00,
    0x86, 0x79, 0x00, 0x02, 0x0b, 0x00, 0x00, 0x00, 0x0a, 0x19, 0x10, 0x0c,
    0x00, 0xe2, 0x0f, 0x00, 0x4d, 0x79, 0x00, 0x00, 0x00, 0x00, 0x00, 0x00,
    0x00, 0x00, 0x80, 0x03, 0x00, 0xea, 0x0f, 0x00, 0x12, 0x78, 0xff, 0x17,
    0xff, 0xff, 0xff, 0x7f, 0xff, 0xc0, 0x80, 0x07, 0x00, 0xda, 0x0f, 0x00,
    0x02, 0x82, 0x05, 0x00, 0x17, 0x00, 0x00, 0x00, 0x00, 0x0f, 0x00, 0x00,
    0x00, 0xe2, 0x0f, 0x00, 0x47, 0x89, 0x40, 0x00, 0x00, 0x00, 0x00, 0x00,
    0x00, 0x00, 0x80, 0x03, 0x00, 0xec, 0x0f, 0x00, 0x0b, 0x72, 0x00, 0x17,
    0xff, 0x00, 0x00, 0x00, 0x00, 0xe0, 0xf1, 0x03, 0x00, 0xda, 0x0f, 0x00,
    0x02, 0x88, 0x05, 0x00, 0xff, 0xff, 0xff, 0x7f, 0x00, 0x0f, 0x00, 0x00,
    0x00, 0xe2, 0x0f, 0x00, 0x47, 0x89, 0x34, 0x00, 0x00, 0x00, 0x00, 0x00,
    0x00, 0x00, 0x80, 0x03, 0x00, 0xec, 0x0f, 0x00, 0x0b, 0x78, 0x00, 0x17,
    0x00, 0x00, 0x80, 0x7f, 0x00, 0xc2, 0xf1, 0x03, 0x00, 0xda, 0x0f, 0x00,
    0x21, 0x04, 0x05, 0x17, 0x00, 0x00, 0x80, 0x3f, 0x00, 0x00, 0x01, 0x00,
    0x00, 0xe2, 0x0f, 0x00, 0x47, 0x09, 0x28, 0x00, 0x00, 0x00, 0x00, 0x00,
    0x00, 0x00, 0x80, 0x03, 0x00, 0xec, 0x0f, 0x00, 0x0b, 0x78, 0x00, 0x17,
    0x00, 0x00, 0x80, 0x7f, 0x00, 0xd2, 0xf1, 0x03, 0x00, 0xda, 0x0f, 0x00,
    0x23, 0x08, 0x10, 0x17, 0x00, 0x00, 0x80, 0x5f, 0xff, 0x00, 0x00, 0x00,
    0x00, 0xc8, 0x0f, 0x00, 0x08, 0x03, 0x05, 0x00, 0x10, 0x00, 0x00, 0x00,
    0x00, 0x14, 0x00, 0x00, 0x00, 0x24, 0x0e, 0x00, 0x20, 0x02, 0x11, 0x10,
    0x05, 0x00, 0x00, 0x00, 0x00, 0x00, 0x41, 0x00, 0x00, 0xe2, 0x1f, 0x00,
    0x20, 0x08, 0x13, 0x05, 0x00, 0x00, 0x00, 0x3f, 0x00, 0x00, 0x41, 0x00,
    0x00, 0xe2, 0x0f, 0x00, 0x02, 0x82, 0x05, 0x00, 0x17, 0x00, 0x00, 0x00,
    0x00, 0x0f, 0x00, 0x00, 0x00, 0xe4, 0x0f, 0x00, 0x21, 0x02, 0x12, 0x11,
    0xff, 0x00, 0x00, 0x80, 0x00, 0x01, 0x01, 0x00, 0x00, 0xc8, 0x0f, 0x00,
    0x23, 0x02, 0x12, 0x11, 0x12, 0x00, 0x00, 0x00, 0x10, 0x00, 0x00, 0x00,
    0x00, 0xc8, 0x0f, 0x00, 0x23, 0x02, 0x12, 0x12, 0x13, 0x00, 0x00, 0x00,
    0x11, 0x00, 0x00, 0x00, 0x00, 0xc8, 0x0f, 0x00, 0x20, 0x08, 0x05, 0x12,
    0x00, 0x00, 0x80, 0x2f, 0x00, 0x00, 0x41, 0x00, 0x00, 0xce, 0x0f, 0x00,
    0x02, 0x72, 0x10, 0x00, 0x1b, 0x00, 0x00, 0x00, 0x00, 0x0f, 0x00, 0x00,
    0x00, 0xe2, 0x0f, 0x00, 0x31, 0x74, 0x11, 0xff, 0x00, 0x00, 0x00, 0x00,
    0xff, 0x01, 0x00, 0x00, 0x00, 0xe2, 0x0f, 0x00, 0x02, 0x72, 0x1c, 0x00,
    0x05, 0x00, 0x00, 0x00, 0x00, 0x0f, 0x00, 0x00, 0x00, 0xc6, 0x0f, 0x00,
    0x50, 0x79, 0x28, 0x10, 0x74, 0xff, 0xff, 0xff, 0xff, 0xff, 0xc3, 0x03,
    0x00, 0xea, 0x0f, 0x00, 0x19, 0x78, 0x11, 0xff, 0x17, 0x00, 0x00, 0x00,
    0x1c, 0x16, 0x01, 0x00, 0x00, 0xe2, 0x0f, 0x00, 0x45, 0x79, 0x06, 0x00,
    0x60, 0x06, 0x00, 0x00, 0x00, 0x02, 0x80, 0x03, 0x00, 0xe2, 0x0f, 0x00,
    0x19, 0x78, 0x05, 0xff, 0x17, 0x00, 0x00, 0x00, 0x14, 0x16, 0x01, 0x00,
    0x00, 0xe4, 0x0f, 0x00, 0x12, 0x78, 0x11, 0x11, 0xff, 0x00, 0x00, 0x00,
    0xff, 0xc0, 0x8e, 0x07, 0x00, 0xe4, 0x0f, 0x00, 0x12, 0x78, 0x1b, 0x05,
    0xff, 0x00, 0x00, 0x00, 0xff, 0xc0, 0x8e, 0x07, 0x00, 0xe2, 0x0f, 0x00,
    0x02, 0x78, 0x13, 0x00, 0x00, 0x00, 0x80, 0x3f, 0x00, 0x0f, 0x00, 0x00,
    0x00, 0xe4, 0x0f, 0x00, 0x35, 0x78, 0x1f, 0x11, 0xff, 0xff, 0xff, 0xff,
    0x00, 0x00, 0x8e, 0x07, 0x00, 0xe4, 0x0f, 0x00, 0x35, 0x78, 0x1d, 0x1b,
    0xff, 0xff, 0xff, 0xff, 0x00, 0x00, 0x8e, 0x07, 0x00, 0xc6, 0x0f, 0x00,
    0x0c, 0x78, 0x00, 0x1f, 0xfd, 0x00, 0x00, 0x00, 0x70, 0x40, 0xf0, 0x03,
    0x00, 0xca, 0x0f, 0x00, 0x0c, 0x78, 0x00, 0x1d, 0xfd, 0x00, 0x00, 0x00,
    0x70, 0x44, 0x70, 0x00, 0x00, 0xda, 0x0f, 0x00, 0x02, 0x82, 0x12, 0x00,
    0xff, 0x00, 0x00, 0x00, 0x00, 0x0f, 0x00, 0x00, 0x00, 0xe2, 0x0f, 0x00,
    0x47, 0x89, 0x60, 0x00, 0x00, 0x00, 0x00, 0x00, 0x00, 0x00, 0x80, 0x03,
    0x00, 0xec, 0x0f, 0x00, 0x31, 0x74, 0x05, 0xff, 0x00, 0x00, 0x80, 0x3f,
    0xff, 0x01, 0x00, 0x00, 0x00, 0xe2, 0x0f, 0x00, 0x0b, 0x78, 0x00, 0x1c,
    0x00, 0x00, 0x80, 0x7f, 0x00, 0xc2, 0xf3, 0x03, 0x00, 0xc8, 0x0f, 0x00,
    0x0b, 0x78, 0x00, 0x05, 0x00, 0x00, 0x80, 0x7f, 0x00, 0xc2, 0xf1, 0x03,
    0x00, 0xca, 0x0f, 0x00, 0x1c, 0x78, 0x8f, 0x00, 0x00, 0x00, 0x00, 0x00,
    0x70, 0x3f, 0x70, 0x00, 0x00, 0xda, 0x0f, 0x00, 0x47, 0x09, 0x50, 0x00,
    0x04, 0x00, 0x00, 0x00, 0x00, 0x00, 0x80, 0x03, 0x00, 0xea, 0x0f, 0x00,
    0x12, 0x78, 0xff, 0x1c, 0xff, 0xff, 0xff, 0x7f, 0x13, 0xc8, 0x80, 0x07,
    0x00, 0xda, 0x0f, 0x00, 0x47, 0x89, 0x40, 0x00, 0x04, 0x00, 0x00, 0x00,
    0x00, 0x00, 0x80, 0x03, 0x00, 0xea, 0x0f, 0x00, 0x0b, 0x78, 0x00, 0x05,
    0x00, 0x00, 0x80, 0x7f, 0x00, 0xd2, 0xf7, 0x03, 0x00, 0xe2, 0x0f, 0x04,
    0x0b, 0x78, 0x00, 0x1c, 0x00, 0x00, 0x80, 0x7f, 0x00, 0xd2, 0xf3, 0x03,
    0x00, 0xe2, 0x0f, 0x00, 0x0b, 0x78, 0x00, 0x05, 0x00, 0x00, 0x80, 0x7f,
    0x00, 0xd2, 0xf1, 0x03, 0x00, 0xd8, 0x0f, 0x00, 0x47, 0x99, 0x30, 0x00,
    0x04, 0x00, 0x00, 0x00, 0x00, 0x00, 0x80, 0x05, 0x00, 0xea, 0x0f, 0x00,
    0x12, 0x78, 0xff, 0x13, 0xff, 0xff, 0xff, 0x7f, 0xff, 0xc0, 0x86, 0x07,
    0x00, 0xc8, 0x0f, 0x00, 0x1c, 0x78, 0xf2, 0x00, 0x00, 0x00, 0x00, 0x00,
    0x77, 0x65, 0xf2, 0x00, 0x00, 0xda, 0x0f, 0x00, 0x47, 0x19, 0x1c, 0x00,
    0x04, 0x00, 0x00, 0x00, 0x00, 0x00, 0x80, 0x03, 0x00, 0xea, 0x0f, 0x00,
    0x12, 0x78, 0xff, 0x1c, 0xff, 0xff, 0xff, 0x7f, 0xff, 0xc0, 0x82, 0x07,
    0x00, 0xc8, 0x0f, 0x00, 0x1c, 0x78, 0xf2, 0x00, 0x00, 0x00, 0x00, 0x00,
    0x77, 0x25, 0x70, 0x00, 0x00, 0xda, 0x0f, 0x00, 0x47, 0x09, 0x04, 0x00,
    0x04, 0x00, 0x00, 0x00, 0x00, 0x00, 0x80, 0x03, 0x00, 0xea, 0x0f, 0x00,
    0x0c, 0x72, 0x00, 0x1d, 0xff, 0x00, 0x00, 0x00, 0x70, 0x62, 0xf0, 0x03,
    0x00, 0xe2, 0x0f, 0x00, 0x0c, 0x72, 0x00, 0x1f, 0xff, 0x00, 0x00, 0x00,
    0x70, 0x62, 0xf2, 0x03, 0x00, 0xd8, 0x0f, 0x00, 0x02, 0x02, 0x12, 0x00,
    0xff, 0x00, 0x00, 0x00, 0x00, 0x0f, 0x00, 0x00, 0x00, 0xe2, 0x0f, 0x00,
    0x02, 0x88, 0x12, 0x00, 0xc0, 0xff, 0xff, 0xff, 0x00, 0x0f, 0x00, 0x00,
    0x00, 0xe2, 0x0f, 0x00, 0x23, 0x88, 0x13, 0x05, 0x00, 0x00, 0x80, 0x5f,
    0xff, 0x00, 0x00, 0x00, 0x00, 0xe2, 0x0f, 0x00, 0x23, 0x98, 0x1c, 0x1c,
    0x00, 0x00, 0x80, 0x5f, 0xff, 0x00, 0x00, 0x00, 0x00, 0xc6, 0x0f, 0x00,
    0x35, 0x98, 0x12, 0x12, 0x40, 0x00, 0x00, 0x00, 0x00, 0x00, 0x8e, 0x07,
    0x00, 0xce, 0x0f, 0x00, 0x11, 0x78, 0x05, 0x11, 0x00, 0x00, 0x80, 0xc0,
    0xff, 0xb8, 0x8e, 0x07, 0x00, 0xe2, 0x0f, 0x00, 0x45, 0x79, 0x07, 0x00,
    0x70, 0x03, 0x00, 0x00, 0x00, 0x02, 0x80, 0x03, 0x00, 0xe8, 0x0f, 0x00,
    0x35, 0x72, 0x1d, 0x05, 0x1c, 0x00, 0x00, 0x00, 0x00, 0x01, 0x8e, 0x07,
    0x00, 0xe2, 0x0f, 0x00, 0x35, 0x78, 0x1c, 0x1b, 0x81, 0xff, 0xff, 0xff,
    0x00, 0x00, 0x8e, 0x07, 0x00, 0xc6, 0x0f, 0x00, 0x08, 0x73, 0x22, 0x00,
    0x1d, 0x00, 0x00, 0x00, 0x00, 0x10, 0x00, 0x00, 0x00, 0x22, 0x0e, 0x00,
    0x21, 0x72, 0x24, 0x1d, 0xff, 0x00, 0x00, 0x80, 0x00, 0x01, 0x01, 0x00,
    0x00, 0xe2, 0x0f, 0x00, 0x24, 0x78, 0x05, 0x1c, 0x00, 0x00, 0x80, 0xff,
    0x13, 0x02, 0x8e, 0x07, 0x00, 0xc6, 0x0f, 0x00, 0x23, 0x74, 0x1b, 0x22,
    0x00, 0x00, 0x80, 0x3f, 0x24, 0x00, 0x00, 0x00, 0x00, 0xc8, 0x1f, 0x00,
    0x23, 0x72, 0x22, 0x22, 0x1b, 0x00, 0x00, 0x00, 0x22, 0x00, 0x00, 0x00,
    0x00, 0xc8, 0x0f, 0x00, 0x23, 0x72, 0x13, 0x05, 0x22, 0x00, 0x00, 0x00,
    0xff, 0x00, 0x00, 0x00, 0x00, 0xc8, 0x0f, 0x00, 0x23, 0x72, 0x1b, 0x24,
    0x13, 0x00, 0x00, 0x00, 0x05, 0x00, 0x00, 0x00, 0x00, 0xc8, 0x0f, 0x00,
    0x23, 0x72, 0x13, 0x22, 0x1b, 0x00, 0x00, 0x00, 0x13, 0x00, 0x00, 0x00,
    0x00, 0xe2, 0x0f, 0x00, 0x10, 0x78, 0x1b, 0x1c, 0x7f, 0x00, 0x00, 0x00,
    0x11, 0xe8, 0xff, 0x07, 0x00, 0xc6, 0x0f, 0x00, 0x23, 0x72, 0x24, 0x24,
    0x13, 0x00, 0x00, 0x00, 0x05, 0x00, 0x00, 0x00, 0x00, 0xe4, 0x0f, 0x00,
    0x35, 0x72, 0x12, 0x1b, 0x12, 0x00, 0x00, 0x00, 0x00, 0x00, 0x8e, 0x07,
    0x00, 0xe4, 0x0f, 0x00, 0x23, 0x72, 0x05, 0x22, 0x24, 0x00, 0x00, 0x00,
    0x13, 0x00, 0x00, 0x00, 0x00, 0xca, 0x0f, 0x00, 0x19, 0x78, 0x11, 0xff,
    0x17, 0x00, 0x00, 0x00, 0x05, 0x16, 0x01, 0x00, 0x00, 0xc8, 0x0f, 0x00,
    0x12, 0x78, 0x11, 0x11, 0xff, 0x00, 0x00, 0x00, 0xff, 0xc0, 0x8e, 0x07,
    0x00, 0xca, 0x0f, 0x00, 0x35, 0x72, 0x11, 0x11, 0x12, 0x00, 0x00, 0x00,
    0x00, 0x00, 0x8e, 0x07, 0x00, 0xca, 0x0f, 0x00, 0x35, 0x78, 0x1b, 0x11,
    0xff, 0xff, 0xff, 0xff, 0x00, 0x00, 0x8e, 0x07, 0x00, 0xca, 0x0f, 0x00,
    0x0c, 0x78, 0x00, 0x1b, 0xfe, 0x00, 0x00, 0x00, 0x70, 0x60, 0xf0, 0x03,
    0x00, 0xda, 0x0f, 0x00, 0x47, 0x89, 0x80, 0x00, 0x00, 0x00, 0x00, 0x00,
    0x00, 0x00, 0x80, 0x03, 0x00, 0xea, 0x0f, 0x00, 0x0c, 0x78, 0x00, 0x11,
    0xfe, 0x00, 0x00, 0x00, 0x70, 0x42, 0xf0, 0x03, 0x00, 0xda, 0x0f, 0x00,
    0x47, 0x09, 0x6c, 0x00, 0x00, 0x00, 0x00, 0x00, 0x00, 0x00, 0x80, 0x03,
    0x00, 0xea, 0x0f, 0x00, 0x0c, 0x78, 0x00, 0x11, 0x01, 0x00, 0x00, 0x00,
    0x70, 0x62, 0xf0, 0x03, 0x00, 0xda, 0x0f, 0x00, 0x47, 0x09, 0x74, 0x00,
    0x00, 0x00, 0x00, 0x00, 0x00, 0x00, 0x80, 0x03, 0x00, 0xea, 0x0f, 0x00,
    0x0c, 0x78, 0x00, 0x11, 0xe8, 0xff, 0xff, 0xff, 0x70, 0x62, 0xf0, 0x03,
    0x00, 0xe2, 0x0f, 0x00, 0x12, 0x78, 0x05, 0x05, 0x00, 0x00, 0x00, 0x80,
    0xff, 0xc0, 0x8e, 0x07, 0x00, 0xd8, 0x0f, 0x00, 0x47, 0x89, 0x68, 0x00,
    0x00, 0x00, 0x00, 0x00, 0x00, 0x00, 0x80, 0x03, 0x00, 0xea, 0x0f, 0x00,
    0x23, 0x72, 0x12, 0x22, 0x24, 0x00, 0x00, 0x00, 0x13, 0xc0, 0x00, 0x00,
    0x00, 0xe2, 0x0f, 0x00, 0x35, 0x78, 0x1c, 0x11, 0x20, 0x00, 0x00, 0x00,
    0x00, 0x00, 0x8e, 0x07, 0x00, 0xe2, 0x0f, 0x04, 0x0c, 0x72, 0x00, 0x11,
    0xff, 0x00, 0x00, 0x00, 0x70, 0x52, 0xf2, 0x03, 0x00, 0xe2, 0x0f, 0x04,
    0x0c, 0x72, 0x00, 0x11, 0xff, 0x00, 0x00, 0x00, 0x70, 0x52, 0xf6, 0x03,
    0x00, 0xe2, 0x0f, 0x04, 0x35, 0x72, 0x11, 0x11, 0xff, 0x00, 0x00, 0x00,
    0x00, 0x01, 0x8e, 0x07, 0x00, 0xe2, 0x0f, 0x00, 0x12, 0x78, 0x12, 0x12,
    0xff, 0xff, 0x7f, 0x00, 0xff, 0xc0, 0x8e, 0x07, 0x00, 0xc8, 0x0f, 0x00,
    0x12, 0x78, 0x1b, 0x12, 0x00, 0x00, 0x80, 0x00, 0xff, 0xfc, 0x8e, 0x07,
    0x00, 0xe2, 0x0f, 0x00, 0x23, 0x72, 0x12, 0x22, 0x24, 0x00, 0x00, 0x00,
    0x13, 0x80, 0x00, 0x00, 0x00, 0xe2, 0x0f, 0x1c, 0x23, 0x72, 0x13, 0x22,
    0x24, 0x00, 0x00, 0x00, 0x13, 0x40, 0x00, 0x00, 0x00, 0xe4, 0x0f, 0x00,
    0x19, 0x72, 0x1c, 0x1b, 0x1c, 0x00, 0x00, 0x00, 0xff, 0x06, 0x00, 0x00,
    0x00, 0xc6, 0x0f, 0x00, 0x0b, 0x72, 0x00, 0x12, 0x13, 0x00, 0x00, 0x00,
    0x00, 0xd0, 0xf1, 0x03, 0x00, 0xe2, 0x0f, 0x00, 0x07, 0x72, 0x12, 0x11,
    0xff, 0x00, 0x00, 0x00, 0x00, 0x00, 0x80, 0x01, 0x00, 0xe2, 0x0f, 0x00,
    0x0c, 0x72, 0x00, 0x1c, 0xff, 0x00, 0x00, 0x00, 0x70, 0x52, 0xf2, 0x00,
    0x00, 0xc8, 0x0f, 0x00, 0x19, 0x72, 0x12, 0xff, 0x12, 0x00, 0x00, 0x00,
    0x1b, 0x16, 0x01, 0x00, 0x00, 0xe4, 0x0f, 0x00, 0x1c, 0x78, 0x8f, 0x00,
    0x00, 0x00, 0x00, 0x00, 0x70, 0x3f, 0x70, 0x00, 0x00, 0xe4, 0x0f, 0x00,
    0x19, 0x78, 0x1c, 0xff, 0x01, 0x00, 0x00, 0x00, 0x12, 0x16, 0x01, 0x00,
    0x00, 0xc6, 0x0f, 0x00, 0x07, 0x78, 0x11, 0xff, 0x01, 0x00, 0x00, 0x00,
    0x00, 0x00, 0x00, 0x04, 0x00, 0xca, 0x0f, 0x00, 0x12, 0x78, 0x11, 0x11,
    0x01, 0x00, 0x00, 0x00, 0x1c, 0xf8, 0x8e, 0x07, 0x00, 0xc8, 0x0f, 0x00,
    0x12, 0x72, 0x11, 0x11, 0x12, 0x00, 0x00, 0x00, 0xff, 0xc0, 0x8e, 0x07,
    0x00, 0xca, 0x0f, 0x00, 0x35, 0x72, 0x1c, 0x1c, 0x11, 0x00, 0x00, 0x00,
    0x00, 0x00, 0x8e, 0x07, 0x00, 0xca, 0x0f, 0x00, 0x12, 0x72, 0x05, 0x1c,
    0x05, 0x00, 0x00, 0x00, 0xff, 0xfc, 0x8e, 0x07, 0x00, 0xe2, 0x0f, 0x00,
    0x47, 0x79, 0x10, 0x00, 0x00, 0x00, 0x00, 0x00, 0x00, 0x00, 0x80, 0x03,
    0x00, 0xec, 0x0f, 0x00, 0x12, 0x78, 0x05, 0x05, 0x00, 0x00, 0x00, 0x80,
    0xff, 0xc0, 0x8e, 0x07, 0x00, 0xc8, 0x0f, 0x00, 0x12, 0x78, 0x05, 0x05,
    0x00, 0x00, 0x80, 0x7f, 0xff, 0xfc, 0x8e, 0x07, 0x00, 0xe2, 0x0f, 0x00,
    0x47, 0x79, 0x04, 0x00, 0x00, 0x00, 0x00, 0x00, 0x00, 0x00, 0x80, 0x03,
    0x00, 0xec, 0x0f, 0x00, 0x24, 0x78, 0x05, 0x12, 0x00, 0x00, 0x80, 0x00,
    0x05, 0x02, 0x8e, 0x07, 0x00, 0xce, 0x0f, 0x00, 0x18, 0x79, 0x00, 0x00,
    0x00, 0x00, 0x00, 0x00, 0x00, 0x00, 0x00, 0x00, 0x00, 0xe2, 0x0f, 0x00,
    0x41, 0x79, 0x07, 0x00, 0x00, 0x00, 0x00, 0x00, 0x00, 0x02, 0x80, 0x03,
    0x00, 0xea, 0x0f, 0x00, 0x47, 0x79, 0x20, 0x00, 0x00, 0x00, 0x00, 0x00,
    0x00, 0x00, 0x80, 0x03, 0x00, 0xea, 0x0f, 0x00, 0x12, 0x78, 0x05, 0x1c,
    0x00, 0x00, 0x00, 0x80, 0x13, 0x48, 0x8e, 0x07, 0x00, 0xc8, 0x0f, 0x00,
    0x12, 0x78, 0x05, 0x05, 0x00, 0x00, 0x80, 0x7f, 0xff, 0xfc, 0x8e, 0x07,
    0x00, 0xe2, 0x0f, 0x00, 0x47, 0x79, 0x14, 0x00, 0x00, 0x00, 0x00, 0x00,
    0x00, 0x00, 0x80, 0x03, 0x00, 0xec, 0x0f, 0x00, 0x12, 0x78, 0x05, 0x1c,
    0x00, 0x00, 0x00, 0x80, 0x13, 0x48, 0x8e, 0x07, 0x00, 0xe2, 0x0f, 0x00,
    0x47, 0x79, 0x0c, 0x00, 0x00, 0x00, 0x00, 0x00, 0x00, 0x00, 0x80, 0x03,
    0x00, 0xec, 0x0f, 0x00, 0x08, 0x79, 0x05, 0x00, 0x00, 0x00, 0xc0, 0xff,
    0x00, 0x14, 0x00, 0x00, 0x00, 0x22, 0x0e, 0x00, 0x47, 0x79, 0x04, 0x00,
    0x00, 0x00, 0x00, 0x00, 0x00, 0x00, 0x80, 0x03, 0x00, 0xea, 0x0f, 0x00,
    0x21, 0x72, 0x05, 0x05, 0x1c, 0x00, 0x00, 0x00, 0x00, 0x00, 0x01, 0x00,
    0x00, 0xce, 0x0f, 0x00, 0x18, 0x79, 0x00, 0x00, 0x00, 0x00, 0x00, 0x00,
    0x00, 0x00, 0x00, 0x00, 0x00, 0xe2, 0x0f, 0x00, 0x41, 0x79, 0x06, 0x00,
    0x00, 0x00, 0x00, 0x00, 0x00, 0x02, 0x80, 0x03, 0x00, 0xea, 0x0f, 0x00,
    0x31, 0x74, 0x11, 0xff, 0x00, 0x00, 0x00, 0x00, 0xff, 0x01, 0x00, 0x00,
    0x00, 0xc8, 0x0f, 0x00, 0x50, 0x79, 0x80, 0x10, 0x6c, 0xff, 0xff, 0xff,
    0xff, 0xff, 0xc3, 0x03, 0x00, 0xea, 0x1f, 0x00, 0x47, 0x79, 0xfc, 0x00,
    0xfc, 0xff, 0xff, 0xff, 0xff, 0xff, 0x83, 0x03, 0x00, 0xc0, 0x0f, 0x00,
    0x18, 0x79, 0x00, 0x00, 0x00, 0x00, 0x00, 0x00, 0x00, 0x00, 0x00, 0x00,
    0x00, 0xc0, 0x0f, 0x00, 0x18, 0x79, 0x00, 0x00, 0x00, 0x00, 0x00, 0x00,
    0x00, 0x00, 0x00, 0x00, 0x00, 0xc0, 0x0f, 0x00, 0x18, 0x79, 0x00, 0x00,
    0x00, 0x00, 0x00, 0x00, 0x00, 0x00, 0x00, 0x00, 0x00, 0xc0, 0x0f, 0x00,
    0x18, 0x79, 0x00, 0x00, 0x00, 0x00, 0x00, 0x00, 0x00, 0x00, 0x00, 0x00,
    0x00, 0xc0, 0x0f, 0x00, 0x18, 0x79, 0x00, 0x00, 0x00, 0x00, 0x00, 0x00,
    0x00, 0x00, 0x00, 0x00, 0x00, 0xc0, 0x0f, 0x00, 0x18, 0x79, 0x00, 0x00,
    0x00, 0x00, 0x00, 0x00, 0x00, 0x00, 0x00, 0x00, 0x00, 0xc0, 0x0f, 0x00,
    0x18, 0x79, 0x00, 0x00, 0x00, 0x00, 0x00, 0x00, 0x00, 0x00, 0x00, 0x00,
    0x00, 0xc0, 0x0f, 0x00, 0x18, 0x79, 0x00, 0x00, 0x00, 0x00, 0x00, 0x00,
    0x00, 0x00, 0x00, 0x00, 0x00, 0xc0, 0x0f, 0x00, 0x18, 0x79, 0x00, 0x00,
    0x00, 0x00, 0x00, 0x00, 0x00, 0x00, 0x00, 0x00, 0x00, 0xc0, 0x0f, 0x00,
    0x18, 0x79, 0x00, 0x00, 0x00, 0x00, 0x00, 0x00, 0x00, 0x00, 0x00, 0x00,
    0x00, 0xc0, 0x0f, 0x00, 0x18, 0x79, 0x00, 0x00, 0x00, 0x00, 0x00, 0x00,
    0x00, 0x00, 0x00, 0x00, 0x00, 0xc0, 0x0f, 0x00, 0x18, 0x79, 0x00, 0x00,
    0x00, 0x00, 0x00, 0x00, 0x00, 0x00, 0x00, 0x00, 0x00, 0xc0, 0x0f, 0x00,
    0x18, 0x79, 0x00, 0x00, 0x00, 0x00, 0x00, 0x00, 0x00, 0x00, 0x00, 0x00,
    0x00, 0xc0, 0x0f, 0x00, 0x18, 0x79, 0x00, 0x00, 0x00, 0x00, 0x00, 0x00,
    0x00, 0x00, 0x00, 0x00, 0x00, 0xc0, 0x0f, 0x00, 0x18, 0x79, 0x00, 0x00,
    0x00, 0x00, 0x00, 0x00, 0x00, 0x00, 0x00, 0x00, 0x00, 0xc0, 0x0f, 0x00,
};

#endif
