/* Generated by tools/nvshader.py from shader_raster.cu.
 * Real sm_120 (Blackwell) machine code for shader_raster, verified
 * against cuobjdump -sass.  Do not edit by hand. */
#ifndef KESTREL_SHADER_SHADER_RASTER_H
#define KESTREL_SHADER_SHADER_RASTER_H

static const unsigned int shader_raster_sass_reg_count = 96;
static const unsigned int shader_raster_sass_shared = 0;
static const unsigned int shader_raster_sass_const0 = 992;

static const unsigned char shader_raster_sass[66304] = {
    0x82, 0x7b, 0x01, 0xff, 0x00, 0xdf, 0x00, 0x00, 0x00, 0x08, 0x00, 0x00,
    0x00, 0xf0, 0x0f, 0x00, 0x82, 0x7b, 0x06, 0xff, 0x00, 0xf6, 0x00, 0x00,
    0x00, 0x0a, 0x00, 0x00, 0x00, 0x22, 0x0e, 0x00, 0x19, 0x79, 0x3e, 0x00,
    0x00, 0x00, 0x00, 0x00, 0x00, 0x21, 0x00, 0x00, 0x00, 0x62, 0x0e, 0x00,
    0x31, 0x74, 0x3f, 0xff, 0x00, 0x00, 0x00, 0x00, 0xff, 0x01, 0x00, 0x00,
    0x00, 0xcc, 0x0f, 0x00, 0x82, 0x7b, 0x02, 0xff, 0x00, 0xea, 0x00, 0x00,
    0x00, 0x0a, 0x00, 0x00, 0x00, 0xb0, 0x0e, 0x00, 0xc3, 0x79, 0x04, 0x00,
    0x00, 0x00, 0x00, 0x00, 0x00, 0x25, 0x00, 0x00, 0x00, 0x70, 0x0e, 0x00,
    0x82, 0x7b, 0x05, 0xff, 0x00, 0xd8, 0x00, 0x00, 0x00, 0x08, 0x00, 0x00,
    0x00, 0x62, 0x0e, 0x00, 0x0c, 0x78, 0x00, 0x06, 0x40, 0xdd, 0x00, 0x00,
    0x70, 0x60, 0xf1, 0x03, 0x00, 0xcc, 0x1f, 0x00, 0x0c, 0x72, 0x00, 0x02,
    0xff, 0x00, 0x00, 0x00, 0x70, 0x24, 0x71, 0x04, 0x00, 0xe4, 0x4f, 0x00,
    0x25, 0x7c, 0x3e, 0x05, 0x04, 0x00, 0x00, 0x00, 0x3e, 0x00, 0x8e, 0x0f,
    0x00, 0xd8, 0x2f, 0x00, 0x4d, 0x09, 0x00, 0x00, 0x00, 0x00, 0x00, 0x00,
    0x00, 0x00, 0x80, 0x03, 0x00, 0xea, 0x0f, 0x00, 0xac, 0x77, 0x06, 0xff,
    0x00, 0x6b, 0x00, 0x00, 0x00, 0x0a, 0x00, 0x08, 0x00, 0x22, 0x0e, 0x00,
    0x82, 0x7b, 0x0a, 0xff, 0x00, 0xea, 0x00, 0x00, 0x00, 0x0a, 0x00, 0x00,
    0x00, 0x22, 0x0e, 0x00, 0xac, 0x77, 0x04, 0xff, 0x00, 0x74, 0x00, 0x00,
    0x00, 0x0a, 0x00, 0x08, 0x00, 0x62, 0x0e, 0x00, 0xac, 0x77, 0x08, 0xff,
    0x00, 0x7a, 0x00, 0x00, 0x00, 0x0a, 0x00, 0x08, 0x00, 0xa2, 0x0e, 0x00,
    0x81, 0x79, 0x3c, 0x0a, 0x06, 0x18, 0x00, 0x00, 0x00, 0x1b, 0x1e, 0x0c,
    0x00, 0xe4, 0x1e, 0x00, 0x25, 0x72, 0x3c, 0x3d, 0x3c, 0x00, 0x00, 0x00,
    0xff, 0x00, 0x8e, 0x07, 0x00, 0xca, 0x8f, 0x00, 0x17, 0x78, 0x04, 0x3c,
    0x00, 0x10, 0x00, 0x00, 0x00, 0xe4, 0xff, 0x03, 0x00, 0xc8, 0x0f, 0x00,
    0x0c, 0x72, 0x00, 0x3e, 0x04, 0x00, 0x00, 0x00, 0x70, 0x60, 0xf1, 0x03,
    0x00, 0xe4, 0x0f, 0x00, 0x24, 0x78, 0x06, 0x04, 0x08, 0x00, 0x00, 0x00,
    0xff, 0x00, 0x8e, 0x07, 0x00, 0xe2, 0x0f, 0x04, 0x19, 0x78, 0x07, 0x04,
    0x03, 0x00, 0x00, 0x00, 0x05, 0x02, 0x01, 0x00, 0x00, 0xc6, 0x0f, 0x00,
    0x0c, 0x7c, 0x00, 0xff, 0x04, 0x00, 0x00, 0x00, 0x70, 0x24, 0x71, 0x08,
    0x00, 0xcc, 0x2f, 0x00, 0x0c, 0x7c, 0x00, 0x06, 0x08, 0x00, 0x00, 0x00,
    0x70, 0x44, 0x71, 0x08, 0x00, 0xdc, 0x4f, 0x00, 0x4d, 0x09, 0x00, 0x00,
    0x00, 0x00, 0x00, 0x00, 0x00, 0x00, 0x80, 0x03, 0x00, 0xea, 0x0f, 0x00,
    0xac, 0x77, 0x08, 0xff, 0x00, 0x73, 0x00, 0x00, 0x00, 0x0a, 0x00, 0x08,
    0x00, 0x22, 0x0e, 0x00, 0x82, 0x7b, 0x06, 0xff, 0x00, 0xe0, 0x00, 0x00,
    0x00, 0x0a, 0x00, 0x00, 0x00, 0x62, 0x0e, 0x00, 0xac, 0x77, 0x04, 0xff,
    0x00, 0x74, 0x00, 0x00, 0x00, 0x0a, 0x00, 0x08, 0x00, 0xa2, 0x0e, 0x00,
    0x0c, 0x7c, 0x00, 0xff, 0x08, 0x00, 0x00, 0x00, 0x70, 0x50, 0xf1, 0x0b,
    0x00, 0xc6, 0x1f, 0x00, 0x11, 0x7c, 0x3a, 0x3e, 0x04, 0x00, 0x00, 0x00,
    0xff, 0x18, 0x82, 0x0f, 0x00, 0xc6, 0x4f, 0x00, 0x0c, 0x72, 0x00, 0x06,
    0xff, 0x00, 0x00, 0x00, 0x70, 0x24, 0x71, 0x04, 0x00, 0xe4, 0x2f, 0x00,
    0x02, 0x78, 0x07, 0x00, 0x05, 0x00, 0x00, 0x00, 0x00, 0x0f, 0x00, 0x00,
    0x00, 0xe2, 0x0f, 0x00, 0x11, 0x7c, 0x3b, 0x3e, 0x05, 0x00, 0x00, 0x00,
    0x3f, 0x1c, 0x8f, 0x08, 0x00, 0xca, 0x0f, 0x00, 0x86, 0x79, 0x00, 0x3a,
    0x07, 0x00, 0x00, 0x00, 0x06, 0x19, 0x10, 0x0c, 0x00, 0xe8, 0x01, 0x00,
    0x86, 0x79, 0x00, 0x3a, 0xff, 0x04, 0x00, 0x00, 0x06, 0x19, 0x10, 0x0c,
    0x00, 0xe4, 0x03, 0x00, 0x4d, 0x09, 0x00, 0x00, 0x00, 0x00, 0x00, 0x00,
    0x00, 0x00, 0x80, 0x03, 0x00, 0xea, 0x0f, 0x00, 0x81, 0x79, 0x06, 0x0a,
    0x06, 0x00, 0x00, 0x00, 0x00, 0x19, 0x1e, 0x0c, 0x00, 0xa2, 0x0e, 0x00,
    0x31, 0x74, 0x07, 0xff, 0x00, 0x00, 0x00, 0x00, 0xff, 0x01, 0x00, 0x00,
    0x00, 0xca, 0x1f, 0x00, 0x0c, 0x72, 0x00, 0x06, 0xff, 0x00, 0x00, 0x00,
    0x70, 0x50, 0xf1, 0x03, 0x00, 0xdc, 0x4f, 0x00, 0x4d, 0x89, 0x00, 0x00,
    0x00, 0x00, 0x00, 0x00, 0x00, 0x00, 0x80, 0x03, 0x00, 0xea, 0x0f, 0x00,
    0x81, 0x79, 0x00, 0x0a, 0x06, 0x04, 0x00, 0x00, 0x00, 0x19, 0x1e, 0x0c,
    0x00, 0xa2, 0x0e, 0x00, 0x0c, 0x78, 0x00, 0x06, 0x00, 0x80, 0x00, 0x00,
    0x70, 0x40, 0xf0, 0x03, 0x00, 0xe2, 0x0f, 0x00, 0x35, 0x78, 0x08, 0x00,
    0xff, 0x7f, 0xff, 0xff, 0x00, 0x00, 0x8e, 0x07, 0x00, 0xca, 0x4f, 0x00,
    0x0c, 0x78, 0x00, 0x08, 0x00, 0x80, 0xff, 0xff, 0x70, 0x14, 0x70, 0x00,
    0x00, 0xda, 0x0f, 0x00, 0x4d, 0x09, 0x00, 0x00, 0x00, 0x00, 0x00, 0x00,
    0x00, 0x00, 0x80, 0x03, 0x00, 0xea, 0x0f, 0x00, 0x81, 0x79, 0x09, 0x0a,
    0x06, 0x08, 0x00, 0x00, 0x00, 0x19, 0x1e, 0x0c, 0x00, 0xa4, 0x0e, 0x00,
    0x0c, 0x72, 0x00, 0x09, 0x06, 0x00, 0x00, 0x00, 0x70, 0x60, 0xf0, 0x03,
    0x00, 0xda, 0x4f, 0x00, 0x4d, 0x89, 0x00, 0x00, 0x00, 0x00, 0x00, 0x00,
    0x00, 0x00, 0x80, 0x03, 0x00, 0xea, 0x0f, 0x00, 0x81, 0x79, 0x0d, 0x0a,
    0x06, 0x10, 0x00, 0x00, 0x00, 0x19, 0x1e, 0x0c, 0x00, 0xa4, 0x0e, 0x00,
    0x0c, 0x72, 0x00, 0x06, 0x0d, 0x00, 0x00, 0x00, 0x70, 0x40, 0xf0, 0x03,
    0x00, 0xda, 0x4f, 0x00, 0x4d, 0x89, 0x00, 0x00, 0x00, 0x00, 0x00, 0x00,
    0x00, 0x00, 0x80, 0x03, 0x00, 0xea, 0x0f, 0x00, 0x81, 0x79, 0x0f, 0x0a,
    0x06, 0x14, 0x00, 0x00, 0x00, 0x19, 0x1e, 0x0c, 0x00, 0xa4, 0x0e, 0x00,
    0x0c, 0x72, 0x00, 0x00, 0x0f, 0x00, 0x00, 0x00, 0x70, 0x40, 0xf0, 0x03,
    0x00, 0xda, 0x4f, 0x00, 0x4d, 0x89, 0x00, 0x00, 0x00, 0x00, 0x00, 0x00,
    0x00, 0x00, 0x80, 0x03, 0x00, 0xea, 0x0f, 0x00, 0x81, 0x79, 0x08, 0x0a,
    0x06, 0x18, 0x00, 0x00, 0x00, 0x19, 0x1e, 0x0c, 0x00, 0xa2, 0x0e, 0x00,
    0x35, 0x72, 0x0d, 0x06, 0x0d, 0x00, 0x00, 0x80, 0x00, 0x00, 0x8e, 0x07,
    0x00, 0xca, 0x0f, 0x00, 0x0c, 0x72, 0x00, 0x08, 0x0d, 0x00, 0x00, 0x00,
    0x70, 0x40, 0xf0, 0x03, 0x00, 0xda, 0x4f, 0x00, 0x4d, 0x09, 0x00, 0x00,
    0x00, 0x00, 0x00, 0x00, 0x00, 0x00, 0x80, 0x03, 0x00, 0xea, 0x0f, 0x00,
    0x81, 0x79, 0x08, 0x0a, 0x06, 0x1c, 0x00, 0x00, 0x00, 0x19, 0x1e, 0x0c,
    0x00, 0xa2, 0x0e, 0x00, 0x35, 0x72, 0x0f, 0x00, 0x0f, 0x00, 0x00, 0x80,
    0x00, 0x00, 0x8e, 0x07, 0x00, 0xca, 0x0f, 0x00, 0x0c, 0x72, 0x00, 0x08,
    0x0f, 0x00, 0x00, 0x00, 0x70, 0x40, 0xf0, 0x03, 0x00, 0xda, 0x4f, 0x00,
    0x4d, 0x09, 0x00, 0x00, 0x00, 0x00, 0x00, 0x00, 0x00, 0x00, 0x80, 0x03,
    0x00, 0xea, 0x0f, 0x00, 0xac, 0x77, 0x04, 0xff, 0x00, 0x76, 0x00, 0x00,
    0x00, 0x0a, 0x00, 0x08, 0x00, 0x22, 0x0e, 0x00, 0x35, 0x78, 0x0d, 0x00,
    0xff, 0xff, 0xff, 0xff, 0x00, 0x00, 0x8e, 0x07, 0x00, 0xca, 0x0f, 0x00,
    0x25, 0x72, 0x08, 0x09, 0x0d, 0x00, 0x00, 0x00, 0x06, 0x00, 0x8e, 0x07,
    0x00, 0xe2, 0x0f, 0x00, 0x99, 0x78, 0x04, 0x04, 0x02, 0x00, 0x00, 0x00,
    0x05, 0x12, 0x00, 0x08, 0x00, 0xe2, 0x1f, 0x00, 0x99, 0x78, 0x05, 0xff,
    0x02, 0x00, 0x00, 0x00, 0x05, 0x16, 0x01, 0x08, 0x00, 0xcc, 0x0f, 0x00,
    0x0c, 0x7c, 0x00, 0x08, 0x04, 0x00, 0x00, 0x00, 0x70, 0x40, 0xf1, 0x0b,
    0x00, 0xdc, 0x0f, 0x00, 0x4d, 0x09, 0x00, 0x00, 0x00, 0x00, 0x00, 0x00,
    0x00, 0x00, 0x80, 0x03, 0x00, 0xea, 0x0f, 0x00, 0xac, 0x77, 0x04, 0xff,
    0x00, 0x71, 0x00, 0x00, 0x00, 0x0a, 0x00, 0x08, 0x00, 0x24, 0x0e, 0x00,
    0x8c, 0x72, 0x00, 0x04, 0xff, 0x00, 0x00, 0x00, 0x70, 0x50, 0xf1, 0x0b,
    0x00, 0xd2, 0x1f, 0x00, 0x47, 0x75, 0x24, 0x08, 0x01, 0x00, 0x00, 0x00,
    0x00, 0x00, 0x80, 0x0b, 0x00, 0xea, 0x0f, 0x00, 0x81, 0x79, 0x09, 0x0a,
    0x06, 0x0c, 0x00, 0x00, 0x00, 0x19, 0x1e, 0x0c, 0x00, 0xa4, 0x0e, 0x00,
    0x0c, 0x72, 0x00, 0x09, 0x06, 0x00, 0x00, 0x00, 0x70, 0x60, 0xf0, 0x03,
    0x00, 0xda, 0x4f, 0x00, 0x4d, 0x89, 0x00, 0x00, 0x00, 0x00, 0x00, 0x00,
    0x00, 0x00, 0x80, 0x03, 0x00, 0xea, 0x0f, 0x00, 0xac, 0x77, 0x04, 0xff,
    0x00, 0x77, 0x00, 0x00, 0x00, 0x0a, 0x00, 0x08, 0x00, 0x22, 0x0e, 0x00,
    0x25, 0x72, 0x06, 0x0d, 0x09, 0x00, 0x00, 0x00, 0x06, 0x00, 0x8e, 0x07,
    0x00, 0xe2, 0x0f, 0x00, 0x99, 0x78, 0x04, 0x04, 0x02, 0x00, 0x00, 0x00,
    0x05, 0x12, 0x00, 0x08, 0x00, 0xe2, 0x1f, 0x00, 0x99, 0x78, 0x05, 0xff,
    0x02, 0x00, 0x00, 0x00, 0x05, 0x16, 0x01, 0x08, 0x00, 0xcc, 0x0f, 0x00,
    0x0c, 0x7c, 0x00, 0x06, 0x04, 0x00, 0x00, 0x00, 0x70, 0x40, 0xf1, 0x0b,
    0x00, 0xdc, 0x0f, 0x00, 0x4d, 0x09, 0x00, 0x00, 0x00, 0x00, 0x00, 0x00,
    0x00, 0x00, 0x80, 0x03, 0x00, 0xea, 0x0f, 0x00, 0x81, 0x79, 0x00, 0x0a,
    0x06, 0x2c, 0x00, 0x00, 0x00, 0x19, 0x1e, 0x0c, 0x00, 0xa2, 0x0e, 0x00,
    0x82, 0x7b, 0x06, 0xff, 0x00, 0xf2, 0x00, 0x00, 0x00, 0x0a, 0x00, 0x00,
    0x00, 0x22, 0x0e, 0x00, 0x24, 0x78, 0x09, 0x05, 0x80, 0x0c, 0x00, 0x00,
    0xff, 0x02, 0x8e, 0x07, 0x00, 0xe4, 0x0f, 0x00, 0x25, 0x78, 0x04, 0x04,
    0x80, 0x0c, 0x00, 0x00, 0xff, 0x00, 0x8e, 0x07, 0x00, 0xca, 0x0f, 0x00,
    0x35, 0x72, 0x05, 0x05, 0x09, 0x00, 0x00, 0x00, 0x00, 0x00, 0x8e, 0x07,
    0x00, 0xca, 0x0f, 0x00, 0x0c, 0x72, 0x00, 0x04, 0x06, 0x00, 0x00, 0x00,
    0x70, 0x40, 0xf1, 0x03, 0x00, 0xcc, 0x1f, 0x00, 0x0c, 0x78, 0x00, 0x00,
    0x04, 0x00, 0x00, 0x00, 0x70, 0x44, 0x70, 0x00, 0x00, 0xda, 0x4f, 0x00,
    0x4d, 0x09, 0x00, 0x00, 0x00, 0x00, 0x00, 0x00, 0x00, 0x00, 0x80, 0x03,
    0x00, 0xea, 0x0f, 0x00, 0x0c, 0x78, 0x00, 0x3c, 0x00, 0x00, 0x00, 0x01,
    0x70, 0x40, 0xf1, 0x03, 0x00, 0xe4, 0x0f, 0x00, 0x02, 0x78, 0x05, 0x00,
    0x03, 0x00, 0x00, 0x00, 0x00, 0x0f, 0x00, 0x00, 0x00, 0xca, 0x0f, 0x00,
    0x86, 0x79, 0x00, 0x3a, 0x05, 0x00, 0x00, 0x00, 0x06, 0x19, 0x10, 0x0c,
    0x00, 0xee, 0x01, 0x00, 0x4d, 0x09, 0x00, 0x00, 0x00, 0x00, 0x00, 0x00,
    0x00, 0x00, 0x80, 0x03, 0x00, 0xea, 0x0f, 0x00, 0x81, 0x79, 0x23, 0x0a,
    0x06, 0x20, 0x00, 0x00, 0x00, 0x19, 0x1e, 0x0c, 0x00, 0xa4, 0x0e, 0x00,
    0x35, 0x78, 0x00, 0x23, 0xbf, 0xff, 0xff, 0xff, 0x00, 0x00, 0x8e, 0x07,
    0x00, 0xca, 0x4f, 0x00, 0x0c, 0x78, 0x00, 0x00, 0xc0, 0xff, 0xff, 0xff,
    0x70, 0x60, 0xf0, 0x03, 0x00, 0xda, 0x0f, 0x00, 0x4d, 0x89, 0x00, 0x00,
    0x00, 0x00, 0x00, 0x00, 0x00, 0x00, 0x80, 0x03, 0x00, 0xea, 0x0f, 0x00,
    0x81, 0x79, 0x00, 0x0a, 0x06, 0x24, 0x00, 0x00, 0x00, 0x19, 0x1e, 0x0c,
    0x00, 0xa4, 0x0e, 0x00, 0x35, 0x78, 0x04, 0x00, 0xff, 0xfb, 0xff, 0xff,
    0x00, 0x00, 0x8e, 0x07, 0x00, 0xca, 0x4f, 0x00, 0x0c, 0x78, 0x00, 0x04,
    0x00, 0xfc, 0xff, 0xff, 0x70, 0x60, 0xf0, 0x03, 0x00, 0xda, 0x0f, 0x00,
    0x4d, 0x89, 0x00, 0x00, 0x00, 0x00, 0x00, 0x00, 0x00, 0x00, 0x80, 0x03,
    0x00, 0xea, 0x0f, 0x00, 0x81, 0x79, 0x12, 0x0a, 0x06, 0x28, 0x00, 0x00,
    0x00, 0x19, 0x1e, 0x0c, 0x00, 0xa4, 0x0e, 0x00, 0x35, 0x78, 0x04, 0x12,
    0xff, 0xef, 0xff, 0xff, 0x00, 0x00, 0x8e, 0x07, 0x00, 0xca, 0x4f, 0x00,
    0x0c, 0x78, 0x00, 0x04, 0x00, 0xf0, 0xff, 0xff, 0x70, 0x60, 0xf0, 0x03,
    0x00, 0xda, 0x0f, 0x00, 0x4d, 0x89, 0x00, 0x00, 0x00, 0x00, 0x00, 0x00,
    0x00, 0x00, 0x80, 0x03, 0x00, 0xea, 0x0f, 0x00, 0x81, 0x79, 0x04, 0x0a,
    0x06, 0x30, 0x00, 0x00, 0x00, 0x19, 0x1e, 0x0c, 0x00, 0xa4, 0x0e, 0x00,
    0x0c, 0x78, 0x00, 0x04, 0x08, 0x00, 0x00, 0x00, 0x70, 0x40, 0xf0, 0x03,
    0x00, 0xda, 0x4f, 0x00, 0x4d, 0x09, 0x00, 0x00, 0x00, 0x00, 0x00, 0x00,
    0x00, 0x00, 0x80, 0x03, 0x00, 0xea, 0x0f, 0x00, 0x81, 0x79, 0x04, 0x0a,
    0x06, 0x34, 0x00, 0x00, 0x00, 0x19, 0x1e, 0x0c, 0x00, 0xa4, 0x0e, 0x00,
    0x0c, 0x78, 0x00, 0x04, 0x01, 0x00, 0x00, 0x00, 0x70, 0x40, 0xf0, 0x03,
    0x00, 0xda, 0x4f, 0x00, 0x4d, 0x09, 0x00, 0x00, 0x00, 0x00, 0x00, 0x00,
    0x00, 0x00, 0x80, 0x03, 0x00, 0xea, 0x0f, 0x00, 0x81, 0x79, 0x04, 0x0a,
    0x06, 0x38, 0x00, 0x00, 0x00, 0x19, 0x1e, 0x0c, 0x00, 0xa4, 0x0e, 0x00,
    0x0c, 0x72, 0x00, 0x04, 0xff, 0x00, 0x00, 0x00, 0x70, 0x50, 0xf0, 0x03,
    0x00, 0xda, 0x4f, 0x00, 0x4d, 0x09, 0x00, 0x00, 0x00, 0x00, 0x00, 0x00,
    0x00, 0x00, 0x80, 0x03, 0x00, 0xea, 0x0f, 0x00, 0x81, 0x79, 0x04, 0x0a,
    0x06, 0x3c, 0x00, 0x00, 0x00, 0x19, 0x1e, 0x0c, 0x00, 0xa4, 0x0e, 0x00,
    0x0c, 0x72, 0x00, 0x04, 0xff, 0x00, 0x00, 0x00, 0x70, 0x50, 0xf0, 0x03,
    0x00, 0xda, 0x4f, 0x00, 0x4d, 0x09, 0x00, 0x00, 0x00, 0x00, 0x00, 0x00,
    0x00, 0x00, 0x80, 0x03, 0x00, 0xea, 0x0f, 0x00, 0x81, 0x79, 0x04, 0x0a,
    0x06, 0x18, 0x00, 0x00, 0x00, 0x1b, 0x1e, 0x0c, 0x00, 0xa4, 0x1e, 0x00,
    0x35, 0x78, 0x06, 0x04, 0xff, 0x7f, 0xff, 0xff, 0x00, 0x00, 0x8e, 0x07,
    0x00, 0xe2, 0x4f, 0x00, 0x35, 0x78, 0x07, 0x05, 0xff, 0x7f, 0xff, 0xff,
    0x00, 0x00, 0x8e, 0x07, 0x00, 0xca, 0x0f, 0x00, 0x48, 0x72, 0x06, 0x06,
    0x07, 0x00, 0x00, 0x00, 0x00, 0x00, 0xfe, 0x03, 0x00, 0xca, 0x0f, 0x00,
    0x0c, 0x78, 0x00, 0x06, 0x00, 0x80, 0xff, 0xff, 0x70, 0x60, 0xf0, 0x03,
    0x00, 0xda, 0x0f, 0x00, 0x4d, 0x89, 0x00, 0x00, 0x00, 0x00, 0x00, 0x00,
    0x00, 0x00, 0x80, 0x03, 0x00, 0xea, 0x0f, 0x00, 0x81, 0x79, 0x06, 0x0a,
    0x06, 0x10, 0x00, 0x00, 0x00, 0x1b, 0x1e, 0x0c, 0x00, 0xa2, 0x00, 0x00,
    0x0c, 0x78, 0x00, 0x23, 0x04, 0x00, 0x00, 0x00, 0x70, 0x60, 0xf0, 0x03,
    0x00, 0xe2, 0x0f, 0x04, 0x02, 0x72, 0x14, 0x00, 0x05, 0x00, 0x00, 0x00,
    0x00, 0x0f, 0x00, 0x00, 0x00, 0xe2, 0x0f, 0x00, 0x31, 0x74, 0x15, 0xff,
    0x00, 0x00, 0x00, 0x00, 0xff, 0x01, 0x00, 0x00, 0x00, 0xe2, 0x0f, 0x00,
    0x02, 0x72, 0x18, 0x00, 0xff, 0x00, 0x00, 0x00, 0x00, 0x0f, 0x01, 0x00,
    0x00, 0xe4, 0x0f, 0x00, 0x02, 0x72, 0x16, 0x00, 0xff, 0x00, 0x00, 0x00,
    0x00, 0x0f, 0x01, 0x00, 0x00, 0xe4, 0x0f, 0x00, 0x31, 0x74, 0x13, 0xff,
    0x00, 0x00, 0x00, 0x00, 0xff, 0x01, 0x00, 0x00, 0x00, 0xe2, 0x0f, 0x00,
    0x12, 0x78, 0x34, 0x23, 0x03, 0x00, 0x00, 0x00, 0xff, 0xc0, 0x8e, 0x07,
    0x00, 0xe2, 0x0f, 0x00, 0x31, 0x74, 0x0b, 0xff, 0x00, 0x00, 0x00, 0x00,
    0xff, 0x01, 0x00, 0x00, 0x00, 0xe2, 0x1f, 0x00, 0x02, 0x72, 0x0a, 0x00,
    0x04, 0x00, 0x00, 0x00, 0x00, 0x0f, 0x00, 0x00, 0x00, 0xe2, 0x0f, 0x00,
    0x19, 0x78, 0x09, 0xff, 0x1f, 0x00, 0x00, 0x00, 0x06, 0x14, 0x01, 0x00,
    0x00, 0xc4, 0x4f, 0x00, 0x19, 0x78, 0x0d, 0xff, 0x1f, 0x00, 0x00, 0x00,
    0x07, 0x14, 0x01, 0x00, 0x00, 0xe2, 0x0f, 0x00, 0x02, 0x72, 0x08, 0x00,
    0x06, 0x00, 0x00, 0x00, 0x00, 0x0f, 0x00, 0x00, 0x00, 0xe2, 0x0f, 0x00,
    0x02, 0x72, 0x0c, 0x00, 0x07, 0x00, 0x00, 0x00, 0x00, 0x0f, 0x00, 0x00,
    0x00, 0xc8, 0x0f, 0x00, 0x35, 0x72, 0x08, 0x08, 0x0a, 0x00, 0x00, 0x00,
    0x00, 0x02, 0x8e, 0x07, 0x00, 0xe4, 0x0f, 0x00, 0x35, 0x72, 0x14, 0x0c,
    0x14, 0x00, 0x00, 0x00, 0x00, 0x02, 0x8e, 0x07, 0x00, 0xe4, 0x0f, 0x00,
    0x47, 0x89, 0x44, 0x00, 0x08, 0x00, 0x00, 0x00, 0x00, 0x00, 0x80, 0x03,
    0x00, 0xec, 0x0f, 0x00, 0x02, 0x72, 0x18, 0x00, 0xff, 0x00, 0x00, 0x00,
    0x00, 0x0f, 0x01, 0x00, 0x00, 0xe4, 0x0f, 0x00, 0x02, 0x72, 0x13, 0x00,
    0xff, 0x00, 0x00, 0x00, 0x00, 0x0f, 0x00, 0x00, 0x00, 0xe2, 0x0f, 0x00,
    0x12, 0x78, 0x35, 0x23, 0x7c, 0x00, 0x00, 0x00, 0xff, 0xc0, 0x8e, 0x07,
    0x00, 0xe2, 0x0f, 0x00, 0x82, 0x7c, 0x04, 0x00, 0xff, 0x00, 0x00, 0x00,
    0x00, 0x00, 0x00, 0x08, 0x00, 0xcc, 0x2f, 0x00, 0x82, 0x7b, 0x02, 0xff,
    0x00, 0xea, 0x00, 0x00, 0x00, 0x0a, 0x00, 0x00, 0x00, 0x24, 0x0e, 0x00,
    0x25, 0x78, 0x36, 0x13, 0x40, 0x02, 0x00, 0x00, 0x02, 0x00, 0x8e, 0x07,
    0x00, 0xca, 0x1f, 0x00, 0x81, 0x79, 0x30, 0x36, 0x06, 0xbc, 0x4d, 0x00,
    0x00, 0x19, 0x1e, 0x0c, 0x00, 0xa8, 0x0e, 0x00, 0x81, 0x79, 0x32, 0x36,
    0x06, 0xc4, 0x4d, 0x00, 0x00, 0x19, 0x1e, 0x0c, 0x00, 0xe8, 0x0e, 0x00,
    0x81, 0x79, 0x20, 0x36, 0x06, 0xb8, 0x4d, 0x00, 0x00, 0x19, 0x1e, 0x0c,
    0x00, 0x28, 0x0f, 0x00, 0x81, 0x79, 0x2c, 0x36, 0x06, 0xc0, 0x4d, 0x00,
    0x00, 0x19, 0x1e, 0x0c, 0x00, 0x68, 0x0f, 0x00, 0x81, 0x79, 0x0f, 0x36,
    0x06, 0xc8, 0x4d, 0x00, 0x00, 0x19, 0x1e, 0x0c, 0x00, 0x68, 0x0f, 0x00,
    0x81, 0x79, 0x2a, 0x36, 0x06, 0xf8, 0x4f, 0x00, 0x00, 0x19, 0x1e, 0x0c,
    0x00, 0x68, 0x0f, 0x00, 0x81, 0x79, 0x2e, 0x36, 0x06, 0x00, 0x50, 0x00,
    0x00, 0x19, 0x1e, 0x0c, 0x00, 0x68, 0x0f, 0x00, 0x81, 0x79, 0x28, 0x36,
    0x06, 0xfc, 0x4f, 0x00, 0x00, 0x19, 0x1e, 0x0c, 0x00, 0x68, 0x0f, 0x00,
    0x81, 0x79, 0x26, 0x36, 0x06, 0x04, 0x50, 0x00, 0x00, 0x19, 0x1e, 0x0c,
    0x00, 0x68, 0x0f, 0x00, 0x81, 0x79, 0x0d, 0x36, 0x06, 0x08, 0x50, 0x00,
    0x00, 0x19, 0x1e, 0x0c, 0x00, 0x68, 0x0f, 0x00, 0x81, 0x79, 0x1c, 0x36,
    0x06, 0x3c, 0x52, 0x00, 0x00, 0x19, 0x1e, 0x0c, 0x00, 0x68, 0x0f, 0x00,
    0x81, 0x79, 0x1e, 0x36, 0x06, 0x44, 0x52, 0x00, 0x00, 0x19, 0x1e, 0x0c,
    0x00, 0x68, 0x0f, 0x00, 0x81, 0x79, 0x1a, 0x36, 0x06, 0x38, 0x52, 0x00,
    0x00, 0x19, 0x1e, 0x0c, 0x00, 0x68, 0x0f, 0x00, 0x81, 0x79, 0x24, 0x36,
    0x06, 0x40, 0x52, 0x00, 0x00, 0x19, 0x1e, 0x0c, 0x00, 0x68, 0x0f, 0x00,
    0x81, 0x79, 0x0b, 0x36, 0x06, 0x48, 0x52, 0x00, 0x00, 0x19, 0x1e, 0x0c,
    0x00, 0x68, 0x0f, 0x00, 0x81, 0x79, 0x10, 0x36, 0x06, 0x78, 0x54, 0x00,
    0x00, 0x19, 0x1e, 0x0c, 0x00, 0x68, 0x0f, 0x00, 0x81, 0x79, 0x0e, 0x36,
    0x06, 0x80, 0x54, 0x00, 0x00, 0x19, 0x1e, 0x0c, 0x00, 0x68, 0x0f, 0x00,
    0x81, 0x79, 0x0c, 0x36, 0x06, 0x7c, 0x54, 0x00, 0x00, 0x19, 0x1e, 0x0c,
    0x00, 0x68, 0x0f, 0x00, 0x81, 0x79, 0x0a, 0x36, 0x06, 0x84, 0x54, 0x00,
    0x00, 0x19, 0x1e, 0x0c, 0x00, 0x68, 0x0f, 0x00, 0x81, 0x79, 0x22, 0x36,
    0x06, 0x88, 0x54, 0x00, 0x00, 0x19, 0x1e, 0x0c, 0x00, 0x62, 0x01, 0x00,
    0x90, 0x78, 0x04, 0x04, 0x04, 0x00, 0x00, 0x00, 0xff, 0xe0, 0xff, 0x0f,
    0x00, 0xcc, 0x0f, 0x00, 0x0c, 0x7c, 0x00, 0x35, 0x04, 0x00, 0x00, 0x00,
    0x70, 0x50, 0xf6, 0x0b, 0x00, 0xe2, 0x0f, 0x00, 0x19, 0x78, 0x31, 0xff,
    0x1f, 0x00, 0x00, 0x00, 0x30, 0x14, 0x01, 0x00, 0x00, 0xe4, 0x4f, 0x00,
    0x19, 0x78, 0x33, 0xff, 0x1f, 0x00, 0x00, 0x00, 0x32, 0x14, 0x01, 0x00,
    0x00, 0xe2, 0x8f, 0x00, 0x48, 0x72, 0x38, 0x07, 0x30, 0x00, 0x00, 0x00,
    0x00, 0x01, 0xfe, 0x07, 0x00, 0xe2, 0x0f, 0x00, 0x19, 0x78, 0x21, 0xff,
    0x1f, 0x00, 0x00, 0x00, 0x20, 0x14, 0x01, 0x00, 0x00, 0xc6, 0x0f, 0x01,
    0x35, 0x72, 0x30, 0x30, 0x32, 0x00, 0x00, 0x00, 0x00, 0x02, 0x8e, 0x07,
    0x00, 0xc6, 0x0f, 0x00, 0x19, 0x78, 0x2d, 0xff, 0x1f, 0x00, 0x00, 0x00,
    0x2c, 0x14, 0x01, 0x00, 0x00, 0xe2, 0x0f, 0x02, 0x48, 0x72, 0x32, 0x06,
    0x20, 0x00, 0x00, 0x00, 0x00, 0x01, 0xfe, 0x07, 0x00, 0xe2, 0x0f, 0x00,
    0x19, 0x78, 0x39, 0xff, 0x1f, 0x00, 0x00, 0x00, 0x38, 0x14, 0x01, 0x00,
    0x00, 0xc6, 0x0f, 0x00, 0x35, 0x72, 0x20, 0x20, 0x2c, 0x00, 0x00, 0x00,
    0x00, 0x02, 0x8e, 0x07, 0x00, 0xe4, 0x0f, 0x00, 0x17, 0x72, 0x30, 0x14,
    0x30, 0x00, 0x00, 0x00, 0x00, 0xe6, 0xff, 0x03, 0x00, 0xc6, 0x0f, 0x00,
    0x19, 0x78, 0x33, 0xff, 0x1f, 0x00, 0x00, 0x00, 0x32, 0x14, 0x01, 0x00,
    0x00, 0xe2, 0x0f, 0x00, 0x0c, 0x72, 0x00, 0x30, 0x38, 0x00, 0x00, 0x00,
    0x70, 0x42, 0xf1, 0x03, 0x00, 0xe4, 0x0f, 0x00, 0x17, 0x72, 0x20, 0x08,
    0x20, 0x00, 0x00, 0x00, 0x00, 0xe6, 0xff, 0x03, 0x00, 0xc8, 0x0f, 0x00,
    0x0c, 0x72, 0x00, 0x20, 0x32, 0x00, 0x00, 0x00, 0x70, 0x36, 0x71, 0x04,
    0x00, 0xc6, 0x0f, 0x00, 0x12, 0x78, 0xff, 0x0f, 0x80, 0x00, 0x00, 0x00,
    0xff, 0xc0, 0x82, 0x07, 0x00, 0xe4, 0x0f, 0x00, 0x19, 0x78, 0x2b, 0xff,
    0x1f, 0x00, 0x00, 0x00, 0x2a, 0x14, 0x01, 0x00, 0x00, 0xe4, 0x0f, 0x00,
    0x19, 0x78, 0x2f, 0xff, 0x1f, 0x00, 0x00, 0x00, 0x2e, 0x14, 0x01, 0x00,
    0x00, 0xe4, 0x0f, 0x00, 0x19, 0x78, 0x29, 0xff, 0x1f, 0x00, 0x00, 0x00,
    0x28, 0x14, 0x01, 0x00, 0x00, 0xca, 0x0f, 0x00, 0x35, 0x82, 0x32, 0x32,
    0x20, 0x00, 0x00, 0x00, 0x00, 0x03, 0x8e, 0x07, 0x00, 0xe4, 0x0f, 0x00,
    0x02, 0x74, 0x20, 0x01, 0x00, 0x00, 0x00, 0x00, 0x00, 0x00, 0x00, 0x00,
    0x00, 0xc6, 0x0f, 0x00, 0x19, 0x78, 0x27, 0xff, 0x1f, 0x00, 0x00, 0x00,
    0x26, 0x14, 0x01, 0x00, 0x00, 0xe2, 0x0f, 0x00, 0x07, 0x74, 0x2c, 0x20,
    0x06, 0x00, 0x00, 0x00, 0x00, 0x00, 0x80, 0x04, 0x00, 0xe4, 0x0f, 0x00,
    0x35, 0x72, 0x2e, 0x2a, 0x2e, 0x00, 0x00, 0x00, 0x00, 0x02, 0x8e, 0x07,
    0x00, 0xe4, 0x0f, 0x00, 0x48, 0x72, 0x36, 0x06, 0x2a, 0x00, 0x00, 0x00,
    0x00, 0x01, 0xfe, 0x07, 0x00, 0xe2, 0x1f, 0x00, 0x48, 0x72, 0x2a, 0x07,
    0x28, 0x00, 0x00, 0x00, 0x00, 0x01, 0xfe, 0x07, 0x00, 0xe2, 0x0f, 0x00,
    0x35, 0x72, 0x26, 0x28, 0x26, 0x00, 0x00, 0x00, 0x00, 0x02, 0x8e, 0x07,
    0x00, 0xe4, 0x0f, 0x00, 0x24, 0x82, 0x0f, 0x33, 0x2c, 0x00, 0x00, 0x00,
    0xff, 0x02, 0x8e, 0x07, 0x00, 0xe4, 0x0f, 0x00, 0x19, 0x78, 0x2b, 0xff,
    0x1f, 0x00, 0x00, 0x00, 0x2a, 0x14, 0x01, 0x00, 0x00, 0xc4, 0x0f, 0x00,
    0x24, 0x82, 0x0f, 0x2d, 0x32, 0x00, 0x00, 0x00, 0x0f, 0x02, 0x8e, 0x07,
    0x00, 0xe2, 0x0f, 0x00, 0x17, 0x72, 0x28, 0x14, 0x26, 0x00, 0x00, 0x00,
    0x00, 0xe6, 0xff, 0x03, 0x00, 0xe4, 0x0f, 0x00, 0x25, 0x82, 0x32, 0x32,
    0x2c, 0x00, 0x00, 0x00, 0xff, 0x00, 0x8e, 0x07, 0x00, 0xe2, 0x0f, 0x00,
    0x35, 0x82, 0x30, 0x38, 0x30, 0x00, 0x00, 0x00, 0x00, 0x03, 0x8e, 0x07,
    0x00, 0xe4, 0x0f, 0x00, 0x0c, 0x72, 0x00, 0x28, 0x2a, 0x00, 0x00, 0x00,
    0x70, 0x42, 0xf3, 0x03, 0x00, 0xe4, 0x0f, 0x00, 0x35, 0x82, 0x0f, 0x33,
    0x0f, 0x00, 0x00, 0x00, 0x00, 0x00, 0x8e, 0x07, 0x00, 0xe2, 0x0f, 0x00,
    0x19, 0x78, 0x37, 0xff, 0x1f, 0x00, 0x00, 0x00, 0x36, 0x14, 0x01, 0x00,
    0x00, 0xe2, 0x0f, 0x00, 0x17, 0x72, 0x2e, 0x08, 0x2e, 0x00, 0x00, 0x00,
    0x00, 0xe6, 0xff, 0x03, 0x00, 0xc6, 0x0f, 0x00, 0x24, 0x82, 0x0f, 0x0f,
    0x30, 0x00, 0x00, 0x00, 0xff, 0x02, 0x8e, 0x07, 0x00, 0xe2, 0x0f, 0x00,
    0x0c, 0x72, 0x00, 0x2e, 0x36, 0x00, 0x00, 0x00, 0x70, 0x36, 0xf3, 0x04,
    0x00, 0xe4, 0x0f, 0x00, 0x25, 0x82, 0x26, 0x30, 0x32, 0x00, 0x00, 0x00,
    0x16, 0x00, 0x8e, 0x07, 0x00, 0xc8, 0x0f, 0x00, 0x24, 0x82, 0x0f, 0x31,
    0x32, 0x00, 0x00, 0x00, 0x0f, 0x02, 0x8e, 0x07, 0x00, 0xe2, 0x0f, 0x00,
    0x02, 0x82, 0x16, 0x00, 0x26, 0x00, 0x00, 0x00, 0x00, 0x0f, 0x00, 0x00,
    0x00, 0xc8, 0x0f, 0x00, 0x35, 0x82, 0x17, 0x27, 0x0f, 0x00, 0x00, 0x00,
    0x00, 0x00, 0x8e, 0x07, 0x00, 0xe2, 0x0f, 0x00, 0x12, 0x78, 0xff, 0x0d,
    0x80, 0x00, 0x00, 0x00, 0xff, 0xc0, 0x80, 0x07, 0x00, 0xe4, 0x0f, 0x00,
    0x35, 0x92, 0x2a, 0x2a, 0x28, 0x00, 0x00, 0x00, 0x00, 0x03, 0x8e, 0x07,
    0x00, 0xe4, 0x0f, 0x00, 0x35, 0x92, 0x26, 0x36, 0x2e, 0x00, 0x00, 0x00,
    0x00, 0x03, 0x8e, 0x07, 0x00, 0xe4, 0x0f, 0x00, 0x07, 0x74, 0x28, 0x20,
    0x06, 0x00, 0x00, 0x00, 0x00, 0x00, 0x00, 0x04, 0x00, 0xc6, 0x0f, 0x00,
    0x19, 0x78, 0x1d, 0xff, 0x1f, 0x00, 0x00, 0x00, 0x1c, 0x14, 0x01, 0x00,
    0x00, 0xe4, 0x0f, 0x00, 0x19, 0x78, 0x1f, 0xff, 0x1f, 0x00, 0x00, 0x00,
    0x1e, 0x14, 0x01, 0x00, 0x00, 0xe2, 0x0f, 0x00, 0x48, 0x72, 0x2e, 0x07,
    0x1c, 0x00, 0x00, 0x00, 0x00, 0x01, 0xfe, 0x07, 0x00, 0xe2, 0x0f, 0x00,
    0x19, 0x78, 0x1b, 0xff, 0x1f, 0x00, 0x00, 0x00, 0x1a, 0x14, 0x01, 0x00,
    0x00, 0xe2, 0x0f, 0x00, 0x24, 0x92, 0x0d, 0x27, 0x28, 0x00, 0x00, 0x00,
    0xff, 0x02, 0x8e, 0x07, 0x00, 0xe2, 0x0f, 0x00, 0x19, 0x78, 0x25, 0xff,
    0x1f, 0x00, 0x00, 0x00, 0x24, 0x14, 0x01, 0x00, 0x00, 0xe2, 0x0f, 0x00,
    0x35, 0x72, 0x1c, 0x1c, 0x1e, 0x00, 0x00, 0x00, 0x00, 0x02, 0x8e, 0x07,
    0x00, 0xe4, 0x0f, 0x00, 0x24, 0x92, 0x0d, 0x29, 0x26, 0x00, 0x00, 0x00,
    0x0d, 0x02, 0x8e, 0x07, 0x00, 0xe2, 0x0f, 0x00, 0x19, 0x78, 0x2f, 0xff,
    0x1f, 0x00, 0x00, 0x00, 0x2e, 0x14, 0x01, 0x00, 0x00, 0xe2, 0x0f, 0x00,
    0x35, 0x72, 0x24, 0x1a, 0x24, 0x00, 0x00, 0x00, 0x00, 0x02, 0x8e, 0x07,
    0x00, 0xc4, 0x0f, 0x00, 0x48, 0x72, 0x1a, 0x06, 0x1a, 0x00, 0x00, 0x00,
    0x00, 0x01, 0xfe, 0x07, 0x00, 0xe2, 0x0f, 0x00, 0x25, 0x92, 0x26, 0x26,
    0x28, 0x00, 0x00, 0x00, 0xff, 0x00, 0x8e, 0x07, 0x00, 0xe2, 0x0f, 0x00,
    0x17, 0x72, 0x1c, 0x14, 0x1c, 0x00, 0x00, 0x00, 0x00, 0xe6, 0xff, 0x03,
    0x00, 0xe4, 0x0f, 0x00, 0x17, 0x72, 0x24, 0x08, 0x24, 0x00, 0x00, 0x00,
    0x00, 0xe6, 0xff, 0x03, 0x00, 0xe4, 0x0f, 0x00, 0x0c, 0x72, 0x00, 0x1c,
    0x2e, 0x00, 0x00, 0x00, 0x70, 0x42, 0xf1, 0x03, 0x00, 0xe4, 0x0f, 0x00,
    0x35, 0x92, 0x0d, 0x27, 0x0d, 0x00, 0x00, 0x00, 0x00, 0x00, 0x8e, 0x07,
    0x00, 0xe2, 0x0f, 0x00, 0x19, 0x78, 0x1b, 0xff, 0x1f, 0x00, 0x00, 0x00,
    0x1a, 0x14, 0x01, 0x00, 0x00, 0xc8, 0x0f, 0x00, 0x24, 0x92, 0x0d, 0x0d,
    0x2a, 0x00, 0x00, 0x00, 0xff, 0x02, 0x8e, 0x07, 0x00, 0xe2, 0x0f, 0x00,
    0x0c, 0x72, 0x00, 0x24, 0x1a, 0x00, 0x00, 0x00, 0x70, 0x36, 0x71, 0x04,
    0x00, 0xc6, 0x0f, 0x00, 0x24, 0x92, 0x0d, 0x2b, 0x26, 0x00, 0x00, 0x00,
    0x0d, 0x02, 0x8e, 0x07, 0x00, 0xe4, 0x0f, 0x08, 0x25, 0x92, 0x26, 0x2a,
    0x26, 0x00, 0x00, 0x00, 0x16, 0x00, 0x8e, 0x07, 0x00, 0xe2, 0x0f, 0x00,
    0x35, 0x72, 0x18, 0x2c, 0x18, 0x00, 0x00, 0x00, 0x00, 0x02, 0x8e, 0x07,
    0x00, 0xc8, 0x0f, 0x00, 0x35, 0x92, 0x17, 0x27, 0x0d, 0x00, 0x00, 0x00,
    0x00, 0x00, 0x8e, 0x07, 0x00, 0xe2, 0x0f, 0x00, 0x02, 0x92, 0x16, 0x00,
    0x26, 0x00, 0x00, 0x00, 0x00, 0x0f, 0x00, 0x00, 0x00, 0xe2, 0x0f, 0x00,
    0x12, 0x78, 0xff, 0x0b, 0x80, 0x00, 0x00, 0x00, 0xff, 0xc0, 0x82, 0x07,
    0x00, 0xe2, 0x0f, 0x00, 0x35, 0x72, 0x28, 0x28, 0x18, 0x00, 0x00, 0x00,
    0x00, 0x02, 0x8e, 0x07, 0x00, 0xe4, 0x0f, 0x00, 0x35, 0x82, 0x18, 0x1a,
    0x24, 0x00, 0x00, 0x00, 0x00, 0x03, 0x8e, 0x07, 0x00, 0xe4, 0x0f, 0x00,
    0x35, 0x82, 0x1a, 0x2e, 0x1c, 0x00, 0x00, 0x00, 0x00, 0x03, 0x8e, 0x07,
    0x00, 0xe4, 0x0f, 0x00, 0x07, 0x74, 0x1c, 0x20, 0x06, 0x00, 0x00, 0x00,
    0x00, 0x00, 0x80, 0x04, 0x00, 0xc6, 0x0f, 0x00, 0x19, 0x78, 0x11, 0xff,
    0x1f, 0x00, 0x00, 0x00, 0x10, 0x14, 0x01, 0x00, 0x00, 0xe4, 0x0f, 0x00,
    0x19, 0x78, 0x0f, 0xff, 0x1f, 0x00, 0x00, 0x00, 0x0e, 0x14, 0x01, 0x00,
    0x00, 0xe4, 0x0f, 0x00, 0x19, 0x78, 0x0d, 0xff, 0x1f, 0x00, 0x00, 0x00,
    0x0c, 0x14, 0x01, 0x00, 0x00, 0xe4, 0x0f, 0x00, 0x19, 0x78, 0x0b, 0xff,
    0x1f, 0x00, 0x00, 0x00, 0x0a, 0x14, 0x01, 0x00, 0x00, 0xe2, 0x0f, 0x00,
    0x35, 0x72, 0x0e, 0x10, 0x0e, 0x00, 0x00, 0x00, 0x00, 0x02, 0x8e, 0x07,
    0x00, 0xe4, 0x0f, 0x00, 0x24, 0x82, 0x11, 0x19, 0x1c, 0x00, 0x00, 0x00,
    0xff, 0x02, 0x8e, 0x07, 0x00, 0xe2, 0x0f, 0x00, 0x48, 0x72, 0x1e, 0x07,
    0x0c, 0x00, 0x00, 0x00, 0x00, 0x01, 0xfe, 0x07, 0x00, 0xe2, 0x0f, 0x00,
    0x35, 0x72, 0x0a, 0x0c, 0x0a, 0x00, 0x00, 0x00, 0x00, 0x02, 0x8e, 0x07,
    0x00, 0xc4, 0x0f, 0x00, 0x24, 0x82, 0x11, 0x1d, 0x18, 0x00, 0x00, 0x00,
    0x11, 0x02, 0x8e, 0x07, 0x00, 0xe2, 0x0f, 0x00, 0x48, 0x72, 0x10, 0x06,
    0x10, 0x00, 0x00, 0x00, 0x00, 0x01, 0xfe, 0x07, 0x00, 0xe2, 0x0f, 0x00,
    0x25, 0x82, 0x18, 0x18, 0x1c, 0x00, 0x00, 0x00, 0xff, 0x00, 0x8e, 0x07,
    0x00, 0xe2, 0x0f, 0x00, 0x19, 0x78, 0x1f, 0xff, 0x1f, 0x00, 0x00, 0x00,
    0x1e, 0x14, 0x01, 0x00, 0x00, 0xe2, 0x0f, 0x00, 0x17, 0x72, 0x24, 0x14,
    0x0a, 0x00, 0x00, 0x00, 0x00, 0xe6, 0xff, 0x03, 0x00, 0xc6, 0x0f, 0x00,
    0x35, 0x82, 0x0d, 0x19, 0x11, 0x00, 0x00, 0x00, 0x00, 0x00, 0x8e, 0x07,
    0x00, 0xe2, 0x0f, 0x00, 0x19, 0x78, 0x11, 0xff, 0x1f, 0x00, 0x00, 0x00,
    0x10, 0x14, 0x01, 0x00, 0x00, 0xe2, 0x0f, 0x00, 0x0c, 0x72, 0x00, 0x24,
    0x1e, 0x00, 0x00, 0x00, 0x70, 0x42, 0xf3, 0x03, 0x00, 0xe4, 0x0f, 0x00,
    0x17, 0x72, 0x0e, 0x08, 0x0e, 0x00, 0x00, 0x00, 0x00, 0xe6, 0xff, 0x03,
    0x00, 0xc8, 0x0f, 0x00, 0x0c, 0x72, 0x00, 0x0e, 0x10, 0x00, 0x00, 0x00,
    0x70, 0x36, 0xf3, 0x04, 0x00, 0xe4, 0x0f, 0x00, 0x24, 0x82, 0x0d, 0x0d,
    0x1a, 0x00, 0x00, 0x00, 0xff, 0x02, 0x8e, 0x07, 0x00, 0xe2, 0x0f, 0x00,
    0x12, 0x78, 0xff, 0x22, 0x80, 0x00, 0x00, 0x00, 0xff, 0xc0, 0x84, 0x07,
    0x00, 0xc6, 0x0f, 0x00, 0x24, 0x82, 0x0d, 0x1b, 0x18, 0x00, 0x00, 0x00,
    0x0d, 0x02, 0x8e, 0x07, 0x00, 0xe4, 0x0f, 0x08, 0x25, 0x82, 0x1a, 0x1a,
    0x18, 0x00, 0x00, 0x00, 0x16, 0x00, 0x8e, 0x07, 0x00, 0xe2, 0x0f, 0x00,
    0x35, 0x72, 0x18, 0x1c, 0x28, 0x00, 0x00, 0x00, 0x00, 0x02, 0x8e, 0x07,
    0x00, 0xe4, 0x0f, 0x00, 0x07, 0x74, 0x20, 0x20, 0x06, 0x00, 0x00, 0x00,
    0x00, 0x00, 0x00, 0x05, 0x00, 0xe4, 0x0f, 0x00, 0x35, 0x82, 0x17, 0x1b,
    0x0d, 0x00, 0x00, 0x00, 0x00, 0x00, 0x8e, 0x07, 0x00, 0xe2, 0x0f, 0x00,
    0x02, 0x82, 0x16, 0x00, 0x1a, 0x00, 0x00, 0x00, 0x00, 0x0f, 0x00, 0x00,
    0x00, 0xe2, 0x0f, 0x00, 0x47, 0x19, 0x28, 0x00, 0x00, 0x00, 0x00, 0x00,
    0x00, 0x00, 0x80, 0x03, 0x00, 0xec, 0x0f, 0x00, 0x35, 0x72, 0x0a, 0x10,
    0x0e, 0x00, 0x00, 0x00, 0x00, 0x03, 0x8e, 0x07, 0x00, 0xcc, 0x0f, 0x00,
    0x24, 0x72, 0x0b, 0x0b, 0x20, 0x00, 0x00, 0x00, 0xff, 0x02, 0x8e, 0x07,
    0x00, 0xe4, 0x0f, 0x08, 0x25, 0x72, 0x0c, 0x0a, 0x20, 0x00, 0x00, 0x00,
    0xff, 0x00, 0x8e, 0x07, 0x00, 0xc8, 0x0f, 0x00, 0x24, 0x72, 0x0f, 0x21,
    0x0a, 0x00, 0x00, 0x00, 0x0b, 0x02, 0x8e, 0x07, 0x00, 0xe2, 0x0f, 0x00,
    0x35, 0x72, 0x0a, 0x1e, 0x24, 0x00, 0x00, 0x00, 0x00, 0x03, 0x8e, 0x07,
    0x00, 0xc8, 0x0f, 0x00, 0x35, 0x72, 0x0d, 0x0d, 0x0f, 0x00, 0x00, 0x00,
    0x00, 0x00, 0x8e, 0x07, 0x00, 0xe4, 0x0f, 0x00, 0x25, 0x72, 0x16, 0x0a,
    0x0c, 0x00, 0x00, 0x00, 0x16, 0x00, 0x8e, 0x07, 0x00, 0xc8, 0x0f, 0x00,
    0x24, 0x72, 0x0d, 0x0d, 0x0a, 0x00, 0x00, 0x00, 0xff, 0x02, 0x8e, 0x07,
    0x00, 0xc8, 0x0f, 0x00, 0x24, 0x72, 0x0d, 0x0b, 0x0c, 0x00, 0x00, 0x00,
    0x0d, 0x02, 0x8e, 0x07, 0x00, 0xca, 0x0f, 0x00, 0x35, 0x72, 0x17, 0x17,
    0x0d, 0x00, 0x00, 0x00, 0x00, 0x00, 0x8e, 0x07, 0x00, 0xce, 0x0f, 0x00,
    0x35, 0x72, 0x18, 0x20, 0x18, 0x00, 0x00, 0x00, 0x00, 0x02, 0x8e, 0x07,
    0x00, 0xe4, 0x0f, 0x00, 0x35, 0x78, 0x13, 0x13, 0x04, 0x00, 0x00, 0x00,
    0x00, 0x00, 0x8e, 0x07, 0x00, 0xe2, 0x0f, 0x00, 0x47, 0x39, 0xd4, 0x00,
    0xf4, 0xff, 0xff, 0xff, 0xff, 0xff, 0x83, 0x03, 0x00, 0xec, 0x0f, 0x00,
    0x0c, 0x72, 0x00, 0x34, 0xff, 0x00, 0x00, 0x00, 0x70, 0x50, 0xf0, 0x03,
    0x00, 0xda, 0x0f, 0x00, 0x47, 0x89, 0xb0, 0x00, 0x04, 0x00, 0x00, 0x00,
    0x00, 0x00, 0x80, 0x03, 0x00, 0xea, 0x0f, 0x00, 0x0c, 0x78, 0x00, 0x34,
    0x01, 0x00, 0x00, 0x00, 0x70, 0x50, 0xf0, 0x03, 0x00, 0xda, 0x0f, 0x00,
    0x47, 0x89, 0x1c, 0x00, 0x04, 0x00, 0x00, 0x00, 0x00, 0x00, 0x80, 0x03,
    0x00, 0xea, 0x0f, 0x00, 0x25, 0x78, 0x24, 0x13, 0x40, 0x02, 0x00, 0x00,
    0x02, 0x00, 0x8e, 0x07, 0x00, 0xca, 0x0f, 0x00, 0x81, 0x79, 0x0e, 0x24,
    0x06, 0xbc, 0x4d, 0x00, 0x00, 0x19, 0x1e, 0x0c, 0x00, 0xa8, 0x0e, 0x00,
    0x81, 0x79, 0x10, 0x24, 0x06, 0xc4, 0x4d, 0x00, 0x00, 0x19, 0x1e, 0x0c,
    0x00, 0xe8, 0x0e, 0x00, 0x81, 0x79, 0x0a, 0x24, 0x06, 0xb8, 0x4d, 0x00,
    0x00, 0x19, 0x1e, 0x0c, 0x00, 0x28, 0x0f, 0x00, 0x81, 0x79, 0x0c, 0x24,
    0x06, 0xc0, 0x4d, 0x00, 0x00, 0x19, 0x1e, 0x0c, 0x00, 0x68, 0x0f, 0x00,
    0x81, 0x79, 0x1b, 0x24, 0x06, 0xc8, 0x4d, 0x00, 0x00, 0x19, 0x1e, 0x0c,
    0x00, 0x68, 0x0f, 0x00, 0x81, 0x79, 0x1e, 0x24, 0x06, 0xfc, 0x4f, 0x00,
    0x00, 0x19, 0x1e, 0x0c, 0x00, 0x68, 0x0f, 0x00, 0x81, 0x79, 0x20, 0x24,
    0x06, 0x04, 0x50, 0x00, 0x00, 0x19, 0x1e, 0x0c, 0x00, 0x68, 0x0f, 0x00,
    0x81, 0x79, 0x1a, 0x24, 0x06, 0xf8, 0x4f, 0x00, 0x00, 0x19, 0x1e, 0x0c,
    0x00, 0x68, 0x0f, 0x00, 0x81, 0x79, 0x1c, 0x24, 0x06, 0x00, 0x50, 0x00,
    0x00, 0x19, 0x1e, 0x0c, 0x00, 0x68, 0x0f, 0x00, 0x81, 0x79, 0x22, 0x24,
    0x06, 0x08, 0x50, 0x00, 0x00, 0x19, 0x1e, 0x0c, 0x00, 0x62, 0x01, 0x00,
    0x12, 0x78, 0xff, 0x23, 0x01, 0x00, 0x00, 0x00, 0xff, 0xc0, 0x84, 0x07,
    0x00, 0xc4, 0x0f, 0x00, 0x19, 0x78, 0x0f, 0xff, 0x1f, 0x00, 0x00, 0x00,
    0x0e, 0x14, 0x01, 0x00, 0x00, 0xe4, 0x4f, 0x00, 0x19, 0x78, 0x11, 0xff,
    0x1f, 0x00, 0x00, 0x00, 0x10, 0x14, 0x01, 0x00, 0x00, 0xe2, 0x8f, 0x00,
    0x48, 0x72, 0x26, 0x07, 0x0e, 0x00, 0x00, 0x00, 0x00, 0x01, 0xfe, 0x07,
    0x00, 0xe2, 0x0f, 0x00, 0x19, 0x78, 0x0b, 0xff, 0x1f, 0x00, 0x00, 0x00,
    0x0a, 0x14, 0x01, 0x00, 0x00, 0xc6, 0x0f, 0x01, 0x35, 0x72, 0x0e, 0x0e,
    0x10, 0x00, 0x00, 0x00, 0x00, 0x02, 0x8e, 0x07, 0x00, 0xc6, 0x0f, 0x00,
    0x19, 0x78, 0x0d, 0xff, 0x1f, 0x00, 0x00, 0x00, 0x0c, 0x14, 0x01, 0x00,
    0x00, 0xe2, 0x0f, 0x02, 0x48, 0x72, 0x10, 0x06, 0x0a, 0x00, 0x00, 0x00,
    0x00, 0x01, 0xfe, 0x07, 0x00, 0xe2, 0x0f, 0x00, 0x19, 0x78, 0x27, 0xff,
    0x1f, 0x00, 0x00, 0x00, 0x26, 0x14, 0x01, 0x00, 0x00, 0xc6, 0x0f, 0x00,
    0x35, 0x72, 0x0a, 0x0a, 0x0c, 0x00, 0x00, 0x00, 0x00, 0x02, 0x8e, 0x07,
    0x00, 0xe4, 0x0f, 0x00, 0x17, 0x72, 0x0e, 0x14, 0x0e, 0x00, 0x00, 0x00,
    0x00, 0xe6, 0xff, 0x03, 0x00, 0xc6, 0x0f, 0x00, 0x19, 0x78, 0x11, 0xff,
    0x1f, 0x00, 0x00, 0x00, 0x10, 0x14, 0x01, 0x00, 0x00, 0xe2, 0x0f, 0x00,
    0x0c, 0x72, 0x00, 0x0e, 0x26, 0x00, 0x00, 0x00, 0x70, 0x42, 0xf1, 0x03,
    0x00, 0xe4, 0x0f, 0x00, 0x17, 0x72, 0x0a, 0x08, 0x0a, 0x00, 0x00, 0x00,
    0x00, 0xe6, 0xff, 0x03, 0x00, 0xc8, 0x0f, 0x00, 0x0c, 0x72, 0x00, 0x0a,
    0x10, 0x00, 0x00, 0x00, 0x70, 0x36, 0x71, 0x04, 0x00, 0xc6, 0x0f, 0x00,
    0x12, 0x78, 0xff, 0x1b, 0x80, 0x00, 0x00, 0x00, 0xff, 0xc0, 0x82, 0x07,
    0x00, 0xe4, 0x0f, 0x00, 0x19, 0x78, 0x1f, 0xff, 0x1f, 0x00, 0x00, 0x00,
    0x1e, 0x14, 0x01, 0x00, 0x00, 0xe4, 0x0f, 0x00, 0x19, 0x78, 0x21, 0xff,
    0x1f, 0x00, 0x00, 0x00, 0x20, 0x14, 0x01, 0x00, 0x00, 0xe2, 0x0f, 0x00,
    0x48, 0x72, 0x24, 0x07, 0x1e, 0x00, 0x00, 0x00, 0x00, 0x01, 0xfe, 0x07,
    0x00, 0xcc, 0x1f, 0x00, 0x35, 0x82, 0x0c, 0x26, 0x0e, 0x00, 0x00, 0x00,
    0x00, 0x03, 0x8e, 0x07, 0x00, 0xe4, 0x0f, 0x00, 0x02, 0x74, 0x26, 0x01,
    0x00, 0x00, 0x00, 0x00, 0x00, 0x00, 0x00, 0x00, 0x00, 0xe4, 0x0f, 0x00,
    0x35, 0x82, 0x0a, 0x10, 0x0a, 0x00, 0x00, 0x00, 0x00, 0x03, 0x8e, 0x07,
    0x00, 0xe4, 0x0f, 0x00, 0x07, 0x74, 0x10, 0x26, 0x06, 0x00, 0x00, 0x00,
    0x00, 0x00, 0x80, 0x04, 0x00, 0xe4, 0x0f, 0x00, 0x35, 0x72, 0x1e, 0x1e,
    0x20, 0x00, 0x00, 0x00, 0x00, 0x02, 0x8e, 0x07, 0x00, 0xc6, 0x0f, 0x00,
    0x19, 0x78, 0x1b, 0xff, 0x1f, 0x00, 0x00, 0x00, 0x1a, 0x14, 0x01, 0x00,
    0x00, 0xe4, 0x0f, 0x00, 0x19, 0x78, 0x1d, 0xff, 0x1f, 0x00, 0x00, 0x00,
    0x1c, 0x14, 0x01, 0x00, 0x00, 0xe2, 0x0f, 0x00, 0x24, 0x82, 0x0b, 0x0b,
    0x10, 0x00, 0x00, 0x00, 0xff, 0x02, 0x8e, 0x07, 0x00, 0xe2, 0x0f, 0x00,
    0x19, 0x78, 0x25, 0xff, 0x1f, 0x00, 0x00, 0x00, 0x24, 0x14, 0x01, 0x00,
    0x00, 0xe2, 0x0f, 0x00, 0x17, 0x72, 0x1e, 0x14, 0x1e, 0x00, 0x00, 0x00,
    0x00, 0xe6, 0xff, 0x03, 0x00, 0xe4, 0x0f, 0x00, 0x35, 0x72, 0x1c, 0x1a,
    0x1c, 0x00, 0x00, 0x00, 0x00, 0x02, 0x8e, 0x07, 0x00, 0xe4, 0x0f, 0x00,
    0x48, 0x72, 0x1a, 0x06, 0x1a, 0x00, 0x00, 0x00, 0x00, 0x01, 0xfe, 0x07,
    0x00, 0xe2, 0x0f, 0x00, 0x24, 0x82, 0x0f, 0x11, 0x0a, 0x00, 0x00, 0x00,
    0x0b, 0x02, 0x8e, 0x07, 0x00, 0xe2, 0x0f, 0x00, 0x0c, 0x72, 0x00, 0x1e,
    0x24, 0x00, 0x00, 0x00, 0x70, 0x42, 0xf3, 0x03, 0x00, 0xc4, 0x0f, 0x00,
    0x25, 0x82, 0x0a, 0x0a, 0x10, 0x00, 0x00, 0x00, 0xff, 0x00, 0x8e, 0x07,
    0x00, 0xe2, 0x0f, 0x00, 0x19, 0x78, 0x1b, 0xff, 0x1f, 0x00, 0x00, 0x00,
    0x1a, 0x14, 0x01, 0x00, 0x00, 0xe2, 0x0f, 0x00, 0x17, 0x72, 0x1c, 0x08,
    0x1c, 0x00, 0x00, 0x00, 0x00, 0xe6, 0xff, 0x03, 0x00, 0xc6, 0x0f, 0x00,
    0x35, 0x82, 0x0b, 0x0b, 0x0f, 0x00, 0x00, 0x00, 0x00, 0x00, 0x8e, 0x07,
    0x00, 0xe2, 0x0f, 0x00, 0x0c, 0x72, 0x00, 0x1c, 0x1a, 0x00, 0x00, 0x00,
    0x70, 0x36, 0xf3, 0x04, 0x00, 0xc8, 0x0f, 0x00, 0x24, 0x82, 0x0b, 0x0b,
    0x0c, 0x00, 0x00, 0x00, 0xff, 0x02, 0x8e, 0x07, 0x00, 0xe2, 0x0f, 0x00,
    0x12, 0x78, 0xff, 0x22, 0x80, 0x00, 0x00, 0x00, 0xff, 0xc0, 0x86, 0x07,
    0x00, 0xe2, 0x0f, 0x00, 0x25, 0x82, 0x0e, 0x0c, 0x0a, 0x00, 0x00, 0x00,
    0x16, 0x00, 0x8e, 0x07, 0x00, 0xc8, 0x0f, 0x00, 0x24, 0x82, 0x0b, 0x0d,
    0x0a, 0x00, 0x00, 0x00, 0x0b, 0x02, 0x8e, 0x07, 0x00, 0xe2, 0x0f, 0x00,
    0x02, 0x82, 0x16, 0x00, 0x0e, 0x00, 0x00, 0x00, 0x00, 0x0f, 0x00, 0x00,
    0x00, 0xe2, 0x0f, 0x00, 0x35, 0x72, 0x18, 0x18, 0x10, 0x00, 0x00, 0x00,
    0x00, 0x02, 0x8e, 0x07, 0x00, 0xc6, 0x0f, 0x00, 0x35, 0x82, 0x17, 0x0f,
    0x0b, 0x00, 0x00, 0x00, 0x00, 0x00, 0x8e, 0x07, 0x00, 0xe2, 0x0f, 0x00,
    0x07, 0x74, 0x0e, 0x26, 0x06, 0x00, 0x00, 0x00, 0x00, 0x00, 0x80, 0x05,
    0x00, 0xe4, 0x0f, 0x00, 0x47, 0x19, 0x28, 0x00, 0x00, 0x00, 0x00, 0x00,
    0x00, 0x00, 0x80, 0x03, 0x00, 0xec, 0x0f, 0x00, 0x35, 0x72, 0x0a, 0x1a,
    0x1c, 0x00, 0x00, 0x00, 0x00, 0x03, 0x8e, 0x07, 0x00, 0xcc, 0x0f, 0x00,
    0x24, 0x72, 0x0b, 0x0b, 0x0e, 0x00, 0x00, 0x00, 0xff, 0x02, 0x8e, 0x07,
    0x00, 0xe4, 0x0f, 0x08, 0x25, 0x72, 0x0c, 0x0a, 0x0e, 0x00, 0x00, 0x00,
    0xff, 0x00, 0x8e, 0x07, 0x00, 0xc8, 0x0f, 0x00, 0x24, 0x72, 0x11, 0x0f,
    0x0a, 0x00, 0x00, 0x00, 0x0b, 0x02, 0x8e, 0x07, 0x00, 0xe2, 0x0f, 0x00,
    0x35, 0x72, 0x0a, 0x24, 0x1e, 0x00, 0x00, 0x00, 0x00, 0x03, 0x8e, 0x07,
    0x00, 0xc8, 0x0f, 0x00, 0x35, 0x72, 0x0d, 0x0d, 0x11, 0x00, 0x00, 0x00,
    0x00, 0x00, 0x8e, 0x07, 0x00, 0xe4, 0x0f, 0x00, 0x25, 0x72, 0x16, 0x0a,
    0x0c, 0x00, 0x00, 0x00, 0x16, 0x00, 0x8e, 0x07, 0x00, 0xc8, 0x0f, 0x00,
    0x24, 0x72, 0x0d, 0x0d, 0x0a, 0x00, 0x00, 0x00, 0xff, 0x02, 0x8e, 0x07,
    0x00, 0xc8, 0x0f, 0x00, 0x24, 0x72, 0x0d, 0x0b, 0x0c, 0x00, 0x00, 0x00,
    0x0d, 0x02, 0x8e, 0x07, 0x00, 0xca, 0x0f, 0x00, 0x35, 0x72, 0x17, 0x17,
    0x0d, 0x00, 0x00, 0x00, 0x00, 0x00, 0x8e, 0x07, 0x00, 0xce, 0x0f, 0x00,
    0x35, 0x72, 0x18, 0x0e, 0x18, 0x00, 0x00, 0x00, 0x00, 0x02, 0x8e, 0x07,
    0x00, 0xe4, 0x0f, 0x00, 0x47, 0xa9, 0x90, 0x00, 0x00, 0x00, 0x00, 0x00,
    0x00, 0x00, 0x80, 0x03, 0x00, 0xec, 0x0f, 0x00, 0x35, 0x78, 0x13, 0x13,
    0x02, 0x00, 0x00, 0x00, 0x00, 0x00, 0x8e, 0x07, 0x00, 0xce, 0x0f, 0x00,
    0x25, 0x78, 0x02, 0x13, 0x40, 0x02, 0x00, 0x00, 0x02, 0x00, 0x8e, 0x07,
    0x00, 0xca, 0x0f, 0x00, 0x81, 0x79, 0x0e, 0x02, 0x06, 0xbc, 0x4d, 0x00,
    0x00, 0x19, 0x1e, 0x0c, 0x00, 0xa8, 0x0e, 0x00, 0x81, 0x79, 0x10, 0x02,
    0x06, 0xc4, 0x4d, 0x00, 0x00, 0x19, 0x1e, 0x0c, 0x00, 0xe8, 0x0e, 0x00,
    0x81, 0x79, 0x0a, 0x02, 0x06, 0xb8, 0x4d, 0x00, 0x00, 0x19, 0x1e, 0x0c,
    0x00, 0x28, 0x0f, 0x00, 0x81, 0x79, 0x0c, 0x02, 0x06, 0xc0, 0x4d, 0x00,
    0x00, 0x19, 0x1e, 0x0c, 0x00, 0x68, 0x0f, 0x00, 0x81, 0x79, 0x13, 0x02,
    0x06, 0xc8, 0x4d, 0x00, 0x00, 0x19, 0x1e, 0x0c, 0x00, 0x62, 0x01, 0x00,
    0x19, 0x78, 0x0f, 0xff, 0x1f, 0x00, 0x00, 0x00, 0x0e, 0x14, 0x01, 0x00,
    0x00, 0xe2, 0x4f, 0x00, 0x48, 0x72, 0x1a, 0x07, 0x0e, 0x00, 0x00, 0x00,
    0x00, 0x01, 0xfe, 0x07, 0x00, 0xe2, 0x0f, 0x00, 0x19, 0x78, 0x11, 0xff,
    0x1f, 0x00, 0x00, 0x00, 0x10, 0x14, 0x01, 0x00, 0x00, 0xc8, 0x8f, 0x00,
    0x19, 0x78, 0x1b, 0xff, 0x1f, 0x00, 0x00, 0x00, 0x1a, 0x14, 0x01, 0x00,
    0x00, 0xe2, 0x0f, 0x00, 0x35, 0x72, 0x0e, 0x0e, 0x10, 0x00, 0x00, 0x00,
    0x00, 0x02, 0x8e, 0x07, 0x00, 0xe4, 0x0f, 0x00, 0x48, 0x72, 0x06, 0x06,
    0x0a, 0x00, 0x00, 0x00, 0x00, 0x01, 0xfe, 0x07, 0x00, 0xe2, 0x0f, 0x01,
    0x19, 0x78, 0x0b, 0xff, 0x1f, 0x00, 0x00, 0x00, 0x0a, 0x14, 0x01, 0x00,
    0x00, 0xe4, 0x0f, 0x00, 0x19, 0x78, 0x0d, 0xff, 0x1f, 0x00, 0x00, 0x00,
    0x0c, 0x14, 0x01, 0x00, 0x00, 0xe2, 0x0f, 0x02, 0x17, 0x72, 0x0e, 0x14,
    0x0e, 0x00, 0x00, 0x00, 0x00, 0xe6, 0xff, 0x03, 0x00, 0xc8, 0x0f, 0x00,
    0x35, 0x72, 0x0a, 0x0a, 0x0c, 0x00, 0x00, 0x00, 0x00, 0x02, 0x8e, 0x07,
    0x00, 0xe4, 0x0f, 0x00, 0x0c, 0x72, 0x00, 0x0e, 0x1a, 0x00, 0x00, 0x00,
    0x70, 0x42, 0xf1, 0x03, 0x00, 0xc6, 0x0f, 0x00, 0x19, 0x78, 0x07, 0xff,
    0x1f, 0x00, 0x00, 0x00, 0x06, 0x14, 0x01, 0x00, 0x00, 0xe2, 0x0f, 0x00,
    0x17, 0x72, 0x02, 0x08, 0x0a, 0x00, 0x00, 0x00, 0x00, 0xe6, 0xff, 0x03,
    0x00, 0xe4, 0x1f, 0x00, 0x02, 0x74, 0x0a, 0x01, 0x00, 0x00, 0x00, 0x00,
    0x00, 0x00, 0x00, 0x00, 0x00, 0xe4, 0x0f, 0x00, 0x0c, 0x72, 0x00, 0x02,
    0x06, 0x00, 0x00, 0x00, 0x70, 0x36, 0x71, 0x04, 0x00, 0xc6, 0x0f, 0x00,
    0x12, 0x78, 0xff, 0x13, 0x80, 0x00, 0x00, 0x00, 0xff, 0xc0, 0x82, 0x07,
    0x00, 0xca, 0x0f, 0x00, 0x07, 0x74, 0x0a, 0x0a, 0x06, 0x00, 0x00, 0x00,
    0x00, 0x00, 0x80, 0x04, 0x00, 0xc8, 0x0f, 0x00, 0x35, 0x72, 0x18, 0x0a,
    0x18, 0x00, 0x00, 0x00, 0x00, 0x02, 0x8e, 0x07, 0x00, 0xe4, 0x0f, 0x00,
    0x35, 0x82, 0x02, 0x06, 0x02, 0x00, 0x00, 0x00, 0x00, 0x03, 0x8e, 0x07,
    0x00, 0xcc, 0x0f, 0x00, 0x24, 0x82, 0x03, 0x03, 0x0a, 0x00, 0x00, 0x00,
    0xff, 0x02, 0x8e, 0x07, 0x00, 0xe4, 0x0f, 0x08, 0x25, 0x82, 0x06, 0x02,
    0x0a, 0x00, 0x00, 0x00, 0xff, 0x00, 0x8e, 0x07, 0x00, 0xc8, 0x0f, 0x00,
    0x24, 0x82, 0x09, 0x0b, 0x02, 0x00, 0x00, 0x00, 0x03, 0x02, 0x8e, 0x07,
    0x00, 0xe2, 0x0f, 0x00, 0x35, 0x82, 0x02, 0x1a, 0x0e, 0x00, 0x00, 0x00,
    0x00, 0x03, 0x8e, 0x07, 0x00, 0xc8, 0x0f, 0x00, 0x35, 0x82, 0x07, 0x07,
    0x09, 0x00, 0x00, 0x00, 0x00, 0x00, 0x8e, 0x07, 0x00, 0xe4, 0x0f, 0x00,
    0x25, 0x82, 0x08, 0x02, 0x06, 0x00, 0x00, 0x00, 0x16, 0x00, 0x8e, 0x07,
    0x00, 0xc8, 0x0f, 0x00, 0x24, 0x82, 0x07, 0x07, 0x02, 0x00, 0x00, 0x00,
    0xff, 0x02, 0x8e, 0x07, 0x00, 0xe2, 0x0f, 0x00, 0x02, 0x82, 0x16, 0x00,
    0x08, 0x00, 0x00, 0x00, 0x00, 0x0f, 0x00, 0x00, 0x00, 0xc6, 0x0f, 0x00,
    0x24, 0x82, 0x07, 0x03, 0x06, 0x00, 0x00, 0x00, 0x07, 0x02, 0x8e, 0x07,
    0x00, 0xca, 0x0f, 0x00, 0x35, 0x82, 0x17, 0x09, 0x07, 0x00, 0x00, 0x00,
    0x00, 0x00, 0x8e, 0x07, 0x00, 0xce, 0x0f, 0x00, 0x25, 0x72, 0x04, 0x05,
    0x04, 0x00, 0x00, 0x00, 0xff, 0x00, 0x8e, 0x07, 0x00, 0xc8, 0x0f, 0x00,
    0x24, 0x72, 0x07, 0x19, 0x04, 0x00, 0x00, 0x00, 0xff, 0x02, 0x8e, 0x07,
    0x00, 0xe4, 0x0f, 0x00, 0x24, 0x72, 0x09, 0x17, 0x12, 0x00, 0x00, 0x00,
    0xff, 0x02, 0x8e, 0x07, 0x00, 0xe4, 0x0f, 0x08, 0x25, 0x72, 0x12, 0x16,
    0x12, 0x00, 0x00, 0x00, 0xff, 0x00, 0x8e, 0x07, 0x00, 0xc8, 0x0f, 0x00,
    0x25, 0x72, 0x02, 0x18, 0x04, 0x00, 0x00, 0x00, 0xff, 0x00, 0x8e, 0x07,
    0x00, 0xe2, 0x0f, 0x00, 0x35, 0x72, 0x13, 0x13, 0x09, 0x00, 0x00, 0x00,
    0x00, 0x00, 0x8e, 0x07, 0x00, 0xc6, 0x0f, 0x00, 0x24, 0x72, 0x07, 0x05,
    0x18, 0x00, 0x00, 0x00, 0x07, 0x02, 0x8e, 0x07, 0x00, 0xca, 0x0f, 0x00,
    0x35, 0x72, 0x03, 0x03, 0x07, 0x00, 0x00, 0x00, 0x00, 0x00, 0x8e, 0x07,
    0x00, 0xca, 0x0f, 0x00, 0x17, 0x72, 0x02, 0x02, 0x12, 0x00, 0x00, 0x00,
    0x00, 0xe4, 0xff, 0x07, 0x00, 0xc8, 0x0f, 0x00, 0x0c, 0x78, 0x00, 0x02,
    0x00, 0x00, 0x00, 0x01, 0x70, 0x40, 0xf1, 0x03, 0x00, 0xdc, 0x0f, 0x00,
    0x4d, 0x09, 0x00, 0x00, 0x00, 0x00, 0x00, 0x00, 0x00, 0x00, 0x80, 0x03,
    0x00, 0xea, 0x0f, 0x00, 0x02, 0x72, 0x38, 0x00, 0xff, 0x00, 0x00, 0x00,
    0x00, 0x0f, 0x01, 0x00, 0x00, 0xe4, 0x0f, 0x00, 0x02, 0x74, 0x36, 0x02,
    0x00, 0x00, 0x00, 0x00, 0x00, 0x00, 0x00, 0x00, 0x00, 0xe4, 0x0f, 0x00,
    0x02, 0x72, 0x34, 0x00, 0xff, 0x00, 0x00, 0x00, 0x00, 0x0f, 0x01, 0x00,
    0x00, 0xe4, 0x0f, 0x00, 0x02, 0x72, 0x32, 0x00, 0xff, 0x00, 0x00, 0x00,
    0x00, 0x0f, 0x01, 0x00, 0x00, 0xe4, 0x0f, 0x00, 0x31, 0x74, 0x07, 0xff,
    0x00, 0x00, 0x00, 0x00, 0xff, 0x01, 0x00, 0x00, 0x00, 0xce, 0x2f, 0x00,
    0x82, 0x7b, 0x04, 0xff, 0x00, 0xea, 0x00, 0x00, 0x00, 0x0a, 0x00, 0x00,
    0x00, 0x22, 0x1e, 0x00, 0x02, 0x72, 0x08, 0x00, 0xff, 0x00, 0x00, 0x00,
    0x00, 0x0f, 0x00, 0x00, 0x00, 0xe2, 0x0f, 0x00, 0x25, 0x78, 0x04, 0x07,
    0x10, 0x00, 0x00, 0x00, 0x04, 0x00, 0x8e, 0x07, 0x00, 0xe2, 0x1f, 0x04,
    0x35, 0x78, 0x07, 0x07, 0x01, 0x00, 0x00, 0x00, 0x00, 0x00, 0x8e, 0x07,
    0x00, 0xca, 0x0f, 0x00, 0x0c, 0x72, 0x00, 0x07, 0x00, 0x00, 0x00, 0x00,
    0x70, 0x50, 0xf0, 0x03, 0x00, 0xda, 0x0f, 0x00, 0x0c, 0x72, 0x00, 0x08,
    0xff, 0x00, 0x00, 0x00, 0x70, 0x50, 0xf2, 0x03, 0x00, 0xda, 0x0f, 0x00,
    0x35, 0x18, 0x03, 0x08, 0xff, 0xff, 0xff, 0xff, 0x00, 0x00, 0x8e, 0x07,
    0x00, 0xca, 0x0f, 0x00, 0x25, 0x18, 0x02, 0x03, 0x02, 0x00, 0x00, 0x00,
    0x04, 0x00, 0x8e, 0x07, 0x00, 0xca, 0x0f, 0x00, 0x81, 0x19, 0x06, 0x02,
    0x06, 0x44, 0x0d, 0x00, 0x00, 0x15, 0x1e, 0x0c, 0x00, 0xa8, 0x0e, 0x00,
    0x81, 0x99, 0x06, 0x04, 0x06, 0x42, 0x0d, 0x00, 0x00, 0x15, 0x1e, 0x0c,
    0x00, 0xa4, 0x0e, 0x00, 0x12, 0x78, 0x06, 0x06, 0xff, 0xff, 0x00, 0x00,
    0xff, 0xc0, 0x8e, 0x07, 0x00, 0xca, 0x4f, 0x00, 0x0c, 0x78, 0x00, 0x06,
    0x3f, 0x00, 0x00, 0x00, 0x70, 0x40, 0xf2, 0x03, 0x00, 0xda, 0x0f, 0x00,
    0x47, 0x19, 0x18, 0x00, 0x00, 0x00, 0x00, 0x00, 0x00, 0x00, 0x80, 0x03,
    0x00, 0xea, 0x0f, 0x00, 0x02, 0x78, 0x09, 0x00, 0x01, 0x00, 0x00, 0x00,
    0x00, 0x0f, 0x00, 0x00, 0x00, 0xca, 0x0f, 0x00, 0x19, 0x72, 0x03, 0x09,
    0x06, 0x00, 0x00, 0x00, 0xff, 0x06, 0x00, 0x00, 0x00, 0xe4, 0x0f, 0x0c,
    0x19, 0x72, 0x09, 0x09, 0x06, 0x00, 0x00, 0x00, 0xff, 0x02, 0x01, 0x00,
    0x00, 0xe4, 0x0f, 0x00, 0x12, 0x72, 0x32, 0x03, 0x32, 0x00, 0x00, 0x00,
    0xff, 0xfc, 0x8e, 0x07, 0x00, 0xe4, 0x0f, 0x00, 0x12, 0x72, 0x33, 0x09,
    0x33, 0x00, 0x00, 0x00, 0xff, 0xfc, 0x8e, 0x07, 0x00, 0xe2, 0x0f, 0x00,
    0x47, 0x79, 0x68, 0x00, 0x00, 0x00, 0x00, 0x00, 0x00, 0x00, 0x80, 0x03,
    0x00, 0xec, 0x0f, 0x00, 0x0c, 0x78, 0x00, 0x06, 0x7f, 0x00, 0x00, 0x00,
    0x70, 0x40, 0xf2, 0x03, 0x00, 0xda, 0x0f, 0x00, 0x47, 0x19, 0x1c, 0x00,
    0x00, 0x00, 0x00, 0x00, 0x00, 0x00, 0x80, 0x03, 0x00, 0xea, 0x0f, 0x00,
    0x35, 0x78, 0x02, 0x06, 0xc0, 0xff, 0xff, 0xff, 0x00, 0x00, 0x8e, 0x07,
    0x00, 0xe2, 0x0f, 0x00, 0x31, 0x74, 0x09, 0xff, 0x01, 0x00, 0x00, 0x00,
    0xff, 0x01, 0x00, 0x00, 0x00, 0xca, 0x0f, 0x00, 0x19, 0x72, 0x03, 0x09,
    0x02, 0x00, 0x00, 0x00, 0xff, 0x06, 0x00, 0x00, 0x00, 0xe4, 0x0f, 0x0c,
    0x19, 0x72, 0x09, 0x09, 0x02, 0x00, 0x00, 0x00, 0xff, 0x02, 0x01, 0x00,
    0x00, 0xe4, 0x0f, 0x00, 0x12, 0x72, 0x34, 0x03, 0x34, 0x00, 0x00, 0x00,
    0xff, 0xfc, 0x8e, 0x07, 0x00, 0xe4, 0x0f, 0x00, 0x12, 0x72, 0x35, 0x09,
    0x35, 0x00, 0x00, 0x00, 0xff, 0xfc, 0x8e, 0x07, 0x00, 0xe2, 0x0f, 0x00,
    0x47, 0x79, 0x44, 0x00, 0x00, 0x00, 0x00, 0x00, 0x00, 0x00, 0x80, 0x03,
    0x00, 0xec, 0x0f, 0x00, 0x0c, 0x78, 0x00, 0x06, 0xbf, 0x00, 0x00, 0x00,
    0x70, 0x40, 0xf2, 0x03, 0x00, 0xda, 0x0f, 0x00, 0x47, 0x19, 0x1c, 0x00,
    0x00, 0x00, 0x00, 0x00, 0x00, 0x00, 0x80, 0x03, 0x00, 0xea, 0x0f, 0x00,
    0x35, 0x78, 0x02, 0x06, 0x80, 0xff, 0xff, 0xff, 0x00, 0x00, 0x8e, 0x07,
    0x00, 0xe2, 0x0f, 0x00, 0x02, 0x78, 0x09, 0x00, 0x01, 0x00, 0x00, 0x00,
    0x00, 0x0f, 0x00, 0x00, 0x00, 0xca, 0x0f, 0x00, 0x19, 0x72, 0x03, 0x09,
    0x02, 0x00, 0x00, 0x00, 0xff, 0x06, 0x00, 0x00, 0x00, 0xe4, 0x0f, 0x0c,
    0x19, 0x72, 0x09, 0x09, 0x02, 0x00, 0x00, 0x00, 0xff, 0x02, 0x01, 0x00,
    0x00, 0xe4, 0x0f, 0x00, 0x12, 0x72, 0x38, 0x03, 0x38, 0x00, 0x00, 0x00,
    0xff, 0xfc, 0x8e, 0x07, 0x00, 0xe4, 0x0f, 0x00, 0x12, 0x72, 0x39, 0x09,
    0x39, 0x00, 0x00, 0x00, 0xff, 0xfc, 0x8e, 0x07, 0x00, 0xe2, 0x0f, 0x00,
    0x47, 0x79, 0x20, 0x00, 0x00, 0x00, 0x00, 0x00, 0x00, 0x00, 0x80, 0x03,
    0x00, 0xec, 0x0f, 0x00, 0x0c, 0x78, 0x00, 0x06, 0xc7, 0x00, 0x00, 0x00,
    0x70, 0x40, 0xf2, 0x03, 0x00, 0xda, 0x0f, 0x00, 0x47, 0x19, 0x18, 0x00,
    0x00, 0x00, 0x00, 0x00, 0x00, 0x00, 0x80, 0x03, 0x00, 0xea, 0x0f, 0x00,
    0x35, 0x78, 0x02, 0x06, 0x40, 0xff, 0xff, 0xff, 0x00, 0x00, 0x8e, 0x07,
    0x00, 0xe2, 0x0f, 0x00, 0x31, 0x74, 0x09, 0xff, 0x01, 0x00, 0x00, 0x00,
    0xff, 0x01, 0x00, 0x00, 0x00, 0xca, 0x0f, 0x00, 0x19, 0x72, 0x03, 0x09,
    0x02, 0x00, 0x00, 0x00, 0xff, 0x06, 0x00, 0x00, 0x00, 0xe4, 0x0f, 0x0c,
    0x19, 0x72, 0x09, 0x09, 0x02, 0x00, 0x00, 0x00, 0xff, 0x02, 0x01, 0x00,
    0x00, 0xe4, 0x0f, 0x00, 0x12, 0x72, 0x36, 0x03, 0x36, 0x00, 0x00, 0x00,
    0xff, 0xfc, 0x8e, 0x07, 0x00, 0xe4, 0x0f, 0x00, 0x12, 0x72, 0x37, 0x09,
    0x37, 0x00, 0x00, 0x00, 0xff, 0xfc, 0x8e, 0x07, 0x00, 0xce, 0x0f, 0x00,
    0x35, 0x78, 0x08, 0x08, 0x01, 0x00, 0x00, 0x00, 0x00, 0x00, 0x8e, 0x07,
    0x00, 0xca, 0x0f, 0x00, 0x0c, 0x78, 0x00, 0x08, 0x04, 0x00, 0x00, 0x00,
    0x70, 0x50, 0xf2, 0x03, 0x00, 0xda, 0x0f, 0x00, 0x47, 0x19, 0x54, 0x00,
    0xfc, 0xff, 0xff, 0xff, 0xff, 0xff, 0x83, 0x03, 0x00, 0xea, 0x0f, 0x00,
    0x81, 0x79, 0x02, 0x04, 0x06, 0x40, 0x0d, 0x00, 0x00, 0x11, 0x1e, 0x0c,
    0x00, 0xa4, 0x0e, 0x00, 0x0c, 0x78, 0x00, 0x02, 0x24, 0x00, 0x00, 0x00,
    0x70, 0x50, 0xf2, 0x03, 0x00, 0xda, 0x4f, 0x00, 0x47, 0x19, 0xa0, 0x00,
    0x00, 0x00, 0x00, 0x00, 0x00, 0x00, 0x80, 0x03, 0x00, 0xea, 0x0f, 0x00,
    0x81, 0x79, 0x04, 0x04, 0x06, 0x44, 0x0d, 0x00, 0x00, 0x15, 0x1e, 0x0c,
    0x00, 0x62, 0x01, 0x00, 0x82, 0x78, 0x04, 0x00, 0x01, 0x00, 0x00, 0x00,
    0x00, 0x00, 0x00, 0x00, 0x00, 0xca, 0x0f, 0x00, 0x35, 0x7c, 0x02, 0x04,
    0x04, 0x00, 0x00, 0x00, 0x00, 0x00, 0x8e, 0x0f, 0x00, 0xe2, 0x0f, 0x02,
    0x90, 0x78, 0x04, 0x04, 0x01, 0x00, 0x00, 0x00, 0xff, 0xe0, 0xff, 0x0f,
    0x00, 0xc8, 0x0f, 0x00, 0x0c, 0x78, 0x00, 0x02, 0x3f, 0x00, 0x00, 0x00,
    0x70, 0x40, 0xf2, 0x03, 0x00, 0xe2, 0x0f, 0x00, 0x8c, 0x78, 0x00, 0x04,
    0x04, 0x00, 0x00, 0x00, 0x70, 0x50, 0xf0, 0x0b, 0x00, 0xd8, 0x0f, 0x00,
    0x47, 0x19, 0x18, 0x00, 0x00, 0x00, 0x00, 0x00, 0x00, 0x00, 0x80, 0x03,
    0x00, 0xea, 0x1f, 0x00, 0x31, 0x74, 0x05, 0xff, 0x01, 0x00, 0x00, 0x00,
    0xff, 0x01, 0x00, 0x00, 0x00, 0xca, 0x1f, 0x00, 0x19, 0x72, 0x03, 0x05,
    0x02, 0x00, 0x00, 0x00, 0xff, 0x06, 0x00, 0x00, 0x00, 0xe4, 0x0f, 0x0c,
    0x19, 0x72, 0x05, 0x05, 0x02, 0x00, 0x00, 0x00, 0xff, 0x02, 0x01, 0x00,
    0x00, 0xe4, 0x0f, 0x00, 0x12, 0x72, 0x32, 0x03, 0x32, 0x00, 0x00, 0x00,
    0xff, 0xfc, 0x8e, 0x07, 0x00, 0xe4, 0x0f, 0x00, 0x12, 0x72, 0x33, 0x05,
    0x33, 0x00, 0x00, 0x00, 0xff, 0xfc, 0x8e, 0x07, 0x00, 0xe2, 0x0f, 0x00,
    0x47, 0x79, 0x68, 0x00, 0x00, 0x00, 0x00, 0x00, 0x00, 0x00, 0x80, 0x03,
    0x00, 0xec, 0x0f, 0x00, 0x0c, 0x78, 0x00, 0x02, 0x7f, 0x00, 0x00, 0x00,
    0x70, 0x40, 0xf2, 0x03, 0x00, 0xda, 0x0f, 0x00, 0x47, 0x19, 0x1c, 0x00,
    0x00, 0x00, 0x00, 0x00, 0x00, 0x00, 0x80, 0x03, 0x00, 0xea, 0x0f, 0x00,
    0x35, 0x78, 0x02, 0x02, 0xc0, 0xff, 0xff, 0xff, 0x00, 0x00, 0x8e, 0x07,
    0x00, 0xe2, 0x0f, 0x00, 0x02, 0x78, 0x05, 0x00, 0x01, 0x00, 0x00, 0x00,
    0x00, 0x0f, 0x00, 0x00, 0x00, 0xca, 0x1f, 0x00, 0x19, 0x72, 0x03, 0x05,
    0x02, 0x00, 0x00, 0x00, 0xff, 0x06, 0x00, 0x00, 0x00, 0xe4, 0x0f, 0x0c,
    0x19, 0x72, 0x05, 0x05, 0x02, 0x00, 0x00, 0x00, 0xff, 0x02, 0x01, 0x00,
    0x00, 0xe4, 0x0f, 0x00, 0x12, 0x72, 0x34, 0x03, 0x34, 0x00, 0x00, 0x00,
    0xff, 0xfc, 0x8e, 0x07, 0x00, 0xe4, 0x0f, 0x00, 0x12, 0x72, 0x35, 0x05,
    0x35, 0x00, 0x00, 0x00, 0xff, 0xfc, 0x8e, 0x07, 0x00, 0xe2, 0x0f, 0x00,
    0x47, 0x79, 0x44, 0x00, 0x00, 0x00, 0x00, 0x00, 0x00, 0x00, 0x80, 0x03,
    0x00, 0xec, 0x0f, 0x00, 0x0c, 0x78, 0x00, 0x02, 0xbf, 0x00, 0x00, 0x00,
    0x70, 0x40, 0xf2, 0x03, 0x00, 0xda, 0x0f, 0x00, 0x47, 0x19, 0x1c, 0x00,
    0x00, 0x00, 0x00, 0x00, 0x00, 0x00, 0x80, 0x03, 0x00, 0xea, 0x0f, 0x00,
    0x35, 0x78, 0x02, 0x02, 0x80, 0xff, 0xff, 0xff, 0x00, 0x00, 0x8e, 0x07,
    0x00, 0xe2, 0x0f, 0x00, 0x31, 0x74, 0x05, 0xff, 0x01, 0x00, 0x00, 0x00,
    0xff, 0x01, 0x00, 0x00, 0x00, 0xca, 0x1f, 0x00, 0x19, 0x72, 0x03, 0x05,
    0x02, 0x00, 0x00, 0x00, 0xff, 0x06, 0x00, 0x00, 0x00, 0xe4, 0x0f, 0x0c,
    0x19, 0x72, 0x05, 0x05, 0x02, 0x00, 0x00, 0x00, 0xff, 0x02, 0x01, 0x00,
    0x00, 0xe4, 0x0f, 0x00, 0x12, 0x72, 0x38, 0x03, 0x38, 0x00, 0x00, 0x00,
    0xff, 0xfc, 0x8e, 0x07, 0x00, 0xe4, 0x0f, 0x00, 0x12, 0x72, 0x39, 0x05,
    0x39, 0x00, 0x00, 0x00, 0xff, 0xfc, 0x8e, 0x07, 0x00, 0xe2, 0x0f, 0x00,
    0x47, 0x79, 0x20, 0x00, 0x00, 0x00, 0x00, 0x00, 0x00, 0x00, 0x80, 0x03,
    0x00, 0xec, 0x0f, 0x00, 0x0c, 0x78, 0x00, 0x02, 0xc7, 0x00, 0x00, 0x00,
    0x70, 0x40, 0xf2, 0x03, 0x00, 0xda, 0x0f, 0x00, 0x47, 0x19, 0x18, 0x00,
    0x00, 0x00, 0x00, 0x00, 0x00, 0x00, 0x80, 0x03, 0x00, 0xea, 0x0f, 0x00,
    0x35, 0x78, 0x02, 0x02, 0x40, 0xff, 0xff, 0xff, 0x00, 0x00, 0x8e, 0x07,
    0x00, 0xe2, 0x0f, 0x00, 0x02, 0x78, 0x05, 0x00, 0x01, 0x00, 0x00, 0x00,
    0x00, 0x0f, 0x00, 0x00, 0x00, 0xca, 0x1f, 0x00, 0x19, 0x72, 0x03, 0x05,
    0x02, 0x00, 0x00, 0x00, 0xff, 0x06, 0x00, 0x00, 0x00, 0xe4, 0x0f, 0x0c,
    0x19, 0x72, 0x05, 0x05, 0x02, 0x00, 0x00, 0x00, 0xff, 0x02, 0x01, 0x00,
    0x00, 0xe4, 0x0f, 0x00, 0x12, 0x72, 0x36, 0x03, 0x36, 0x00, 0x00, 0x00,
    0xff, 0xfc, 0x8e, 0x07, 0x00, 0xe4, 0x0f, 0x00, 0x12, 0x72, 0x37, 0x05,
    0x37, 0x00, 0x00, 0x00, 0xff, 0xfc, 0x8e, 0x07, 0x00, 0xce, 0x0f, 0x00,
    0x47, 0x75, 0x68, 0x00, 0xfd, 0xff, 0xff, 0xff, 0xff, 0xff, 0x83, 0x0b,
    0x00, 0xea, 0x0f, 0x00, 0x47, 0x09, 0x90, 0x00, 0xf8, 0xff, 0xff, 0xff,
    0xff, 0xff, 0x83, 0x03, 0x00, 0xea, 0x0f, 0x00, 0x0c, 0x72, 0x00, 0x3e,
    0x3c, 0x00, 0x00, 0x00, 0x70, 0x60, 0xf1, 0x03, 0x00, 0xe4, 0x0f, 0x00,
    0x31, 0x74, 0x02, 0xff, 0x00, 0x00, 0x00, 0x00, 0xff, 0x01, 0x00, 0x00,
    0x00, 0xd8, 0x0f, 0x00, 0x47, 0x09, 0xb0, 0x00, 0xd0, 0x00, 0x00, 0x00,
    0x00, 0x00, 0x80, 0x03, 0x00, 0xea, 0x0f, 0x00, 0x02, 0x72, 0x30, 0x00,
    0x3e, 0x00, 0x00, 0x00, 0x00, 0x0f, 0x01, 0x00, 0x00, 0xe4, 0x0f, 0x00,
    0x45, 0x79, 0x09, 0x00, 0x20, 0xd3, 0x00, 0x00, 0x00, 0x02, 0x80, 0x03,
    0x00, 0xe2, 0x0f, 0x00, 0x02, 0x72, 0x02, 0x00, 0xff, 0x00, 0x00, 0x00,
    0x00, 0x0f, 0x00, 0x00, 0x00, 0xce, 0x1f, 0x00, 0x82, 0x7b, 0x06, 0xff,
    0x00, 0xea, 0x00, 0x00, 0x00, 0x0a, 0x00, 0x00, 0x00, 0x24, 0x1e, 0x00,
    0x81, 0x79, 0x04, 0x06, 0x06, 0x18, 0x00, 0x00, 0x00, 0x19, 0x1e, 0x0c,
    0x00, 0x68, 0x11, 0x00, 0x81, 0x79, 0x2e, 0x06, 0x06, 0x10, 0x00, 0x00,
    0x00, 0x1b, 0x1e, 0x0c, 0x00, 0x62, 0x23, 0x00, 0x0c, 0x72, 0x00, 0x31,
    0xff, 0x00, 0x00, 0x00, 0x70, 0x50, 0xf0, 0x03, 0x00, 0xe2, 0x0f, 0x00,
    0x45, 0x79, 0x00, 0x00, 0xf0, 0x01, 0x00, 0x00, 0x00, 0x02, 0x80, 0x03,
    0x00, 0xd8, 0x0f, 0x00, 0x47, 0x09, 0x54, 0x00, 0x00, 0x00, 0x00, 0x00,
    0x00, 0x00, 0x80, 0x03, 0x00, 0xea, 0xcf, 0x01, 0x06, 0x73, 0x00, 0x00,
    0x04, 0x00, 0x00, 0x00, 0x00, 0x90, 0x20, 0x00, 0x00, 0xa2, 0x0e, 0x02,
    0x35, 0x72, 0x03, 0xff, 0x04, 0x00, 0x00, 0x80, 0x00, 0x00, 0x8e, 0x07,
    0x00, 0xe2, 0x0f, 0x00, 0x0c, 0x72, 0x00, 0x04, 0xff, 0x00, 0x00, 0x00,
    0x70, 0x50, 0xf4, 0x03, 0x00, 0xe2, 0x0f, 0x00, 0x08, 0x73, 0x00, 0x00,
    0x00, 0x00, 0x00, 0x00, 0x00, 0x10, 0x00, 0x00, 0x00, 0x24, 0x4e, 0x00,
    0x35, 0x78, 0x06, 0x00, 0xfe, 0xff, 0xff, 0x0f, 0x00, 0x00, 0x8e, 0x07,
    0x00, 0xc8, 0x3f, 0x00, 0x05, 0x73, 0x07, 0x00, 0x06, 0x00, 0x00, 0x00,
    0x00, 0xf0, 0x21, 0x00, 0x00, 0x64, 0x00, 0x00, 0x31, 0x74, 0x06, 0xff,
    0x00, 0x00, 0x00, 0x00, 0xff, 0x01, 0x00, 0x00, 0x00, 0xe4, 0x1f, 0x00,
    0x24, 0x72, 0x03, 0x03, 0x07, 0x00, 0x00, 0x00, 0xff, 0x02, 0x8e, 0x07,
    0x00, 0xc8, 0x2f, 0x00, 0x27, 0x72, 0x07, 0x07, 0x03, 0x00, 0x00, 0x00,
    0x06, 0x00, 0x8e, 0x07, 0x00, 0xcc, 0x0f, 0x00, 0x27, 0x72, 0x07, 0x07,
    0x30, 0x00, 0x00, 0x00, 0xff, 0x00, 0x8e, 0x07, 0x00, 0xca, 0x0f, 0x00,
    0x35, 0x72, 0x03, 0x07, 0xff, 0x00, 0x00, 0x00, 0x00, 0x01, 0x8e, 0x07,
    0x00, 0xca, 0x0f, 0x00, 0x24, 0x72, 0x03, 0x04, 0x03, 0x00, 0x00, 0x00,
    0x30, 0x02, 0x8e, 0x07, 0x00, 0xca, 0x0f, 0x00, 0x0c, 0x72, 0x00, 0x03,
    0x04, 0x00, 0x00, 0x00, 0x70, 0x60, 0xf0, 0x03, 0x00, 0xda, 0x0f, 0x00,
    0x35, 0x02, 0x03, 0x04, 0x03, 0x00, 0x00, 0x00, 0x00, 0x01, 0x8e, 0x07,
    0x00, 0xe2, 0x0f, 0x00, 0x35, 0x08, 0x07, 0x07, 0x01, 0x00, 0x00, 0x00,
    0x00, 0x00, 0x8e, 0x07, 0x00, 0xc8, 0x0f, 0x00, 0x0c, 0x72, 0x00, 0x03,
    0x04, 0x00, 0x00, 0x00, 0x70, 0x60, 0xf2, 0x03, 0x00, 0xda, 0x0f, 0x00,
    0x35, 0x18, 0x07, 0x07, 0x01, 0x00, 0x00, 0x00, 0x00, 0x00, 0x8e, 0x07,
    0x00, 0xe2, 0x0f, 0x00, 0x12, 0xa2, 0x07, 0xff, 0x04, 0x00, 0x00, 0x00,
    0xff, 0x33, 0x8e, 0x07, 0x00, 0xca, 0x0f, 0x00, 0x35, 0x72, 0x03, 0x07,
    0xff, 0x00, 0x00, 0x00, 0x00, 0x01, 0x8e, 0x07, 0x00, 0xca, 0x0f, 0x00,
    0x24, 0x72, 0x03, 0x04, 0x03, 0x00, 0x00, 0x00, 0x30, 0x02, 0x8e, 0x07,
    0x00, 0xe2, 0x0f, 0x00, 0x47, 0x79, 0x1c, 0x00, 0x00, 0x00, 0x00, 0x00,
    0x00, 0x00, 0x80, 0x03, 0x00, 0xec, 0x0f, 0x00, 0x02, 0x72, 0x0a, 0x00,
    0x30, 0x00, 0x00, 0x00, 0x00, 0x0f, 0x00, 0x00, 0x00, 0xe2, 0x0f, 0x00,
    0x02, 0x72, 0x0c, 0x00, 0x31, 0x00, 0x00, 0x00, 0x00, 0x0f, 0x00, 0x00,
    0x00, 0xe2, 0x0f, 0x00, 0x02, 0x78, 0x0d, 0x00, 0x90, 0x21, 0x00, 0x00,
    0x00, 0x0f, 0x00, 0x00, 0x00, 0xce, 0x0f, 0x00, 0x44, 0x79, 0x64, 0x00,
    0xd0, 0x00, 0x00, 0x00, 0x00, 0x00, 0xc0, 0x03, 0x00, 0xea, 0x3f, 0x02,
    0x35, 0x72, 0x03, 0xff, 0x00, 0x00, 0x00, 0x80, 0x00, 0x00, 0x8e, 0x07,
    0x00, 0xe2, 0x0f, 0x08, 0x02, 0x72, 0x07, 0x00, 0x00, 0x00, 0x00, 0x00,
    0x00, 0x0f, 0x00, 0x00, 0x00, 0xc8, 0x0f, 0x00, 0x24, 0x72, 0x03, 0x04,
    0x03, 0x00, 0x00, 0x00, 0x30, 0x02, 0x8e, 0x07, 0x00, 0xce, 0x0f, 0x00,
    0x18, 0x79, 0x00, 0x00, 0x00, 0x00, 0x00, 0x00, 0x00, 0x00, 0x00, 0x00,
    0x00, 0xe2, 0x0f, 0x00, 0x41, 0x79, 0x00, 0x00, 0x00, 0x00, 0x00, 0x00,
    0x00, 0x02, 0x80, 0x03, 0x00, 0xea, 0x0f, 0x00, 0x82, 0x7b, 0x0a, 0xff,
    0x00, 0xea, 0x00, 0x00, 0x00, 0x0a, 0x00, 0x00, 0x00, 0x22, 0x0e, 0x00,
    0xac, 0x77, 0x08, 0xff, 0x00, 0x70, 0x00, 0x00, 0x00, 0x0c, 0x00, 0x08,
    0x00, 0x62, 0x0e, 0x00, 0x81, 0x79, 0x08, 0x0a, 0x06, 0x08, 0x00, 0x00,
    0x00, 0x1b, 0x1e, 0x0c, 0x00, 0xa2, 0x1e, 0x00, 0x35, 0x72, 0x04, 0x2f,
    0x07, 0x00, 0x00, 0x00, 0x00, 0x00, 0x8e, 0x07, 0x00, 0xe2, 0x0f, 0x00,
    0x35, 0x72, 0x2e, 0x2e, 0x03, 0x00, 0x00, 0x00, 0x00, 0x00, 0x8e, 0x07,
    0x00, 0xe2, 0x0f, 0x00, 0x31, 0x74, 0x2f, 0xff, 0x00, 0x00, 0x00, 0x00,
    0xff, 0x01, 0x00, 0x00, 0x00, 0xe2, 0x0f, 0x00, 0x81, 0x79, 0x13, 0x0a,
    0x06, 0x20, 0x00, 0x00, 0x00, 0x19, 0x1e, 0x0c, 0x00, 0xe2, 0x0e, 0x00,
    0xac, 0x77, 0x04, 0xff, 0x00, 0x71, 0x00, 0x00, 0x00, 0x0a, 0x00, 0x08,
    0x00, 0x22, 0x0e, 0x00, 0x02, 0x78, 0x05, 0x00, 0x00, 0x00, 0x80, 0x3f,
    0x00, 0x0f, 0x00, 0x00, 0x00, 0xe2, 0x0f, 0x00, 0x0c, 0x7c, 0x00, 0xff,
    0x04, 0x00, 0x00, 0x00, 0x70, 0x50, 0xf5, 0x0b, 0x00, 0xe4, 0x1f, 0x00,
    0x25, 0x72, 0x06, 0x04, 0x08, 0x00, 0x00, 0x00, 0x2e, 0x00, 0x8e, 0x07,
    0x00, 0xc8, 0x4f, 0x00, 0x25, 0x72, 0x08, 0x04, 0x09, 0x00, 0x00, 0x00,
    0x2e, 0x00, 0x8e, 0x07, 0x00, 0xe2, 0x0f, 0x00, 0x11, 0x7c, 0x2c, 0x06,
    0x08, 0x00, 0x00, 0x00, 0xff, 0x10, 0x80, 0x0f, 0x00, 0xc8, 0x2f, 0x00,
    0x11, 0x7c, 0x2d, 0x06, 0x09, 0x00, 0x00, 0x00, 0x07, 0x14, 0x0f, 0x08,
    0x00, 0xca, 0x0f, 0x00, 0x81, 0x79, 0x06, 0x2c, 0x06, 0x00, 0x00, 0x00,
    0x00, 0x19, 0x1e, 0x0c, 0x00, 0x62, 0x01, 0x00, 0x11, 0x7c, 0x2a, 0x08,
    0x0a, 0x00, 0x00, 0x00, 0xff, 0x10, 0x82, 0x0f, 0x00, 0xc8, 0x0f, 0x00,
    0x11, 0x7c, 0x2b, 0x08, 0x0b, 0x00, 0x00, 0x00, 0x09, 0x14, 0x8f, 0x08,
    0x00, 0xca, 0x0f, 0x00, 0x81, 0x29, 0x05, 0x2a, 0x06, 0x00, 0x00, 0x00,
    0x00, 0x19, 0x1e, 0x0c, 0x00, 0x62, 0x01, 0x00, 0x0c, 0x72, 0x00, 0x13,
    0xff, 0x00, 0x00, 0x00, 0x70, 0x50, 0xf4, 0x03, 0x00, 0xe2, 0x8f, 0x00,
    0x1c, 0x78, 0x08, 0x00, 0x00, 0x00, 0x00, 0x00, 0x70, 0xf0, 0xf0, 0x03,
    0x00, 0xe4, 0x0f, 0x00, 0x1c, 0x78, 0x08, 0x00, 0x00, 0x00, 0x00, 0x00,
    0x70, 0xf0, 0xf2, 0x03, 0x00, 0xd4, 0x0f, 0x00, 0x47, 0xa9, 0xa4, 0x00,
    0xcc, 0x00, 0x00, 0x00, 0x00, 0x00, 0x80, 0x03, 0x00, 0xea, 0x0f, 0x00,
    0x45, 0x79, 0x08, 0x00, 0x40, 0xce, 0x00, 0x00, 0x00, 0x01, 0x80, 0x03,
    0x00, 0xe2, 0x0f, 0x00, 0x16, 0x78, 0x07, 0xff, 0x10, 0x76, 0x00, 0x00,
    0x07, 0x00, 0x00, 0x00, 0x00, 0xe2, 0x0f, 0x00, 0x02, 0x72, 0x08, 0x00,
    0xff, 0x00, 0x00, 0x00, 0x00, 0x0f, 0x00, 0x00, 0x00, 0xe2, 0x0f, 0x00,
    0x16, 0x78, 0x09, 0xff, 0x10, 0x76, 0x00, 0x00, 0x09, 0x00, 0x00, 0x00,
    0x00, 0xe2, 0x0f, 0x00, 0x02, 0x72, 0x28, 0x00, 0x04, 0x00, 0x00, 0x00,
    0x00, 0x0f, 0x00, 0x00, 0x00, 0xe2, 0x0f, 0x00, 0x02, 0x72, 0x29, 0x00,
    0xff, 0x00, 0x00, 0x00, 0x00, 0x0f, 0x00, 0x00, 0x00, 0xce, 0x1f, 0x00,
    0x82, 0x7b, 0x26, 0xff, 0x00, 0xea, 0x00, 0x00, 0x00, 0x0a, 0x00, 0x00,
    0x00, 0x24, 0x1e, 0x00, 0x25, 0x78, 0x26, 0x08, 0x40, 0x02, 0x00, 0x00,
    0x26, 0x00, 0x8e, 0x07, 0x00, 0xca, 0x1f, 0x00, 0x81, 0x79, 0x03, 0x26,
    0x06, 0xc8, 0x4d, 0x00, 0x00, 0x19, 0x1e, 0x0c, 0x00, 0xa4, 0x4e, 0x00,
    0x12, 0x78, 0xff, 0x03, 0x70, 0xfe, 0xff, 0xff, 0xff, 0xc0, 0x80, 0x07,
    0x00, 0xe4, 0x4f, 0x04, 0x12, 0x78, 0x0a, 0x03, 0x80, 0x01, 0x00, 0x00,
    0xff, 0xc0, 0x8e, 0x07, 0x00, 0xca, 0x0f, 0x00, 0x0c, 0x78, 0x00, 0x0a,
    0x80, 0x01, 0x00, 0x00, 0x70, 0x24, 0x70, 0x00, 0x00, 0xda, 0x0f, 0x00,
    0x42, 0x09, 0x08, 0x00, 0x00, 0x00, 0x00, 0x00, 0x00, 0x01, 0x80, 0x03,
    0x00, 0xea, 0x0f, 0x00, 0x47, 0x09, 0x9c, 0x00, 0xcc, 0x00, 0x00, 0x00,
    0x00, 0x00, 0x80, 0x03, 0x00, 0xea, 0xaf, 0x01, 0x81, 0x79, 0x00, 0x26,
    0x06, 0xcc, 0x4d, 0x00, 0x00, 0x19, 0x1e, 0x0c, 0x00, 0xa4, 0x0e, 0x00,
    0x0c, 0x78, 0x00, 0x00, 0x07, 0x00, 0x00, 0x00, 0x70, 0x40, 0xf0, 0x03,
    0x00, 0xda, 0x4f, 0x00, 0x42, 0x09, 0x08, 0x00, 0x00, 0x00, 0x00, 0x00,
    0x00, 0x01, 0x80, 0x03, 0x00, 0xea, 0x0f, 0x00, 0x47, 0x09, 0x8c, 0x00,
    0xcc, 0x00, 0x00, 0x00, 0x00, 0x00, 0x80, 0x03, 0x00, 0xea, 0x0f, 0x00,
    0x81, 0x79, 0x00, 0x26, 0x06, 0xd0, 0x4d, 0x00, 0x00, 0x19, 0x1e, 0x0c,
    0x00, 0xa4, 0x0e, 0x00, 0x0c, 0x78, 0x00, 0x00, 0x07, 0x00, 0x00, 0x00,
    0x70, 0x40, 0xf0, 0x03, 0x00, 0xda, 0x4f, 0x00, 0x42, 0x09, 0x08, 0x00,
    0x00, 0x00, 0x00, 0x00, 0x00, 0x01, 0x80, 0x03, 0x00, 0xea, 0x0f, 0x00,
    0x47, 0x09, 0x7c, 0x00, 0xcc, 0x00, 0x00, 0x00, 0x00, 0x00, 0x80, 0x03,
    0x00, 0xea, 0x0f, 0x00, 0x81, 0x79, 0x00, 0x26, 0x06, 0xd4, 0x4d, 0x00,
    0x00, 0x19, 0x1e, 0x0c, 0x00, 0xa4, 0x0e, 0x00, 0x0c, 0x78, 0x00, 0x00,
    0x05, 0x00, 0x00, 0x00, 0x70, 0x40, 0xf0, 0x03, 0x00, 0xda, 0x4f, 0x00,
    0x42, 0x09, 0x08, 0x00, 0x00, 0x00, 0x00, 0x00, 0x00, 0x01, 0x80, 0x03,
    0x00, 0xea, 0x0f, 0x00, 0x47, 0x09, 0x6c, 0x00, 0xcc, 0x00, 0x00, 0x00,
    0x00, 0x00, 0x80, 0x03, 0x00, 0xea, 0x0f, 0x00, 0x81, 0x79, 0x00, 0x26,
    0x06, 0xd8, 0x4d, 0x00, 0x00, 0x19, 0x1e, 0x0c, 0x00, 0xa4, 0x0e, 0x00,
    0x0c, 0x78, 0x00, 0x00, 0x05, 0x00, 0x00, 0x00, 0x70, 0x40, 0xf0, 0x03,
    0x00, 0xda, 0x4f, 0x00, 0x42, 0x09, 0x08, 0x00, 0x00, 0x00, 0x00, 0x00,
    0x00, 0x01, 0x80, 0x03, 0x00, 0xea, 0x0f, 0x00, 0x47, 0x09, 0x5c, 0x00,
    0xcc, 0x00, 0x00, 0x00, 0x00, 0x00, 0x80, 0x03, 0x00, 0xea, 0x0f, 0x00,
    0x81, 0x79, 0x00, 0x26, 0x06, 0xec, 0x4d, 0x00, 0x00, 0x19, 0x1e, 0x0c,
    0x00, 0xa4, 0x0e, 0x00, 0x0b, 0x78, 0x00, 0x00, 0x00, 0x00, 0x80, 0x7f,
    0x00, 0x52, 0xf0, 0x03, 0x00, 0xda, 0x4f, 0x00, 0x42, 0x89, 0x08, 0x00,
    0x00, 0x00, 0x00, 0x00, 0x00, 0x01, 0x80, 0x03, 0x00, 0xea, 0x0f, 0x00,
    0x47, 0x89, 0x4c, 0x00, 0xcc, 0x00, 0x00, 0x00, 0x00, 0x00, 0x80, 0x03,
    0x00, 0xea, 0x0f, 0x00, 0x81, 0x79, 0x00, 0x26, 0x06, 0xf0, 0x4d, 0x00,
    0x00, 0x19, 0x1e, 0x0c, 0x00, 0xa4, 0x0e, 0x00, 0x0b, 0x78, 0x00, 0x00,
    0x00, 0x00, 0x80, 0x7f, 0x00, 0x52, 0xf0, 0x03, 0x00, 0xda, 0x4f, 0x00,
    0x42, 0x89, 0x08, 0x00, 0x00, 0x00, 0x00, 0x00, 0x00, 0x01, 0x80, 0x03,
    0x00, 0xea, 0x0f, 0x00, 0x47, 0x89, 0x3c, 0x00, 0xcc, 0x00, 0x00, 0x00,
    0x00, 0x00, 0x80, 0x03, 0x00, 0xea, 0x0f, 0x00, 0x81, 0x79, 0x00, 0x26,
    0x06, 0xf4, 0x4d, 0x00, 0x00, 0x19, 0x1e, 0x0c, 0x00, 0xa4, 0x0e, 0x00,
    0x0c, 0x72, 0x00, 0x00, 0xff, 0x00, 0x00, 0x00, 0x70, 0x50, 0xf0, 0x03,
    0x00, 0xda, 0x4f, 0x00, 0x42, 0x09, 0x08, 0x00, 0x00, 0x00, 0x00, 0x00,
    0x00, 0x01, 0x80, 0x03, 0x00, 0xea, 0x0f, 0x00, 0x47, 0x09, 0x2c, 0x00,
    0xcc, 0x00, 0x00, 0x00, 0x00, 0x00, 0x80, 0x03, 0x00, 0xea, 0x0f, 0x00,
    0x81, 0x79, 0x00, 0x26, 0x06, 0xf8, 0x4d, 0x00, 0x00, 0x19, 0x1e, 0x0c,
    0x00, 0xa4, 0x0e, 0x00, 0x0c, 0x72, 0x00, 0x00, 0xff, 0x00, 0x00, 0x00,
    0x70, 0x50, 0xf0, 0x03, 0x00, 0xda, 0x4f, 0x00, 0x42, 0x09, 0x08, 0x00,
    0x00, 0x00, 0x00, 0x00, 0x00, 0x01, 0x80, 0x03, 0x00, 0xea, 0x0f, 0x00,
    0x47, 0x09, 0x1c, 0x00, 0xcc, 0x00, 0x00, 0x00, 0x00, 0x00, 0x80, 0x03,
    0x00, 0xea, 0x0f, 0x00, 0x81, 0x79, 0x00, 0x26, 0x06, 0xfc, 0x4d, 0x00,
    0x00, 0x19, 0x1e, 0x0c, 0x00, 0xa4, 0x0e, 0x00, 0x0c, 0x72, 0x00, 0x00,
    0xff, 0x00, 0x00, 0x00, 0x70, 0x50, 0xf0, 0x03, 0x00, 0xda, 0x4f, 0x00,
    0x42, 0x09, 0x08, 0x00, 0x00, 0x00, 0x00, 0x00, 0x00, 0x01, 0x80, 0x03,
    0x00, 0xea, 0x0f, 0x00, 0x47, 0x09, 0x0c, 0x00, 0xcc, 0x00, 0x00, 0x00,
    0x00, 0x00, 0x80, 0x03, 0x00, 0xea, 0x0f, 0x00, 0xac, 0x77, 0x04, 0xff,
    0x00, 0x71, 0x00, 0x00, 0x00, 0x0a, 0x00, 0x08, 0x00, 0x22, 0x0e, 0x00,
    0x12, 0x78, 0xff, 0x03, 0x03, 0x00, 0x00, 0x00, 0xff, 0xc0, 0x80, 0x07,
    0x00, 0xca, 0x0f, 0x00, 0x0c, 0x7c, 0x00, 0xff, 0x04, 0x00, 0x00, 0x00,
    0x70, 0x54, 0x71, 0x0c, 0x00, 0xdc, 0x1f, 0x00, 0x42, 0x89, 0x08, 0x00,
    0x00, 0x00, 0x00, 0x00, 0x00, 0x01, 0x80, 0x03, 0x00, 0xea, 0x0f, 0x00,
    0x47, 0x89, 0xf0, 0x00, 0xc8, 0x00, 0x00, 0x00, 0x00, 0x00, 0x80, 0x03,
    0x00, 0xea, 0x0f, 0x00, 0x81, 0x79, 0x10, 0x26, 0x06, 0xc0, 0x4d, 0x00,
    0x00, 0x19, 0x1e, 0x0c, 0x00, 0xa8, 0x0e, 0x00, 0x81, 0x79, 0x0e, 0x26,
    0x06, 0xb8, 0x4d, 0x00, 0x00, 0x19, 0x1e, 0x0c, 0x00, 0xe8, 0x0e, 0x00,
    0x81, 0x79, 0x0c, 0x26, 0x06, 0xbc, 0x4d, 0x00, 0x00, 0x19, 0x1e, 0x0c,
    0x00, 0x22, 0x0f, 0x00, 0x0c, 0x78, 0x00, 0x10, 0x01, 0x00, 0x00, 0x00,
    0x70, 0x62, 0xf0, 0x03, 0x00, 0xda, 0x4f, 0x00, 0x81, 0x09, 0x00, 0x26,
    0x06, 0xc4, 0x4d, 0x00, 0x00, 0x19, 0x1e, 0x0c, 0x00, 0xa2, 0x0e, 0x00,
    0x19, 0x78, 0x0f, 0xff, 0x1f, 0x00, 0x00, 0x00, 0x0e, 0x14, 0x01, 0x00,
    0x00, 0xe4, 0x8f, 0x00, 0x19, 0x78, 0x0d, 0xff, 0x1f, 0x00, 0x00, 0x00,
    0x0c, 0x14, 0x01, 0x00, 0x00, 0xc6, 0x0f, 0x01, 0x35, 0x72, 0x0e, 0x2e,
    0x0e, 0x00, 0x00, 0x80, 0x00, 0x02, 0x8e, 0x07, 0x00, 0xe4, 0x0f, 0x00,
    0x35, 0x72, 0x14, 0x28, 0x0c, 0x00, 0x00, 0x80, 0x00, 0x02, 0x8e, 0x07,
    0x00, 0xc6, 0x0f, 0x00, 0x19, 0x78, 0x11, 0xff, 0x1f, 0x00, 0x00, 0x00,
    0x10, 0x14, 0x01, 0x00, 0x00, 0xe2, 0x0f, 0x00, 0x45, 0x79, 0x07, 0x00,
    0xe0, 0xc9, 0x00, 0x00, 0x00, 0x01, 0x80, 0x03, 0x00, 0xe2, 0x0f, 0x00,
    0x0c, 0x72, 0x00, 0x00, 0xff, 0x00, 0x00, 0x00, 0x70, 0x42, 0x70, 0x00,
    0x00, 0xca, 0x4f, 0x00, 0x0c, 0x72, 0x00, 0x0f, 0xff, 0x00, 0x00, 0x00,
    0x70, 0x16, 0x70, 0x04, 0x00, 0xca, 0x0f, 0x00, 0x0c, 0x72, 0x00, 0x15,
    0xff, 0x00, 0x00, 0x00, 0x70, 0x16, 0x70, 0x00, 0x00, 0xca, 0x0f, 0x00,
    0x0c, 0x72, 0x00, 0x0e, 0x10, 0x00, 0x00, 0x00, 0x70, 0x66, 0x71, 0x00,
    0x00, 0xdc, 0x0f, 0x00, 0x47, 0x09, 0x5c, 0x00, 0xc8, 0x00, 0x00, 0x00,
    0x00, 0x00, 0x80, 0x03, 0x00, 0xea, 0x0f, 0x00, 0x81, 0x79, 0x0c, 0x26,
    0x06, 0xc4, 0x4d, 0x00, 0x00, 0x19, 0x1e, 0x0c, 0x00, 0xa4, 0x0e, 0x00,
    0x19, 0x78, 0x0d, 0xff, 0x1f, 0x00, 0x00, 0x00, 0x0c, 0x14, 0x01, 0x00,
    0x00, 0xca, 0x4f, 0x00, 0x0c, 0x72, 0x00, 0x14, 0x0c, 0x00, 0x00, 0x00,
    0x70, 0x62, 0xf1, 0x03, 0x00, 0xdc, 0x0f, 0x00, 0x47, 0x09, 0x4c, 0x00,
    0xc8, 0x00, 0x00, 0x00, 0x00, 0x00, 0x80, 0x03, 0x00, 0xea, 0x0f, 0x00,
    0x81, 0x79, 0x14, 0x26, 0x06, 0x40, 0x4d, 0x00, 0x00, 0x19, 0x1e, 0x0c,
    0x00, 0xa4, 0x0e, 0x00, 0x0b, 0x78, 0x00, 0x14, 0x00, 0x00, 0x80, 0x49,
    0x00, 0xc2, 0xf0, 0x03, 0x00, 0xda, 0x4f, 0x00, 0x42, 0x09, 0x07, 0x00,
    0x00, 0x00, 0x00, 0x00, 0x00, 0x01, 0x80, 0x03, 0x00, 0xea, 0x0f, 0x00,
    0x42, 0x09, 0x08, 0x00, 0x00, 0x00, 0x00, 0x00, 0x00, 0x01, 0x80, 0x03,
    0x00, 0xea, 0x0f, 0x00, 0x47, 0x09, 0x94, 0x00, 0xc8, 0x00, 0x00, 0x00,
    0x00, 0x00, 0x80, 0x03, 0x00, 0xea, 0x0f, 0x00, 0x81, 0x79, 0x15, 0x26,
    0x06, 0x44, 0x4d, 0x00, 0x00, 0x19, 0x1e, 0x0c, 0x00, 0xa4, 0x0e, 0x00,
    0x0b, 0x78, 0x00, 0x15, 0x00, 0x00, 0x80, 0x49, 0x00, 0xc2, 0xf0, 0x03,
    0x00, 0xda, 0x4f, 0x00, 0x42, 0x09, 0x07, 0x00, 0x00, 0x00, 0x00, 0x00,
    0x00, 0x01, 0x80, 0x03, 0x00, 0xea, 0x0f, 0x00, 0x42, 0x09, 0x08, 0x00,
    0x00, 0x00, 0x00, 0x00, 0x00, 0x01, 0x80, 0x03, 0x00, 0xea, 0x0f, 0x00,
    0x47, 0x09, 0x80, 0x00, 0xc8, 0x00, 0x00, 0x00, 0x00, 0x00, 0x80, 0x03,
    0x00, 0xea, 0x0f, 0x00, 0x81, 0x79, 0x00, 0x26, 0x06, 0x48, 0x4d, 0x00,
    0x00, 0x19, 0x1e, 0x0c, 0x00, 0xa4, 0x0e, 0x00, 0x0b, 0x78, 0x00, 0x00,
    0x00, 0x00, 0x80, 0x7f, 0x00, 0x52, 0xf0, 0x03, 0x00, 0xda, 0x4f, 0x00,
    0x42, 0x89, 0x07, 0x00, 0x00, 0x00, 0x00, 0x00, 0x00, 0x01, 0x80, 0x03,
    0x00, 0xea, 0x0f, 0x00, 0x42, 0x89, 0x08, 0x00, 0x00, 0x00, 0x00, 0x00,
    0x00, 0x01, 0x80, 0x03, 0x00, 0xea, 0x0f, 0x00, 0x47, 0x89, 0x6c, 0x00,
    0xc8, 0x00, 0x00, 0x00, 0x00, 0x00, 0x80, 0x03, 0x00, 0xea, 0x0f, 0x00,
    0x81, 0x79, 0x00, 0x26, 0x06, 0x4c, 0x4d, 0x00, 0x00, 0x19, 0x1e, 0x0c,
    0x00, 0xa4, 0x0e, 0x00, 0x0b, 0x78, 0x00, 0x00, 0x00, 0x00, 0x80, 0x7f,
    0x00, 0x52, 0xf0, 0x03, 0x00, 0xca, 0x4f, 0x00, 0x0b, 0x72, 0x00, 0x00,
    0xff, 0x00, 0x00, 0x00, 0x00, 0xb4, 0x70, 0x04, 0x00, 0xda, 0x0f, 0x00,
    0x42, 0x09, 0x07, 0x00, 0x00, 0x00, 0x00, 0x00, 0x00, 0x01, 0x80, 0x03,
    0x00, 0xea, 0x0f, 0x00, 0x42, 0x09, 0x08, 0x00, 0x00, 0x00, 0x00, 0x00,
    0x00, 0x01, 0x80, 0x03, 0x00, 0xea, 0x0f, 0x00, 0x47, 0x09, 0x54, 0x00,
    0xc8, 0x00, 0x00, 0x00, 0x00, 0x00, 0x80, 0x03, 0x00, 0xea, 0x0f, 0x00,
    0x81, 0x79, 0x16, 0x26, 0x06, 0x68, 0x4d, 0x00, 0x00, 0x19, 0x1e, 0x0c,
    0x00, 0xa4, 0x0e, 0x00, 0x0b, 0x78, 0x00, 0x16, 0x00, 0x00, 0x80, 0x49,
    0x00, 0xc2, 0xf0, 0x03, 0x00, 0xda, 0x4f, 0x00, 0x42, 0x09, 0x07, 0x00,
    0x00, 0x00, 0x00, 0x00, 0x00, 0x01, 0x80, 0x03, 0x00, 0xea, 0x0f, 0x00,
    0x42, 0x09, 0x08, 0x00, 0x00, 0x00, 0x00, 0x00, 0x00, 0x01, 0x80, 0x03,
    0x00, 0xea, 0x0f, 0x00, 0x47, 0x09, 0x40, 0x00, 0xc8, 0x00, 0x00, 0x00,
    0x00, 0x00, 0x80, 0x03, 0x00, 0xea, 0x0f, 0x00, 0x81, 0x79, 0x1c, 0x26,
    0x06, 0x6c, 0x4d, 0x00, 0x00, 0x19, 0x1e, 0x0c, 0x00, 0xa4, 0x0e, 0x00,
    0x0b, 0x78, 0x00, 0x1c, 0x00, 0x00, 0x80, 0x49, 0x00, 0xc2, 0xf0, 0x03,
    0x00, 0xda, 0x4f, 0x00, 0x42, 0x09, 0x07, 0x00, 0x00, 0x00, 0x00, 0x00,
    0x00, 0x01, 0x80, 0x03, 0x00, 0xea, 0x0f, 0x00, 0x42, 0x09, 0x08, 0x00,
    0x00, 0x00, 0x00, 0x00, 0x00, 0x01, 0x80, 0x03, 0x00, 0xea, 0x0f, 0x00,
    0x47, 0x09, 0x2c, 0x00, 0xc8, 0x00, 0x00, 0x00, 0x00, 0x00, 0x80, 0x03,
    0x00, 0xea, 0x0f, 0x00, 0x81, 0x79, 0x00, 0x26, 0x06, 0x70, 0x4d, 0x00,
    0x00, 0x19, 0x1e, 0x0c, 0x00, 0xa4, 0x0e, 0x00, 0x0b, 0x78, 0x00, 0x00,
    0x00, 0x00, 0x80, 0x7f, 0x00, 0x52, 0xf0, 0x03, 0x00, 0xda, 0x4f, 0x00,
    0x42, 0x89, 0x07, 0x00, 0x00, 0x00, 0x00, 0x00, 0x00, 0x01, 0x80, 0x03,
    0x00, 0xea, 0x0f, 0x00, 0x42, 0x89, 0x08, 0x00, 0x00, 0x00, 0x00, 0x00,
    0x00, 0x01, 0x80, 0x03, 0x00, 0xea, 0x0f, 0x00, 0x47, 0x89, 0x18, 0x00,
    0xc8, 0x00, 0x00, 0x00, 0x00, 0x00, 0x80, 0x03, 0x00, 0xea, 0x0f, 0x00,
    0x81, 0x79, 0x00, 0x26, 0x06, 0x74, 0x4d, 0x00, 0x00, 0x19, 0x1e, 0x0c,
    0x00, 0xa4, 0x0e, 0x00, 0x0b, 0x78, 0x00, 0x00, 0x00, 0x00, 0x80, 0x7f,
    0x00, 0x52, 0xf0, 0x03, 0x00, 0xca, 0x4f, 0x00, 0x0b, 0x72, 0x00, 0x00,
    0xff, 0x00, 0x00, 0x00, 0x00, 0xb4, 0x70, 0x04, 0x00, 0xda, 0x0f, 0x00,
    0x42, 0x09, 0x07, 0x00, 0x00, 0x00, 0x00, 0x00, 0x00, 0x01, 0x80, 0x03,
    0x00, 0xea, 0x0f, 0x00, 0x42, 0x09, 0x08, 0x00, 0x00, 0x00, 0x00, 0x00,
    0x00, 0x01, 0x80, 0x03, 0x00, 0xea, 0x0f, 0x00, 0x47, 0x09, 0x00, 0x00,
    0xc8, 0x00, 0x00, 0x00, 0x00, 0x00, 0x80, 0x03, 0x00, 0xea, 0x0f, 0x00,
    0x81, 0x79, 0x1a, 0x26, 0x06, 0x90, 0x4d, 0x00, 0x00, 0x19, 0x1e, 0x0c,
    0x00, 0xa4, 0x0e, 0x00, 0x0b, 0x78, 0x00, 0x1a, 0x00, 0x00, 0x80, 0x49,
    0x00, 0xc2, 0xf0, 0x03, 0x00, 0xda, 0x4f, 0x00, 0x42, 0x09, 0x07, 0x00,
    0x00, 0x00, 0x00, 0x00, 0x00, 0x01, 0x80, 0x03, 0x00, 0xea, 0x0f, 0x00,
    0x42, 0x09, 0x08, 0x00, 0x00, 0x00, 0x00, 0x00, 0x00, 0x01, 0x80, 0x03,
    0x00, 0xea, 0x0f, 0x00, 0x47, 0x09, 0xec, 0x00, 0xc4, 0x00, 0x00, 0x00,
    0x00, 0x00, 0x80, 0x03, 0x00, 0xea, 0x0f, 0x00, 0x81, 0x79, 0x1e, 0x26,
    0x06, 0x94, 0x4d, 0x00, 0x00, 0x19, 0x1e, 0x0c, 0x00, 0xa4, 0x0e, 0x00,
    0x0b, 0x78, 0x00, 0x1e, 0x00, 0x00, 0x80, 0x49, 0x00, 0xc2, 0xf0, 0x03,
    0x00, 0xda, 0x4f, 0x00, 0x42, 0x09, 0x07, 0x00, 0x00, 0x00, 0x00, 0x00,
    0x00, 0x01, 0x80, 0x03, 0x00, 0xea, 0x0f, 0x00, 0x42, 0x09, 0x08, 0x00,
    0x00, 0x00, 0x00, 0x00, 0x00, 0x01, 0x80, 0x03, 0x00, 0xea, 0x0f, 0x00,
    0x47, 0x09, 0xd8, 0x00, 0xc4, 0x00, 0x00, 0x00, 0x00, 0x00, 0x80, 0x03,
    0x00, 0xea, 0x0f, 0x00, 0x81, 0x79, 0x00, 0x26, 0x06, 0x98, 0x4d, 0x00,
    0x00, 0x19, 0x1e, 0x0c, 0x00, 0xa4, 0x0e, 0x00, 0x0b, 0x78, 0x00, 0x00,
    0x00, 0x00, 0x80, 0x7f, 0x00, 0x52, 0xf0, 0x03, 0x00, 0xda, 0x4f, 0x00,
    0x42, 0x89, 0x07, 0x00, 0x00, 0x00, 0x00, 0x00, 0x00, 0x01, 0x80, 0x03,
    0x00, 0xea, 0x0f, 0x00, 0x42, 0x89, 0x08, 0x00, 0x00, 0x00, 0x00, 0x00,
    0x00, 0x01, 0x80, 0x03, 0x00, 0xea, 0x0f, 0x00, 0x47, 0x89, 0xc4, 0x00,
    0xc4, 0x00, 0x00, 0x00, 0x00, 0x00, 0x80, 0x03, 0x00, 0xea, 0x0f, 0x00,
    0x81, 0x79, 0x00, 0x26, 0x06, 0x9c, 0x4d, 0x00, 0x00, 0x19, 0x1e, 0x0c,
    0x00, 0xa4, 0x0e, 0x00, 0x0b, 0x78, 0x00, 0x00, 0x00, 0x00, 0x80, 0x7f,
    0x00, 0x52, 0xf0, 0x03, 0x00, 0xca, 0x4f, 0x00, 0x0b, 0x72, 0x00, 0x00,
    0xff, 0x00, 0x00, 0x00, 0x00, 0xb4, 0x70, 0x04, 0x00, 0xda, 0x0f, 0x00,
    0x42, 0x09, 0x07, 0x00, 0x00, 0x00, 0x00, 0x00, 0x00, 0x01, 0x80, 0x03,
    0x00, 0xea, 0x0f, 0x00, 0x42, 0x09, 0x08, 0x00, 0x00, 0x00, 0x00, 0x00,
    0x00, 0x01, 0x80, 0x03, 0x00, 0xea, 0x0f, 0x00, 0x47, 0x09, 0xac, 0x00,
    0xc4, 0x00, 0x00, 0x00, 0x00, 0x00, 0x80, 0x03, 0x00, 0xea, 0x0f, 0x00,
    0x0c, 0x72, 0x00, 0x0a, 0xff, 0x00, 0x00, 0x00, 0x70, 0x50, 0xf0, 0x03,
    0x00, 0xda, 0x0f, 0x00, 0x47, 0x89, 0xe0, 0x00, 0x00, 0x00, 0x00, 0x00,
    0x00, 0x00, 0x80, 0x03, 0x00, 0xea, 0x0f, 0x00, 0x0c, 0x78, 0x00, 0x0a,
    0x00, 0x01, 0x00, 0x00, 0x70, 0x50, 0xf2, 0x03, 0x00, 0xe2, 0x0f, 0x04,
    0x02, 0x72, 0x00, 0x00, 0x15, 0x00, 0x00, 0x00, 0x00, 0x0f, 0x00, 0x00,
    0x00, 0xe2, 0x0f, 0x00, 0x02, 0x72, 0x03, 0x00, 0x14, 0x00, 0x00, 0x00,
    0x00, 0x0f, 0x00, 0x00, 0x00, 0xe2, 0x0f, 0x00, 0x0c, 0x78, 0x00, 0x0a,
    0x80, 0x00, 0x00, 0x00, 0x70, 0x20, 0xf4, 0x03, 0x00, 0xe2, 0x0f, 0x00,
    0x31, 0x74, 0x0b, 0xff, 0x00, 0x00, 0x00, 0x00, 0xff, 0x01, 0x00, 0x00,
    0x00, 0xe2, 0x0f, 0x00, 0x05, 0x78, 0x0c, 0x00, 0x00, 0x00, 0x00, 0x00,
    0x00, 0xff, 0x01, 0x00, 0x00, 0xd0, 0x0f, 0x00, 0x02, 0x12, 0x00, 0x00,
    0x1c, 0x00, 0x00, 0x00, 0x00, 0x0f, 0x00, 0x00, 0x00, 0xe2, 0x0f, 0x00,
    0x02, 0x12, 0x03, 0x00, 0x16, 0x00, 0x00, 0x00, 0x00, 0x0f, 0x00, 0x00,
    0x00, 0xe2, 0x0f, 0x00, 0x02, 0x18, 0x0b, 0x00, 0x01, 0x00, 0x00, 0x00,
    0x00, 0x0f, 0x00, 0x00, 0x00, 0xc6, 0x0f, 0x00, 0x21, 0x72, 0x0e, 0x15,
    0x00, 0x00, 0x00, 0x00, 0x00, 0x01, 0x00, 0x00, 0x00, 0xe2, 0x0f, 0x00,
    0x21, 0x72, 0x0f, 0x14, 0x03, 0x00, 0x00, 0x00, 0x00, 0x01, 0x00, 0x00,
    0x00, 0xca, 0x0f, 0x00, 0x09, 0x72, 0x00, 0x0f, 0x0e, 0x00, 0x00, 0x40,
    0x00, 0x02, 0x80, 0x07, 0x00, 0xca, 0x0f, 0x00, 0x0b, 0x78, 0x00, 0x00,
    0x00, 0x04, 0x00, 0x46, 0x00, 0x60, 0xf0, 0x03, 0x00, 0xda, 0x0f, 0x00,
    0x42, 0x09, 0x07, 0x00, 0x00, 0x00, 0x00, 0x00, 0x00, 0x01, 0x00, 0x01,
    0x00, 0xea, 0x0f, 0x00, 0x42, 0x09, 0x08, 0x00, 0x00, 0x00, 0x00, 0x00,
    0x00, 0x01, 0x00, 0x01, 0x00, 0xea, 0x0f, 0x00, 0x47, 0x09, 0x64, 0x00,
    0xc4, 0x00, 0x00, 0x00, 0x00, 0x00, 0x00, 0x01, 0x00, 0xea, 0x0f, 0x00,
    0x05, 0x73, 0x12, 0x00, 0x00, 0x00, 0x00, 0x00, 0x00, 0xf1, 0x20, 0x00,
    0x00, 0x22, 0x0e, 0x00, 0x0b, 0x78, 0x00, 0x00, 0x00, 0x00, 0x80, 0x3f,
    0x00, 0x60, 0xf0, 0x03, 0x00, 0xe2, 0x0f, 0x00, 0x45, 0x79, 0x00, 0x00,
    0x40, 0x02, 0x00, 0x00, 0x00, 0x02, 0x80, 0x03, 0x00, 0xe2, 0x0f, 0x00,
    0x02, 0x72, 0x20, 0x00, 0xff, 0x00, 0x00, 0x00, 0x00, 0x0f, 0x01, 0x00,
    0x00, 0xe4, 0x0f, 0x00, 0x02, 0x72, 0x10, 0x00, 0xff, 0x00, 0x00, 0x00,
    0x00, 0x0f, 0x00, 0x00, 0x00, 0xe2, 0x0f, 0x00, 0x0c, 0x78, 0x00, 0x0a,
    0x80, 0x00, 0x00, 0x00, 0x70, 0x54, 0x70, 0x04, 0x00, 0xe2, 0x0f, 0x00,
    0x48, 0x78, 0x12, 0x12, 0x01, 0x00, 0x00, 0x00, 0x00, 0x01, 0xfe, 0x07,
    0x00, 0xca, 0x1f, 0x00, 0x07, 0x72, 0x11, 0x12, 0xff, 0x00, 0x00, 0x00,
    0x00, 0x00, 0x80, 0x00, 0x00, 0xce, 0x0f, 0x00, 0x47, 0x09, 0x70, 0x00,
    0x00, 0x00, 0x00, 0x00, 0x00, 0x00, 0x80, 0x03, 0x00, 0xea, 0x0f, 0x00,
    0x0b, 0x72, 0x00, 0x0f, 0x0e, 0x00, 0x00, 0x40, 0x00, 0x62, 0xf0, 0x03,
    0x00, 0xe2, 0x0f, 0x04, 0x45, 0x72, 0x10, 0x00, 0x12, 0x00, 0x00, 0x00,
    0x00, 0x10, 0x20, 0x00, 0x00, 0xe2, 0x0f, 0x00, 0x45, 0x79, 0x01, 0x00,
    0x40, 0x01, 0x00, 0x00, 0x00, 0x02, 0x80, 0x03, 0x00, 0xe6, 0x0f, 0x00,
    0x07, 0x72, 0x00, 0x2e, 0x04, 0x00, 0x00, 0x00, 0x00, 0x00, 0x00, 0x00,
    0x00, 0xe2, 0x0f, 0x00, 0x08, 0x72, 0x16, 0x0f, 0x0e, 0x00, 0x00, 0x00,
    0x00, 0x00, 0x00, 0x00, 0x00, 0xc8, 0x0f, 0x00, 0x08, 0x73, 0x11, 0x00,
    0x16, 0x00, 0x00, 0x00, 0x00, 0x10, 0x00, 0x00, 0x00, 0x22, 0x0e, 0x00,
    0x45, 0x72, 0x03, 0x00, 0x00, 0x00, 0x00, 0x00, 0x00, 0x10, 0x20, 0x00,
    0x00, 0xe2, 0x0f, 0x00, 0x08, 0x72, 0x00, 0x14, 0x15, 0x00, 0x00, 0x00,
    0x00, 0x00, 0x00, 0x00, 0x00, 0xc8, 0x0f, 0x00, 0x21, 0x74, 0x03, 0x03,
    0x00, 0x00, 0x00, 0x3f, 0x00, 0x00, 0x00, 0x00, 0x00, 0xc8, 0x0f, 0x00,
    0x21, 0x72, 0x03, 0x00, 0x03, 0x00, 0x00, 0x00, 0x00, 0x01, 0x00, 0x00,
    0x00, 0xc8, 0x0f, 0x00, 0x20, 0x72, 0x03, 0x03, 0x10, 0x00, 0x00, 0x00,
    0x00, 0x00, 0x40, 0x00, 0x00, 0xc8, 0x0f, 0x00, 0x02, 0x73, 0x00, 0x03,
    0x16, 0x00, 0x00, 0x00, 0x00, 0x00, 0x00, 0x00, 0x00, 0x62, 0x0e, 0x00,
    0x23, 0x74, 0x00, 0x16, 0x00, 0x00, 0x80, 0x3f, 0x11, 0x01, 0x00, 0x00,
    0x00, 0xc8, 0x1f, 0x00, 0x23, 0x72, 0x00, 0x11, 0x00, 0x00, 0x00, 0x00,
    0x11, 0x00, 0x00, 0x00, 0x00, 0xc8, 0x0f, 0x00, 0x23, 0x72, 0x11, 0x03,
    0x00, 0x00, 0x00, 0x00, 0xff, 0x00, 0x00, 0x00, 0x00, 0xc8, 0x0f, 0x00,
    0x23, 0x72, 0x10, 0x16, 0x11, 0x00, 0x00, 0x00, 0x03, 0x01, 0x00, 0x00,
    0x00, 0xc8, 0x0f, 0x00, 0x23, 0x72, 0x00, 0x00, 0x10, 0x00, 0x00, 0x00,
    0x11, 0x00, 0x00, 0x00, 0x00, 0xe2, 0x0f, 0x00, 0x47, 0x89, 0x0c, 0x00,
    0x00, 0x00, 0x00, 0x00, 0x00, 0x00, 0x80, 0x03, 0x00, 0xec, 0x2f, 0x00,
    0x02, 0x72, 0x00, 0x00, 0x16, 0x00, 0x00, 0x00, 0x00, 0x0f, 0x00, 0x00,
    0x00, 0xe2, 0x0f, 0x00, 0x02, 0x78, 0x44, 0x00, 0xe0, 0x2e, 0x00, 0x00,
    0x00, 0x0f, 0x00, 0x00, 0x00, 0xce, 0x0f, 0x00, 0x44, 0x79, 0x38, 0x00,
    0xcc, 0x00, 0x00, 0x00, 0x00, 0x00, 0xc0, 0x03, 0x00, 0xea, 0x0f, 0x02,
    0x18, 0x79, 0x00, 0x00, 0x00, 0x00, 0x00, 0x00, 0x00, 0x00, 0x00, 0x00,
    0x00, 0xe2, 0x0f, 0x00, 0x41, 0x79, 0x01, 0x00, 0x00, 0x00, 0x00, 0x00,
    0x00, 0x02, 0x80, 0x03, 0x00, 0xea, 0x0f, 0x00, 0x05, 0x73, 0x00, 0x00,
    0x00, 0x00, 0x00, 0x00, 0x00, 0x71, 0x20, 0x00, 0x00, 0x24, 0x0e, 0x00,
    0x48, 0x78, 0x10, 0x00, 0x02, 0x00, 0x00, 0x00, 0x00, 0x01, 0xfe, 0x07,
    0x00, 0xe2, 0x1f, 0x04, 0x35, 0x78, 0x11, 0x00, 0x03, 0x00, 0x00, 0x00,
    0x00, 0x00, 0x8e, 0x07, 0x00, 0xc8, 0x0f, 0x00, 0x35, 0x78, 0x10, 0x10,
    0xfe, 0xff, 0xff, 0xff, 0x00, 0x00, 0x8e, 0x07, 0x00, 0xe2, 0x0f, 0x00,
    0x48, 0x72, 0x11, 0x12, 0x11, 0x00, 0x00, 0x00, 0x00, 0x01, 0xfe, 0x03,
    0x00, 0xce, 0x0f, 0x00, 0x18, 0x79, 0x00, 0x00, 0x00, 0x00, 0x00, 0x00,
    0x00, 0x00, 0x00, 0x00, 0x00, 0xe2, 0x0f, 0x00, 0x41, 0x79, 0x00, 0x00,
    0x00, 0x00, 0x00, 0x00, 0x00, 0x02, 0x80, 0x03, 0x00, 0xea, 0x0f, 0x00,
    0x47, 0x79, 0x98, 0x00, 0x08, 0x00, 0x00, 0x00, 0x00, 0x00, 0x80, 0x03,
    0x00, 0xea, 0x0f, 0x00, 0x20, 0x78, 0x0c, 0x14, 0x00, 0x00, 0x80, 0x41,
    0x00, 0x00, 0x40, 0x00, 0x00, 0xe2, 0x0f, 0x00, 0x20, 0x78, 0x0e, 0x15,
    0x00, 0x00, 0x80, 0x41, 0x00, 0x00, 0x40, 0x00, 0x00, 0xe2, 0x0f, 0x00,
    0x20, 0x78, 0x1c, 0x1c, 0x00, 0x00, 0x80, 0x41, 0x00, 0x00, 0x40, 0x00,
    0x00, 0xe2, 0x0f, 0x00, 0x20, 0x78, 0x1a, 0x1a, 0x00, 0x00, 0x80, 0x41,
    0x00, 0x00, 0x40, 0x00, 0x00, 0xe2, 0x0f, 0x00, 0x20, 0x78, 0x16, 0x16,
    0x00, 0x00, 0x80, 0x41, 0x00, 0x00, 0x40, 0x00, 0x00, 0xe2, 0x0f, 0x00,
    0x20, 0x78, 0x1e, 0x1e, 0x00, 0x00, 0x80, 0x41, 0x00, 0x00, 0x40, 0x00,
    0x00, 0xe2, 0x0f, 0x00, 0x11, 0x73, 0x0c, 0x00, 0x0c, 0x00, 0x00, 0x00,
    0x00, 0x19, 0x20, 0x00, 0x00, 0xde, 0x0f, 0x00, 0x18, 0x79, 0x00, 0x00,
    0x00, 0x00, 0x00, 0x00, 0x00, 0x00, 0x00, 0x00, 0x00, 0xde, 0x0f, 0x00,
    0x18, 0x79, 0x00, 0x00, 0x00, 0x00, 0x00, 0x00, 0x00, 0x00, 0x00, 0x00,
    0x00, 0xde, 0x0f, 0x00, 0x18, 0x79, 0x00, 0x00, 0x00, 0x00, 0x00, 0x00,
    0x00, 0x00, 0x00, 0x00, 0x00, 0xde, 0x0f, 0x00, 0x18, 0x79, 0x00, 0x00,
    0x00, 0x00, 0x00, 0x00, 0x00, 0x00, 0x00, 0x00, 0x00, 0xc8, 0x0f, 0x00,
    0x11, 0x73, 0x0e, 0x00, 0x0e, 0x00, 0x00, 0x00, 0x00, 0x19, 0x20, 0x00,
    0x00, 0xde, 0x0f, 0x00, 0x18, 0x79, 0x00, 0x00, 0x00, 0x00, 0x00, 0x00,
    0x00, 0x00, 0x00, 0x00, 0x00, 0xde, 0x0f, 0x00, 0x18, 0x79, 0x00, 0x00,
    0x00, 0x00, 0x00, 0x00, 0x00, 0x00, 0x00, 0x00, 0x00, 0xde, 0x0f, 0x00,
    0x18, 0x79, 0x00, 0x00, 0x00, 0x00, 0x00, 0x00, 0x00, 0x00, 0x00, 0x00,
    0x00, 0xde, 0x0f, 0x00, 0x18, 0x79, 0x00, 0x00, 0x00, 0x00, 0x00, 0x00,
    0x00, 0x00, 0x00, 0x00, 0x00, 0xc8, 0x0f, 0x00, 0x11, 0x73, 0x1c, 0x00,
    0x1c, 0x00, 0x00, 0x00, 0x00, 0x19, 0x20, 0x00, 0x00, 0x24, 0x0e, 0x00,
    0x35, 0x72, 0x18, 0x0e, 0x1c, 0x00, 0x00, 0x00, 0x00, 0x03, 0x8e, 0x07,
    0x00, 0xde, 0x1f, 0x00, 0x18, 0x79, 0x00, 0x00, 0x00, 0x00, 0x00, 0x00,
    0x00, 0x00, 0x00, 0x00, 0x00, 0xde, 0x0f, 0x00, 0x18, 0x79, 0x00, 0x00,
    0x00, 0x00, 0x00, 0x00, 0x00, 0x00, 0x00, 0x00, 0x00, 0xde, 0x0f, 0x00,
    0x18, 0x79, 0x00, 0x00, 0x00, 0x00, 0x00, 0x00, 0x00, 0x00, 0x00, 0x00,
    0x00, 0xde, 0x0f, 0x00, 0x18, 0x79, 0x00, 0x00, 0x00, 0x00, 0x00, 0x00,
    0x00, 0x00, 0x00, 0x00, 0x00, 0xc4, 0x0f, 0x00, 0x11, 0x73, 0x1a, 0x00,
    0x1a, 0x00, 0x00, 0x00, 0x00, 0x19, 0x20, 0x00, 0x00, 0x24, 0x0e, 0x00,
    0x35, 0x72, 0x20, 0x0c, 0x1a, 0x00, 0x00, 0x80, 0x00, 0x02, 0x8e, 0x07,
    0x00, 0xcc, 0x1f, 0x00, 0x24, 0x72, 0x03, 0x21, 0x18, 0x00, 0x00, 0x00,
    0xff, 0x02, 0x8e, 0x07, 0x00, 0xe4, 0x0f, 0x08, 0x25, 0x72, 0x22, 0x20,
    0x18, 0x00, 0x00, 0x00, 0xff, 0x00, 0x8e, 0x07, 0x00, 0xc8, 0x0f, 0x00,
    0x24, 0x72, 0x03, 0x19, 0x20, 0x00, 0x00, 0x00, 0x03, 0x02, 0x8e, 0x07,
    0x00, 0xca, 0x0f, 0x00, 0x35, 0x72, 0x23, 0x23, 0x03, 0x00, 0x00, 0x00,
    0x00, 0x00, 0x8e, 0x07, 0x00, 0xde, 0x0f, 0x00, 0x18, 0x79, 0x00, 0x00,
    0x00, 0x00, 0x00, 0x00, 0x00, 0x00, 0x00, 0x00, 0x00, 0xde, 0x0f, 0x00,
    0x18, 0x79, 0x00, 0x00, 0x00, 0x00, 0x00, 0x00, 0x00, 0x00, 0x00, 0x00,
    0x00, 0xde, 0x0f, 0x00, 0x11, 0x73, 0x16, 0x00, 0x16, 0x00, 0x00, 0x00,
    0x00, 0x19, 0x20, 0x00, 0x00, 0x24, 0x0e, 0x00, 0x35, 0x72, 0x10, 0x0c,
    0x16, 0x00, 0x00, 0x00, 0x00, 0x03, 0x8e, 0x07, 0x00, 0xde, 0x1f, 0x00,
    0x18, 0x79, 0x00, 0x00, 0x00, 0x00, 0x00, 0x00, 0x00, 0x00, 0x00, 0x00,
    0x00, 0xde, 0x0f, 0x00, 0x18, 0x79, 0x00, 0x00, 0x00, 0x00, 0x00, 0x00,
    0x00, 0x00, 0x00, 0x00, 0x00, 0xde, 0x0f, 0x00, 0x18, 0x79, 0x00, 0x00,
    0x00, 0x00, 0x00, 0x00, 0x00, 0x00, 0x00, 0x00, 0x00, 0xde, 0x0f, 0x00,
    0x18, 0x79, 0x00, 0x00, 0x00, 0x00, 0x00, 0x00, 0x00, 0x00, 0x00, 0x00,
    0x00, 0xc4, 0x0f, 0x00, 0x11, 0x73, 0x1e, 0x00, 0x1e, 0x00, 0x00, 0x00,
    0x00, 0x19, 0x20, 0x00, 0x00, 0x24, 0x0e, 0x00, 0x35, 0x72, 0x14, 0x0e,
    0x1e, 0x00, 0x00, 0x00, 0x00, 0x03, 0x8e, 0x07, 0x00, 0xcc, 0x1f, 0x00,
    0x24, 0x72, 0x0b, 0x15, 0x10, 0x00, 0x00, 0x00, 0xff, 0x02, 0x8e, 0x07,
    0x00, 0xc8, 0x0f, 0x00, 0x24, 0x72, 0x0b, 0x11, 0x14, 0x00, 0x00, 0x00,
    0x0b, 0x02, 0x8e, 0x07, 0x00, 0xe4, 0x0f, 0x08, 0x25, 0x72, 0x10, 0x10,
    0x14, 0x00, 0x00, 0x00, 0x22, 0x00, 0x8e, 0x07, 0x00, 0xca, 0x0f, 0x00,
    0x35, 0x72, 0x11, 0x11, 0x0b, 0x00, 0x00, 0x00, 0x00, 0x00, 0x8e, 0x07,
    0x00, 0xca, 0x0f, 0x00, 0x0c, 0x72, 0x00, 0x10, 0xff, 0x00, 0x00, 0x00,
    0x70, 0x50, 0xf1, 0x03, 0x00, 0xdc, 0x0f, 0x00, 0x47, 0x89, 0xb8, 0x00,
    0xbc, 0x00, 0x00, 0x00, 0x00, 0x00, 0x80, 0x03, 0x00, 0xea, 0x0f, 0x00,
    0x0c, 0x78, 0x00, 0x10, 0xff, 0xff, 0xff, 0xff, 0x70, 0x42, 0xf5, 0x03,
    0x00, 0xe4, 0x0f, 0x00, 0x24, 0x78, 0x00, 0x04, 0x10, 0x00, 0x00, 0x00,
    0xff, 0x00, 0x8e, 0x07, 0x00, 0xe2, 0x0f, 0x00, 0x02, 0x72, 0x14, 0x00,
    0x16, 0x00, 0x00, 0x00, 0x00, 0x0f, 0x01, 0x00, 0x00, 0xe4, 0x0f, 0x00,
    0x24, 0x78, 0x03, 0x2e, 0x10, 0x00, 0x00, 0x00, 0xff, 0x00, 0x8e, 0x07,
    0x00, 0xe2, 0x0f, 0x00, 0x19, 0x78, 0x41, 0xff, 0x1c, 0x00, 0x00, 0x00,
    0x04, 0x16, 0x01, 0x00, 0x00, 0xe2, 0x0f, 0x00, 0x02, 0x72, 0x18, 0x00,
    0x1e, 0x00, 0x00, 0x00, 0x00, 0x0f, 0x01, 0x00, 0x00, 0xe4, 0x0f, 0x00,
    0x45, 0x79, 0x00, 0x00, 0x70, 0x03, 0x00, 0x00, 0x00, 0x02, 0x80, 0x03,
    0x00, 0xe2, 0x0f, 0x00, 0x12, 0x78, 0x40, 0x00, 0x08, 0x00, 0x00, 0x00,
    0xff, 0xfc, 0x8e, 0x07, 0x00, 0xc4, 0x0f, 0x00, 0x12, 0x78, 0x20, 0x03,
    0x08, 0x00, 0x00, 0x00, 0xff, 0xfc, 0x8e, 0x07, 0x00, 0xe4, 0x0f, 0x00,
    0x02, 0xa2, 0x14, 0x00, 0x1a, 0x00, 0x00, 0x00, 0x00, 0x0f, 0x01, 0x00,
    0x00, 0xe4, 0x0f, 0x00, 0x02, 0xa2, 0x1a, 0x00, 0x16, 0x00, 0x00, 0x00,
    0x00, 0x0f, 0x01, 0x00, 0x00, 0xe4, 0x0f, 0x00, 0x02, 0x72, 0x16, 0x00,
    0x1c, 0x00, 0x00, 0x00, 0x00, 0x0f, 0x01, 0x00, 0x00, 0xe4, 0x0f, 0x00,
    0x02, 0xa2, 0x16, 0x00, 0x1e, 0x00, 0x00, 0x00, 0x00, 0x0f, 0x01, 0x00,
    0x00, 0xe4, 0x0f, 0x00, 0x35, 0x72, 0x22, 0x14, 0x1a, 0x00, 0x00, 0x00,
    0x00, 0x03, 0x8e, 0x07, 0x00, 0xc4, 0x0f, 0x00, 0x35, 0x72, 0x42, 0x40,
    0x16, 0x00, 0x00, 0x80, 0x00, 0x02, 0x8e, 0x07, 0x00, 0xe4, 0x0f, 0x00,
    0x02, 0xa2, 0x18, 0x00, 0x1c, 0x00, 0x00, 0x00, 0x00, 0x0f, 0x01, 0x00,
    0x00, 0xe4, 0x0f, 0x00, 0x35, 0x72, 0x46, 0x0c, 0x1a, 0x00, 0x00, 0x80,
    0x00, 0x02, 0x8e, 0x07, 0x00, 0xe4, 0x0f, 0x00, 0x24, 0x72, 0x03, 0x23,
    0x42, 0x00, 0x00, 0x00, 0xff, 0x02, 0x8e, 0x07, 0x00, 0xe2, 0x0f, 0x08,
    0x19, 0x78, 0x21, 0xff, 0x1c, 0x00, 0x00, 0x00, 0x2e, 0x16, 0x01, 0x00,
    0x00, 0xe2, 0x0f, 0x00, 0x25, 0x72, 0x24, 0x22, 0x42, 0x00, 0x00, 0x00,
    0xff, 0x00, 0x8e, 0x07, 0x00, 0xe2, 0x0f, 0x00, 0x35, 0x72, 0x44, 0x18,
    0x16, 0x00, 0x00, 0x80, 0x00, 0x02, 0x8e, 0x07, 0x00, 0xe4, 0x0f, 0x00,
    0x35, 0x72, 0x48, 0x40, 0x18, 0x00, 0x00, 0x80, 0x00, 0x02, 0x8e, 0x07,
    0x00, 0xc4, 0x0f, 0x00, 0x24, 0x72, 0x03, 0x22, 0x43, 0x00, 0x00, 0x00,
    0x03, 0x02, 0x8e, 0x07, 0x00, 0xe2, 0x0f, 0x00, 0x35, 0x72, 0x42, 0x20,
    0x14, 0x00, 0x00, 0x00, 0x00, 0x03, 0x8e, 0x07, 0x00, 0xe4, 0x0f, 0x00,
    0x35, 0x72, 0x40, 0x0e, 0x40, 0x00, 0x00, 0x00, 0x00, 0x03, 0x8e, 0x07,
    0x00, 0xe4, 0x0f, 0x00, 0x35, 0x72, 0x25, 0x25, 0x03, 0x00, 0x00, 0x00,
    0x00, 0x00, 0x8e, 0x07, 0x00, 0xe2, 0x0f, 0x00, 0x24, 0x72, 0x0b, 0x49,
    0x46, 0x00, 0x00, 0x00, 0xff, 0x02, 0x8e, 0x07, 0x00, 0xe2, 0x0f, 0x00,
    0x1c, 0x78, 0x08, 0x00, 0x00, 0x00, 0x00, 0x00, 0x70, 0xf0, 0xf0, 0x03,
    0x00, 0xe2, 0x0f, 0x00, 0x24, 0x72, 0x03, 0x45, 0x42, 0x00, 0x00, 0x00,
    0xff, 0x02, 0x8e, 0x07, 0x00, 0xe4, 0x0f, 0x00, 0x25, 0x72, 0x22, 0x48,
    0x46, 0x00, 0x00, 0x00, 0xff, 0x00, 0x8e, 0x07, 0x00, 0xc8, 0x0f, 0x00,
    0x24, 0x72, 0x03, 0x44, 0x43, 0x00, 0x00, 0x00, 0x03, 0x02, 0x8e, 0x07,
    0x00, 0xe4, 0x0f, 0x04, 0x25, 0x72, 0x42, 0x44, 0x42, 0x00, 0x00, 0x00,
    0x24, 0x00, 0x8e, 0x07, 0x00, 0xe2, 0x0f, 0x00, 0x35, 0x72, 0x44, 0x0e,
    0x18, 0x00, 0x00, 0x80, 0x00, 0x02, 0x8e, 0x07, 0x00, 0xc6, 0x0f, 0x00,
    0x24, 0x72, 0x0b, 0x47, 0x48, 0x00, 0x00, 0x00, 0x0b, 0x02, 0x8e, 0x07,
    0x00, 0xe2, 0x0f, 0x00, 0x35, 0x72, 0x46, 0x0c, 0x14, 0x00, 0x00, 0x00,
    0x00, 0x03, 0x8e, 0x07, 0x00, 0xe4, 0x0f, 0x00, 0x35, 0x72, 0x4d, 0x43,
    0x03, 0x00, 0x00, 0x00, 0x00, 0x00, 0x8e, 0x07, 0x00, 0xe2, 0x0f, 0x00,
    0x35, 0x72, 0x48, 0x20, 0x1a, 0x00, 0x00, 0x00, 0x00, 0x03, 0x8e, 0x07,
    0x00, 0xc6, 0x0f, 0x00, 0x24, 0x72, 0x4b, 0x47, 0x40, 0x00, 0x00, 0x00,
    0xff, 0x02, 0x8e, 0x07, 0x00, 0xe2, 0x0f, 0x08, 0x0c, 0x72, 0x00, 0x4d,
    0xff, 0x00, 0x00, 0x00, 0x70, 0x62, 0xf2, 0x03, 0x00, 0xe2, 0x0f, 0x00,
    0x25, 0x72, 0x24, 0x46, 0x40, 0x00, 0x00, 0x00, 0xff, 0x00, 0x8e, 0x07,
    0x00, 0xe2, 0x0f, 0x00, 0x35, 0x72, 0x47, 0x23, 0x0b, 0x00, 0x00, 0x00,
    0x00, 0x00, 0x8e, 0x07, 0x00, 0xc6, 0x0f, 0x00, 0x24, 0x72, 0x4b, 0x46,
    0x41, 0x00, 0x00, 0x00, 0x4b, 0x02, 0x8e, 0x07, 0x00, 0xe2, 0x0f, 0x00,
    0x02, 0x72, 0x46, 0x00, 0x22, 0x00, 0x00, 0x00, 0x00, 0x0f, 0x00, 0x00,
    0x00, 0xe2, 0x0f, 0x00, 0x24, 0x72, 0x03, 0x45, 0x48, 0x00, 0x00, 0x00,
    0xff, 0x02, 0x8e, 0x07, 0x00, 0xe2, 0x0f, 0x00, 0x35, 0x72, 0x22, 0x0c,
    0x20, 0x00, 0x00, 0x80, 0x00, 0x02, 0x8e, 0x07, 0x00, 0xe4, 0x0f, 0x00,
    0x35, 0x72, 0x20, 0x0e, 0x16, 0x00, 0x00, 0x00, 0x00, 0x03, 0x8e, 0x07,
    0x00, 0xe4, 0x0f, 0x00, 0x24, 0x72, 0x0b, 0x44, 0x49, 0x00, 0x00, 0x00,
    0x03, 0x02, 0x8e, 0x07, 0x00, 0xe2, 0x0f, 0x04, 0x35, 0x72, 0x03, 0x25,
    0x4b, 0x00, 0x00, 0x00, 0x00, 0x00, 0x8e, 0x07, 0x00, 0xe2, 0x0f, 0x00,
    0x25, 0x72, 0x44, 0x44, 0x48, 0x00, 0x00, 0x00, 0x46, 0x00, 0x8e, 0x07,
    0x00, 0xc8, 0x0f, 0x00, 0x24, 0x72, 0x41, 0x21, 0x22, 0x00, 0x00, 0x00,
    0xff, 0x02, 0x8e, 0x07, 0x00, 0xe2, 0x0f, 0x00, 0x35, 0x72, 0x0b, 0x45,
    0x0b, 0x00, 0x00, 0x00, 0x00, 0x00, 0x8e, 0x07, 0x00, 0xe2, 0x0f, 0x00,
    0x47, 0x99, 0x20, 0x00, 0x00, 0x00, 0x00, 0x00, 0x00, 0x00, 0x80, 0x03,
    0x00, 0xec, 0x0f, 0x00, 0x02, 0x72, 0x43, 0x00, 0x4d, 0x00, 0x00, 0x00,
    0x00, 0x0f, 0x00, 0x00, 0x00, 0xca, 0x0f, 0x00, 0x0c, 0x72, 0x00, 0x42,
    0xff, 0x00, 0x00, 0x00, 0x70, 0x50, 0xf7, 0x03, 0x00, 0xdc, 0x0f, 0x00,
    0x0c, 0xb2, 0x00, 0x18, 0x16, 0x00, 0x00, 0x00, 0x70, 0x62, 0xf3, 0x03,
    0x00, 0xe4, 0x0f, 0x00, 0x0c, 0xb2, 0x00, 0x1a, 0x14, 0x00, 0x00, 0x00,
    0x70, 0x62, 0xf1, 0x03, 0x00, 0xc8, 0x0f, 0x00, 0x0c, 0xb2, 0x00, 0x1e,
    0x1c, 0x00, 0x00, 0x00, 0x70, 0x50, 0xf3, 0x00, 0x00, 0xe4, 0x0f, 0x0c,
    0x0c, 0xb2, 0x00, 0x1e, 0x1c, 0x00, 0x00, 0x00, 0x70, 0x20, 0x79, 0x00,
    0x00, 0xc6, 0x0f, 0x00, 0x1c, 0x78, 0x80, 0x00, 0x00, 0x00, 0x00, 0x00,
    0x70, 0xe1, 0xf0, 0x03, 0x00, 0xe4, 0x0f, 0x00, 0x1c, 0xb8, 0x8f, 0x00,
    0x00, 0x00, 0x00, 0x00, 0x70, 0x3f, 0x70, 0x02, 0x00, 0xda, 0x0f, 0x00,
    0x18, 0x79, 0x00, 0x00, 0x00, 0x00, 0x00, 0x00, 0x00, 0x00, 0x00, 0x00,
    0x00, 0xe2, 0x0f, 0x00, 0x41, 0x79, 0x00, 0x00, 0x00, 0x00, 0x00, 0x00,
    0x00, 0x02, 0x80, 0x03, 0x00, 0xea, 0x0f, 0x00, 0x0c, 0x72, 0x00, 0x0b,
    0xff, 0x00, 0x00, 0x00, 0x70, 0x16, 0x72, 0x00, 0x00, 0xe2, 0x0f, 0x00,
    0x02, 0x72, 0x25, 0x00, 0x03, 0x00, 0x00, 0x00, 0x00, 0x0f, 0x00, 0x00,
    0x00, 0xe2, 0x0f, 0x00, 0x24, 0x72, 0x41, 0x20, 0x23, 0x00, 0x00, 0x00,
    0x41, 0x02, 0x8e, 0x07, 0x00, 0xe2, 0x0f, 0x04, 0x02, 0x72, 0x1d, 0x00,
    0x0b, 0x00, 0x00, 0x00, 0x00, 0x0f, 0x00, 0x00, 0x00, 0xe2, 0x0f, 0x00,
    0x45, 0x79, 0x00, 0x00, 0xd0, 0x00, 0x00, 0x00, 0x00, 0x02, 0x80, 0x03,
    0x00, 0xe2, 0x0f, 0x00, 0x31, 0x74, 0x0b, 0xff, 0x01, 0x00, 0x00, 0x00,
    0xff, 0x01, 0x00, 0x00, 0x00, 0xe4, 0x0f, 0x00, 0x25, 0x72, 0x22, 0x20,
    0x22, 0x00, 0x00, 0x00, 0x24, 0x00, 0x8e, 0x07, 0x00, 0xe2, 0x0f, 0x00,
    0x02, 0x72, 0x1c, 0x00, 0x44, 0x00, 0x00, 0x00, 0x00, 0x0f, 0x00, 0x00,
    0x00, 0xe2, 0x0f, 0x00, 0x1c, 0x78, 0x08, 0x00, 0x00, 0x00, 0x00, 0x00,
    0x70, 0xf0, 0xf0, 0x03, 0x00, 0xc6, 0x0f, 0x00, 0x35, 0x72, 0x41, 0x23,
    0x41, 0x00, 0x00, 0x00, 0x00, 0x00, 0x8e, 0x07, 0x00, 0xe2, 0x0f, 0x00,
    0x47, 0x19, 0x14, 0x00, 0x00, 0x00, 0x00, 0x00, 0x00, 0x00, 0x80, 0x03,
    0x00, 0xf2, 0x0f, 0x00, 0x0c, 0x72, 0x00, 0x1c, 0xff, 0x00, 0x00, 0x00,
    0x70, 0x50, 0xf7, 0x03, 0x00, 0xdc, 0x0f, 0x00, 0x0c, 0xb2, 0x00, 0x0c,
    0x1a, 0x00, 0x00, 0x00, 0x70, 0x62, 0xf1, 0x03, 0x00, 0xcc, 0x0f, 0x00,
    0x0c, 0xb2, 0x00, 0x0e, 0x18, 0x00, 0x00, 0x00, 0x70, 0x20, 0x73, 0x00,
    0x00, 0xc6, 0x0f, 0x00, 0x1c, 0x78, 0x80, 0x00, 0x00, 0x00, 0x00, 0x00,
    0x70, 0xe1, 0xf0, 0x03, 0x00, 0xc6, 0x0f, 0x00, 0x0c, 0xb2, 0x00, 0x0e,
    0x18, 0x00, 0x00, 0x00, 0x70, 0x46, 0xf1, 0x00, 0x00, 0xdc, 0x0f, 0x00,
    0x18, 0x79, 0x00, 0x00, 0x00, 0x00, 0x00, 0x00, 0x00, 0x00, 0x00, 0x00,
    0x00, 0xe2, 0x0f, 0x00, 0x41, 0x79, 0x00, 0x00, 0x00, 0x00, 0x00, 0x00,
    0x00, 0x02, 0x80, 0x03, 0x00, 0xea, 0x0f, 0x00, 0x0c, 0x72, 0x00, 0x41,
    0xff, 0x00, 0x00, 0x00, 0x70, 0x16, 0x70, 0x00, 0x00, 0xe2, 0x0f, 0x00,
    0x35, 0xa2, 0x00, 0xff, 0x10, 0x00, 0x00, 0x80, 0x00, 0x00, 0x82, 0x07,
    0x00, 0xe2, 0x0f, 0x00, 0x02, 0x74, 0x20, 0x02, 0x00, 0x00, 0x00, 0x00,
    0x00, 0x00, 0x00, 0x00, 0x00, 0xe4, 0x0f, 0x00, 0x02, 0xa4, 0x20, 0x01,
    0x00, 0x00, 0x00, 0x00, 0x00, 0x00, 0x00, 0x00, 0x00, 0xe4, 0x0f, 0x00,
    0x02, 0xa8, 0x0b, 0x00, 0x02, 0x00, 0x00, 0x00, 0x00, 0x0f, 0x00, 0x00,
    0x00, 0xe2, 0x0f, 0x00, 0x35, 0xa2, 0x03, 0xff, 0x11, 0x00, 0x00, 0x80,
    0x00, 0x04, 0x8e, 0x00, 0x00, 0xe2, 0x0f, 0x00, 0x02, 0xa2, 0x10, 0x00,
    0x00, 0x00, 0x00, 0x00, 0x00, 0x0f, 0x00, 0x00, 0x00, 0xe2, 0x0f, 0x00,
    0x02, 0x72, 0x18, 0x00, 0x22, 0x00, 0x00, 0x00, 0x00, 0x0f, 0x00, 0x00,
    0x00, 0xe2, 0x0f, 0x00, 0x02, 0x72, 0x19, 0x00, 0x41, 0x00, 0x00, 0x00,
    0x00, 0x0f, 0x00, 0x00, 0x00, 0xc4, 0x0f, 0x00, 0x02, 0xa2, 0x11, 0x00,
    0x03, 0x00, 0x00, 0x00, 0x00, 0x0f, 0x00, 0x00, 0x00, 0xe2, 0x0f, 0x00,
    0x47, 0x09, 0x4c, 0x00, 0xb8, 0x00, 0x00, 0x00, 0x00, 0x00, 0x80, 0x03,
    0x00, 0xec, 0x0f, 0x00, 0x0c, 0x72, 0x00, 0x14, 0x0c, 0x00, 0x00, 0x00,
    0x70, 0x62, 0xf1, 0x03, 0x00, 0xe4, 0x0f, 0x00, 0x0c, 0x72, 0x00, 0x18,
    0xff, 0x00, 0x00, 0x00, 0x70, 0x20, 0xf3, 0x03, 0x00, 0xc8, 0x0f, 0x00,
    0x0c, 0x72, 0x00, 0x16, 0x0e, 0x00, 0x00, 0x00, 0x70, 0x54, 0x71, 0x00,
    0x00, 0xcc, 0x0f, 0x00, 0x0c, 0x72, 0x00, 0x16, 0x0e, 0x00, 0x00, 0x00,
    0x70, 0x62, 0x71, 0x00, 0x00, 0xdc, 0x0f, 0x00, 0x47, 0x09, 0x38, 0x00,
    0xb8, 0x00, 0x00, 0x00, 0x00, 0x00, 0x80, 0x00, 0x00, 0xea, 0x0f, 0x00,
    0x12, 0x73, 0x10, 0x00, 0x10, 0x00, 0x00, 0x00, 0x00, 0x10, 0x30, 0x00,
    0x00, 0x22, 0x0e, 0x00, 0x45, 0x79, 0x00, 0x00, 0xe0, 0x00, 0x00, 0x00,
    0x00, 0x02, 0x80, 0x03, 0x00, 0xe2, 0x0f, 0x00, 0x35, 0x78, 0x00, 0x10,
    0x00, 0x00, 0x80, 0x01, 0x00, 0x00, 0x8e, 0x07, 0x00, 0xca, 0x1f, 0x00,
    0x12, 0x78, 0x00, 0x00, 0x00, 0x00, 0x80, 0x7f, 0xff, 0xc0, 0x8e, 0x07,
    0x00, 0xca, 0x0f, 0x00, 0x0c, 0x78, 0x00, 0x00, 0xff, 0xff, 0xff, 0x01,
    0x70, 0x40, 0xf0, 0x03, 0x00, 0xda, 0x0f, 0x00, 0x47, 0x09, 0x10, 0x00,
    0x00, 0x00, 0x00, 0x00, 0x00, 0x00, 0x80, 0x03, 0x00, 0xea, 0x0f, 0x00,
    0x02, 0x78, 0x0f, 0x00, 0xc0, 0x38, 0x00, 0x00, 0x00, 0x0f, 0x00, 0x00,
    0x00, 0xce, 0x0f, 0x00, 0x44, 0x79, 0x88, 0x00, 0xbc, 0x00, 0x00, 0x00,
    0x00, 0x00, 0xc0, 0x03, 0x00, 0xea, 0x0f, 0x02, 0x02, 0x72, 0x0d, 0x00,
    0x00, 0x00, 0x00, 0x00, 0x00, 0x0f, 0x00, 0x00, 0x00, 0xe2, 0x0f, 0x00,
    0x47, 0x79, 0x10, 0x00, 0x00, 0x00, 0x00, 0x00, 0x00, 0x00, 0x80, 0x03,
    0x00, 0xec, 0x0f, 0x00, 0x08, 0x73, 0x0d, 0x00, 0x10, 0x00, 0x00, 0x00,
    0x00, 0x10, 0x00, 0x00, 0x00, 0x24, 0x0e, 0x00, 0x23, 0x74, 0x00, 0x10,
    0x00, 0x00, 0x80, 0xbf, 0x0d, 0x00, 0x00, 0x00, 0x00, 0xc8, 0x1f, 0x00,
    0x21, 0x72, 0x00, 0x00, 0xff, 0x00, 0x00, 0x80, 0x00, 0x01, 0x01, 0x00,
    0x00, 0xc8, 0x0f, 0x00, 0x23, 0x72, 0x0d, 0x0d, 0x00, 0x00, 0x00, 0x00,
    0x0d, 0x00, 0x00, 0x00, 0x00, 0xce, 0x0f, 0x00, 0x18, 0x79, 0x00, 0x00,
    0x00, 0x00, 0x00, 0x00, 0x00, 0x00, 0x00, 0x00, 0x00, 0xe2, 0x0f, 0x00,
    0x41, 0x79, 0x00, 0x00, 0x00, 0x00, 0x00, 0x00, 0x00, 0x02, 0x80, 0x03,
    0x00, 0xea, 0x0f, 0x00, 0x12, 0x73, 0x0c, 0x00, 0x1c, 0x00, 0x00, 0x00,
    0x00, 0x14, 0x30, 0x00, 0x00, 0x22, 0x0e, 0x00, 0x31, 0x74, 0x12, 0xff,
    0x01, 0x00, 0x00, 0x00, 0xff, 0x01, 0x00, 0x00, 0x00, 0xe2, 0x0f, 0x00,
    0x05, 0x78, 0x0e, 0x00, 0x00, 0x00, 0x00, 0x00, 0x00, 0xff, 0x01, 0x00,
    0x00, 0xe2, 0x0f, 0x00, 0x05, 0x78, 0x10, 0x00, 0x00, 0x00, 0x00, 0x00,
    0x00, 0xff, 0x01, 0x00, 0x00, 0xe2, 0x0f, 0x00, 0x20, 0x72, 0x0c, 0x0c,
    0x0d, 0x00, 0x00, 0x00, 0x00, 0x00, 0x40, 0x00, 0x00, 0xde, 0x1f, 0x00,
    0x18, 0x79, 0x00, 0x00, 0x00, 0x00, 0x00, 0x00, 0x00, 0x00, 0x00, 0x00,
    0x00, 0xde, 0x0f, 0x00, 0x18, 0x79, 0x00, 0x00, 0x00, 0x00, 0x00, 0x00,
    0x00, 0x00, 0x00, 0x00, 0x00, 0xde, 0x0f, 0x00, 0x18, 0x79, 0x00, 0x00,
    0x00, 0x00, 0x00, 0x00, 0x00, 0x00, 0x00, 0x00, 0x00, 0xde, 0x0f, 0x00,
    0x12, 0x73, 0x18, 0x00, 0x18, 0x00, 0x00, 0x00, 0x00, 0x10, 0x30, 0x00,
    0x00, 0x24, 0x0e, 0x00, 0x20, 0x72, 0x0d, 0x18, 0x0d, 0x00, 0x00, 0x00,
    0x00, 0x00, 0x40, 0x00, 0x00, 0xce, 0x1f, 0x00, 0x0c, 0x72, 0x00, 0x10,
    0x11, 0x00, 0x00, 0x00, 0x70, 0x42, 0xf0, 0x03, 0x00, 0xda, 0x0f, 0x00,
    0x47, 0x09, 0xc8, 0x00, 0xb4, 0x00, 0x00, 0x00, 0x00, 0x00, 0x80, 0x03,
    0x00, 0xea, 0x0f, 0x00, 0x24, 0x78, 0x23, 0x21, 0x28, 0x00, 0x00, 0x00,
    0xff, 0x02, 0x8e, 0x07, 0x00, 0xe2, 0x0f, 0x00, 0x45, 0x79, 0x06, 0x00,
    0xe0, 0xb6, 0x00, 0x00, 0x00, 0x01, 0x80, 0x03, 0x00, 0xe2, 0x0f, 0x00,
    0x25, 0x78, 0x24, 0x20, 0x28, 0x00, 0x00, 0x00, 0x26, 0x00, 0x8e, 0x07,
    0x00, 0xe2, 0x0f, 0x00, 0x45, 0x72, 0x12, 0x00, 0x12, 0x00, 0x00, 0x00,
    0x00, 0x10, 0x20, 0x00, 0x00, 0xc6, 0x0f, 0x00, 0x24, 0x78, 0x13, 0x21,
    0x58, 0x00, 0x00, 0x00, 0xff, 0x02, 0x8e, 0x07, 0x00, 0xe2, 0x0f, 0x00,
    0x35, 0x72, 0x23, 0x25, 0x23, 0x00, 0x00, 0x00, 0x00, 0x00, 0x8e, 0x07,
    0x00, 0xe2, 0x0f, 0x00, 0x02, 0x72, 0x22, 0x00, 0x24, 0x00, 0x00, 0x00,
    0x00, 0x0f, 0x00, 0x00, 0x00, 0xca, 0x0f, 0x00, 0x25, 0x78, 0x20, 0x20,
    0x58, 0x00, 0x00, 0x00, 0x22, 0x00, 0x8e, 0x07, 0x00, 0xca, 0x0f, 0x00,
    0x35, 0x72, 0x13, 0x21, 0x13, 0x00, 0x00, 0x00, 0x00, 0x00, 0x8e, 0x07,
    0x00, 0xce, 0x0f, 0x00, 0x0c, 0x72, 0x00, 0x0a, 0xff, 0x00, 0x00, 0x00,
    0x70, 0x50, 0xf0, 0x03, 0x00, 0xe2, 0x0f, 0x00, 0x45, 0x79, 0x05, 0x00,
    0x00, 0xb6, 0x00, 0x00, 0x00, 0x01, 0x80, 0x03, 0x00, 0xe2, 0x0f, 0x00,
    0x25, 0x78, 0x1a, 0x0b, 0x28, 0x00, 0x00, 0x00, 0x26, 0x00, 0x8e, 0x07,
    0x00, 0xd6, 0x3f, 0x02, 0x47, 0x89, 0xb0, 0x00, 0x00, 0x00, 0x00, 0x00,
    0x00, 0x00, 0x80, 0x03, 0x00, 0xea, 0xcf, 0x01, 0x0c, 0x78, 0x00, 0x0a,
    0x00, 0x01, 0x00, 0x00, 0x70, 0x50, 0xf0, 0x03, 0x00, 0xe2, 0x0f, 0x00,
    0x45, 0x79, 0x00, 0x00, 0x40, 0x01, 0x00, 0x00, 0x00, 0x02, 0x80, 0x03,
    0x00, 0xe2, 0x0f, 0x00, 0x31, 0x74, 0x0c, 0xff, 0x00, 0x00, 0x00, 0x00,
    0xff, 0x01, 0x00, 0x00, 0x00, 0xd6, 0x0f, 0x00, 0x47, 0x89, 0x40, 0x00,
    0x00, 0x00, 0x00, 0x00, 0x00, 0x00, 0x80, 0x03, 0x00, 0xea, 0x0f, 0x00,
    0x08, 0x73, 0x15, 0x00, 0x12, 0x00, 0x00, 0x00, 0x00, 0x10, 0x00, 0x00,
    0x00, 0x22, 0x0e, 0x00, 0x45, 0x72, 0x03, 0x00, 0x10, 0x00, 0x00, 0x00,
    0x00, 0x14, 0x20, 0x00, 0x00, 0xe2, 0x0f, 0x00, 0x45, 0x79, 0x01, 0x00,
    0xc0, 0x00, 0x00, 0x00, 0x00, 0x02, 0x80, 0x03, 0x00, 0xe6, 0x0f, 0x00,
    0x02, 0x73, 0x00, 0x03, 0x12, 0x00, 0x00, 0x00, 0x00, 0x00, 0x00, 0x00,
    0x00, 0x62, 0x0e, 0x00, 0x23, 0x74, 0x00, 0x12, 0x00, 0x00, 0x80, 0x3f,
    0x15, 0x01, 0x00, 0x00, 0x00, 0xc8, 0x1f, 0x00, 0x23, 0x72, 0x00, 0x15,
    0x00, 0x00, 0x00, 0x00, 0x15, 0x00, 0x00, 0x00, 0x00, 0xc8, 0x0f, 0x00,
    0x23, 0x72, 0x15, 0x03, 0x00, 0x00, 0x00, 0x00, 0xff, 0x00, 0x00, 0x00,
    0x00, 0xc8, 0x0f, 0x00, 0x23, 0x72, 0x0c, 0x12, 0x15, 0x00, 0x00, 0x00,
    0x03, 0x01, 0x00, 0x00, 0x00, 0xc8, 0x0f, 0x00, 0x23, 0x72, 0x00, 0x00,
    0x0c, 0x00, 0x00, 0x00, 0x15, 0x00, 0x00, 0x00, 0x00, 0xe2, 0x0f, 0x00,
    0x47, 0x89, 0x0c, 0x00, 0x00, 0x00, 0x00, 0x00, 0x00, 0x00, 0x80, 0x03,
    0x00, 0xec, 0x2f, 0x00, 0x02, 0x72, 0x00, 0x00, 0x12, 0x00, 0x00, 0x00,
    0x00, 0x0f, 0x00, 0x00, 0x00, 0xe2, 0x0f, 0x00, 0x02, 0x78, 0x44, 0x00,
    0xe0, 0x3b, 0x00, 0x00, 0x00, 0x0f, 0x00, 0x00, 0x00, 0xce, 0x0f, 0x00,
    0x44, 0x79, 0xf8, 0x00, 0xbc, 0x00, 0x00, 0x00, 0x00, 0x00, 0xc0, 0x03,
    0x00, 0xea, 0x0f, 0x02, 0x18, 0x79, 0x00, 0x00, 0x00, 0x00, 0x00, 0x00,
    0x00, 0x00, 0x00, 0x00, 0x00, 0xe2, 0x0f, 0x00, 0x41, 0x79, 0x01, 0x00,
    0x00, 0x00, 0x00, 0x00, 0x00, 0x02, 0x80, 0x03, 0x00, 0xea, 0x0f, 0x00,
    0x02, 0x72, 0x0c, 0x00, 0x00, 0x00, 0x00, 0x00, 0x00, 0x0f, 0x00, 0x00,
    0x00, 0xce, 0x0f, 0x00, 0x18, 0x79, 0x00, 0x00, 0x00, 0x00, 0x00, 0x00,
    0x00, 0x00, 0x00, 0x00, 0x00, 0xe2, 0x0f, 0x00, 0x41, 0x79, 0x00, 0x00,
    0x00, 0x00, 0x00, 0x00, 0x00, 0x02, 0x80, 0x03, 0x00, 0xea, 0x0f, 0x00,
    0x81, 0x79, 0x03, 0x26, 0x06, 0x44, 0x4d, 0x00, 0x00, 0x19, 0x1e, 0x0c,
    0x00, 0xa8, 0x0e, 0x00, 0x81, 0x79, 0x00, 0x26, 0x06, 0x40, 0x4d, 0x00,
    0x00, 0x19, 0x1e, 0x0c, 0x00, 0xe2, 0x0e, 0x00, 0x20, 0x72, 0x14, 0x0c,
    0x0e, 0x00, 0x00, 0x00, 0x00, 0x00, 0x40, 0x00, 0x00, 0xc8, 0x0f, 0x00,
    0x21, 0x72, 0x14, 0x03, 0x14, 0x00, 0x00, 0x00, 0x00, 0x00, 0x00, 0x00,
    0x00, 0xe2, 0x4f, 0x00, 0x20, 0x72, 0x03, 0x0c, 0x0f, 0x00, 0x00, 0x00,
    0x00, 0x00, 0x40, 0x00, 0x00, 0xc6, 0x0f, 0x00, 0x05, 0x73, 0x15, 0x00,
    0x14, 0x00, 0x00, 0x00, 0x00, 0xf1, 0x20, 0x00, 0x00, 0x22, 0x0e, 0x00,
    0x21, 0x72, 0x00, 0x00, 0x03, 0x00, 0x00, 0x00, 0x00, 0x00, 0x00, 0x00,
    0x00, 0xc8, 0x8f, 0x00, 0x05, 0x73, 0x03, 0x00, 0x00, 0x00, 0x00, 0x00,
    0x00, 0xf1, 0x20, 0x00, 0x00, 0x62, 0x0e, 0x00, 0x0c, 0x72, 0x00, 0x15,
    0x04, 0x00, 0x00, 0x00, 0x70, 0x50, 0xf0, 0x03, 0x00, 0xca, 0x1f, 0x00,
    0x0c, 0x72, 0x00, 0x03, 0x2e, 0x00, 0x00, 0x00, 0x70, 0x54, 0x70, 0x00,
    0x00, 0xda, 0x2f, 0x00, 0x47, 0x09, 0xec, 0x00, 0xb0, 0x00, 0x00, 0x00,
    0x00, 0x00, 0x80, 0x03, 0x00, 0xea, 0x0f, 0x00, 0x81, 0x79, 0x15, 0x26,
    0x06, 0x4c, 0x4d, 0x00, 0x00, 0x19, 0x1e, 0x0c, 0x00, 0xa8, 0x0e, 0x00,
    0x81, 0x79, 0x00, 0x1a, 0x06, 0x4c, 0x4d, 0x00, 0x00, 0x19, 0x1e, 0x0c,
    0x00, 0xa8, 0x0e, 0x00, 0x81, 0x79, 0x14, 0x26, 0x06, 0x48, 0x4d, 0x00,
    0x00, 0x19, 0x1e, 0x0c, 0x00, 0xe8, 0x0e, 0x00, 0x81, 0x79, 0x17, 0x1a,
    0x06, 0x48, 0x4d, 0x00, 0x00, 0x19, 0x1e, 0x0c, 0x00, 0xe2, 0x0e, 0x00,
    0x21, 0x72, 0x03, 0x15, 0x00, 0x00, 0x00, 0x00, 0x00, 0x01, 0x00, 0x00,
    0x00, 0xc8, 0x4f, 0x00, 0x20, 0x72, 0x00, 0x0c, 0x03, 0x00, 0x00, 0x00,
    0x00, 0x00, 0x40, 0x00, 0x00, 0xe2, 0x0f, 0x00, 0x21, 0x72, 0x17, 0x14,
    0x17, 0x00, 0x00, 0x00, 0x00, 0x01, 0x00, 0x00, 0x00, 0xc6, 0x8f, 0x00,
    0x21, 0x72, 0x15, 0x15, 0x00, 0x00, 0x00, 0x00, 0x00, 0x00, 0x00, 0x00,
    0x00, 0xe2, 0x0f, 0x00, 0x20, 0x72, 0x17, 0x0c, 0x17, 0x00, 0x00, 0x00,
    0x00, 0x00, 0x40, 0x00, 0x00, 0xc8, 0x0f, 0x00, 0x21, 0x72, 0x14, 0x14,
    0x17, 0x00, 0x00, 0x00, 0x00, 0x00, 0x00, 0x00, 0x00, 0xe2, 0x0f, 0x00,
    0x47, 0x79, 0x48, 0x00, 0x00, 0x00, 0x00, 0x00, 0x00, 0x00, 0x80, 0x03,
    0x00, 0xec, 0x0f, 0x00, 0x02, 0x72, 0x16, 0x00, 0x24, 0x00, 0x00, 0x00,
    0x00, 0x0f, 0x00, 0x00, 0x00, 0xe2, 0x0f, 0x00, 0x02, 0x72, 0x17, 0x00,
    0x23, 0x00, 0x00, 0x00, 0x00, 0x0f, 0x00, 0x00, 0x00, 0xe2, 0x0f, 0x00,
    0x81, 0x79, 0x15, 0x26, 0x06, 0x48, 0x4d, 0x00, 0x00, 0x19, 0x1e, 0x0c,
    0x00, 0xa8, 0x0e, 0x00, 0x81, 0x79, 0x00, 0x1a, 0x06, 0x48, 0x4d, 0x00,
    0x00, 0x19, 0x1e, 0x0c, 0x00, 0xa8, 0x0e, 0x00, 0x81, 0x79, 0x1d, 0x26,
    0x06, 0x4c, 0x4d, 0x00, 0x00, 0x19, 0x1e, 0x0c, 0x00, 0xe8, 0x0e, 0x00,
    0x81, 0x79, 0x18, 0x1a, 0x06, 0x4c, 0x4d, 0x00, 0x00, 0x19, 0x1e, 0x0c,
    0x00, 0xe8, 0x0e, 0x00, 0x81, 0x79, 0x03, 0x16, 0x06, 0x48, 0x4d, 0x00,
    0x00, 0x19, 0x1e, 0x0c, 0x00, 0x28, 0x0f, 0x00, 0x81, 0x79, 0x14, 0x16,
    0x06, 0x4c, 0x4d, 0x00, 0x00, 0x19, 0x1e, 0x0c, 0x00, 0x28, 0x0f, 0x00,
    0x81, 0x79, 0x19, 0x26, 0x06, 0xec, 0x4d, 0x00, 0x00, 0x19, 0x1e, 0x0c,
    0x00, 0x22, 0x0f, 0x00, 0x21, 0x72, 0x00, 0x15, 0x00, 0x00, 0x00, 0x00,
    0x00, 0x01, 0x00, 0x00, 0x00, 0xc8, 0x4f, 0x00, 0x23, 0x72, 0x00, 0x0c,
    0x00, 0x00, 0x00, 0x00, 0x15, 0x00, 0x00, 0x00, 0x00, 0xe2, 0x0f, 0x04,
    0x21, 0x72, 0x18, 0x1d, 0x18, 0x00, 0x00, 0x00, 0x00, 0x01, 0x00, 0x00,
    0x00, 0xe2, 0x8f, 0x00, 0x21, 0x72, 0x03, 0x15, 0x03, 0x00, 0x00, 0x00,
    0x00, 0x01, 0x00, 0x00, 0x00, 0xe2, 0x0f, 0x01, 0x21, 0x72, 0x15, 0x1d,
    0x14, 0x00, 0x00, 0x00, 0x00, 0x01, 0x00, 0x00, 0x00, 0xe4, 0x0f, 0x00,
    0x23, 0x72, 0x14, 0x0c, 0x18, 0x00, 0x00, 0x00, 0x1d, 0x00, 0x00, 0x00,
    0x00, 0xe2, 0x0f, 0x00, 0x23, 0x72, 0x00, 0x03, 0x0d, 0x00, 0x00, 0x00,
    0x00, 0x00, 0x00, 0x00, 0x00, 0xc6, 0x0f, 0x00, 0x23, 0x72, 0x15, 0x15,
    0x0d, 0x00, 0x00, 0x00, 0x14, 0x00, 0x00, 0x00, 0x00, 0xe2, 0x0f, 0x00,
    0x21, 0x72, 0x14, 0x00, 0x19, 0x00, 0x00, 0x00, 0x00, 0x00, 0x00, 0x00,
    0x00, 0xce, 0x0f, 0x00, 0x0b, 0x78, 0x00, 0x14, 0x00, 0x00, 0x80, 0x3f,
    0x00, 0x40, 0xf0, 0x03, 0x00, 0xe2, 0x0f, 0x04, 0x45, 0x79, 0x04, 0x00,
    0x70, 0xb1, 0x00, 0x00, 0x00, 0x02, 0x80, 0x03, 0x00, 0xe8, 0x0f, 0x00,
    0x0b, 0x72, 0x00, 0x14, 0xff, 0x00, 0x00, 0x00, 0x00, 0x14, 0x70, 0x00,
    0x00, 0xca, 0x0f, 0x00, 0x0b, 0x78, 0x00, 0x14, 0x00, 0x00, 0x80, 0x7f,
    0x00, 0xa6, 0x70, 0x00, 0x00, 0xca, 0x0f, 0x00, 0x0b, 0x72, 0x00, 0x15,
    0xff, 0x00, 0x00, 0x00, 0x00, 0xb4, 0x72, 0x00, 0x00, 0xe2, 0x0f, 0x00,
    0x1c, 0x78, 0x80, 0x00, 0x00, 0x00, 0x00, 0x00, 0x70, 0xe1, 0xf0, 0x03,
    0x00, 0xc8, 0x0f, 0x00, 0x0b, 0x78, 0x00, 0x15, 0x00, 0x00, 0x80, 0x7f,
    0x00, 0xa6, 0xf2, 0x00, 0x00, 0xda, 0x0f, 0x00, 0x47, 0x19, 0x3c, 0x00,
    0xb0, 0x00, 0x00, 0x00, 0x00, 0x00, 0x80, 0x03, 0x00, 0xea, 0x0f, 0x00,
    0x81, 0x79, 0x00, 0x26, 0x06, 0xc8, 0x4d, 0x00, 0x00, 0x19, 0x1e, 0x0c,
    0x00, 0xa2, 0x0e, 0x00, 0x45, 0x79, 0x00, 0x00, 0x70, 0x02, 0x00, 0x00,
    0x00, 0x01, 0x80, 0x03, 0x00, 0xe2, 0x0f, 0x00, 0x12, 0x78, 0xff, 0x00,
    0x01, 0x00, 0x00, 0x00, 0xff, 0xc0, 0x82, 0x07, 0x00, 0xda, 0x4f, 0x00,
    0x47, 0x99, 0x8c, 0x00, 0x00, 0x00, 0x00, 0x00, 0x00, 0x00, 0x80, 0x03,
    0x00, 0xea, 0x0f, 0x00, 0x81, 0x79, 0x00, 0x26, 0x06, 0xcc, 0x4d, 0x00,
    0x00, 0x19, 0x1e, 0x0c, 0x00, 0xa4, 0x0e, 0x00, 0x0c, 0x78, 0x00, 0x00,
    0x02, 0x00, 0x00, 0x00, 0x70, 0x42, 0xf2, 0x03, 0x00, 0xda, 0x4f, 0x00,
    0x47, 0x19, 0x24, 0x00, 0x00, 0x00, 0x00, 0x00, 0x00, 0x00, 0x80, 0x03,
    0x00, 0xea, 0x0f, 0x00, 0x48, 0x78, 0x00, 0x00, 0x03, 0x00, 0x00, 0x00,
    0x00, 0x00, 0xfe, 0x03, 0x00, 0xca, 0x0f, 0x00, 0x24, 0x78, 0x00, 0x00,
    0x04, 0x00, 0x00, 0x00, 0xff, 0x00, 0x8e, 0x07, 0x00, 0xc8, 0x0f, 0x00,
    0x82, 0x7b, 0x16, 0x00, 0x00, 0x00, 0x80, 0x00, 0x00, 0x08, 0x00, 0x00,
    0x00, 0x24, 0x0e, 0x00, 0x19, 0x78, 0x17, 0xff, 0x1f, 0x00, 0x00, 0x00,
    0x16, 0x14, 0x01, 0x00, 0x00, 0xc8, 0x1f, 0x00, 0x49, 0x79, 0x04, 0x16,
    0xc0, 0xff, 0xff, 0xff, 0xff, 0xff, 0x83, 0x03, 0x00, 0xea, 0x0f, 0x00,
    0x0b, 0x72, 0x00, 0x14, 0x05, 0x00, 0x00, 0x00, 0x00, 0x20, 0xf2, 0x03,
    0x00, 0xe2, 0x0f, 0x02, 0x47, 0x79, 0x5c, 0x00, 0x00, 0x00, 0x00, 0x00,
    0x00, 0x00, 0x80, 0x03, 0x00, 0xd8, 0x0f, 0x00, 0x0b, 0x72, 0x00, 0x14,
    0x05, 0x00, 0x00, 0x00, 0x00, 0x10, 0xf2, 0x03, 0x00, 0xe2, 0x0f, 0x02,
    0x47, 0x79, 0x54, 0x00, 0x00, 0x00, 0x00, 0x00, 0x00, 0x00, 0x80, 0x03,
    0x00, 0xd8, 0x0f, 0x00, 0x0c, 0x78, 0x00, 0x00, 0x04, 0x00, 0x00, 0x00,
    0x70, 0x42, 0xf2, 0x03, 0x00, 0xda, 0x0f, 0x00, 0x47, 0x19, 0x28, 0x00,
    0x00, 0x00, 0x00, 0x00, 0x00, 0x00, 0x80, 0x03, 0x00, 0xea, 0x0f, 0x00,
    0x35, 0x78, 0x00, 0x00, 0xfd, 0xff, 0xff, 0xff, 0x00, 0x00, 0x8e, 0x07,
    0x00, 0xca, 0x0f, 0x00, 0x48, 0x78, 0x00, 0x00, 0x02, 0x00, 0x00, 0x00,
    0x00, 0x00, 0xfe, 0x03, 0x00, 0xca, 0x0f, 0x00, 0x24, 0x78, 0x00, 0x00,
    0x04, 0x00, 0x00, 0x00, 0xff, 0x00, 0x8e, 0x07, 0x00, 0xc8, 0x0f, 0x00,
    0x82, 0x7b, 0x16, 0x00, 0x00, 0x04, 0x80, 0x00, 0x00, 0x08, 0x00, 0x00,
    0x00, 0x24, 0x0e, 0x00, 0x19, 0x78, 0x17, 0xff, 0x1f, 0x00, 0x00, 0x00,
    0x16, 0x14, 0x01, 0x00, 0x00, 0xc8, 0x1f, 0x00, 0x49, 0x79, 0xd4, 0x16,
    0xbc, 0xff, 0xff, 0xff, 0xff, 0xff, 0x83, 0x03, 0x00, 0xea, 0x0f, 0x00,
    0x0b, 0x72, 0x00, 0x14, 0x05, 0x00, 0x00, 0x00, 0x00, 0x40, 0xf2, 0x03,
    0x00, 0xe2, 0x0f, 0x02, 0x47, 0x79, 0x2c, 0x00, 0x00, 0x00, 0x00, 0x00,
    0x00, 0x00, 0x80, 0x03, 0x00, 0xd8, 0x0f, 0x00, 0x0b, 0x72, 0x00, 0x14,
    0x05, 0x00, 0x00, 0x00, 0x00, 0x30, 0xf2, 0x03, 0x00, 0xe2, 0x0f, 0x02,
    0x47, 0x79, 0x24, 0x00, 0x00, 0x00, 0x00, 0x00, 0x00, 0x00, 0x80, 0x03,
    0x00, 0xd8, 0x0f, 0x00, 0x35, 0x78, 0x00, 0x00, 0xfb, 0xff, 0xff, 0xff,
    0x00, 0x00, 0x8e, 0x07, 0x00, 0xca, 0x0f, 0x00, 0x48, 0x78, 0x00, 0x00,
    0x02, 0x00, 0x00, 0x00, 0x00, 0x00, 0xfe, 0x03, 0x00, 0xca, 0x0f, 0x00,
    0x24, 0x78, 0x00, 0x00, 0x04, 0x00, 0x00, 0x00, 0xff, 0x00, 0x8e, 0x07,
    0x00, 0xc8, 0x0f, 0x00, 0x82, 0x7b, 0x16, 0x00, 0x00, 0x07, 0x80, 0x00,
    0x00, 0x08, 0x00, 0x00, 0x00, 0x24, 0x0e, 0x00, 0x19, 0x78, 0x17, 0xff,
    0x1f, 0x00, 0x00, 0x00, 0x16, 0x14, 0x01, 0x00, 0x00, 0xc8, 0x1f, 0x00,
    0x49, 0x79, 0xac, 0x16, 0xbc, 0xff, 0xff, 0xff, 0xff, 0xff, 0x83, 0x03,
    0x00, 0xea, 0x0f, 0x00, 0x0b, 0x72, 0x00, 0x14, 0x05, 0x00, 0x00, 0x00,
    0x00, 0x60, 0xf2, 0x03, 0x00, 0xe2, 0x0f, 0x02, 0x47, 0x79, 0x04, 0x00,
    0x00, 0x00, 0x00, 0x00, 0x00, 0x00, 0x80, 0x03, 0x00, 0xd8, 0x0f, 0x00,
    0x0b, 0x72, 0x00, 0x14, 0x05, 0x00, 0x00, 0x00, 0x00, 0xd0, 0xf2, 0x03,
    0x00, 0xda, 0x0f, 0x02, 0x42, 0x99, 0x00, 0x00, 0x00, 0x00, 0x00, 0x00,
    0x00, 0x01, 0x80, 0x03, 0x00, 0xea, 0x0f, 0x00, 0x47, 0x99, 0xa0, 0x00,
    0xac, 0x00, 0x00, 0x00, 0x00, 0x00, 0x80, 0x03, 0x00, 0xea, 0x0f, 0x00,
    0x18, 0x79, 0x00, 0x00, 0x00, 0x00, 0x00, 0x00, 0x00, 0x00, 0x00, 0x00,
    0x00, 0xe2, 0x0f, 0x00, 0x41, 0x79, 0x00, 0x00, 0x00, 0x00, 0x00, 0x00,
    0x00, 0x01, 0x80, 0x03, 0x00, 0xea, 0x0f, 0x00, 0x0c, 0x72, 0x00, 0x32,
    0xff, 0x00, 0x00, 0x00, 0x70, 0x50, 0xf7, 0x03, 0x00, 0xe4, 0x0f, 0x00,
    0x45, 0x79, 0x00, 0x00, 0x60, 0x02, 0x00, 0x00, 0x00, 0x02, 0x80, 0x03,
    0x00, 0xe2, 0x0f, 0x00, 0x0c, 0x72, 0x00, 0x34, 0xff, 0x00, 0x00, 0x00,
    0x70, 0x50, 0xf3, 0x03, 0x00, 0xe4, 0x0f, 0x00, 0x0c, 0x72, 0x00, 0x38,
    0xff, 0x00, 0x00, 0x00, 0x70, 0x50, 0xf5, 0x03, 0x00, 0xe4, 0x0f, 0x00,
    0x17, 0x78, 0x16, 0x3c, 0x00, 0x10, 0x00, 0x00, 0x00, 0xe4, 0xff, 0x03,
    0x00, 0xce, 0x0f, 0x00, 0x47, 0xb9, 0x80, 0x00, 0x00, 0x00, 0x00, 0x00,
    0x00, 0x00, 0x80, 0x03, 0x00, 0xea, 0x0f, 0x00, 0x02, 0x72, 0x18, 0x00,
    0x32, 0x00, 0x00, 0x00, 0x00, 0x0f, 0x01, 0x00, 0x00, 0xd0, 0x0f, 0x00,
    0x35, 0x72, 0x03, 0xff, 0x18, 0x00, 0x00, 0x80, 0x00, 0x00, 0x86, 0x07,
    0x00, 0xe2, 0x0f, 0x00, 0x02, 0x78, 0x1f, 0x00, 0xfc, 0xff, 0xff, 0xff,
    0x00, 0x0f, 0x00, 0x00, 0x00, 0xc8, 0x1f, 0x00, 0x35, 0x72, 0x1d, 0xff,
    0x19, 0x00, 0x00, 0x80, 0x00, 0x04, 0x8e, 0x01, 0x00, 0xca, 0x0f, 0x00,
    0x12, 0x72, 0x40, 0x19, 0x1d, 0x00, 0x00, 0x00, 0xff, 0xc0, 0x8e, 0x07,
    0x00, 0xe4, 0x2f, 0x00, 0x82, 0x7b, 0x1c, 0xff, 0x00, 0xe6, 0x00, 0x00,
    0x00, 0x0a, 0x00, 0x00, 0x00, 0x26, 0x0e, 0x00, 0x0c, 0x72, 0x00, 0x40,
    0xff, 0x00, 0x00, 0x00, 0x70, 0x50, 0xf6, 0x03, 0x00, 0xda, 0x0f, 0x00,
    0x12, 0xb2, 0x40, 0x18, 0x03, 0x00, 0x00, 0x00, 0xff, 0xc0, 0x8e, 0x07,
    0x00, 0xc8, 0x0f, 0x00, 0x00, 0x73, 0x00, 0x00, 0x40, 0x00, 0x00, 0x00,
    0x00, 0x00, 0x0e, 0x00, 0x00, 0x64, 0x0e, 0x00, 0x35, 0x78, 0x03, 0x00,
    0x1f, 0x00, 0x00, 0x00, 0x00, 0x01, 0x8e, 0x07, 0x00, 0xe2, 0x2f, 0x04,
    0x35, 0x78, 0x00, 0x00, 0x3f, 0x00, 0x00, 0x00, 0x00, 0x01, 0x8e, 0x07,
    0x00, 0xc8, 0x0f, 0x00, 0x35, 0x32, 0x00, 0x03, 0xff, 0x00, 0x00, 0x00,
    0x00, 0x00, 0x8e, 0x07, 0x00, 0xca, 0x0f, 0x00, 0x24, 0x74, 0x03, 0x1f,
    0xfc, 0x00, 0x00, 0x00, 0x00, 0x02, 0x8e, 0x07, 0x00, 0xc8, 0x0f, 0x00,
    0x24, 0x72, 0x03, 0x16, 0x03, 0x00, 0x00, 0x00, 0x3e, 0x02, 0x8e, 0x07,
    0x00, 0xc8, 0x0f, 0x00, 0x25, 0x78, 0x1e, 0x03, 0x04, 0x00, 0x00, 0x00,
    0x1c, 0x00, 0x8e, 0x07, 0x00, 0xe2, 0x1f, 0x00, 0x35, 0x72, 0x41, 0x16,
    0x03, 0x00, 0x00, 0x00, 0x00, 0x00, 0x8e, 0x07, 0x00, 0xc8, 0x0f, 0x00,
    0x86, 0x79, 0x00, 0x1e, 0xff, 0x00, 0x00, 0x00, 0x06, 0x19, 0x10, 0x0c,
    0x00, 0xe2, 0x01, 0x00, 0x35, 0x72, 0x43, 0x16, 0x41, 0x00, 0x00, 0x00,
    0x00, 0x00, 0x8e, 0x07, 0x00, 0xe2, 0x4f, 0x00, 0x25, 0x78, 0x40, 0x41,
    0x04, 0x00, 0x00, 0x00, 0x1c, 0x00, 0x8e, 0x07, 0x00, 0xc8, 0x0f, 0x00,
    0x35, 0x72, 0x45, 0x16, 0x43, 0x00, 0x00, 0x00, 0x00, 0x00, 0x8e, 0x07,
    0x00, 0xe2, 0x8f, 0x00, 0x25, 0x78, 0x42, 0x43, 0x04, 0x00, 0x00, 0x00,
    0x1c, 0x00, 0x8e, 0x07, 0x00, 0xe2, 0x0f, 0x10, 0x86, 0x79, 0x00, 0x40,
    0xff, 0x00, 0x00, 0x00, 0x06, 0x19, 0x10, 0x0c, 0x00, 0xe6, 0x03, 0x00,
    0x25, 0x78, 0x44, 0x45, 0x04, 0x00, 0x00, 0x00, 0x1c, 0x00, 0x8e, 0x07,
    0x00, 0xe2, 0x0f, 0x00, 0x02, 0x72, 0x1c, 0x00, 0x18, 0x00, 0x00, 0x00,
    0x00, 0x0f, 0x00, 0x00, 0x00, 0xe2, 0x0f, 0x00, 0x02, 0x72, 0x1d, 0x00,
    0x19, 0x00, 0x00, 0x00, 0x00, 0x0f, 0x00, 0x00, 0x00, 0xe2, 0x0f, 0x00,
    0x86, 0x79, 0x00, 0x42, 0xff, 0x00, 0x00, 0x00, 0x06, 0x19, 0x10, 0x0c,
    0x00, 0xe8, 0x05, 0x00, 0x35, 0x78, 0x1c, 0x1c, 0xff, 0xff, 0xff, 0xff,
    0x00, 0x02, 0x8e, 0x07, 0x00, 0xc4, 0x0f, 0x00, 0x86, 0x79, 0x00, 0x44,
    0xff, 0x00, 0x00, 0x00, 0x06, 0x19, 0x10, 0x0c, 0x00, 0xe6, 0x07, 0x00,
    0x12, 0x72, 0x18, 0x1c, 0x18, 0x00, 0x00, 0x00, 0xff, 0xc0, 0x8e, 0x07,
    0x00, 0xe4, 0x0f, 0x00, 0x12, 0x72, 0x19, 0x1d, 0x19, 0x00, 0x00, 0x00,
    0xff, 0xc0, 0x8e, 0x07, 0x00, 0xca, 0x0f, 0x00, 0x0c, 0x72, 0x00, 0x18,
    0xff, 0x00, 0x00, 0x00, 0x70, 0x50, 0xf7, 0x03, 0x00, 0xdc, 0x0f, 0x00,
    0x47, 0x39, 0x84, 0x00, 0xfc, 0xff, 0xff, 0xff, 0xff, 0xff, 0x83, 0x03,
    0x00, 0xea, 0x0f, 0x00, 0x18, 0x79, 0x00, 0x00, 0x00, 0x00, 0x00, 0x00,
    0x00, 0x00, 0x00, 0x00, 0x00, 0xe2, 0x0f, 0x00, 0x41, 0x79, 0x00, 0x00,
    0x00, 0x00, 0x00, 0x00, 0x00, 0x02, 0x80, 0x03, 0x00, 0xea, 0x0f, 0x00,
    0x45, 0x79, 0x00, 0x00, 0x30, 0x03, 0x00, 0x00, 0x00, 0x02, 0x80, 0x03,
    0x00, 0xe8, 0x0f, 0x00, 0x47, 0x99, 0xc0, 0x00, 0x00, 0x00, 0x00, 0x00,
    0x00, 0x00, 0x80, 0x03, 0x00, 0xea, 0x0f, 0x00, 0x02, 0x72, 0x18, 0x00,
    0x34, 0x00, 0x00, 0x00, 0x00, 0x0f, 0x01, 0x00, 0x00, 0xd0, 0xff, 0x00,
    0x35, 0x72, 0x03, 0xff, 0x18, 0x00, 0x00, 0x80, 0x00, 0x00, 0x82, 0x07,
    0x00, 0xe2, 0x4f, 0x00, 0xac, 0x77, 0x04, 0xff, 0x00, 0x75, 0x00, 0x00,
    0x00, 0x0a, 0x00, 0x08, 0x00, 0x28, 0x1e, 0x00, 0x35, 0x72, 0x1d, 0xff,
    0x19, 0x00, 0x00, 0x80, 0x00, 0x04, 0x8e, 0x00, 0x00, 0xca, 0x0f, 0x00,
    0x12, 0x72, 0x1e, 0x19, 0x1d, 0x00, 0x00, 0x00, 0xff, 0xc0, 0x8e, 0x07,
    0x00, 0xca, 0x0f, 0x00, 0x0c, 0x72, 0x00, 0x1e, 0xff, 0x00, 0x00, 0x00,
    0x70, 0x50, 0xf2, 0x03, 0x00, 0xda, 0x0f, 0x00, 0x12, 0x92, 0x1e, 0x18,
    0x03, 0x00, 0x00, 0x00, 0xff, 0xc0, 0x8e, 0x07, 0x00, 0xc8, 0x0f, 0x00,
    0x00, 0x73, 0x00, 0x00, 0x1e, 0x00, 0x00, 0x00, 0x00, 0x00, 0x0e, 0x00,
    0x00, 0x64, 0x2e, 0x00, 0x35, 0x78, 0x03, 0x00, 0x1f, 0x00, 0x00, 0x00,
    0x00, 0x01, 0x8e, 0x07, 0x00, 0xe2, 0x2f, 0x04, 0x35, 0x78, 0x00, 0x00,
    0x3f, 0x00, 0x00, 0x00, 0x00, 0x01, 0x8e, 0x07, 0x00, 0xc8, 0x0f, 0x00,
    0x35, 0x12, 0x00, 0x03, 0xff, 0x00, 0x00, 0x00, 0x00, 0x00, 0x8e, 0x07,
    0x00, 0xca, 0x0f, 0x00, 0x35, 0x78, 0x03, 0x00, 0xf0, 0xff, 0xff, 0xff,
    0x00, 0x00, 0x8e, 0x07, 0x00, 0xe2, 0x0f, 0x04, 0x25, 0x78, 0x1c, 0x00,
    0x10, 0x00, 0x00, 0x00, 0xff, 0x00, 0x8e, 0x07, 0x00, 0xc8, 0x0f, 0x00,
    0x0c, 0x78, 0x00, 0x03, 0x2f, 0x00, 0x00, 0x00, 0x70, 0x40, 0xf2, 0x03,
    0x00, 0xe2, 0x0f, 0x00, 0x12, 0x78, 0x1c, 0x1c, 0xf0, 0x07, 0x00, 0x00,
    0xff, 0x3c, 0x8e, 0x07, 0x00, 0xca, 0x0f, 0x00, 0x35, 0x7c, 0x1c, 0x1c,
    0x04, 0x00, 0x00, 0x00, 0x00, 0x02, 0x8e, 0x0f, 0x00, 0xe4, 0x1f, 0x00,
    0xac, 0x77, 0x04, 0xff, 0x00, 0x73, 0x00, 0x00, 0x00, 0x0a, 0x00, 0x08,
    0x00, 0x2a, 0x0e, 0x00, 0x81, 0x99, 0x03, 0x1c, 0x06, 0xc0, 0x00, 0x00,
    0x00, 0x19, 0x1e, 0x0c, 0x00, 0xa2, 0x0e, 0x00, 0x24, 0x78, 0x00, 0x00,
    0x04, 0x00, 0x00, 0x00, 0xff, 0x00, 0x8e, 0x07, 0x00, 0xca, 0x0f, 0x00,
    0x12, 0x78, 0x43, 0x00, 0xfc, 0x01, 0x00, 0x00, 0xff, 0x3c, 0x8e, 0x07,
    0x00, 0xca, 0x0f, 0x00, 0x24, 0x72, 0x47, 0x16, 0x43, 0x00, 0x00, 0x00,
    0x3e, 0x02, 0x8e, 0x07, 0x00, 0xe2, 0x0f, 0x01, 0x02, 0x9c, 0x1e, 0x00,
    0x04, 0x00, 0x00, 0x00, 0x00, 0x0f, 0x01, 0x08, 0x00, 0xcc, 0x1f, 0x00,
    0x25, 0x98, 0x40, 0x47, 0x04, 0x00, 0x00, 0x00, 0x1e, 0x00, 0x8e, 0x07,
    0x00, 0xca, 0x0f, 0x00, 0x86, 0x99, 0x00, 0x40, 0x03, 0x00, 0x00, 0x00,
    0x06, 0x19, 0x10, 0x0c, 0x00, 0xe8, 0x41, 0x00, 0x81, 0x99, 0x49, 0x1c,
    0x06, 0xc4, 0x00, 0x00, 0x00, 0x19, 0x1e, 0x0c, 0x00, 0xa2, 0x0e, 0x00,
    0x24, 0x72, 0x43, 0x16, 0x43, 0x00, 0x00, 0x00, 0x16, 0x02, 0x8e, 0x07,
    0x00, 0xe2, 0x0f, 0x00, 0x02, 0x1c, 0x1e, 0x00, 0x04, 0x00, 0x00, 0x00,
    0x00, 0x0f, 0x01, 0x08, 0x00, 0xe4, 0x0f, 0x00, 0x31, 0x74, 0x4b, 0xff,
    0x00, 0x00, 0x00, 0x00, 0xff, 0x01, 0x00, 0x00, 0x00, 0xe4, 0x0f, 0x00,
    0x35, 0x72, 0x45, 0x3e, 0x43, 0x00, 0x00, 0x00, 0x00, 0x00, 0x8e, 0x07,
    0x00, 0xc4, 0x0f, 0x00, 0x25, 0x18, 0x46, 0x47, 0x04, 0x00, 0x00, 0x00,
    0x1e, 0x00, 0x8e, 0x07, 0x00, 0xc8, 0x0f, 0x00, 0x25, 0x78, 0x42, 0x45,
    0x04, 0x00, 0x00, 0x00, 0x1e, 0x00, 0x8e, 0x07, 0x00, 0xe2, 0x0f, 0x00,
    0x86, 0x19, 0x00, 0x46, 0xff, 0x00, 0x00, 0x00, 0x06, 0x19, 0x10, 0x0c,
    0x00, 0xe2, 0x09, 0x00, 0x02, 0x12, 0x49, 0x00, 0xff, 0x00, 0x00, 0x00,
    0x00, 0x0f, 0x00, 0x00, 0x00, 0xca, 0x0f, 0x00, 0x86, 0x79, 0x00, 0x42,
    0x49, 0x00, 0x00, 0x00, 0x06, 0x19, 0x10, 0x0c, 0x00, 0xe8, 0x43, 0x00,
    0x81, 0x99, 0x4b, 0x1c, 0x06, 0xc8, 0x00, 0x00, 0x00, 0x19, 0x1e, 0x0c,
    0x00, 0xa2, 0x0e, 0x00, 0x35, 0x72, 0x45, 0x16, 0x45, 0x00, 0x00, 0x00,
    0x00, 0x00, 0x8e, 0x07, 0x00, 0xe2, 0x0f, 0x00, 0x02, 0x72, 0x03, 0x00,
    0xff, 0x00, 0x00, 0x00, 0x00, 0x0f, 0x00, 0x00, 0x00, 0xc8, 0x1f, 0x00,
    0x25, 0x78, 0x40, 0x45, 0x04, 0x00, 0x00, 0x00, 0x1e, 0x00, 0x8e, 0x07,
    0x00, 0xe2, 0x0f, 0x00, 0x35, 0x72, 0x45, 0x16, 0x45, 0x00, 0x00, 0x00,
    0x00, 0x00, 0x8e, 0x07, 0x00, 0xc8, 0x0f, 0x00, 0x86, 0x79, 0x00, 0x40,
    0x4b, 0x00, 0x00, 0x00, 0x06, 0x19, 0x10, 0x0c, 0x00, 0xe8, 0x41, 0x00,
    0x81, 0x99, 0x03, 0x1c, 0x06, 0xcc, 0x00, 0x00, 0x00, 0x19, 0x1e, 0x0c,
    0x00, 0xa2, 0x0e, 0x00, 0x25, 0x78, 0x44, 0x45, 0x04, 0x00, 0x00, 0x00,
    0x1e, 0x00, 0x8e, 0x07, 0x00, 0xe2, 0x0f, 0x00, 0x35, 0x78, 0x1e, 0x18,
    0xff, 0xff, 0xff, 0xff, 0x00, 0x02, 0x8e, 0x07, 0x00, 0xca, 0x0f, 0x00,
    0x12, 0x72, 0x18, 0x1e, 0x18, 0x00, 0x00, 0x00, 0xff, 0xc0, 0x8e, 0x07,
    0x00, 0xe4, 0x0f, 0x00, 0x12, 0x72, 0x19, 0x1f, 0x19, 0x00, 0x00, 0x00,
    0xff, 0xc0, 0x8e, 0x07, 0x00, 0xca, 0x0f, 0x00, 0x0c, 0x72, 0x00, 0x18,
    0xff, 0x00, 0x00, 0x00, 0x70, 0x50, 0xf3, 0x03, 0x00, 0xe4, 0x0f, 0x00,
    0x86, 0x79, 0x00, 0x44, 0x03, 0x00, 0x00, 0x00, 0x06, 0x19, 0x10, 0x0c,
    0x00, 0xd8, 0x45, 0x00, 0x47, 0x19, 0x44, 0x00, 0xfc, 0xff, 0xff, 0xff,
    0xff, 0xff, 0x83, 0x03, 0x00, 0xea, 0x0f, 0x00, 0x18, 0x79, 0x00, 0x00,
    0x00, 0x00, 0x00, 0x00, 0x00, 0x00, 0x00, 0x00, 0x00, 0xe2, 0x0f, 0x00,
    0x41, 0x79, 0x00, 0x00, 0x00, 0x00, 0x00, 0x00, 0x00, 0x02, 0x80, 0x03,
    0x00, 0xea, 0x0f, 0x00, 0x45, 0x79, 0x00, 0x00, 0x30, 0x04, 0x00, 0x00,
    0x00, 0x02, 0x80, 0x03, 0x00, 0xe2, 0x0f, 0x00, 0x02, 0x72, 0x18, 0x00,
    0x36, 0x00, 0x00, 0x00, 0x00, 0x0f, 0x01, 0x00, 0x00, 0xc6, 0x0f, 0x00,
    0x47, 0xa9, 0xfc, 0x00, 0x00, 0x00, 0x00, 0x00, 0x00, 0x00, 0x80, 0x03,
    0x00, 0xea, 0x0f, 0x00, 0x02, 0x72, 0x18, 0x00, 0x38, 0x00, 0x00, 0x00,
    0x00, 0x0f, 0x01, 0x00, 0x00, 0xe4, 0x0f, 0x00, 0x45, 0x79, 0x01, 0x00,
    0xc0, 0x03, 0x00, 0x00, 0x00, 0x02, 0x80, 0x03, 0x00, 0xec, 0xff, 0x01,
    0x35, 0x72, 0x03, 0xff, 0x18, 0x00, 0x00, 0x80, 0x00, 0x00, 0x82, 0x07,
    0x00, 0xe2, 0x1f, 0x08, 0x45, 0x79, 0x02, 0x00, 0x60, 0x03, 0x00, 0x00,
    0x00, 0x02, 0x80, 0x03, 0x00, 0xe2, 0x0f, 0x00, 0x02, 0x72, 0x1c, 0x00,
    0x18, 0x00, 0x00, 0x00, 0x00, 0x0f, 0x00, 0x00, 0x00, 0xe2, 0x2f, 0x00,
    0x02, 0x72, 0x1d, 0x00, 0x19, 0x00, 0x00, 0x00, 0x00, 0x0f, 0x00, 0x00,
    0x00, 0xe4, 0x0f, 0x08, 0x35, 0x72, 0x1f, 0xff, 0x19, 0x00, 0x00, 0x80,
    0x00, 0x04, 0x8e, 0x00, 0x00, 0xe2, 0x0f, 0x00, 0x12, 0x72, 0x1e, 0x18,
    0x03, 0x00, 0x00, 0x00, 0xff, 0xc0, 0x8e, 0x07, 0x00, 0xc8, 0x0f, 0x00,
    0x12, 0x72, 0x1f, 0x19, 0x1f, 0x00, 0x00, 0x00, 0xff, 0xc0, 0x8e, 0x07,
    0x00, 0xe2, 0x0f, 0x00, 0x35, 0x78, 0x1c, 0x1c, 0xff, 0xff, 0xff, 0xff,
    0x00, 0x02, 0x8e, 0x07, 0x00, 0xc8, 0x0f, 0x00, 0x0c, 0x72, 0x00, 0x1f,
    0xff, 0x00, 0x00, 0x00, 0x70, 0x50, 0xf2, 0x03, 0x00, 0xe2, 0x0f, 0x00,
    0x12, 0x72, 0x18, 0x1c, 0x18, 0x00, 0x00, 0x00, 0xff, 0xc0, 0x8e, 0x07,
    0x00, 0xe4, 0x0f, 0x00, 0x12, 0x72, 0x19, 0x1d, 0x19, 0x00, 0x00, 0x00,
    0xff, 0xc0, 0x8e, 0x07, 0x00, 0xe4, 0x0f, 0x00, 0x07, 0x72, 0x00, 0x1e,
    0x1f, 0x00, 0x00, 0x00, 0x00, 0x00, 0x80, 0x04, 0x00, 0xcc, 0x0f, 0x00,
    0x00, 0x73, 0x00, 0x00, 0x00, 0x00, 0x00, 0x00, 0x00, 0x00, 0x0e, 0x00,
    0x00, 0x24, 0x0e, 0x00, 0x35, 0x78, 0x03, 0x00, 0x1f, 0x00, 0x00, 0x00,
    0x00, 0x01, 0x8e, 0x07, 0x00, 0xe2, 0x1f, 0x04, 0x35, 0x78, 0x40, 0x00,
    0x3f, 0x00, 0x00, 0x00, 0x00, 0x01, 0x8e, 0x07, 0x00, 0xc8, 0x0f, 0x00,
    0x35, 0x12, 0x40, 0x03, 0xff, 0x00, 0x00, 0x00, 0x00, 0x00, 0x8e, 0x07,
    0x00, 0xe2, 0x0f, 0x00, 0x0c, 0x78, 0x00, 0x1e, 0x00, 0x01, 0x00, 0x00,
    0x70, 0x60, 0xf3, 0x03, 0x00, 0xc8, 0x0f, 0x00, 0x35, 0x78, 0x40, 0x40,
    0xbf, 0x00, 0x00, 0x00, 0x00, 0x01, 0x8e, 0x07, 0x00, 0xca, 0x0f, 0x00,
    0x24, 0x78, 0x43, 0x40, 0x04, 0x00, 0x00, 0x00, 0xff, 0x00, 0x8e, 0x07,
    0x00, 0xca, 0x0f, 0x00, 0x47, 0x99, 0x54, 0x00, 0x00, 0x00, 0x00, 0x00,
    0x00, 0x00, 0x80, 0x03, 0x00, 0xea, 0x0f, 0x00, 0xac, 0x77, 0x04, 0xff,
    0x00, 0x75, 0x00, 0x00, 0x00, 0x0a, 0x00, 0x08, 0x00, 0x22, 0x0e, 0x00,
    0x82, 0x7b, 0x1c, 0xff, 0x00, 0xe6, 0x00, 0x00, 0x00, 0x0a, 0x00, 0x00,
    0x00, 0x62, 0x0e, 0x00, 0x11, 0x7c, 0x1e, 0x40, 0x04, 0x00, 0x00, 0x00,
    0xff, 0x20, 0x82, 0x0f, 0x00, 0xc8, 0x1f, 0x00, 0x11, 0x7c, 0x1f, 0x40,
    0x05, 0x00, 0x00, 0x00, 0xff, 0x24, 0x8f, 0x08, 0x00, 0xca, 0x0f, 0x00,
    0x81, 0x79, 0x03, 0x1e, 0x06, 0xc0, 0x00, 0x00, 0x00, 0x19, 0x1e, 0x0c,
    0x00, 0xa2, 0x0e, 0x00, 0x24, 0x72, 0x43, 0x16, 0x43, 0x00, 0x00, 0x00,
    0x3e, 0x02, 0x8e, 0x07, 0x00, 0xc8, 0x0f, 0x00, 0x25, 0x78, 0x40, 0x43,
    0x04, 0x00, 0x00, 0x00, 0x1c, 0x00, 0x8e, 0x07, 0x00, 0xe2, 0x2f, 0x00,
    0x35, 0x72, 0x45, 0x16, 0x43, 0x00, 0x00, 0x00, 0x00, 0x00, 0x8e, 0x07,
    0x00, 0xc8, 0x0f, 0x00, 0x86, 0x79, 0x00, 0x40, 0x03, 0x00, 0x00, 0x00,
    0x06, 0x19, 0x10, 0x0c, 0x00, 0xe8, 0x41, 0x00, 0x81, 0x79, 0x47, 0x1e,
    0x06, 0xc4, 0x00, 0x00, 0x00, 0x19, 0x1e, 0x0c, 0x00, 0xa2, 0x0e, 0x00,
    0x25, 0x78, 0x42, 0x45, 0x04, 0x00, 0x00, 0x00, 0x1c, 0x00, 0x8e, 0x07,
    0x00, 0xe2, 0x0f, 0x00, 0x35, 0x72, 0x4b, 0x16, 0x45, 0x00, 0x00, 0x00,
    0x00, 0x00, 0x8e, 0x07, 0x00, 0xc8, 0x0f, 0x00, 0x86, 0x79, 0x00, 0x42,
    0x47, 0x00, 0x00, 0x00, 0x06, 0x19, 0x10, 0x0c, 0x00, 0xe8, 0x41, 0x00,
    0x81, 0x79, 0x49, 0x1e, 0x06, 0xc8, 0x00, 0x00, 0x00, 0x19, 0x1e, 0x0c,
    0x00, 0xa2, 0x0e, 0x00, 0x25, 0x78, 0x44, 0x4b, 0x04, 0x00, 0x00, 0x00,
    0x1c, 0x00, 0x8e, 0x07, 0x00, 0xe2, 0x0f, 0x00, 0x35, 0x72, 0x4b, 0x16,
    0x4b, 0x00, 0x00, 0x00, 0x00, 0x00, 0x8e, 0x07, 0x00, 0xc8, 0x0f, 0x00,
    0x86, 0x79, 0x00, 0x44, 0x49, 0x00, 0x00, 0x00, 0x06, 0x19, 0x10, 0x0c,
    0x00, 0xe8, 0x41, 0x00, 0x81, 0x79, 0x4d, 0x1e, 0x06, 0xcc, 0x00, 0x00,
    0x00, 0x19, 0x1e, 0x0c, 0x00, 0xa2, 0x0e, 0x00, 0x25, 0x78, 0x1c, 0x4b,
    0x04, 0x00, 0x00, 0x00, 0x1c, 0x00, 0x8e, 0x07, 0x00, 0xca, 0x0f, 0x00,
    0x86, 0x79, 0x00, 0x1c, 0x4d, 0x00, 0x00, 0x00, 0x06, 0x19, 0x10, 0x0c,
    0x00, 0xe2, 0x41, 0x00, 0x47, 0x79, 0x34, 0x00, 0x00, 0x00, 0x00, 0x00,
    0x00, 0x00, 0x80, 0x03, 0x00, 0xea, 0x0f, 0x00, 0x82, 0x7b, 0x1c, 0xff,
    0x00, 0xe6, 0x00, 0x00, 0x00, 0x0a, 0x00, 0x00, 0x00, 0x22, 0x0e, 0x00,
    0x24, 0x72, 0x1f, 0x16, 0x43, 0x00, 0x00, 0x00, 0x3e, 0x02, 0x8e, 0x07,
    0x00, 0xca, 0x0f, 0x00, 0x35, 0x72, 0x41, 0x16, 0x1f, 0x00, 0x00, 0x00,
    0x00, 0x00, 0x8e, 0x07, 0x00, 0xca, 0x0f, 0x00, 0x35, 0x72, 0x43, 0x16,
    0x41, 0x00, 0x00, 0x00, 0x00, 0x00, 0x8e, 0x07, 0x00, 0xca, 0x0f, 0x00,
    0x35, 0x72, 0x03, 0x16, 0x43, 0x00, 0x00, 0x00, 0x00, 0x00, 0x8e, 0x07,
    0x00, 0xe2, 0x0f, 0x00, 0x25, 0x78, 0x1e, 0x1f, 0x04, 0x00, 0x00, 0x00,
    0x1c, 0x00, 0x8e, 0x07, 0x00, 0xc8, 0x1f, 0x00, 0x25, 0x78, 0x40, 0x41,
    0x04, 0x00, 0x00, 0x00, 0x1c, 0x00, 0x8e, 0x07, 0x00, 0xe2, 0x0f, 0x10,
    0x86, 0x79, 0x00, 0x1e, 0xff, 0x00, 0x00, 0x00, 0x06, 0x19, 0x10, 0x0c,
    0x00, 0xe6, 0x03, 0x00, 0x25, 0x78, 0x42, 0x43, 0x04, 0x00, 0x00, 0x00,
    0x1c, 0x00, 0x8e, 0x07, 0x00, 0xe2, 0x0f, 0x10, 0x86, 0x79, 0x00, 0x40,
    0xff, 0x00, 0x00, 0x00, 0x06, 0x19, 0x10, 0x0c, 0x00, 0xe6, 0x03, 0x00,
    0x25, 0x78, 0x1c, 0x03, 0x04, 0x00, 0x00, 0x00, 0x1c, 0x00, 0x8e, 0x07,
    0x00, 0xe2, 0x0f, 0x00, 0x86, 0x79, 0x00, 0x42, 0xff, 0x00, 0x00, 0x00,
    0x06, 0x19, 0x10, 0x0c, 0x00, 0xe8, 0x03, 0x00, 0x86, 0x79, 0x00, 0x1c,
    0xff, 0x00, 0x00, 0x00, 0x06, 0x19, 0x10, 0x0c, 0x00, 0xe4, 0x03, 0x00,
    0x18, 0x79, 0x00, 0x00, 0x00, 0x00, 0x00, 0x00, 0x00, 0x00, 0x00, 0x00,
    0x00, 0xe2, 0x0f, 0x00, 0x41, 0x79, 0x02, 0x00, 0x00, 0x00, 0x00, 0x00,
    0x00, 0x02, 0x80, 0x03, 0x00, 0xea, 0x0f, 0x00, 0x0c, 0x72, 0x00, 0x18,
    0xff, 0x00, 0x00, 0x00, 0x70, 0x50, 0xf3, 0x03, 0x00, 0xdc, 0x0f, 0x00,
    0x47, 0x19, 0x18, 0x00, 0xfc, 0xff, 0xff, 0xff, 0xff, 0xff, 0x83, 0x03,
    0x00, 0xea, 0x0f, 0x00, 0x18, 0x79, 0x00, 0x00, 0x00, 0x00, 0x00, 0x00,
    0x00, 0x00, 0x00, 0x00, 0x00, 0xe2, 0x0f, 0x00, 0x41, 0x79, 0x01, 0x00,
    0x00, 0x00, 0x00, 0x00, 0x00, 0x02, 0x80, 0x03, 0x00, 0xea, 0x0f, 0x00,
    0x02, 0x72, 0x18, 0x00, 0x36, 0x00, 0x00, 0x00, 0x00, 0x0f, 0x01, 0x00,
    0x00, 0xd0, 0x0f, 0x00, 0x18, 0x79, 0x00, 0x00, 0x00, 0x00, 0x00, 0x00,
    0x00, 0x00, 0x00, 0x00, 0x00, 0xe2, 0x0f, 0x00, 0x41, 0x79, 0x00, 0x00,
    0x00, 0x00, 0x00, 0x00, 0x00, 0x02, 0x80, 0x03, 0x00, 0xea, 0x0f, 0x00,
    0x45, 0x79, 0x00, 0x00, 0xd0, 0x03, 0x00, 0x00, 0x00, 0x02, 0x80, 0x03,
    0x00, 0xe2, 0xff, 0x01, 0x35, 0x72, 0x03, 0xff, 0x18, 0x00, 0x00, 0x80,
    0x00, 0x00, 0x82, 0x07, 0x00, 0xe2, 0x2f, 0x08, 0x45, 0x79, 0x01, 0x00,
    0x70, 0x03, 0x00, 0x00, 0x00, 0x02, 0x80, 0x03, 0x00, 0xe2, 0x0f, 0x00,
    0x02, 0x72, 0x1c, 0x00, 0x18, 0x00, 0x00, 0x00, 0x00, 0x0f, 0x00, 0x00,
    0x00, 0xe2, 0x1f, 0x00, 0x02, 0x72, 0x1d, 0x00, 0x19, 0x00, 0x00, 0x00,
    0x00, 0x0f, 0x00, 0x00, 0x00, 0xe4, 0x0f, 0x08, 0x35, 0x72, 0x1f, 0xff,
    0x19, 0x00, 0x00, 0x80, 0x00, 0x04, 0x8e, 0x00, 0x00, 0xe2, 0x0f, 0x00,
    0x12, 0x72, 0x1e, 0x18, 0x03, 0x00, 0x00, 0x00, 0xff, 0xc0, 0x8e, 0x07,
    0x00, 0xc8, 0x0f, 0x00, 0x12, 0x72, 0x1f, 0x19, 0x1f, 0x00, 0x00, 0x00,
    0xff, 0xc0, 0x8e, 0x07, 0x00, 0xe2, 0x0f, 0x00, 0x35, 0x78, 0x1c, 0x1c,
    0xff, 0xff, 0xff, 0xff, 0x00, 0x02, 0x8e, 0x07, 0x00, 0xc8, 0x0f, 0x00,
    0x0c, 0x72, 0x00, 0x1f, 0xff, 0x00, 0x00, 0x00, 0x70, 0x50, 0xf2, 0x03,
    0x00, 0xe2, 0x0f, 0x00, 0x12, 0x72, 0x18, 0x1c, 0x18, 0x00, 0x00, 0x00,
    0xff, 0xc0, 0x8e, 0x07, 0x00, 0xe4, 0x0f, 0x00, 0x12, 0x72, 0x19, 0x1d,
    0x19, 0x00, 0x00, 0x00, 0xff, 0xc0, 0x8e, 0x07, 0x00, 0xe4, 0x0f, 0x00,
    0x07, 0x72, 0x00, 0x1e, 0x1f, 0x00, 0x00, 0x00, 0x00, 0x00, 0x80, 0x04,
    0x00, 0xcc, 0x0f, 0x00, 0x00, 0x73, 0x00, 0x00, 0x00, 0x00, 0x00, 0x00,
    0x00, 0x00, 0x0e, 0x00, 0x00, 0x24, 0x0e, 0x00, 0x35, 0x78, 0x03, 0x00,
    0x1f, 0x00, 0x00, 0x00, 0x00, 0x01, 0x8e, 0x07, 0x00, 0xe2, 0x1f, 0x04,
    0x35, 0x78, 0x40, 0x00, 0x3f, 0x00, 0x00, 0x00, 0x00, 0x01, 0x8e, 0x07,
    0x00, 0xc8, 0x0f, 0x00, 0x35, 0x12, 0x40, 0x03, 0xff, 0x00, 0x00, 0x00,
    0x00, 0x00, 0x8e, 0x07, 0x00, 0xe2, 0x0f, 0x00, 0x0c, 0x72, 0x00, 0x1e,
    0xff, 0x00, 0x00, 0x00, 0x70, 0x50, 0xf3, 0x03, 0x00, 0xc8, 0x0f, 0x00,
    0x24, 0x78, 0x03, 0x40, 0x04, 0x00, 0x00, 0x00, 0xff, 0x00, 0x8e, 0x07,
    0x00, 0xca, 0x0f, 0x00, 0x12, 0x78, 0x43, 0x03, 0xfc, 0x03, 0x00, 0x00,
    0xff, 0x3c, 0x8e, 0x07, 0x00, 0xca, 0x0f, 0x00, 0x47, 0x19, 0x58, 0x00,
    0x00, 0x00, 0x00, 0x00, 0x00, 0x00, 0x80, 0x03, 0x00, 0xea, 0x0f, 0x00,
    0xac, 0x77, 0x04, 0xff, 0x00, 0x75, 0x00, 0x00, 0x00, 0x0a, 0x00, 0x08,
    0x00, 0x22, 0x0e, 0x00, 0x12, 0x78, 0x40, 0x40, 0x7f, 0x00, 0x00, 0x00,
    0xff, 0x3c, 0x8e, 0x07, 0x00, 0xe2, 0x0f, 0x00, 0x82, 0x7b, 0x1c, 0xff,
    0x00, 0xe6, 0x00, 0x00, 0x00, 0x0a, 0x00, 0x00, 0x00, 0x66, 0x0e, 0x00,
    0x11, 0x7c, 0x1e, 0x40, 0x04, 0x00, 0x00, 0x00, 0xff, 0x20, 0x82, 0x0f,
    0x00, 0xc8, 0x1f, 0x00, 0x11, 0x7c, 0x1f, 0x40, 0x05, 0x00, 0x00, 0x00,
    0xff, 0x24, 0x8f, 0x08, 0x00, 0xca, 0x0f, 0x00, 0x81, 0x79, 0x03, 0x1e,
    0x06, 0xc0, 0x08, 0x00, 0x00, 0x19, 0x1e, 0x0c, 0x00, 0xa2, 0x0e, 0x00,
    0x24, 0x72, 0x43, 0x16, 0x43, 0x00, 0x00, 0x00, 0x3e, 0x02, 0x8e, 0x07,
    0x00, 0xc8, 0x0f, 0x00, 0x25, 0x78, 0x40, 0x43, 0x04, 0x00, 0x00, 0x00,
    0x1c, 0x00, 0x8e, 0x07, 0x00, 0xe2, 0x2f, 0x00, 0x35, 0x72, 0x45, 0x16,
    0x43, 0x00, 0x00, 0x00, 0x00, 0x00, 0x8e, 0x07, 0x00, 0xc8, 0x0f, 0x00,
    0x86, 0x79, 0x00, 0x40, 0x03, 0x00, 0x00, 0x00, 0x06, 0x19, 0x10, 0x0c,
    0x00, 0xe8, 0x43, 0x00, 0x81, 0x79, 0x47, 0x1e, 0x06, 0xc4, 0x08, 0x00,
    0x00, 0x19, 0x1e, 0x0c, 0x00, 0xa2, 0x0e, 0x00, 0x25, 0x78, 0x42, 0x45,
    0x04, 0x00, 0x00, 0x00, 0x1c, 0x00, 0x8e, 0x07, 0x00, 0xe2, 0x0f, 0x00,
    0x35, 0x72, 0x4b, 0x16, 0x45, 0x00, 0x00, 0x00, 0x00, 0x00, 0x8e, 0x07,
    0x00, 0xc8, 0x0f, 0x00, 0x86, 0x79, 0x00, 0x42, 0x47, 0x00, 0x00, 0x00,
    0x06, 0x19, 0x10, 0x0c, 0x00, 0xe8, 0x43, 0x00, 0x81, 0x79, 0x49, 0x1e,
    0x06, 0xc8, 0x08, 0x00, 0x00, 0x19, 0x1e, 0x0c, 0x00, 0xa2, 0x0e, 0x00,
    0x25, 0x78, 0x44, 0x4b, 0x04, 0x00, 0x00, 0x00, 0x1c, 0x00, 0x8e, 0x07,
    0x00, 0xe2, 0x0f, 0x00, 0x35, 0x72, 0x4b, 0x16, 0x4b, 0x00, 0x00, 0x00,
    0x00, 0x00, 0x8e, 0x07, 0x00, 0xc8, 0x0f, 0x00, 0x86, 0x79, 0x00, 0x44,
    0x49, 0x00, 0x00, 0x00, 0x06, 0x19, 0x10, 0x0c, 0x00, 0xe8, 0x43, 0x00,
    0x81, 0x79, 0x4d, 0x1e, 0x06, 0xcc, 0x08, 0x00, 0x00, 0x19, 0x1e, 0x0c,
    0x00, 0xa2, 0x0e, 0x00, 0x25, 0x78, 0x1c, 0x4b, 0x04, 0x00, 0x00, 0x00,
    0x1c, 0x00, 0x8e, 0x07, 0x00, 0xca, 0x0f, 0x00, 0x86, 0x79, 0x00, 0x1c,
    0x4d, 0x00, 0x00, 0x00, 0x06, 0x19, 0x10, 0x0c, 0x00, 0xe2, 0x43, 0x00,
    0x47, 0x79, 0x34, 0x00, 0x00, 0x00, 0x00, 0x00, 0x00, 0x00, 0x80, 0x03,
    0x00, 0xea, 0x0f, 0x00, 0x82, 0x7b, 0x1c, 0xff, 0x00, 0xe6, 0x00, 0x00,
    0x00, 0x0a, 0x00, 0x00, 0x00, 0x22, 0x0e, 0x00, 0x24, 0x72, 0x1f, 0x16,
    0x43, 0x00, 0x00, 0x00, 0x3e, 0x02, 0x8e, 0x07, 0x00, 0xca, 0x0f, 0x00,
    0x35, 0x72, 0x41, 0x16, 0x1f, 0x00, 0x00, 0x00, 0x00, 0x00, 0x8e, 0x07,
    0x00, 0xca, 0x0f, 0x00, 0x35, 0x72, 0x43, 0x16, 0x41, 0x00, 0x00, 0x00,
    0x00, 0x00, 0x8e, 0x07, 0x00, 0xca, 0x0f, 0x00, 0x35, 0x72, 0x03, 0x16,
    0x43, 0x00, 0x00, 0x00, 0x00, 0x00, 0x8e, 0x07, 0x00, 0xe2, 0x0f, 0x00,
    0x25, 0x78, 0x1e, 0x1f, 0x04, 0x00, 0x00, 0x00, 0x1c, 0x00, 0x8e, 0x07,
    0x00, 0xc8, 0x1f, 0x00, 0x25, 0x78, 0x40, 0x41, 0x04, 0x00, 0x00, 0x00,
    0x1c, 0x00, 0x8e, 0x07, 0x00, 0xe2, 0x0f, 0x10, 0x86, 0x79, 0x00, 0x1e,
    0xff, 0x00, 0x00, 0x00, 0x06, 0x19, 0x10, 0x0c, 0x00, 0xe6, 0x01, 0x00,
    0x25, 0x78, 0x42, 0x43, 0x04, 0x00, 0x00, 0x00, 0x1c, 0x00, 0x8e, 0x07,
    0x00, 0xe2, 0x0f, 0x10, 0x86, 0x79, 0x00, 0x40, 0xff, 0x00, 0x00, 0x00,
    0x06, 0x19, 0x10, 0x0c, 0x00, 0xe6, 0x01, 0x00, 0x25, 0x78, 0x1c, 0x03,
    0x04, 0x00, 0x00, 0x00, 0x1c, 0x00, 0x8e, 0x07, 0x00, 0xe2, 0x0f, 0x00,
    0x86, 0x79, 0x00, 0x42, 0xff, 0x00, 0x00, 0x00, 0x06, 0x19, 0x10, 0x0c,
    0x00, 0xe8, 0x01, 0x00, 0x86, 0x79, 0x00, 0x1c, 0xff, 0x00, 0x00, 0x00,
    0x06, 0x19, 0x10, 0x0c, 0x00, 0xe4, 0x01, 0x00, 0x18, 0x79, 0x00, 0x00,
    0x00, 0x00, 0x00, 0x00, 0x00, 0x00, 0x00, 0x00, 0x00, 0xe2, 0x0f, 0x00,
    0x41, 0x79, 0x01, 0x00, 0x00, 0x00, 0x00, 0x00, 0x00, 0x02, 0x80, 0x03,
    0x00, 0xea, 0x0f, 0x00, 0x0c, 0x72, 0x00, 0x18, 0xff, 0x00, 0x00, 0x00,
    0x70, 0x50, 0xf3, 0x03, 0x00, 0xdc, 0x0f, 0x00, 0x47, 0x19, 0x14, 0x00,
    0xfc, 0xff, 0xff, 0xff, 0xff, 0xff, 0x83, 0x03, 0x00, 0xea, 0x0f, 0x00,
    0x18, 0x79, 0x00, 0x00, 0x00, 0x00, 0x00, 0x00, 0x00, 0x00, 0x00, 0x00,
    0x00, 0xe2, 0x0f, 0x00, 0x41, 0x79, 0x00, 0x00, 0x00, 0x00, 0x00, 0x00,
    0x00, 0x02, 0x80, 0x03, 0x00, 0xea, 0x0f, 0x00, 0x82, 0x7b, 0x18, 0xff,
    0x00, 0xea, 0x00, 0x00, 0x00, 0x0a, 0x00, 0x00, 0x00, 0xa4, 0x0e, 0x00,
    0x81, 0x79, 0x00, 0x18, 0x06, 0x30, 0x00, 0x00, 0x00, 0x19, 0x1e, 0x0c,
    0x00, 0xa4, 0x4e, 0x00, 0x0c, 0x72, 0x00, 0x00, 0xff, 0x00, 0x00, 0x00,
    0x70, 0x50, 0xf2, 0x03, 0x00, 0xda, 0x4f, 0x00, 0x47, 0x99, 0x38, 0x00,
    0x04, 0x00, 0x00, 0x00, 0x00, 0x00, 0x80, 0x03, 0x00, 0xea, 0x0f, 0x00,
    0x08, 0x73, 0x00, 0x00, 0x15, 0x00, 0x00, 0x00, 0x00, 0x10, 0x00, 0x00,
    0x00, 0x62, 0x0e, 0x00, 0x82, 0x78, 0x04, 0x00, 0x00, 0x00, 0x80, 0x3f,
    0x00, 0x00, 0x00, 0x00, 0x00, 0xe2, 0x0f, 0x00, 0x45, 0x79, 0x00, 0x00,
    0xe0, 0x00, 0x00, 0x00, 0x00, 0x02, 0x80, 0x03, 0x00, 0xe2, 0x0f, 0x00,
    0x02, 0x7c, 0x1e, 0x00, 0x04, 0x00, 0x00, 0x00, 0x00, 0x0f, 0x00, 0x08,
    0x00, 0xc8, 0x1f, 0x00, 0x02, 0x73, 0x00, 0x1e, 0x15, 0x00, 0x00, 0x00,
    0x00, 0x00, 0x02, 0x00, 0x00, 0x22, 0x0e, 0x00, 0x23, 0x74, 0x03, 0x00,
    0x00, 0x00, 0x80, 0x3f, 0x15, 0x08, 0x00, 0x00, 0x00, 0xc8, 0x2f, 0x00,
    0x23, 0x72, 0x00, 0x00, 0x03, 0x00, 0x00, 0x00, 0x00, 0x00, 0x00, 0x00,
    0x00, 0xc8, 0x0f, 0x00, 0x23, 0x78, 0x03, 0x00, 0x00, 0x00, 0x80, 0x3f,
    0xff, 0x00, 0x00, 0x00, 0x00, 0xc8, 0x0f, 0x00, 0x23, 0x74, 0x1c, 0x03,
    0x00, 0x00, 0x80, 0x3f, 0x15, 0x08, 0x00, 0x00, 0x00, 0xc8, 0x0f, 0x00,
    0x23, 0x72, 0x00, 0x00, 0x1c, 0x00, 0x00, 0x00, 0x03, 0x00, 0x00, 0x00,
    0x00, 0xe2, 0x0f, 0x00, 0x47, 0x99, 0x10, 0x00, 0x00, 0x00, 0x00, 0x00,
    0x00, 0x00, 0x80, 0x03, 0x00, 0xec, 0x1f, 0x00, 0x31, 0x74, 0x03, 0xff,
    0x00, 0x00, 0x80, 0x3f, 0xff, 0x01, 0x00, 0x00, 0x00, 0xe2, 0x0f, 0x00,
    0x02, 0x72, 0x00, 0x00, 0x15, 0x00, 0x00, 0x00, 0x00, 0x0f, 0x00, 0x00,
    0x00, 0xe2, 0x0f, 0x00, 0x02, 0x78, 0x44, 0x00, 0xd0, 0x50, 0x00, 0x00,
    0x00, 0x0f, 0x00, 0x00, 0x00, 0xce, 0x0f, 0x00, 0x44, 0x79, 0xbc, 0x00,
    0xa8, 0x00, 0x00, 0x00, 0x00, 0x00, 0xc0, 0x03, 0x00, 0xea, 0x0f, 0x02,
    0x18, 0x79, 0x00, 0x00, 0x00, 0x00, 0x00, 0x00, 0x00, 0x00, 0x00, 0x00,
    0x00, 0xe2, 0x0f, 0x00, 0x41, 0x79, 0x00, 0x00, 0x00, 0x00, 0x00, 0x00,
    0x00, 0x02, 0x80, 0x03, 0x00, 0xea, 0x0f, 0x00, 0x31, 0x74, 0x03, 0xff,
    0x00, 0x00, 0x00, 0x00, 0xff, 0x01, 0x00, 0x00, 0x00, 0xe2, 0x0f, 0x00,
    0x45, 0x79, 0x00, 0x00, 0xb0, 0x03, 0x00, 0x00, 0x00, 0x02, 0x80, 0x03,
    0x00, 0xe2, 0x0f, 0x00, 0x25, 0x78, 0x1a, 0x0b, 0x58, 0x00, 0x00, 0x00,
    0x1a, 0x00, 0x8e, 0x07, 0x00, 0xce, 0x0f, 0x00, 0x25, 0x78, 0x42, 0x03,
    0x10, 0x00, 0x00, 0x00, 0x26, 0x00, 0x8e, 0x07, 0x00, 0xe2, 0x0f, 0x04,
    0x02, 0x72, 0x1c, 0x00, 0x20, 0x00, 0x00, 0x00, 0x00, 0x0f, 0x00, 0x00,
    0x00, 0xe2, 0x2f, 0x00, 0x02, 0x72, 0x1d, 0x00, 0x13, 0x00, 0x00, 0x00,
    0x00, 0x0f, 0x00, 0x00, 0x00, 0xe4, 0x0f, 0x00, 0x25, 0x78, 0x1e, 0x03,
    0x10, 0x00, 0x00, 0x00, 0x1a, 0x00, 0x8e, 0x07, 0x00, 0xe2, 0x0f, 0x04,
    0x81, 0x79, 0x47, 0x42, 0x06, 0x00, 0x4e, 0x00, 0x00, 0x19, 0x1e, 0x0c,
    0x00, 0xa6, 0x0e, 0x00, 0x25, 0x78, 0x40, 0x03, 0x10, 0x00, 0x00, 0x00,
    0x1c, 0x00, 0x8e, 0x07, 0x00, 0xe2, 0x0f, 0x04, 0x81, 0x79, 0x44, 0x1e,
    0x06, 0x00, 0x4e, 0x00, 0x00, 0x19, 0x1e, 0x0c, 0x00, 0xa2, 0x1e, 0x00,
    0x82, 0x7b, 0x1c, 0xff, 0x00, 0xe6, 0x00, 0x00, 0x00, 0x0a, 0x00, 0x00,
    0x00, 0x26, 0x0e, 0x00, 0x81, 0x79, 0x46, 0x40, 0x06, 0x00, 0x4e, 0x00,
    0x00, 0x19, 0x1e, 0x0c, 0x00, 0xe2, 0x0e, 0x00, 0x35, 0x78, 0x45, 0x03,
    0x80, 0x00, 0x00, 0x00, 0x00, 0x00, 0x8e, 0x07, 0x00, 0xca, 0x0f, 0x00,
    0x24, 0x72, 0x45, 0x16, 0x45, 0x00, 0x00, 0x00, 0xff, 0x02, 0x8e, 0x07,
    0x00, 0xc8, 0x0f, 0x00, 0x24, 0x78, 0x4b, 0x45, 0x04, 0x00, 0x00, 0x00,
    0x3e, 0x02, 0x8e, 0x07, 0x00, 0xe4, 0x0f, 0x00, 0x21, 0x72, 0x44, 0x47,
    0x44, 0x00, 0x00, 0x00, 0x00, 0x01, 0x00, 0x00, 0x00, 0xc8, 0x4f, 0x00,
    0x23, 0x72, 0x44, 0x0c, 0x44, 0x00, 0x00, 0x00, 0x47, 0x00, 0x00, 0x00,
    0x00, 0xe2, 0x0f, 0x00, 0x21, 0x72, 0x47, 0x47, 0x46, 0x00, 0x00, 0x00,
    0x00, 0x01, 0x00, 0x00, 0x00, 0xc8, 0x8f, 0x00, 0x23, 0x72, 0x47, 0x47,
    0x0d, 0x00, 0x00, 0x00, 0x44, 0x00, 0x00, 0x00, 0x00, 0xe2, 0x0f, 0x00,
    0x25, 0x78, 0x44, 0x4b, 0x04, 0x00, 0x00, 0x00, 0x1c, 0x00, 0x8e, 0x07,
    0x00, 0xc8, 0x1f, 0x00, 0x20, 0x72, 0x49, 0x47, 0x00, 0x00, 0x00, 0x00,
    0x00, 0x00, 0x40, 0x00, 0x00, 0xca, 0x0f, 0x00, 0x86, 0x79, 0x00, 0x44,
    0x49, 0x00, 0x00, 0x00, 0x06, 0x19, 0x10, 0x0c, 0x00, 0xe8, 0x01, 0x00,
    0x81, 0x79, 0x47, 0x42, 0x06, 0x04, 0x4e, 0x00, 0x00, 0x19, 0x1e, 0x0c,
    0x00, 0xa8, 0x0e, 0x00, 0x81, 0x79, 0x46, 0x1e, 0x06, 0x04, 0x4e, 0x00,
    0x00, 0x19, 0x1e, 0x0c, 0x00, 0xa8, 0x0e, 0x00, 0x81, 0x79, 0x48, 0x40,
    0x06, 0x04, 0x4e, 0x00, 0x00, 0x19, 0x1e, 0x0c, 0x00, 0xe2, 0x0e, 0x00,
    0x35, 0x72, 0x4b, 0x16, 0x4b, 0x00, 0x00, 0x00, 0x00, 0x00, 0x8e, 0x07,
    0x00, 0xe2, 0x0f, 0x00, 0x21, 0x72, 0x46, 0x47, 0x46, 0x00, 0x00, 0x00,
    0x00, 0x01, 0x00, 0x00, 0x00, 0xe2, 0x4f, 0x04, 0x21, 0x72, 0x4d, 0x47,
    0x48, 0x00, 0x00, 0x00, 0x00, 0x01, 0x00, 0x00, 0x00, 0xc6, 0x8f, 0x00,
    0x23, 0x72, 0x46, 0x0c, 0x46, 0x00, 0x00, 0x00, 0x47, 0x00, 0x00, 0x00,
    0x00, 0xc8, 0x0f, 0x00, 0x23, 0x72, 0x4d, 0x4d, 0x0d, 0x00, 0x00, 0x00,
    0x46, 0x00, 0x00, 0x00, 0x00, 0xe2, 0x0f, 0x00, 0x25, 0x78, 0x46, 0x4b,
    0x04, 0x00, 0x00, 0x00, 0x1c, 0x00, 0x8e, 0x07, 0x00, 0xc8, 0x0f, 0x00,
    0x20, 0x72, 0x4d, 0x4d, 0x00, 0x00, 0x00, 0x00, 0x00, 0x00, 0x40, 0x00,
    0x00, 0xca, 0x0f, 0x00, 0x86, 0x79, 0x00, 0x46, 0x4d, 0x00, 0x00, 0x00,
    0x06, 0x19, 0x10, 0x0c, 0x00, 0xe8, 0x03, 0x00, 0x81, 0x79, 0x45, 0x42,
    0x06, 0x08, 0x4e, 0x00, 0x00, 0x19, 0x1e, 0x0c, 0x00, 0xa8, 0x1e, 0x00,
    0x81, 0x79, 0x44, 0x1e, 0x06, 0x08, 0x4e, 0x00, 0x00, 0x19, 0x1e, 0x0c,
    0x00, 0xa8, 0x0e, 0x00, 0x81, 0x79, 0x48, 0x40, 0x06, 0x08, 0x4e, 0x00,
    0x00, 0x19, 0x1e, 0x0c, 0x00, 0xe2, 0x0e, 0x00, 0x35, 0x72, 0x4b, 0x16,
    0x4b, 0x00, 0x00, 0x00, 0x00, 0x00, 0x8e, 0x07, 0x00, 0xe2, 0x0f, 0x00,
    0x21, 0x72, 0x44, 0x45, 0x44, 0x00, 0x00, 0x00, 0x00, 0x01, 0x00, 0x00,
    0x00, 0xe2, 0x4f, 0x04, 0x21, 0x72, 0x49, 0x45, 0x48, 0x00, 0x00, 0x00,
    0x00, 0x01, 0x00, 0x00, 0x00, 0xc6, 0x8f, 0x00, 0x23, 0x72, 0x44, 0x0c,
    0x44, 0x00, 0x00, 0x00, 0x45, 0x00, 0x00, 0x00, 0x00, 0xc8, 0x0f, 0x00,
    0x23, 0x72, 0x49, 0x49, 0x0d, 0x00, 0x00, 0x00, 0x44, 0x00, 0x00, 0x00,
    0x00, 0xe2, 0x0f, 0x00, 0x25, 0x78, 0x44, 0x4b, 0x04, 0x00, 0x00, 0x00,
    0x1c, 0x00, 0x8e, 0x07, 0x00, 0xc8, 0x0f, 0x00, 0x20, 0x72, 0x49, 0x49,
    0x00, 0x00, 0x00, 0x00, 0x00, 0x00, 0x40, 0x00, 0x00, 0xca, 0x0f, 0x00,
    0x86, 0x79, 0x00, 0x44, 0x49, 0x00, 0x00, 0x00, 0x06, 0x19, 0x10, 0x0c,
    0x00, 0xe8, 0x01, 0x00, 0x81, 0x79, 0x43, 0x42, 0x06, 0x0c, 0x4e, 0x00,
    0x00, 0x19, 0x1e, 0x0c, 0x00, 0x68, 0x0e, 0x00, 0x81, 0x79, 0x1e, 0x1e,
    0x06, 0x0c, 0x4e, 0x00, 0x00, 0x19, 0x1e, 0x0c, 0x00, 0x68, 0x0e, 0x00,
    0x81, 0x79, 0x40, 0x40, 0x06, 0x0c, 0x4e, 0x00, 0x00, 0x19, 0x1e, 0x0c,
    0x00, 0xa2, 0x0e, 0x00, 0x35, 0x72, 0x4b, 0x16, 0x4b, 0x00, 0x00, 0x00,
    0x00, 0x00, 0x8e, 0x07, 0x00, 0xca, 0x0f, 0x00, 0x25, 0x78, 0x1c, 0x4b,
    0x04, 0x00, 0x00, 0x00, 0x1c, 0x00, 0x8e, 0x07, 0x00, 0xc8, 0x0f, 0x00,
    0x21, 0x72, 0x46, 0x43, 0x1e, 0x00, 0x00, 0x00, 0x00, 0x01, 0x00, 0x00,
    0x00, 0xe2, 0x2f, 0x04, 0x21, 0x72, 0x47, 0x43, 0x40, 0x00, 0x00, 0x00,
    0x00, 0x01, 0x00, 0x00, 0x00, 0xc6, 0x4f, 0x00, 0x23, 0x72, 0x46, 0x0c,
    0x46, 0x00, 0x00, 0x00, 0x43, 0x00, 0x00, 0x00, 0x00, 0xc8, 0x0f, 0x00,
    0x23, 0x72, 0x47, 0x47, 0x0d, 0x00, 0x00, 0x00, 0x46, 0x00, 0x00, 0x00,
    0x00, 0xc8, 0x0f, 0x00, 0x20, 0x72, 0x47, 0x47, 0x00, 0x00, 0x00, 0x00,
    0x00, 0x00, 0x40, 0x00, 0x00, 0xca, 0x0f, 0x00, 0x86, 0x79, 0x00, 0x1c,
    0x47, 0x00, 0x00, 0x00, 0x06, 0x19, 0x10, 0x0c, 0x00, 0xe8, 0x03, 0x00,
    0x81, 0x79, 0x42, 0x18, 0x06, 0x30, 0x00, 0x00, 0x00, 0x19, 0x1e, 0x0c,
    0x00, 0xa2, 0x0e, 0x00, 0x35, 0x78, 0x03, 0x03, 0x01, 0x00, 0x00, 0x00,
    0x00, 0x00, 0x8e, 0x07, 0x00, 0xca, 0x0f, 0x00, 0x0c, 0x72, 0x00, 0x03,
    0x42, 0x00, 0x00, 0x00, 0x70, 0x60, 0xf2, 0x03, 0x00, 0xda, 0x4f, 0x00,
    0x47, 0x99, 0x20, 0x00, 0xfc, 0xff, 0xff, 0xff, 0xff, 0xff, 0x83, 0x03,
    0x00, 0xea, 0x0f, 0x00, 0x18, 0x79, 0x00, 0x00, 0x00, 0x00, 0x00, 0x00,
    0x00, 0x00, 0x00, 0x00, 0x00, 0xe2, 0x0f, 0x00, 0x41, 0x79, 0x00, 0x00,
    0x00, 0x00, 0x00, 0x00, 0x00, 0x02, 0x80, 0x03, 0x00, 0xea, 0x0f, 0x00,
    0xac, 0x77, 0x04, 0xff, 0x00, 0x73, 0x00, 0x00, 0x00, 0x0a, 0x00, 0x08,
    0x00, 0xa2, 0x0e, 0x00, 0x24, 0x78, 0x1f, 0x17, 0x08, 0x03, 0x00, 0x00,
    0xff, 0x02, 0x8e, 0x07, 0x00, 0xe2, 0x1f, 0x00, 0x45, 0x72, 0x00, 0x00,
    0x2e, 0x00, 0x00, 0x00, 0x00, 0x10, 0x20, 0x00, 0x00, 0xe2, 0x0f, 0x00,
    0x25, 0x78, 0x1a, 0x16, 0x08, 0x03, 0x00, 0x00, 0x3e, 0x00, 0x8e, 0x07,
    0x00, 0xc8, 0x0f, 0x00, 0x21, 0x74, 0x03, 0x00, 0x00, 0x00, 0x00, 0x3f,
    0x00, 0x00, 0x00, 0x00, 0x00, 0xe2, 0x2f, 0x00, 0x35, 0x72, 0x1f, 0x1b,
    0x1f, 0x00, 0x00, 0x00, 0x00, 0x00, 0x8e, 0x07, 0x00, 0xe2, 0x0f, 0x00,
    0x11, 0x7c, 0x1c, 0x1a, 0x04, 0x00, 0x00, 0x00, 0xff, 0x10, 0x82, 0x0f,
    0x00, 0xc8, 0x4f, 0x00, 0x11, 0x7c, 0x1d, 0x1a, 0x05, 0x00, 0x00, 0x00,
    0x1f, 0x14, 0x8f, 0x08, 0x00, 0xca, 0x0f, 0x00, 0x86, 0x79, 0x00, 0x1c,
    0x03, 0x00, 0x00, 0x00, 0x06, 0x19, 0x10, 0x0c, 0x00, 0xe8, 0x01, 0x00,
    0x81, 0x79, 0x00, 0x18, 0x06, 0x34, 0x00, 0x00, 0x00, 0x19, 0x1e, 0x0c,
    0x00, 0xa4, 0x0e, 0x00, 0x0c, 0x72, 0x00, 0x00, 0xff, 0x00, 0x00, 0x00,
    0x70, 0x50, 0xf2, 0x03, 0x00, 0xda, 0x4f, 0x00, 0x81, 0x19, 0x41, 0x18,
    0x06, 0x04, 0x00, 0x00, 0x00, 0x19, 0x1e, 0x0c, 0x00, 0xa2, 0x0e, 0x00,
    0x02, 0x72, 0x1e, 0x00, 0x1a, 0x00, 0x00, 0x00, 0x00, 0x0f, 0x00, 0x00,
    0x00, 0xe2, 0x0f, 0x00, 0x19, 0x78, 0x1b, 0x16, 0x02, 0x00, 0x00, 0x00,
    0x17, 0x02, 0x01, 0x00, 0x00, 0xe2, 0x0f, 0x04, 0x24, 0x78, 0x1a, 0x16,
    0x04, 0x00, 0x00, 0x00, 0xff, 0x00, 0x8e, 0x07, 0x00, 0xe2, 0x0f, 0x04,
    0x45, 0x72, 0x00, 0x00, 0x04, 0x00, 0x00, 0x00, 0x00, 0x10, 0x20, 0x00,
    0x00, 0xe2, 0x0f, 0x00, 0x31, 0x74, 0x45, 0xff, 0x00, 0x00, 0x80, 0x3f,
    0xff, 0x01, 0x00, 0x00, 0x00, 0xe2, 0x0f, 0x00, 0x35, 0x72, 0x1e, 0x16,
    0x1e, 0x00, 0x00, 0x00, 0x00, 0x02, 0x8e, 0x07, 0x00, 0xe4, 0x0f, 0x00,
    0x35, 0x72, 0x1c, 0x1c, 0x1a, 0x00, 0x00, 0x00, 0x00, 0x02, 0x8e, 0x07,
    0x00, 0xe4, 0x1f, 0x00, 0x35, 0x72, 0x1e, 0x16, 0x1e, 0x00, 0x00, 0x00,
    0x00, 0x02, 0x8e, 0x07, 0x00, 0xc4, 0x0f, 0x00, 0x21, 0x74, 0x03, 0x00,
    0x00, 0x00, 0x00, 0x3f, 0x00, 0x00, 0x00, 0x00, 0x00, 0xe4, 0x0f, 0x00,
    0x35, 0x72, 0x1e, 0x16, 0x1e, 0x00, 0x00, 0x00, 0x00, 0x02, 0x8e, 0x07,
    0x00, 0xc8, 0x0f, 0x00, 0x35, 0x72, 0x1e, 0x1a, 0x1e, 0x00, 0x00, 0x00,
    0x00, 0x03, 0x8e, 0x07, 0x00, 0xca, 0x0f, 0x00, 0x11, 0x7c, 0x42, 0x1e,
    0x04, 0x00, 0x00, 0x00, 0xff, 0x10, 0x84, 0x0f, 0x00, 0xe2, 0x0f, 0x00,
    0x35, 0x12, 0x41, 0x04, 0x41, 0x00, 0x00, 0x00, 0x00, 0x01, 0x8e, 0x07,
    0x00, 0xca, 0x4f, 0x00, 0x45, 0x12, 0x43, 0x00, 0x41, 0x00, 0x00, 0x00,
    0x00, 0x10, 0x20, 0x00, 0x00, 0xe2, 0x0f, 0x00, 0x35, 0x72, 0x40, 0x1a,
    0x1c, 0x00, 0x00, 0x00, 0x00, 0x02, 0x8e, 0x07, 0x00, 0xc8, 0x0f, 0x00,
    0x21, 0x14, 0x03, 0x43, 0x00, 0x00, 0x00, 0xbf, 0x00, 0x00, 0x00, 0x00,
    0x00, 0xe2, 0x0f, 0x00, 0x35, 0x72, 0x1a, 0x1a, 0x40, 0x00, 0x00, 0x00,
    0x00, 0x02, 0x8e, 0x07, 0x00, 0xc6, 0x0f, 0x00, 0x11, 0x7c, 0x43, 0x1e,
    0x05, 0x00, 0x00, 0x00, 0x1f, 0x14, 0x0f, 0x09, 0x00, 0xe2, 0x0f, 0x00,
    0x86, 0x79, 0x00, 0x1c, 0x03, 0x00, 0x00, 0x00, 0x06, 0x19, 0x10, 0x0c,
    0x00, 0xe8, 0x01, 0x00, 0x86, 0x79, 0x00, 0x40, 0x14, 0x00, 0x00, 0x00,
    0x06, 0x19, 0x10, 0x0c, 0x00, 0xe8, 0x03, 0x00, 0x86, 0x79, 0x00, 0x1a,
    0x15, 0x00, 0x00, 0x00, 0x06, 0x19, 0x10, 0x0c, 0x00, 0xe8, 0x03, 0x00,
    0x86, 0x79, 0x00, 0x42, 0x45, 0x00, 0x00, 0x00, 0x06, 0x19, 0x10, 0x0c,
    0x00, 0xe8, 0x05, 0x00, 0x81, 0x79, 0x1e, 0x18, 0x06, 0x28, 0x00, 0x00,
    0x00, 0x1b, 0x1e, 0x0c, 0x00, 0xe2, 0x0e, 0x00, 0x31, 0x74, 0x47, 0xff,
    0x00, 0x00, 0x00, 0x00, 0xff, 0x01, 0x00, 0x00, 0x00, 0xe2, 0x0f, 0x00,
    0x02, 0x78, 0x4a, 0x00, 0x05, 0x00, 0x00, 0x00, 0x00, 0x0f, 0x00, 0x00,
    0x00, 0xe2, 0x0f, 0x00, 0x0c, 0x78, 0x00, 0x1f, 0x04, 0x00, 0x00, 0x00,
    0x70, 0x40, 0xf2, 0x03, 0x00, 0xda, 0x8f, 0x00, 0x47, 0x19, 0xdc, 0x00,
    0x88, 0x00, 0x00, 0x00, 0x00, 0x00, 0x80, 0x03, 0x00, 0xea, 0x0f, 0x00,
    0x81, 0x79, 0x15, 0x18, 0x06, 0x24, 0x00, 0x00, 0x00, 0x19, 0x1e, 0x0c,
    0x00, 0xe2, 0x2e, 0x00, 0x35, 0x78, 0x00, 0x1e, 0xff, 0xef, 0xff, 0xff,
    0x00, 0x00, 0x8e, 0x07, 0x00, 0xe2, 0x0f, 0x00, 0x24, 0x72, 0x03, 0x17,
    0x1e, 0x00, 0x00, 0x00, 0xff, 0x02, 0x8e, 0x07, 0x00, 0xe2, 0x1f, 0x08,
    0x02, 0x78, 0x4a, 0x00, 0x03, 0x00, 0x00, 0x00, 0x00, 0x0f, 0x00, 0x00,
    0x00, 0xe2, 0x0f, 0x00, 0x25, 0x72, 0x16, 0x16, 0x1e, 0x00, 0x00, 0x00,
    0xff, 0x00, 0x8e, 0x07, 0x00, 0xe4, 0x0f, 0x00, 0x0c, 0x78, 0x00, 0x00,
    0x00, 0xf0, 0xff, 0xff, 0x70, 0x60, 0xf2, 0x03, 0x00, 0xc6, 0x0f, 0x00,
    0x35, 0x72, 0x17, 0x17, 0x03, 0x00, 0x00, 0x00, 0x00, 0x00, 0x8e, 0x07,
    0x00, 0xe2, 0x0f, 0x00, 0x35, 0x78, 0x00, 0x15, 0xff, 0xfb, 0xff, 0xff,
    0x00, 0x00, 0x8e, 0x07, 0x00, 0xca, 0x8f, 0x00, 0x0c, 0x78, 0x00, 0x00,
    0x00, 0xfc, 0xff, 0xff, 0x70, 0x14, 0xf2, 0x04, 0x00, 0xca, 0x0f, 0x00,
    0x0c, 0x78, 0x00, 0x16, 0x00, 0x00, 0x00, 0x01, 0x70, 0x44, 0xf3, 0x00,
    0x00, 0xdc, 0x0f, 0x00, 0x47, 0x19, 0xb0, 0x00, 0x88, 0x00, 0x00, 0x00,
    0x00, 0x00, 0x80, 0x03, 0x00, 0xea, 0x0f, 0x00, 0x0c, 0x72, 0x00, 0x15,
    0xff, 0x00, 0x00, 0x00, 0x70, 0x50, 0xf4, 0x03, 0x00, 0xe2, 0x0f, 0x00,
    0x31, 0x74, 0x47, 0xff, 0x00, 0x00, 0x00, 0x00, 0xff, 0x01, 0x00, 0x00,
    0x00, 0xe2, 0x0f, 0x00, 0x1c, 0x78, 0x80, 0x00, 0x00, 0x00, 0x00, 0x00,
    0x70, 0xe1, 0xf2, 0x03, 0x00, 0xe2, 0x0f, 0x00, 0x02, 0x72, 0x46, 0x00,
    0x15, 0x00, 0x00, 0x00, 0x00, 0x0f, 0x00, 0x00, 0x00, 0xe2, 0x0f, 0x00,
    0x02, 0x78, 0x4a, 0x00, 0x01, 0x00, 0x00, 0x00, 0x00, 0x0f, 0x00, 0x00,
    0x00, 0xd2, 0x0f, 0x00, 0x47, 0xa9, 0x90, 0x00, 0x88, 0x00, 0x00, 0x00,
    0x00, 0x00, 0x80, 0x03, 0x00, 0xea, 0x0f, 0x00, 0x45, 0x79, 0x03, 0x00,
    0x30, 0x8a, 0x00, 0x00, 0x00, 0x02, 0x80, 0x03, 0x00, 0xe2, 0x0f, 0x00,
    0x05, 0x78, 0x16, 0x00, 0x00, 0x00, 0x00, 0x00, 0x00, 0xff, 0x01, 0x00,
    0x00, 0xce, 0x4f, 0x00, 0x0c, 0x72, 0x00, 0x16, 0x15, 0x00, 0x00, 0x00,
    0x70, 0x42, 0xf4, 0x03, 0x00, 0xe2, 0x0f, 0x04, 0x31, 0x74, 0x4a, 0xff,
    0x03, 0x00, 0x00, 0x00, 0xff, 0x01, 0x00, 0x00, 0x00, 0xe2, 0x0f, 0x00,
    0x02, 0x72, 0x46, 0x00, 0x16, 0x00, 0x00, 0x00, 0x00, 0x0f, 0x00, 0x00,
    0x00, 0xe2, 0x0f, 0x00, 0x02, 0x72, 0x47, 0x00, 0x17, 0x00, 0x00, 0x00,
    0x00, 0x0f, 0x00, 0x00, 0x00, 0xe4, 0x0f, 0x00, 0x0c, 0x72, 0x00, 0x16,
    0xff, 0x00, 0x00, 0x00, 0x70, 0x16, 0x74, 0x01, 0x00, 0xda, 0x0f, 0x00,
    0x47, 0x29, 0x68, 0x00, 0x88, 0x00, 0x00, 0x00, 0x00, 0x00, 0x80, 0x03,
    0x00, 0xea, 0xef, 0x00, 0x82, 0x7b, 0x50, 0xff, 0x00, 0xea, 0x00, 0x00,
    0x00, 0x0a, 0x00, 0x00, 0x00, 0x24, 0x0e, 0x00, 0x25, 0x78, 0x1c, 0x16,
    0x10, 0x00, 0x00, 0x00, 0x50, 0x00, 0x8e, 0x07, 0x00, 0xca, 0x1f, 0x00,
    0x81, 0x79, 0x18, 0x1c, 0x06, 0x40, 0x0d, 0x00, 0x00, 0x11, 0x1e, 0x0c,
    0x00, 0xa2, 0x0e, 0x00, 0x02, 0x72, 0x46, 0x00, 0x16, 0x00, 0x00, 0x00,
    0x00, 0x0f, 0x00, 0x00, 0x00, 0xe2, 0x0f, 0x00, 0x02, 0x72, 0x47, 0x00,
    0x17, 0x00, 0x00, 0x00, 0x00, 0x0f, 0x00, 0x00, 0x00, 0xe2, 0x0f, 0x00,
    0x0c, 0x78, 0x00, 0x18, 0x28, 0x00, 0x00, 0x00, 0x70, 0x40, 0xf4, 0x03,
    0x00, 0xda, 0x4f, 0x00, 0x47, 0x29, 0x4c, 0x00, 0x88, 0x00, 0x00, 0x00,
    0x00, 0x00, 0x80, 0x03, 0x00, 0xea, 0x0f, 0x00, 0x81, 0x79, 0x19, 0x1c,
    0x06, 0x42, 0x0d, 0x00, 0x00, 0x15, 0x1e, 0x0c, 0x00, 0xa2, 0x0e, 0x00,
    0x31, 0x74, 0x4a, 0xff, 0x03, 0x00, 0x00, 0x00, 0xff, 0x01, 0x00, 0x00,
    0x00, 0xe2, 0x0f, 0x00, 0x02, 0x72, 0x46, 0x00, 0x16, 0x00, 0x00, 0x00,
    0x00, 0x0f, 0x00, 0x00, 0x00, 0xe2, 0x0f, 0x00, 0x02, 0x72, 0x47, 0x00,
    0x17, 0x00, 0x00, 0x00, 0x00, 0x0f, 0x00, 0x00, 0x00, 0xe2, 0x0f, 0x00,
    0x0c, 0x78, 0x00, 0x19, 0xc7, 0x00, 0x00, 0x00, 0x70, 0x40, 0xf4, 0x03,
    0x00, 0xda, 0x4f, 0x00, 0x47, 0x29, 0x34, 0x00, 0x88, 0x00, 0x00, 0x00,
    0x00, 0x00, 0x80, 0x03, 0x00, 0xea, 0x0f, 0x00, 0x81, 0x79, 0x1a, 0x1c,
    0x06, 0x41, 0x0d, 0x00, 0x00, 0x11, 0x1e, 0x0c, 0x00, 0xa2, 0x0e, 0x00,
    0x02, 0x72, 0x46, 0x00, 0x16, 0x00, 0x00, 0x00, 0x00, 0x0f, 0x00, 0x00,
    0x00, 0xe2, 0x0f, 0x00, 0x02, 0x72, 0x47, 0x00, 0x17, 0x00, 0x00, 0x00,
    0x00, 0x0f, 0x00, 0x00, 0x00, 0xe2, 0x0f, 0x00, 0x02, 0x78, 0x4a, 0x00,
    0x03, 0x00, 0x00, 0x00, 0x00, 0x0f, 0x00, 0x00, 0x00, 0xe2, 0x0f, 0x00,
    0x0c, 0x78, 0x00, 0x1a, 0x0f, 0x00, 0x00, 0x00, 0x70, 0x40, 0xf4, 0x03,
    0x00, 0xda, 0x4f, 0x00, 0x47, 0x29, 0x1c, 0x00, 0x88, 0x00, 0x00, 0x00,
    0x00, 0x00, 0x80, 0x03, 0x00, 0xea, 0x0f, 0x00, 0x81, 0x79, 0x55, 0x1c,
    0x06, 0x44, 0x0d, 0x00, 0x00, 0x15, 0x1e, 0x0c, 0x00, 0xa2, 0x0e, 0x00,
    0x31, 0x74, 0x4a, 0xff, 0x03, 0x00, 0x00, 0x00, 0xff, 0x01, 0x00, 0x00,
    0x00, 0xe2, 0x0f, 0x00, 0x02, 0x72, 0x46, 0x00, 0x16, 0x00, 0x00, 0x00,
    0x00, 0x0f, 0x00, 0x00, 0x00, 0xe2, 0x0f, 0x00, 0x02, 0x72, 0x47, 0x00,
    0x17, 0x00, 0x00, 0x00, 0x00, 0x0f, 0x00, 0x00, 0x00, 0xe2, 0x0f, 0x00,
    0x0c, 0x78, 0x00, 0x55, 0xc7, 0x00, 0x00, 0x00, 0x70, 0x40, 0xf4, 0x03,
    0x00, 0xda, 0x4f, 0x00, 0x47, 0x29, 0x04, 0x00, 0x88, 0x00, 0x00, 0x00,
    0x00, 0x00, 0x80, 0x03, 0x00, 0xea, 0x0f, 0x00, 0x81, 0x79, 0x03, 0x1c,
    0x06, 0x46, 0x0d, 0x00, 0x00, 0x15, 0x1e, 0x0c, 0x00, 0xa2, 0x0e, 0x00,
    0x02, 0x72, 0x46, 0x00, 0x16, 0x00, 0x00, 0x00, 0x00, 0x0f, 0x00, 0x00,
    0x00, 0xe2, 0x0f, 0x00, 0x02, 0x72, 0x47, 0x00, 0x17, 0x00, 0x00, 0x00,
    0x00, 0x0f, 0x00, 0x00, 0x00, 0xe2, 0x0f, 0x00, 0x02, 0x78, 0x4a, 0x00,
    0x03, 0x00, 0x00, 0x00, 0x00, 0x0f, 0x00, 0x00, 0x00, 0xe2, 0x0f, 0x00,
    0x0c, 0x78, 0x00, 0x03, 0xc7, 0x00, 0x00, 0x00, 0x70, 0x40, 0xf4, 0x03,
    0x00, 0xda, 0x4f, 0x00, 0x47, 0x29, 0xec, 0x00, 0x84, 0x00, 0x00, 0x00,
    0x00, 0x00, 0x80, 0x03, 0x00, 0xea, 0x0f, 0x00, 0x81, 0x79, 0x54, 0x1c,
    0x06, 0x48, 0x0d, 0x00, 0x00, 0x15, 0x1e, 0x0c, 0x00, 0xa2, 0x0e, 0x00,
    0x31, 0x74, 0x4a, 0xff, 0x03, 0x00, 0x00, 0x00, 0xff, 0x01, 0x00, 0x00,
    0x00, 0xe2, 0x0f, 0x00, 0x02, 0x72, 0x46, 0x00, 0x16, 0x00, 0x00, 0x00,
    0x00, 0x0f, 0x00, 0x00, 0x00, 0xe2, 0x0f, 0x00, 0x02, 0x72, 0x47, 0x00,
    0x17, 0x00, 0x00, 0x00, 0x00, 0x0f, 0x00, 0x00, 0x00, 0xe2, 0x0f, 0x00,
    0x0c, 0x78, 0x00, 0x54, 0xc7, 0x00, 0x00, 0x00, 0x70, 0x40, 0xf4, 0x03,
    0x00, 0xda, 0x4f, 0x00, 0x47, 0x29, 0xd4, 0x00, 0x84, 0x00, 0x00, 0x00,
    0x00, 0x00, 0x80, 0x03, 0x00, 0xea, 0x0f, 0x00, 0x0c, 0x72, 0x00, 0x18,
    0xff, 0x00, 0x00, 0x00, 0x70, 0x50, 0xf4, 0x03, 0x00, 0xe2, 0x0f, 0x00,
    0x35, 0x78, 0x17, 0x17, 0x01, 0x00, 0x00, 0x00, 0x00, 0x00, 0x8e, 0x07,
    0x00, 0xe2, 0x0f, 0x00, 0x02, 0x72, 0x46, 0x00, 0x16, 0x00, 0x00, 0x00,
    0x00, 0x0f, 0x00, 0x00, 0x00, 0xe2, 0x0f, 0x00, 0x02, 0x78, 0x4a, 0x00,
    0x01, 0x00, 0x00, 0x00, 0x00, 0x0f, 0x00, 0x00, 0x00, 0xc6, 0x0f, 0x00,
    0x02, 0x72, 0x47, 0x00, 0x17, 0x00, 0x00, 0x00, 0x00, 0x0f, 0x00, 0x00,
    0x00, 0xce, 0x0f, 0x00, 0x47, 0xa9, 0xbc, 0x00, 0x84, 0x00, 0x00, 0x00,
    0x00, 0x00, 0x80, 0x03, 0x00, 0xea, 0x0f, 0x00, 0x0c, 0x78, 0x00, 0x18,
    0x28, 0x00, 0x00, 0x00, 0x70, 0x50, 0xf4, 0x03, 0x00, 0xda, 0x0f, 0x00,
    0x47, 0xa9, 0x98, 0x00, 0x84, 0x00, 0x00, 0x00, 0x00, 0x00, 0x80, 0x03,
    0x00, 0xea, 0x0f, 0x00, 0x35, 0x78, 0x00, 0x18, 0xdb, 0xff, 0xff, 0xff,
    0x00, 0x00, 0x8e, 0x07, 0x00, 0xe2, 0x0f, 0x00, 0x45, 0x79, 0x02, 0x00,
    0xc0, 0x85, 0x00, 0x00, 0x00, 0x01, 0x80, 0x03, 0x00, 0xe8, 0x0f, 0x00,
    0x12, 0x78, 0x00, 0x00, 0xff, 0x00, 0x00, 0x00, 0xff, 0xc0, 0x8e, 0x07,
    0x00, 0xca, 0x0f, 0x00, 0x0c, 0x78, 0x00, 0x00, 0x02, 0x00, 0x00, 0x00,
    0x70, 0x40, 0xf4, 0x03, 0x00, 0xda, 0x0f, 0x00, 0x47, 0x29, 0x98, 0x00,
    0x00, 0x00, 0x00, 0x00, 0x00, 0x00, 0x80, 0x03, 0x00, 0xea, 0x0f, 0x00,
    0x81, 0x79, 0x03, 0x1c, 0x06, 0x4e, 0x0d, 0x00, 0x00, 0x15, 0x1e, 0x0c,
    0x00, 0xa2, 0x0e, 0x00, 0x31, 0x74, 0x4a, 0xff, 0x03, 0x00, 0x00, 0x00,
    0xff, 0x01, 0x00, 0x00, 0x00, 0xe2, 0x0f, 0x00, 0x02, 0x72, 0x46, 0x00,
    0x16, 0x00, 0x00, 0x00, 0x00, 0x0f, 0x00, 0x00, 0x00, 0xe2, 0x0f, 0x00,
    0x02, 0x72, 0x47, 0x00, 0x17, 0x00, 0x00, 0x00, 0x00, 0x0f, 0x00, 0x00,
    0x00, 0xe2, 0x0f, 0x00, 0x16, 0x78, 0x00, 0x03, 0x10, 0x99, 0x00, 0x00,
    0xff, 0x00, 0x00, 0x00, 0x00, 0xca, 0x4f, 0x00, 0x0c, 0x72, 0x00, 0x00,
    0xff, 0x00, 0x00, 0x00, 0x70, 0x62, 0xf4, 0x03, 0x00, 0xda, 0x0f, 0x00,
    0x42, 0xa9, 0x02, 0x00, 0x00, 0x00, 0x00, 0x00, 0x00, 0x01, 0x80, 0x03,
    0x00, 0xea, 0x0f, 0x00, 0x47, 0xa9, 0x80, 0x00, 0x84, 0x00, 0x00, 0x00,
    0x00, 0x00, 0x80, 0x03, 0x00, 0xea, 0x0f, 0x00, 0x0c, 0x72, 0x00, 0x15,
    0x03, 0x00, 0x00, 0x00, 0x70, 0x62, 0xf4, 0x03, 0x00, 0xe2, 0x0f, 0x00,
    0x02, 0x72, 0x46, 0x00, 0x16, 0x00, 0x00, 0x00, 0x00, 0x0f, 0x00, 0x00,
    0x00, 0xe2, 0x0f, 0x00, 0x02, 0x72, 0x47, 0x00, 0x17, 0x00, 0x00, 0x00,
    0x00, 0x0f, 0x00, 0x00, 0x00, 0xe2, 0x0f, 0x00, 0x02, 0x78, 0x4a, 0x00,
    0x03, 0x00, 0x00, 0x00, 0x00, 0x0f, 0x00, 0x00, 0x00, 0xd4, 0x0f, 0x00,
    0x42, 0xa9, 0x02, 0x00, 0x00, 0x00, 0x00, 0x00, 0x00, 0x01, 0x80, 0x03,
    0x00, 0xea, 0x0f, 0x00, 0x47, 0xa9, 0x68, 0x00, 0x84, 0x00, 0x00, 0x00,
    0x00, 0x00, 0x80, 0x03, 0x00, 0xea, 0x0f, 0x00, 0x81, 0x79, 0x1c, 0x1c,
    0x06, 0x4a, 0x0d, 0x00, 0x00, 0x11, 0x1e, 0x0c, 0x00, 0xa2, 0x0e, 0x00,
    0x24, 0x78, 0x55, 0x55, 0x04, 0x00, 0x00, 0x00, 0xff, 0x00, 0x8e, 0x07,
    0x00, 0xe2, 0x0f, 0x00, 0x0c, 0x78, 0x00, 0x18, 0x25, 0x00, 0x00, 0x00,
    0x70, 0x50, 0xf2, 0x03, 0x00, 0xe2, 0x0f, 0x00, 0x17, 0x78, 0x1a, 0x3c,
    0x00, 0x10, 0x00, 0x00, 0x00, 0xe4, 0xff, 0x03, 0x00, 0xe4, 0x0f, 0x00,
    0x45, 0x79, 0x00, 0x00, 0x20, 0x01, 0x00, 0x00, 0x00, 0x02, 0x80, 0x03,
    0x00, 0xe2, 0x0f, 0x00, 0x12, 0x78, 0x55, 0x55, 0xff, 0xff, 0x00, 0x00,
    0xff, 0xc0, 0x8e, 0x07, 0x00, 0xe2, 0x0f, 0x00, 0x02, 0x72, 0x46, 0x00,
    0x03, 0x00, 0x00, 0x00, 0x00, 0x0f, 0x00, 0x00, 0x00, 0xc6, 0x0f, 0x00,
    0x12, 0x78, 0x55, 0x55, 0x03, 0x00, 0x00, 0x00, 0x1c, 0xf8, 0x8e, 0x07,
    0x00, 0xca, 0x4f, 0x00, 0x25, 0x72, 0x40, 0x1a, 0x55, 0x00, 0x00, 0x00,
    0x3e, 0x00, 0x8e, 0x07, 0x00, 0xc8, 0x0f, 0x00, 0x24, 0x72, 0x1b, 0x1b,
    0x55, 0x00, 0x00, 0x00, 0x41, 0x02, 0x8e, 0x07, 0x00, 0xe2, 0x0f, 0x00,
    0x47, 0x99, 0x28, 0x00, 0x00, 0x00, 0x00, 0x00, 0x00, 0x00, 0x80, 0x03,
    0x00, 0xec, 0x0f, 0x00, 0xac, 0x77, 0x04, 0xff, 0x00, 0x73, 0x00, 0x00,
    0x00, 0x0a, 0x00, 0x08, 0x00, 0x24, 0x0e, 0x00, 0x11, 0x7c, 0x1a, 0x40,
    0x04, 0x00, 0x00, 0x00, 0xff, 0x10, 0x82, 0x0f, 0x00, 0xc8, 0x1f, 0x00,
    0x11, 0x7c, 0x1b, 0x40, 0x05, 0x00, 0x00, 0x00, 0x1b, 0x14, 0x8f, 0x08,
    0x00, 0xca, 0x0f, 0x00, 0x81, 0x79, 0x1a, 0x1a, 0x06, 0x00, 0x00, 0x00,
    0x00, 0x19, 0x1e, 0x0c, 0x00, 0xa2, 0x0e, 0x00, 0x0c, 0x78, 0x00, 0x18,
    0x26, 0x00, 0x00, 0x00, 0x70, 0x50, 0xf2, 0x03, 0x00, 0xe2, 0x0f, 0x04,
    0x0c, 0x78, 0x00, 0x18, 0x26, 0x00, 0x00, 0x00, 0x70, 0x50, 0xf4, 0x03,
    0x00, 0xe2, 0x0f, 0x00, 0x35, 0x78, 0x46, 0x16, 0x01, 0x00, 0x00, 0x00,
    0x00, 0x00, 0x8e, 0x07, 0x00, 0xe2, 0x0f, 0x00, 0x0b, 0x72, 0x00, 0x1a,
    0xff, 0x00, 0x00, 0x00, 0x00, 0xd0, 0xf6, 0x03, 0x00, 0xd4, 0x4f, 0x00,
    0x07, 0x12, 0x46, 0x03, 0x46, 0x00, 0x00, 0x00, 0x00, 0x00, 0x80, 0x01,
    0x00, 0xca, 0x0f, 0x00, 0x07, 0xa2, 0x46, 0x03, 0x46, 0x00, 0x00, 0x00,
    0x00, 0x00, 0x80, 0x05, 0x00, 0xce, 0x0f, 0x00, 0x18, 0x79, 0x00, 0x00,
    0x00, 0x00, 0x00, 0x00, 0x00, 0x00, 0x00, 0x00, 0x00, 0xe2, 0x0f, 0x00,
    0x41, 0x79, 0x00, 0x00, 0x00, 0x00, 0x00, 0x00, 0x00, 0x02, 0x80, 0x03,
    0x00, 0xea, 0x0f, 0x00, 0x47, 0x79, 0xac, 0x00, 0x80, 0x00, 0x00, 0x00,
    0x00, 0x00, 0x80, 0x03, 0x00, 0xea, 0x0f, 0x00, 0x81, 0x79, 0x56, 0x1c,
    0x06, 0x4a, 0x0d, 0x00, 0x00, 0x15, 0x1e, 0x0c, 0x00, 0xa2, 0x0e, 0x00,
    0x82, 0x7b, 0x44, 0xff, 0x00, 0xe6, 0x00, 0x00, 0x00, 0x0a, 0x00, 0x00,
    0x00, 0x22, 0x0e, 0x00, 0x24, 0x78, 0x57, 0x55, 0x04, 0x00, 0x00, 0x00,
    0xff, 0x00, 0x8e, 0x07, 0x00, 0xe2, 0x0f, 0x00, 0x17, 0x78, 0x4e, 0x3c,
    0x00, 0x10, 0x00, 0x00, 0x00, 0xe4, 0xff, 0x03, 0x00, 0xe4, 0x0f, 0x00,
    0x25, 0x78, 0x46, 0x03, 0x04, 0x00, 0x00, 0x00, 0xff, 0x00, 0x8e, 0x07,
    0x00, 0xe4, 0x0f, 0x00, 0x12, 0x78, 0x57, 0x57, 0xff, 0xff, 0x00, 0x00,
    0xff, 0xc0, 0x8e, 0x07, 0x00, 0xe4, 0x0f, 0x00, 0x24, 0x72, 0x47, 0x47,
    0x4e, 0x00, 0x00, 0x00, 0xff, 0x02, 0x8e, 0x07, 0x00, 0xe2, 0x0f, 0x00,
    0x16, 0x78, 0x59, 0x56, 0x71, 0x77, 0x00, 0x00, 0xff, 0x00, 0x00, 0x00,
    0x00, 0xc4, 0x4f, 0x00, 0x16, 0x78, 0x56, 0x56, 0x70, 0x77, 0x00, 0x00,
    0xff, 0x00, 0x00, 0x00, 0x00, 0xe4, 0x0f, 0x00, 0x12, 0x78, 0x41, 0x46,
    0x03, 0x00, 0x00, 0x00, 0x59, 0xf8, 0x8e, 0x07, 0x00, 0xe4, 0x0f, 0x10,
    0x12, 0x78, 0x49, 0x57, 0x03, 0x00, 0x00, 0x00, 0x56, 0xf8, 0x8e, 0x07,
    0x00, 0xe4, 0x0f, 0x00, 0x19, 0x78, 0x1b, 0xff, 0x02, 0x00, 0x00, 0x00,
    0x59, 0x16, 0x01, 0x00, 0x00, 0xe2, 0x0f, 0x00, 0x24, 0x72, 0x4b, 0x4f,
    0x41, 0x00, 0x00, 0x00, 0x47, 0x02, 0x8e, 0x07, 0x00, 0xe4, 0x0f, 0x08,
    0x25, 0x72, 0x40, 0x4e, 0x41, 0x00, 0x00, 0x00, 0x3e, 0x00, 0x8e, 0x07,
    0x00, 0xc8, 0x0f, 0x00, 0x25, 0x72, 0x42, 0x4e, 0x49, 0x00, 0x00, 0x00,
    0x3e, 0x00, 0x8e, 0x07, 0x00, 0xe2, 0x0f, 0x00, 0x35, 0x72, 0x00, 0x41,
    0x4b, 0x00, 0x00, 0x00, 0x00, 0x00, 0x8e, 0x07, 0x00, 0xe2, 0x0f, 0x00,
    0x12, 0x78, 0x41, 0x46, 0x03, 0x00, 0x00, 0x00, 0x1b, 0xf8, 0x8e, 0x07,
    0x00, 0xe4, 0x0f, 0x00, 0x24, 0x72, 0x43, 0x4f, 0x49, 0x00, 0x00, 0x00,
    0x43, 0x02, 0x8e, 0x07, 0x00, 0xe2, 0x0f, 0x04, 0x11, 0x72, 0x4a, 0x42,
    0x44, 0x00, 0x00, 0x00, 0xff, 0x10, 0x84, 0x07, 0x00, 0xe4, 0x1f, 0x08,
    0x11, 0x72, 0x5a, 0x40, 0x44, 0x00, 0x00, 0x00, 0xff, 0x10, 0x86, 0x07,
    0x00, 0xe4, 0x0f, 0x00, 0x11, 0x72, 0x4b, 0x42, 0x45, 0x00, 0x00, 0x00,
    0x43, 0x14, 0x0f, 0x01, 0x00, 0xe2, 0x0f, 0x00, 0x24, 0x72, 0x43, 0x4f,
    0x41, 0x00, 0x00, 0x00, 0x47, 0x02, 0x8e, 0x07, 0x00, 0xe2, 0x0f, 0x00,
    0x11, 0x72, 0x5b, 0x40, 0x45, 0x00, 0x00, 0x00, 0x00, 0x14, 0x8f, 0x01,
    0x00, 0xe2, 0x0f, 0x00, 0x25, 0x72, 0x40, 0x4e, 0x41, 0x00, 0x00, 0x00,
    0x3e, 0x00, 0x8e, 0x07, 0x00, 0xe2, 0x0f, 0x00, 0x19, 0x78, 0x1b, 0xff,
    0x04, 0x00, 0x00, 0x00, 0x59, 0x16, 0x01, 0x00, 0x00, 0xc4, 0x0f, 0x00,
    0x81, 0x79, 0x4b, 0x4a, 0x06, 0x00, 0x00, 0x00, 0x00, 0x19, 0x1e, 0x0c,
    0x00, 0x64, 0x0f, 0x00, 0x35, 0x72, 0x00, 0x41, 0x43, 0x00, 0x00, 0x00,
    0x00, 0x00, 0x8e, 0x07, 0x00, 0xe2, 0x0f, 0x00, 0x12, 0x78, 0x1b, 0x46,
    0x03, 0x00, 0x00, 0x00, 0x1b, 0xf8, 0x8e, 0x07, 0x00, 0xe4, 0x0f, 0x00,
    0x11, 0x72, 0x52, 0x40, 0x44, 0x00, 0x00, 0x00, 0xff, 0x10, 0x84, 0x07,
    0x00, 0xc6, 0x0f, 0x00, 0x24, 0x72, 0x43, 0x4f, 0x1b, 0x00, 0x00, 0x00,
    0x47, 0x02, 0x8e, 0x07, 0x00, 0xe2, 0x0f, 0x00, 0x11, 0x72, 0x53, 0x40,
    0x45, 0x00, 0x00, 0x00, 0x00, 0x14, 0x0f, 0x01, 0x00, 0xe2, 0x0f, 0x00,
    0x25, 0x72, 0x40, 0x4e, 0x1b, 0x00, 0x00, 0x00, 0x3e, 0x00, 0x8e, 0x07,
    0x00, 0xca, 0x0f, 0x00, 0x35, 0x72, 0x00, 0x41, 0x43, 0x00, 0x00, 0x00,
    0x00, 0x00, 0x8e, 0x07, 0x00, 0xe2, 0x0f, 0x00, 0x11, 0x72, 0x4c, 0x40,
    0x44, 0x00, 0x00, 0x00, 0xff, 0x10, 0x84, 0x07, 0x00, 0xc8, 0x0f, 0x00,
    0x11, 0x72, 0x4d, 0x40, 0x45, 0x00, 0x00, 0x00, 0x00, 0x14, 0x0f, 0x01,
    0x00, 0xe4, 0x0f, 0x00, 0x19, 0x78, 0x00, 0xff, 0x02, 0x00, 0x00, 0x00,
    0x56, 0x16, 0x01, 0x00, 0x00, 0xc8, 0x0f, 0x00, 0x12, 0x78, 0x1b, 0x57,
    0x03, 0x00, 0x00, 0x00, 0x00, 0xf8, 0x8e, 0x07, 0x00, 0xca, 0x0f, 0x00,
    0x25, 0x72, 0x40, 0x4e, 0x1b, 0x00, 0x00, 0x00, 0x3e, 0x00, 0x8e, 0x07,
    0x00, 0xc8, 0x0f, 0x00, 0x24, 0x72, 0x00, 0x4f, 0x1b, 0x00, 0x00, 0x00,
    0x41, 0x02, 0x8e, 0x07, 0x00, 0xe2, 0x0f, 0x00, 0x11, 0x72, 0x42, 0x40,
    0x44, 0x00, 0x00, 0x00, 0xff, 0x10, 0x84, 0x07, 0x00, 0xc8, 0x0f, 0x00,
    0x11, 0x72, 0x43, 0x40, 0x45, 0x00, 0x00, 0x00, 0x00, 0x14, 0x0f, 0x01,
    0x00, 0xe4, 0x0f, 0x00, 0x19, 0x78, 0x00, 0xff, 0x04, 0x00, 0x00, 0x00,
    0x56, 0x16, 0x01, 0x00, 0x00, 0xc6, 0x0f, 0x00, 0x81, 0x79, 0x42, 0x42,
    0x06, 0x00, 0x00, 0x00, 0x00, 0x19, 0x1e, 0x0c, 0x00, 0x62, 0x0f, 0x00,
    0x12, 0x78, 0x1b, 0x57, 0x03, 0x00, 0x00, 0x00, 0x00, 0xf8, 0x8e, 0x07,
    0x00, 0xca, 0x0f, 0x00, 0x25, 0x72, 0x40, 0x4e, 0x1b, 0x00, 0x00, 0x00,
    0x3e, 0x00, 0x8e, 0x07, 0x00, 0xc8, 0x0f, 0x00, 0x24, 0x72, 0x00, 0x4f,
    0x1b, 0x00, 0x00, 0x00, 0x41, 0x02, 0x8e, 0x07, 0x00, 0xe2, 0x0f, 0x00,
    0x11, 0x72, 0x48, 0x40, 0x44, 0x00, 0x00, 0x00, 0xff, 0x10, 0x84, 0x07,
    0x00, 0xe2, 0x0f, 0x04, 0x81, 0x79, 0x1b, 0x52, 0x06, 0x00, 0x00, 0x00,
    0x00, 0x19, 0x1e, 0x0c, 0x00, 0x66, 0x0f, 0x00, 0x11, 0x72, 0x49, 0x40,
    0x45, 0x00, 0x00, 0x00, 0x00, 0x14, 0x0f, 0x01, 0x00, 0xe4, 0x0f, 0x00,
    0x19, 0x78, 0x59, 0x59, 0x06, 0x00, 0x00, 0x00, 0xff, 0x12, 0x00, 0x00,
    0x00, 0xe2, 0x0f, 0x00, 0x81, 0x79, 0x00, 0x5a, 0x06, 0x00, 0x00, 0x00,
    0x00, 0x19, 0x1e, 0x0c, 0x00, 0x68, 0x01, 0x00, 0x81, 0x79, 0x41, 0x48,
    0x06, 0x00, 0x00, 0x00, 0x00, 0x19, 0x1e, 0x0c, 0x00, 0x62, 0x0f, 0x00,
    0x19, 0x78, 0x56, 0x56, 0x06, 0x00, 0x00, 0x00, 0xff, 0x12, 0x00, 0x00,
    0x00, 0xc4, 0x0f, 0x00, 0x12, 0x72, 0x59, 0x46, 0x59, 0x00, 0x00, 0x00,
    0xff, 0xfc, 0x8e, 0x07, 0x00, 0xe2, 0x0f, 0x00, 0x81, 0x79, 0x40, 0x4c,
    0x06, 0x00, 0x00, 0x00, 0x00, 0x19, 0x1e, 0x0c, 0x00, 0x62, 0x03, 0x00,
    0x0c, 0x78, 0x00, 0x18, 0x0c, 0x00, 0x00, 0x00, 0x70, 0x50, 0xf4, 0x03,
    0x00, 0xe2, 0x0f, 0x00, 0x12, 0x72, 0x5d, 0x57, 0x56, 0x00, 0x00, 0x00,
    0xff, 0xfc, 0x8e, 0x07, 0x00, 0xe4, 0x0f, 0x00, 0x24, 0x72, 0x47, 0x4f,
    0x59, 0x00, 0x00, 0x00, 0x47, 0x02, 0x8e, 0x07, 0x00, 0xe4, 0x0f, 0x08,
    0x25, 0x72, 0x58, 0x4e, 0x59, 0x00, 0x00, 0x00, 0x3e, 0x00, 0x8e, 0x07,
    0x00, 0xc8, 0x0f, 0x00, 0x25, 0x72, 0x5a, 0x4e, 0x5d, 0x00, 0x00, 0x00,
    0x3e, 0x00, 0x8e, 0x07, 0x00, 0xe2, 0x1f, 0x00, 0x35, 0x72, 0x47, 0x59,
    0x47, 0x00, 0x00, 0x00, 0x00, 0x00, 0x8e, 0x07, 0x00, 0xe2, 0x0f, 0x00,
    0x11, 0x72, 0x4c, 0x58, 0x44, 0x00, 0x00, 0x00, 0xff, 0x10, 0x88, 0x07,
    0x00, 0xe4, 0x2f, 0x08, 0x24, 0x72, 0x4a, 0x4f, 0x5d, 0x00, 0x00, 0x00,
    0x5b, 0x02, 0x8e, 0x07, 0x00, 0xe2, 0x0f, 0x00, 0x11, 0x72, 0x46, 0x5a,
    0x44, 0x00, 0x00, 0x00, 0xff, 0x10, 0x86, 0x07, 0x00, 0xe2, 0x0f, 0x00,
    0x45, 0x79, 0x01, 0x00, 0x00, 0x7b, 0x00, 0x00, 0x00, 0x01, 0x80, 0x03,
    0x00, 0xe2, 0x0f, 0x00, 0x11, 0x72, 0x4d, 0x58, 0x45, 0x00, 0x00, 0x00,
    0x47, 0x14, 0x0f, 0x02, 0x00, 0xe4, 0x0f, 0x08, 0x11, 0x72, 0x47, 0x5a,
    0x45, 0x00, 0x00, 0x00, 0x4a, 0x14, 0x8f, 0x01, 0x00, 0xe2, 0x0f, 0x00,
    0x47, 0xa9, 0x90, 0x00, 0x78, 0x00, 0x00, 0x00, 0x00, 0x00, 0x80, 0x03,
    0x00, 0xf0, 0x0f, 0x00, 0x81, 0x79, 0x43, 0x4c, 0x06, 0x00, 0x00, 0x00,
    0x00, 0x19, 0x1e, 0x0c, 0x00, 0x62, 0x01, 0x00, 0x0c, 0x78, 0x00, 0x18,
    0x24, 0x00, 0x00, 0x00, 0x70, 0x50, 0xf4, 0x03, 0x00, 0xda, 0x0f, 0x00,
    0x47, 0xa9, 0x84, 0x00, 0x74, 0x00, 0x00, 0x00, 0x00, 0x00, 0x80, 0x03,
    0x00, 0xea, 0x0f, 0x00, 0x81, 0x79, 0x46, 0x46, 0x06, 0x00, 0x00, 0x00,
    0x00, 0x19, 0x1e, 0x0c, 0x00, 0x62, 0x03, 0x00, 0x0c, 0x78, 0x00, 0x18,
    0x23, 0x00, 0x00, 0x00, 0x70, 0x50, 0xf4, 0x03, 0x00, 0xe2, 0x0f, 0x00,
    0x24, 0x78, 0x4d, 0x54, 0x04, 0x00, 0x00, 0x00, 0xff, 0x00, 0x8e, 0x07,
    0x00, 0xd8, 0x1f, 0x00, 0x47, 0x29, 0x98, 0x00, 0x24, 0x00, 0x00, 0x00,
    0x00, 0x00, 0x80, 0x03, 0x00, 0xea, 0x0f, 0x00, 0x24, 0x72, 0x1b, 0x4f,
    0x03, 0x00, 0x00, 0x00, 0xff, 0x02, 0x8e, 0x07, 0x00, 0xe4, 0x0f, 0x0a,
    0x25, 0x72, 0x4e, 0x4e, 0x03, 0x00, 0x00, 0x00, 0xff, 0x00, 0x8e, 0x07,
    0x00, 0xca, 0x0f, 0x00, 0x35, 0x72, 0x03, 0x4f, 0x1b, 0x00, 0x00, 0x00,
    0x00, 0x00, 0x8e, 0x07, 0x00, 0xe2, 0x0f, 0x00, 0x11, 0x72, 0x00, 0x4e,
    0x3e, 0x00, 0x00, 0x00, 0xff, 0x10, 0x84, 0x07, 0x00, 0xc8, 0x0f, 0x00,
    0x11, 0x72, 0x4e, 0x4e, 0x3f, 0x00, 0x00, 0x00, 0x03, 0x14, 0x0f, 0x01,
    0x00, 0xe4, 0x0f, 0x00, 0x11, 0x72, 0x44, 0x00, 0x44, 0x00, 0x00, 0x00,
    0xff, 0x10, 0x84, 0x07, 0x00, 0xc8, 0x0f, 0x00, 0x11, 0x72, 0x45, 0x00,
    0x45, 0x00, 0x00, 0x00, 0x4e, 0x14, 0x0f, 0x01, 0x00, 0xca, 0x0f, 0x00,
    0x81, 0x79, 0x44, 0x44, 0x06, 0x00, 0x00, 0x00, 0x00, 0x19, 0x1e, 0x0c,
    0x00, 0xa2, 0x0e, 0x00, 0x31, 0x74, 0x47, 0xff, 0x00, 0x00, 0x80, 0x3f,
    0xff, 0x01, 0x00, 0x00, 0x00, 0xe2, 0x2f, 0x00, 0x02, 0x72, 0x49, 0x00,
    0xff, 0x00, 0x00, 0x00, 0x00, 0x0f, 0x00, 0x00, 0x00, 0xe2, 0x0f, 0x00,
    0x31, 0x74, 0x4c, 0xff, 0x00, 0x00, 0x00, 0x00, 0xff, 0x01, 0x00, 0x00,
    0x00, 0xe2, 0x0f, 0x00, 0x02, 0x72, 0x4a, 0x00, 0xff, 0x00, 0x00, 0x00,
    0x00, 0x0f, 0x00, 0x00, 0x00, 0xe2, 0x0f, 0x00, 0x0b, 0x78, 0x00, 0x44,
    0x00, 0x00, 0x80, 0x40, 0x00, 0x60, 0xf4, 0x03, 0x00, 0xca, 0x4f, 0x00,
    0x0b, 0x78, 0x00, 0x44, 0x00, 0x00, 0x80, 0xbf, 0x00, 0x34, 0x74, 0x01,
    0x00, 0xca, 0x0f, 0x00, 0x0b, 0x78, 0x00, 0x44, 0x00, 0x00, 0x80, 0x7f,
    0x00, 0xa6, 0x74, 0x01, 0x00, 0xda, 0x0f, 0x00, 0x47, 0x29, 0x50, 0x00,
    0x78, 0x00, 0x00, 0x00, 0x00, 0x00, 0x80, 0x03, 0x00, 0xea, 0x0f, 0x00,
    0x05, 0x73, 0x44, 0x00, 0x44, 0x00, 0x00, 0x00, 0x00, 0xf1, 0x20, 0x00,
    0x00, 0x22, 0x0e, 0x00, 0x02, 0x78, 0x49, 0x00, 0x00, 0x00, 0x80, 0x3f,
    0x00, 0x0f, 0x00, 0x00, 0x00, 0xe2, 0x0f, 0x00, 0x02, 0x78, 0x4c, 0x00,
    0x00, 0x00, 0x80, 0x3f, 0x00, 0x0f, 0x00, 0x00, 0x00, 0xe2, 0x0f, 0x00,
    0x02, 0x78, 0x4a, 0x00, 0x00, 0x00, 0x80, 0x3f, 0x00, 0x0f, 0x00, 0x00,
    0x00, 0xe2, 0x0f, 0x00, 0x0c, 0x72, 0x00, 0x44, 0x1f, 0x00, 0x00, 0x00,
    0x70, 0x60, 0xf4, 0x03, 0x00, 0xda, 0x1f, 0x00, 0x47, 0x29, 0x38, 0x00,
    0x78, 0x00, 0x00, 0x00, 0x00, 0x00, 0x80, 0x03, 0x00, 0xea, 0x0f, 0x00,
    0x25, 0x78, 0x44, 0x44, 0x20, 0x00, 0x00, 0x00, 0x50, 0x00, 0x8e, 0x07,
    0x00, 0xca, 0x0f, 0x00, 0x81, 0x79, 0x40, 0x44, 0x06, 0x48, 0x00, 0x00,
    0x00, 0x19, 0x1e, 0x0c, 0x00, 0xa2, 0x0e, 0x00, 0x31, 0x74, 0x41, 0xff,
    0x00, 0x00, 0x00, 0x00, 0xff, 0x01, 0x00, 0x00, 0x00, 0xca, 0x0f, 0x00,
    0x0c, 0x72, 0x00, 0x40, 0xff, 0x00, 0x00, 0x00, 0x70, 0x50, 0xf5, 0x03,
    0x00, 0xdc, 0x4f, 0x00, 0x47, 0x29, 0x18, 0x00, 0x00, 0x00, 0x00, 0x00,
    0x00, 0x00, 0x80, 0x03, 0x00, 0xea, 0x0f, 0x00, 0x81, 0x79, 0x00, 0x44,
    0x06, 0x4c, 0x00, 0x00, 0x00, 0x19, 0x1e, 0x0c, 0x00, 0xa2, 0x0e, 0x00,
    0x02, 0x78, 0x49, 0x00, 0x00, 0x00, 0x80, 0x3f, 0x00, 0x0f, 0x00, 0x00,
    0x00, 0xe2, 0x0f, 0x00, 0x02, 0x78, 0x4c, 0x00, 0x00, 0x00, 0x80, 0x3f,
    0x00, 0x0f, 0x00, 0x00, 0x00, 0xe2, 0x0f, 0x00, 0x02, 0x78, 0x4a, 0x00,
    0x00, 0x00, 0x80, 0x3f, 0x00, 0x0f, 0x00, 0x00, 0x00, 0xe2, 0x0f, 0x00,
    0x0c, 0x72, 0x00, 0x00, 0xff, 0x00, 0x00, 0x00, 0x70, 0x50, 0xf4, 0x03,
    0x00, 0xda, 0x4f, 0x00, 0x47, 0xa9, 0x0c, 0x00, 0x78, 0x00, 0x00, 0x00,
    0x00, 0x00, 0x80, 0x03, 0x00, 0xea, 0x0f, 0x00, 0xac, 0x77, 0x04, 0xff,
    0x00, 0x72, 0x00, 0x00, 0x00, 0x0a, 0x00, 0x08, 0x00, 0x22, 0x0e, 0x00,
    0x02, 0x78, 0x4a, 0x00, 0x05, 0x00, 0x00, 0x00, 0x00, 0x0f, 0x00, 0x00,
    0x00, 0xe2, 0x0f, 0x00, 0x02, 0x72, 0x46, 0x00, 0x16, 0x00, 0x00, 0x00,
    0x00, 0x0f, 0x00, 0x00, 0x00, 0xe2, 0x0f, 0x00, 0x02, 0x72, 0x47, 0x00,
    0x17, 0x00, 0x00, 0x00, 0x00, 0x0f, 0x00, 0x00, 0x00, 0xe2, 0x0f, 0x00,
    0x8c, 0x72, 0x00, 0x04, 0xff, 0x00, 0x00, 0x00, 0x70, 0x50, 0xf1, 0x0b,
    0x00, 0xd2, 0x1f, 0x00, 0x47, 0x75, 0x34, 0x08, 0x7d, 0x00, 0x00, 0x00,
    0x00, 0x00, 0x80, 0x0b, 0x00, 0xea, 0x0f, 0x00, 0x0c, 0x72, 0x00, 0x40,
    0xff, 0x00, 0x00, 0x00, 0x70, 0x50, 0xf4, 0x03, 0x00, 0xe2, 0x0f, 0x00,
    0x02, 0x72, 0x46, 0x00, 0x16, 0x00, 0x00, 0x00, 0x00, 0x0f, 0x00, 0x00,
    0x00, 0xe2, 0x0f, 0x00, 0x02, 0x72, 0x47, 0x00, 0x17, 0x00, 0x00, 0x00,
    0x00, 0x0f, 0x00, 0x00, 0x00, 0xd6, 0x0f, 0x00, 0x42, 0xa9, 0x01, 0x00,
    0x00, 0x00, 0x00, 0x00, 0x00, 0x01, 0x80, 0x03, 0x00, 0xea, 0x0f, 0x00,
    0x42, 0xa9, 0x02, 0x00, 0x00, 0x00, 0x00, 0x00, 0x00, 0x01, 0x80, 0x03,
    0x00, 0xea, 0x0f, 0x00, 0x47, 0xa9, 0x28, 0x00, 0x7c, 0x00, 0x00, 0x00,
    0x00, 0x00, 0x80, 0x03, 0x00, 0xea, 0x0f, 0x00, 0x81, 0x79, 0x00, 0x44,
    0x06, 0x4c, 0x00, 0x00, 0x00, 0x19, 0x1e, 0x0c, 0x00, 0xa2, 0x0e, 0x00,
    0x0c, 0x78, 0x00, 0x40, 0x00, 0x80, 0x00, 0x00, 0x70, 0x40, 0xf4, 0x03,
    0x00, 0xe2, 0x0f, 0x00, 0x02, 0x72, 0x46, 0x00, 0x16, 0x00, 0x00, 0x00,
    0x00, 0x0f, 0x00, 0x00, 0x00, 0xe2, 0x0f, 0x00, 0x02, 0x72, 0x47, 0x00,
    0x17, 0x00, 0x00, 0x00, 0x00, 0x0f, 0x00, 0x00, 0x00, 0xe2, 0x0f, 0x00,
    0x35, 0x78, 0x03, 0x00, 0xff, 0x7f, 0xff, 0xff, 0x00, 0x00, 0x8e, 0x07,
    0x00, 0xca, 0x4f, 0x00, 0x0c, 0x78, 0x00, 0x03, 0x00, 0x80, 0xff, 0xff,
    0x70, 0x14, 0x74, 0x01, 0x00, 0xda, 0x0f, 0x00, 0x42, 0x29, 0x01, 0x00,
    0x00, 0x00, 0x00, 0x00, 0x00, 0x01, 0x80, 0x03, 0x00, 0xea, 0x0f, 0x00,
    0x42, 0x29, 0x02, 0x00, 0x00, 0x00, 0x00, 0x00, 0x00, 0x01, 0x80, 0x03,
    0x00, 0xea, 0x0f, 0x00, 0x47, 0x29, 0x04, 0x00, 0x7c, 0x00, 0x00, 0x00,
    0x00, 0x00, 0x80, 0x03, 0x00, 0xea, 0x0f, 0x00, 0x81, 0x79, 0x1b, 0x44,
    0x06, 0x50, 0x00, 0x00, 0x00, 0x19, 0x1e, 0x0c, 0x00, 0xa2, 0x0e, 0x00,
    0x02, 0x72, 0x46, 0x00, 0x16, 0x00, 0x00, 0x00, 0x00, 0x0f, 0x00, 0x00,
    0x00, 0xe2, 0x0f, 0x00, 0x02, 0x72, 0x47, 0x00, 0x17, 0x00, 0x00, 0x00,
    0x00, 0x0f, 0x00, 0x00, 0x00, 0xe2, 0x0f, 0x00, 0x0c, 0x72, 0x00, 0x1b,
    0x40, 0x00, 0x00, 0x00, 0x70, 0x60, 0xf4, 0x03, 0x00, 0xda, 0x4f, 0x00,
    0x42, 0xa9, 0x01, 0x00, 0x00, 0x00, 0x00, 0x00, 0x00, 0x01, 0x80, 0x03,
    0x00, 0xea, 0x0f, 0x00, 0x42, 0xa9, 0x02, 0x00, 0x00, 0x00, 0x00, 0x00,
    0x00, 0x01, 0x80, 0x03, 0x00, 0xea, 0x0f, 0x00, 0x47, 0xa9, 0xe8, 0x00,
    0x78, 0x00, 0x00, 0x00, 0x00, 0x00, 0x80, 0x03, 0x00, 0xea, 0x0f, 0x00,
    0x81, 0x79, 0x4d, 0x44, 0x06, 0x54, 0x00, 0x00, 0x00, 0x19, 0x1e, 0x0c,
    0x00, 0xa2, 0x0e, 0x00, 0x02, 0x72, 0x46, 0x00, 0x16, 0x00, 0x00, 0x00,
    0x00, 0x0f, 0x00, 0x00, 0x00, 0xe2, 0x0f, 0x00, 0x02, 0x72, 0x47, 0x00,
    0x17, 0x00, 0x00, 0x00, 0x00, 0x0f, 0x00, 0x00, 0x00, 0xe2, 0x0f, 0x00,
    0x0c, 0x78, 0x00, 0x4d, 0x01, 0x00, 0x00, 0x00, 0x70, 0x40, 0xf4, 0x03,
    0x00, 0xda, 0x4f, 0x00, 0x42, 0x29, 0x01, 0x00, 0x00, 0x00, 0x00, 0x00,
    0x00, 0x01, 0x80, 0x03, 0x00, 0xea, 0x0f, 0x00, 0x42, 0x29, 0x02, 0x00,
    0x00, 0x00, 0x00, 0x00, 0x00, 0x01, 0x80, 0x03, 0x00, 0xea, 0x0f, 0x00,
    0x47, 0x29, 0xcc, 0x00, 0x78, 0x00, 0x00, 0x00, 0x00, 0x00, 0x80, 0x03,
    0x00, 0xea, 0x0f, 0x00, 0x81, 0x79, 0x4e, 0x44, 0x06, 0x58, 0x00, 0x00,
    0x00, 0x19, 0x1e, 0x0c, 0x00, 0xa2, 0x0e, 0x00, 0x02, 0x72, 0x46, 0x00,
    0x16, 0x00, 0x00, 0x00, 0x00, 0x0f, 0x00, 0x00, 0x00, 0xe2, 0x0f, 0x00,
    0x02, 0x72, 0x47, 0x00, 0x17, 0x00, 0x00, 0x00, 0x00, 0x0f, 0x00, 0x00,
    0x00, 0xe2, 0x0f, 0x00, 0x0c, 0x78, 0x00, 0x4e, 0x01, 0x00, 0x00, 0x00,
    0x70, 0x40, 0xf4, 0x03, 0x00, 0xda, 0x4f, 0x00, 0x42, 0x29, 0x01, 0x00,
    0x00, 0x00, 0x00, 0x00, 0x00, 0x01, 0x80, 0x03, 0x00, 0xea, 0x0f, 0x00,
    0x42, 0x29, 0x02, 0x00, 0x00, 0x00, 0x00, 0x00, 0x00, 0x01, 0x80, 0x03,
    0x00, 0xea, 0x0f, 0x00, 0x47, 0x29, 0xb0, 0x00, 0x78, 0x00, 0x00, 0x00,
    0x00, 0x00, 0x80, 0x03, 0x00, 0xea, 0x0f, 0x00, 0x81, 0x79, 0x4f, 0x44,
    0x06, 0x5c, 0x00, 0x00, 0x00, 0x19, 0x1e, 0x0c, 0x00, 0xa2, 0x0e, 0x00,
    0x02, 0x72, 0x46, 0x00, 0x16, 0x00, 0x00, 0x00, 0x00, 0x0f, 0x00, 0x00,
    0x00, 0xe2, 0x0f, 0x00, 0x02, 0x72, 0x47, 0x00, 0x17, 0x00, 0x00, 0x00,
    0x00, 0x0f, 0x00, 0x00, 0x00, 0xe2, 0x0f, 0x00, 0x0c, 0x78, 0x00, 0x4f,
    0x01, 0x00, 0x00, 0x00, 0x70, 0x40, 0xf4, 0x03, 0x00, 0xda, 0x4f, 0x00,
    0x42, 0x29, 0x01, 0x00, 0x00, 0x00, 0x00, 0x00, 0x00, 0x01, 0x80, 0x03,
    0x00, 0xea, 0x0f, 0x00, 0x42, 0x29, 0x02, 0x00, 0x00, 0x00, 0x00, 0x00,
    0x00, 0x01, 0x80, 0x03, 0x00, 0xea, 0x0f, 0x00, 0x47, 0x29, 0x94, 0x00,
    0x78, 0x00, 0x00, 0x00, 0x00, 0x00, 0x80, 0x03, 0x00, 0xea, 0x0f, 0x00,
    0x81, 0x79, 0x44, 0x44, 0x06, 0x40, 0x00, 0x00, 0x00, 0x1b, 0x1e, 0x0c,
    0x00, 0xa2, 0x0e, 0x00, 0x82, 0x7b, 0x48, 0xff, 0x00, 0xf0, 0x00, 0x00,
    0x00, 0x0a, 0x00, 0x00, 0x00, 0x22, 0x0e, 0x00, 0x02, 0x72, 0x46, 0x00,
    0x16, 0x00, 0x00, 0x00, 0x00, 0x0f, 0x00, 0x00, 0x00, 0xe2, 0x0f, 0x00,
    0x02, 0x72, 0x47, 0x00, 0x17, 0x00, 0x00, 0x00, 0x00, 0x0f, 0x00, 0x00,
    0x00, 0xe2, 0x0f, 0x00, 0x12, 0x78, 0xff, 0x44, 0x03, 0x00, 0x00, 0x00,
    0xff, 0xc0, 0x84, 0x07, 0x00, 0xca, 0x4f, 0x00, 0x0c, 0x72, 0x00, 0x44,
    0x48, 0x00, 0x00, 0x00, 0x70, 0x44, 0x75, 0x01, 0x00, 0xdc, 0x1f, 0x00,
    0x42, 0x29, 0x01, 0x00, 0x00, 0x00, 0x00, 0x00, 0x00, 0x01, 0x80, 0x03,
    0x00, 0xea, 0x0f, 0x00, 0x42, 0x29, 0x02, 0x00, 0x00, 0x00, 0x00, 0x00,
    0x00, 0x01, 0x80, 0x03, 0x00, 0xea, 0x0f, 0x00, 0x47, 0x29, 0x70, 0x00,
    0x78, 0x00, 0x00, 0x00, 0x00, 0x00, 0x80, 0x03, 0x00, 0xea, 0x0f, 0x00,
    0x35, 0x78, 0x03, 0x00, 0xff, 0xff, 0xff, 0xff, 0x00, 0x00, 0x8e, 0x07,
    0x00, 0xe2, 0x0f, 0x00, 0x35, 0x72, 0x48, 0x44, 0x48, 0x00, 0x00, 0x00,
    0x00, 0x03, 0x8e, 0x07, 0x00, 0xe4, 0x0f, 0x00, 0x0b, 0x78, 0x00, 0x42,
    0x00, 0x00, 0x80, 0x7f, 0x00, 0x52, 0xf4, 0x03, 0x00, 0xe2, 0x0f, 0x00,
    0x82, 0x7c, 0x04, 0x00, 0xff, 0x00, 0x00, 0x00, 0x00, 0x00, 0x00, 0x08,
    0x00, 0xe2, 0x0f, 0x00, 0x25, 0x72, 0x46, 0x1b, 0x03, 0x00, 0x00, 0x00,
    0x40, 0x00, 0x8e, 0x07, 0x00, 0xe2, 0x0f, 0x00, 0x19, 0x78, 0x48, 0x48,
    0x02, 0x00, 0x00, 0x00, 0x49, 0x12, 0x00, 0x00, 0x00, 0xe4, 0x0f, 0x10,
    0x19, 0x78, 0x49, 0xff, 0x02, 0x00, 0x00, 0x00, 0x49, 0x16, 0x01, 0x00,
    0x00, 0xe4, 0x0f, 0x00, 0x35, 0x7c, 0x47, 0x47, 0x04, 0x00, 0x00, 0x00,
    0x00, 0x00, 0x8e, 0x0f, 0x00, 0xe2, 0x0f, 0x00, 0x0b, 0x78, 0x00, 0x4b,
    0x00, 0x00, 0x80, 0x7f, 0x00, 0xa6, 0x74, 0x05, 0x00, 0xca, 0x0f, 0x00,
    0x0c, 0x72, 0x00, 0x46, 0x48, 0x00, 0x00, 0x00, 0x70, 0x44, 0x75, 0x01,
    0x00, 0xe4, 0x0f, 0x00, 0x02, 0x72, 0x46, 0x00, 0x16, 0x00, 0x00, 0x00,
    0x00, 0x0f, 0x00, 0x00, 0x00, 0xe2, 0x0f, 0x00, 0x02, 0x72, 0x47, 0x00,
    0x17, 0x00, 0x00, 0x00, 0x00, 0x0f, 0x00, 0x00, 0x00, 0xd6, 0x0f, 0x00,
    0x42, 0x29, 0x01, 0x00, 0x00, 0x00, 0x00, 0x00, 0x00, 0x01, 0x80, 0x03,
    0x00, 0xea, 0x0f, 0x00, 0x42, 0x29, 0x02, 0x00, 0x00, 0x00, 0x00, 0x00,
    0x00, 0x01, 0x80, 0x03, 0x00, 0xea, 0x0f, 0x00, 0x47, 0x29, 0x34, 0x00,
    0x78, 0x00, 0x00, 0x00, 0x00, 0x00, 0x80, 0x03, 0x00, 0xea, 0x0f, 0x00,
    0x07, 0x73, 0x47, 0x00, 0x42, 0x00, 0x00, 0x00, 0x00, 0x50, 0x20, 0x00,
    0x00, 0x22, 0x0e, 0x00, 0x0c, 0x72, 0x00, 0x4e, 0xff, 0x00, 0x00, 0x00,
    0x70, 0x50, 0xf4, 0x03, 0x00, 0xe2, 0x0f, 0x00, 0x0c, 0x72, 0x00, 0x4d,
    0xff, 0x00, 0x00, 0x00, 0x70, 0x50, 0xf2, 0x03, 0x00, 0xe2, 0x0f, 0x00,
    0x21, 0x72, 0x46, 0xff, 0x42, 0x00, 0x00, 0x00, 0x00, 0x20, 0x00, 0x00,
    0x00, 0xe2, 0x0f, 0x00, 0x21, 0x72, 0x43, 0xff, 0x4b, 0x00, 0x00, 0x00,
    0x00, 0x20, 0x00, 0x00, 0x00, 0xe2, 0x0f, 0x00, 0x45, 0x72, 0x48, 0x00,
    0x40, 0x00, 0x00, 0x00, 0x00, 0x10, 0x20, 0x00, 0x00, 0xe2, 0x0f, 0x00,
    0x45, 0x79, 0x00, 0x00, 0x40, 0x1b, 0x00, 0x00, 0x00, 0x02, 0x80, 0x03,
    0x00, 0xe2, 0x0f, 0x00, 0x07, 0x73, 0x18, 0x00, 0x4b, 0x00, 0x00, 0x00,
    0x00, 0x50, 0x20, 0x00, 0x00, 0x6e, 0x0e, 0x00, 0x21, 0xa2, 0x46, 0x42,
    0x47, 0x00, 0x00, 0x80, 0x00, 0x00, 0x00, 0x00, 0x00, 0xe2, 0x1f, 0x00,
    0x45, 0x72, 0x47, 0x00, 0x00, 0x00, 0x00, 0x00, 0x00, 0x10, 0x20, 0x00,
    0x00, 0xc6, 0x0f, 0x00, 0x21, 0x74, 0x46, 0x46, 0x00, 0x00, 0x80, 0x3f,
    0x00, 0x01, 0x00, 0x00, 0x00, 0xe2, 0x0f, 0x00, 0x21, 0x92, 0x43, 0x4b,
    0x18, 0x00, 0x00, 0x80, 0x00, 0x00, 0x00, 0x00, 0x00, 0xc6, 0x2f, 0x00,
    0x23, 0x74, 0x4b, 0x46, 0x00, 0x00, 0x00, 0xbf, 0x47, 0x00, 0x00, 0x00,
    0x00, 0xe2, 0x0f, 0x00, 0x0c, 0x72, 0x00, 0x4f, 0xff, 0x00, 0x00, 0x00,
    0x70, 0x50, 0xf2, 0x03, 0x00, 0xe2, 0x0f, 0x00, 0x23, 0x74, 0x18, 0x43,
    0x00, 0x00, 0x00, 0xbf, 0x48, 0x00, 0x00, 0x00, 0x00, 0xe4, 0x0f, 0x00,
    0x05, 0x73, 0x4c, 0x00, 0x4b, 0x00, 0x00, 0x00, 0x00, 0x71, 0x20, 0x00,
    0x00, 0x64, 0x00, 0x00, 0x05, 0x73, 0x4a, 0x00, 0x18, 0x00, 0x00, 0x00,
    0x00, 0x71, 0x20, 0x00, 0x00, 0xf0, 0x04, 0x00, 0x47, 0x19, 0x74, 0x00,
    0x04, 0x00, 0x00, 0x00, 0x00, 0x00, 0x80, 0x03, 0x00, 0xea, 0x0f, 0x00,
    0x21, 0x74, 0x18, 0x18, 0x00, 0x00, 0x00, 0x3f, 0x00, 0x00, 0x00, 0x00,
    0x00, 0xe2, 0x4f, 0x00, 0x21, 0x74, 0x4b, 0x4b, 0x00, 0x00, 0x00, 0x3f,
    0x00, 0x00, 0x00, 0x00, 0x00, 0xe2, 0x1f, 0x00, 0x0c, 0x72, 0x00, 0x4e,
    0xff, 0x00, 0x00, 0x00, 0x70, 0x50, 0xf2, 0x03, 0x00, 0xe2, 0x0f, 0x00,
    0x45, 0x79, 0x0a, 0x00, 0x20, 0x02, 0x00, 0x00, 0x00, 0x02, 0x80, 0x03,
    0x00, 0xe4, 0x0f, 0x00, 0x05, 0x73, 0x4a, 0x00, 0x4b, 0x00, 0x00, 0x00,
    0x00, 0x71, 0x20, 0x00, 0x00, 0xa2, 0x80, 0x00, 0x05, 0x73, 0x18, 0x00,
    0x18, 0x00, 0x00, 0x00, 0x00, 0x71, 0x20, 0x00, 0x00, 0xf2, 0x0e, 0x00,
    0x47, 0x19, 0x68, 0x00, 0x00, 0x00, 0x00, 0x00, 0x00, 0x00, 0x80, 0x03,
    0x00, 0xea, 0x0f, 0x00, 0x13, 0x72, 0x46, 0x00, 0x00, 0x00, 0x00, 0x00,
    0x00, 0x00, 0x00, 0x00, 0x00, 0xe4, 0x0f, 0x08, 0x13, 0x72, 0x49, 0x00,
    0x00, 0x00, 0x00, 0x00, 0x00, 0x00, 0x00, 0x00, 0x00, 0xe4, 0x0f, 0x00,
    0x06, 0x73, 0x03, 0x00, 0x46, 0x00, 0x00, 0x00, 0x00, 0x94, 0x20, 0x00,
    0x00, 0x22, 0x0f, 0x00, 0x13, 0x72, 0x48, 0x00, 0x4a, 0x00, 0x00, 0x00,
    0x00, 0x00, 0x00, 0x00, 0x00, 0xe2, 0x4f, 0x00, 0x0c, 0x72, 0x00, 0x4a,
    0xff, 0x00, 0x00, 0x00, 0x70, 0x62, 0xf4, 0x03, 0x00, 0xe2, 0x0f, 0x00,
    0x08, 0x73, 0x03, 0x00, 0x03, 0x00, 0x00, 0x00, 0x00, 0x10, 0x00, 0x00,
    0x00, 0xa4, 0x0e, 0x01, 0x35, 0x78, 0x42, 0x03, 0xfe, 0xff, 0xff, 0x0f,
    0x00, 0x00, 0x8e, 0x07, 0x00, 0xe2, 0x4f, 0x00, 0x35, 0x72, 0x03, 0xff,
    0x49, 0x00, 0x00, 0x80, 0x00, 0x00, 0x8e, 0x07, 0x00, 0xc6, 0x0f, 0x00,
    0x05, 0x73, 0x43, 0x00, 0x42, 0x00, 0x00, 0x00, 0x00, 0xf0, 0x21, 0x00,
    0x00, 0x24, 0x05, 0x00, 0x31, 0x74, 0x42, 0xff, 0x00, 0x00, 0x00, 0x00,
    0xff, 0x01, 0x00, 0x00, 0x00, 0xe2, 0x4f, 0x00, 0x35, 0x72, 0x47, 0xff,
    0x43, 0x00, 0x00, 0x80, 0x00, 0x00, 0x8e, 0x07, 0x00, 0xca, 0x0f, 0x01,
    0x24, 0x72, 0x47, 0x47, 0x46, 0x00, 0x00, 0x00, 0xff, 0x02, 0x8e, 0x07,
    0x00, 0xc8, 0x0f, 0x00, 0x27, 0x72, 0x43, 0x43, 0x47, 0x00, 0x00, 0x00,
    0x42, 0x00, 0x8e, 0x07, 0x00, 0xcc, 0x0f, 0x00, 0x27, 0x72, 0x43, 0x43,
    0x48, 0x00, 0x00, 0x00, 0xff, 0x00, 0x8e, 0x07, 0x00, 0xc8, 0x0f, 0x00,
    0x24, 0x72, 0x43, 0x43, 0x03, 0x00, 0x00, 0x00, 0x48, 0x02, 0x8e, 0x07,
    0x00, 0xca, 0x0f, 0x00, 0x0c, 0x72, 0x00, 0x46, 0x43, 0x00, 0x00, 0x00,
    0x70, 0x40, 0xf2, 0x03, 0x00, 0xda, 0x0f, 0x00, 0x35, 0x92, 0x43, 0x43,
    0x46, 0x00, 0x00, 0x80, 0x00, 0x00, 0x8e, 0x07, 0x00, 0xca, 0x0f, 0x00,
    0x0c, 0x72, 0x00, 0x46, 0x43, 0x00, 0x00, 0x00, 0x70, 0x40, 0xf2, 0x03,
    0x00, 0xda, 0x0f, 0x00, 0x35, 0x92, 0x43, 0x43, 0x46, 0x00, 0x00, 0x80,
    0x00, 0x00, 0x8e, 0x07, 0x00, 0xe2, 0x0f, 0x00, 0x0c, 0x72, 0x00, 0x00,
    0xff, 0x00, 0x00, 0x00, 0x70, 0x52, 0xf2, 0x03, 0x00, 0xc8, 0x0f, 0x00,
    0x35, 0xa2, 0x43, 0x43, 0xff, 0x00, 0x00, 0x00, 0x00, 0x01, 0x8e, 0x07,
    0x00, 0xd2, 0x0f, 0x00, 0x12, 0x92, 0x43, 0xff, 0x00, 0x00, 0x00, 0x00,
    0xff, 0x33, 0x8e, 0x07, 0x00, 0xc8, 0x0f, 0x00, 0x19, 0x78, 0x03, 0xff,
    0x1f, 0x00, 0x00, 0x00, 0x43, 0x14, 0x01, 0x00, 0x00, 0xc8, 0x0f, 0x00,
    0x12, 0x72, 0x00, 0x03, 0x00, 0x00, 0x00, 0x00, 0xff, 0xc0, 0x8e, 0x07,
    0x00, 0xca, 0x0f, 0x00, 0x35, 0x72, 0x00, 0x43, 0x00, 0x00, 0x00, 0x00,
    0x00, 0x00, 0x8e, 0x07, 0x00, 0xe2, 0x0f, 0x00, 0x47, 0x79, 0x0c, 0x00,
    0x00, 0x00, 0x00, 0x00, 0x00, 0x00, 0x80, 0x03, 0x00, 0xec, 0x0f, 0x00,
    0x0c, 0x72, 0x00, 0x4a, 0xff, 0x00, 0x00, 0x00, 0x70, 0x62, 0xf2, 0x03,
    0x00, 0xe2, 0x4f, 0x00, 0x48, 0x72, 0x00, 0x03, 0x4a, 0x00, 0x00, 0x00,
    0x00, 0x00, 0xfe, 0x03, 0x00, 0xca, 0x0f, 0x00, 0x07, 0x72, 0x00, 0x00,
    0xff, 0x00, 0x00, 0x00, 0x00, 0x00, 0x80, 0x00, 0x00, 0xce, 0x0f, 0x00,
    0x18, 0x79, 0x00, 0x00, 0x00, 0x00, 0x00, 0x00, 0x00, 0x00, 0x00, 0x00,
    0x00, 0xe2, 0x0f, 0x00, 0x41, 0x79, 0x0a, 0x00, 0x00, 0x00, 0x00, 0x00,
    0x00, 0x02, 0x80, 0x03, 0x00, 0xea, 0x0f, 0x00, 0x0c, 0x72, 0x00, 0x4d,
    0xff, 0x00, 0x00, 0x00, 0x70, 0x50, 0xf2, 0x03, 0x00, 0xe2, 0x0f, 0x00,
    0x19, 0x78, 0x42, 0x44, 0x02, 0x00, 0x00, 0x00, 0x45, 0x12, 0x00, 0x00,
    0x00, 0xe2, 0x0f, 0x10, 0x45, 0x79, 0x0a, 0x00, 0x60, 0x02, 0x00, 0x00,
    0x00, 0x02, 0x80, 0x03, 0x00, 0xe2, 0x0f, 0x00, 0x19, 0x78, 0x43, 0xff,
    0x02, 0x00, 0x00, 0x00, 0x45, 0x16, 0x01, 0x00, 0x00, 0xe4, 0x0f, 0x00,
    0x19, 0x78, 0x03, 0xff, 0x1f, 0x00, 0x00, 0x00, 0x00, 0x14, 0x01, 0x00,
    0x00, 0xe2, 0x0f, 0x00, 0x25, 0x72, 0x42, 0x1b, 0x00, 0x00, 0x00, 0x00,
    0x42, 0x00, 0x8e, 0x07, 0x00, 0xc8, 0x0f, 0x00, 0x24, 0x72, 0x1b, 0x1b,
    0x03, 0x00, 0x00, 0x00, 0x43, 0x02, 0x8e, 0x07, 0x00, 0xc6, 0x0f, 0x00,
    0x47, 0x19, 0x6c, 0x00, 0x00, 0x00, 0x00, 0x00, 0x00, 0x00, 0x80, 0x03,
    0x00, 0xea, 0x0f, 0x00, 0x13, 0x72, 0x46, 0x00, 0x40, 0x00, 0x00, 0x00,
    0x00, 0x00, 0x00, 0x00, 0x00, 0xe4, 0x0f, 0x08, 0x13, 0x72, 0x41, 0x00,
    0x40, 0x00, 0x00, 0x00, 0x00, 0x00, 0x00, 0x00, 0x00, 0xe4, 0x0f, 0x00,
    0x06, 0x73, 0x00, 0x00, 0x46, 0x00, 0x00, 0x00, 0x00, 0x90, 0x20, 0x00,
    0x00, 0xa2, 0x0e, 0x00, 0x0c, 0x72, 0x00, 0x18, 0xff, 0x00, 0x00, 0x00,
    0x70, 0x62, 0xf4, 0x03, 0x00, 0xe4, 0x8f, 0x00, 0x35, 0x72, 0x41, 0xff,
    0x41, 0x00, 0x00, 0x80, 0x00, 0x00, 0x8e, 0x07, 0x00, 0xe2, 0x0f, 0x00,
    0x08, 0x73, 0x00, 0x00, 0x00, 0x00, 0x00, 0x00, 0x00, 0x10, 0x00, 0x00,
    0x00, 0xa4, 0x4e, 0x00, 0x35, 0x78, 0x44, 0x00, 0xfe, 0xff, 0xff, 0x0f,
    0x00, 0x00, 0x8e, 0x07, 0x00, 0xe2, 0x4f, 0x00, 0x13, 0x72, 0x00, 0x00,
    0x18, 0x00, 0x00, 0x00, 0x00, 0x00, 0x00, 0x00, 0x00, 0xc6, 0x0f, 0x00,
    0x05, 0x73, 0x45, 0x00, 0x44, 0x00, 0x00, 0x00, 0x00, 0xf0, 0x21, 0x00,
    0x00, 0xe4, 0x04, 0x00, 0x02, 0x72, 0x44, 0x00, 0xff, 0x00, 0x00, 0x00,
    0x00, 0x0f, 0x00, 0x00, 0x00, 0xe2, 0x4f, 0x00, 0x35, 0x72, 0x03, 0xff,
    0x45, 0x00, 0x00, 0x80, 0x00, 0x00, 0x8e, 0x07, 0x00, 0xca, 0x8f, 0x00,
    0x24, 0x72, 0x03, 0x03, 0x46, 0x00, 0x00, 0x00, 0xff, 0x02, 0x8e, 0x07,
    0x00, 0xc8, 0x0f, 0x00, 0x27, 0x72, 0x45, 0x45, 0x03, 0x00, 0x00, 0x00,
    0x44, 0x00, 0x8e, 0x07, 0x00, 0xe2, 0x0f, 0x00, 0x02, 0x72, 0x03, 0x00,
    0x41, 0x00, 0x00, 0x00, 0x00, 0x0f, 0x00, 0x00, 0x00, 0xca, 0x0f, 0x00,
    0x27, 0x72, 0x45, 0x45, 0x00, 0x00, 0x00, 0x00, 0xff, 0x00, 0x8e, 0x07,
    0x00, 0xc8, 0x0f, 0x00, 0x24, 0x72, 0x45, 0x45, 0x03, 0x00, 0x00, 0x00,
    0x00, 0x02, 0x8e, 0x07, 0x00, 0xca, 0x0f, 0x00, 0x0c, 0x72, 0x00, 0x46,
    0x45, 0x00, 0x00, 0x00, 0x70, 0x40, 0xf2, 0x03, 0x00, 0xda, 0x0f, 0x00,
    0x35, 0x92, 0x45, 0x45, 0x46, 0x00, 0x00, 0x80, 0x00, 0x00, 0x8e, 0x07,
    0x00, 0xca, 0x0f, 0x00, 0x0c, 0x72, 0x00, 0x46, 0x45, 0x00, 0x00, 0x00,
    0x70, 0x40, 0xf2, 0x03, 0x00, 0xda, 0x0f, 0x00, 0x35, 0x92, 0x45, 0x45,
    0x46, 0x00, 0x00, 0x80, 0x00, 0x00, 0x8e, 0x07, 0x00, 0xe2, 0x0f, 0x00,
    0x0c, 0x72, 0x00, 0x40, 0xff, 0x00, 0x00, 0x00, 0x70, 0x52, 0xf2, 0x03,
    0x00, 0xc8, 0x0f, 0x00, 0x35, 0xa2, 0x45, 0x45, 0xff, 0x00, 0x00, 0x00,
    0x00, 0x01, 0x8e, 0x07, 0x00, 0xd2, 0x0f, 0x00, 0x12, 0x92, 0x45, 0xff,
    0x40, 0x00, 0x00, 0x00, 0xff, 0x33, 0x8e, 0x07, 0x00, 0xc8, 0x0f, 0x00,
    0x19, 0x78, 0x03, 0xff, 0x1f, 0x00, 0x00, 0x00, 0x45, 0x14, 0x01, 0x00,
    0x00, 0xc8, 0x0f, 0x00, 0x12, 0x72, 0x40, 0x03, 0x40, 0x00, 0x00, 0x00,
    0xff, 0xc0, 0x8e, 0x07, 0x00, 0xca, 0x0f, 0x00, 0x35, 0x72, 0x45, 0x45,
    0x40, 0x00, 0x00, 0x00, 0x00, 0x00, 0x8e, 0x07, 0x00, 0xe2, 0x0f, 0x00,
    0x47, 0x79, 0x10, 0x00, 0x00, 0x00, 0x00, 0x00, 0x00, 0x00, 0x80, 0x03,
    0x00, 0xec, 0x0f, 0x00, 0x0c, 0x72, 0x00, 0x18, 0xff, 0x00, 0x00, 0x00,
    0x70, 0x62, 0xf2, 0x03, 0x00, 0xe2, 0x8f, 0x00, 0x31, 0x74, 0x45, 0xff,
    0x00, 0x00, 0x00, 0x00, 0xff, 0x01, 0x00, 0x00, 0x00, 0xd8, 0x0f, 0x00,
    0x35, 0x18, 0x41, 0x40, 0xff, 0xff, 0xff, 0xff, 0x00, 0x00, 0x8e, 0x07,
    0x00, 0xca, 0x0f, 0x00, 0x48, 0x12, 0x45, 0x18, 0x41, 0x00, 0x00, 0x00,
    0x00, 0x00, 0xfe, 0x03, 0x00, 0xce, 0x0f, 0x00, 0x18, 0x79, 0x00, 0x00,
    0x00, 0x00, 0x00, 0x00, 0x00, 0x00, 0x00, 0x00, 0x00, 0xe2, 0x0f, 0x00,
    0x41, 0x79, 0x0a, 0x00, 0x00, 0x00, 0x00, 0x00, 0x00, 0x02, 0x80, 0x03,
    0x00, 0xea, 0x0f, 0x00, 0xac, 0x77, 0x04, 0xff, 0x00, 0x72, 0x00, 0x00,
    0x00, 0x0a, 0x00, 0x08, 0x00, 0xa2, 0x0e, 0x00, 0x19, 0x78, 0x41, 0xff,
    0x1f, 0x00, 0x00, 0x00, 0x45, 0x14, 0x01, 0x00, 0x00, 0xe2, 0x0f, 0x00,
    0x02, 0x72, 0x43, 0x00, 0x1b, 0x00, 0x00, 0x00, 0x00, 0x0f, 0x00, 0x00,
    0x00, 0xe2, 0x0f, 0x00, 0x02, 0x72, 0x40, 0x00, 0x45, 0x00, 0x00, 0x00,
    0x00, 0x0f, 0x00, 0x00, 0x00, 0xca, 0x0f, 0x00, 0x35, 0x72, 0x40, 0x40,
    0x42, 0x00, 0x00, 0x00, 0x00, 0x02, 0x8e, 0x07, 0x00, 0xca, 0x0f, 0x00,
    0x11, 0x7c, 0x42, 0x40, 0x04, 0x00, 0x00, 0x00, 0xff, 0x10, 0x82, 0x0f,
    0x00, 0xc8, 0x4f, 0x00, 0x11, 0x7c, 0x43, 0x40, 0x05, 0x00, 0x00, 0x00,
    0x41, 0x14, 0x8f, 0x08, 0x00, 0xca, 0x0f, 0x00, 0x81, 0x79, 0x4d, 0x42,
    0x06, 0x00, 0x00, 0x00, 0x00, 0x19, 0x1e, 0x0c, 0x00, 0xa2, 0x0e, 0x00,
    0x31, 0x74, 0x40, 0xff, 0x00, 0x00, 0x00, 0x00, 0xff, 0x01, 0x00, 0x00,
    0x00, 0xe2, 0x0f, 0x00, 0x02, 0x72, 0x4b, 0x00, 0xff, 0x00, 0x00, 0x00,
    0x00, 0x0f, 0x00, 0x00, 0x00, 0xe2, 0x1f, 0x00, 0x02, 0x72, 0x4e, 0x00,
    0x4d, 0x00, 0x00, 0x00, 0x00, 0x0f, 0x00, 0x00, 0x00, 0xe2, 0x4f, 0x08,
    0x02, 0x72, 0x48, 0x00, 0x4d, 0x00, 0x00, 0x00, 0x00, 0x0f, 0x00, 0x00,
    0x00, 0xe2, 0x0f, 0x08, 0x02, 0x72, 0x44, 0x00, 0x4d, 0x00, 0x00, 0x00,
    0x00, 0x0f, 0x00, 0x00, 0x00, 0xe2, 0x0f, 0x00, 0x47, 0x79, 0x28, 0x00,
    0x14, 0x00, 0x00, 0x00, 0x00, 0x00, 0x80, 0x03, 0x00, 0xec, 0x0f, 0x00,
    0x0c, 0x72, 0x00, 0x4e, 0xff, 0x00, 0x00, 0x00, 0x70, 0x50, 0xf2, 0x03,
    0x00, 0xe2, 0x0f, 0x00, 0x45, 0x79, 0x0a, 0x00, 0x30, 0x02, 0x00, 0x00,
    0x00, 0x02, 0x80, 0x03, 0x00, 0xe2, 0x0f, 0x00, 0x19, 0x78, 0x42, 0x44,
    0x02, 0x00, 0x00, 0x00, 0x45, 0x12, 0x00, 0x00, 0x00, 0xe4, 0x0f, 0x10,
    0x19, 0x78, 0x43, 0xff, 0x02, 0x00, 0x00, 0x00, 0x45, 0x16, 0x01, 0x00,
    0x00, 0xd2, 0x0f, 0x00, 0x47, 0x19, 0x6c, 0x00, 0x00, 0x00, 0x00, 0x00,
    0x00, 0x00, 0x80, 0x03, 0x00, 0xea, 0x0f, 0x00, 0x13, 0x72, 0x47, 0x00,
    0x00, 0x00, 0x00, 0x00, 0x00, 0x00, 0x00, 0x00, 0x00, 0xe4, 0x0f, 0x00,
    0x13, 0x72, 0x4e, 0x00, 0x4c, 0x00, 0x00, 0x00, 0x00, 0x00, 0x00, 0x00,
    0x00, 0xe4, 0x2f, 0x00, 0x06, 0x73, 0x46, 0x00, 0x47, 0x00, 0x00, 0x00,
    0x00, 0x94, 0x20, 0x00, 0x00, 0x62, 0x0e, 0x00, 0x13, 0x72, 0x4f, 0x00,
    0x00, 0x00, 0x00, 0x00, 0x00, 0x00, 0x00, 0x00, 0x00, 0xe2, 0x0f, 0x00,
    0x0c, 0x72, 0x00, 0x4c, 0xff, 0x00, 0x00, 0x00, 0x70, 0x62, 0xf6, 0x03,
    0x00, 0xe2, 0x0f, 0x00, 0x08, 0x73, 0x46, 0x00, 0x46, 0x00, 0x00, 0x00,
    0x00, 0x10, 0x00, 0x00, 0x00, 0x64, 0x2e, 0x00, 0x35, 0x78, 0x44, 0x46,
    0xfe, 0xff, 0xff, 0x0f, 0x00, 0x00, 0x8e, 0x07, 0x00, 0xe2, 0x2f, 0x00,
    0x35, 0x72, 0x46, 0xff, 0x4f, 0x00, 0x00, 0x80, 0x00, 0x00, 0x8e, 0x07,
    0x00, 0xc6, 0x0f, 0x00, 0x05, 0x73, 0x45, 0x00, 0x44, 0x00, 0x00, 0x00,
    0x00, 0xf0, 0x21, 0x00, 0x00, 0x24, 0x03, 0x00, 0x31, 0x74, 0x44, 0xff,
    0x00, 0x00, 0x00, 0x00, 0xff, 0x01, 0x00, 0x00, 0x00, 0xe2, 0x2f, 0x00,
    0x35, 0x72, 0x48, 0xff, 0x45, 0x00, 0x00, 0x80, 0x00, 0x00, 0x8e, 0x07,
    0x00, 0xca, 0x0f, 0x01, 0x24, 0x72, 0x49, 0x48, 0x47, 0x00, 0x00, 0x00,
    0xff, 0x02, 0x8e, 0x07, 0x00, 0xc8, 0x0f, 0x00, 0x27, 0x72, 0x48, 0x45,
    0x49, 0x00, 0x00, 0x00, 0x44, 0x00, 0x8e, 0x07, 0x00, 0xe2, 0x0f, 0x00,
    0x02, 0x72, 0x45, 0x00, 0x4e, 0x00, 0x00, 0x00, 0x00, 0x0f, 0x00, 0x00,
    0x00, 0xca, 0x0f, 0x00, 0x27, 0x72, 0x44, 0x48, 0x45, 0x00, 0x00, 0x00,
    0xff, 0x00, 0x8e, 0x07, 0x00, 0xc8, 0x0f, 0x00, 0x24, 0x72, 0x44, 0x44,
    0x46, 0x00, 0x00, 0x00, 0x45, 0x02, 0x8e, 0x07, 0x00, 0xca, 0x0f, 0x00,
    0x0c, 0x72, 0x00, 0x47, 0x44, 0x00, 0x00, 0x00, 0x70, 0x40, 0xf4, 0x03,
    0x00, 0xda, 0x0f, 0x00, 0x35, 0xa2, 0x44, 0x44, 0x47, 0x00, 0x00, 0x80,
    0x00, 0x00, 0x8e, 0x07, 0x00, 0xca, 0x0f, 0x00, 0x0c, 0x72, 0x00, 0x47,
    0x44, 0x00, 0x00, 0x00, 0x70, 0x40, 0xf4, 0x03, 0x00, 0xda, 0x0f, 0x00,
    0x35, 0xa2, 0x44, 0x44, 0x47, 0x00, 0x00, 0x80, 0x00, 0x00, 0x8e, 0x07,
    0x00, 0xe2, 0x0f, 0x00, 0x0c, 0x72, 0x00, 0x00, 0xff, 0x00, 0x00, 0x00,
    0x70, 0x52, 0xf4, 0x03, 0x00, 0xc8, 0x0f, 0x00, 0x35, 0xb2, 0x44, 0x44,
    0xff, 0x00, 0x00, 0x00, 0x00, 0x01, 0x8e, 0x07, 0x00, 0xd2, 0x0f, 0x00,
    0x12, 0xa2, 0x44, 0xff, 0x00, 0x00, 0x00, 0x00, 0xff, 0x33, 0x8e, 0x07,
    0x00, 0xc8, 0x0f, 0x00, 0x19, 0x78, 0x45, 0xff, 0x1f, 0x00, 0x00, 0x00,
    0x44, 0x14, 0x01, 0x00, 0x00, 0xc8, 0x0f, 0x00, 0x12, 0x72, 0x45, 0x45,
    0x00, 0x00, 0x00, 0x00, 0xff, 0xc0, 0x8e, 0x07, 0x00, 0xca, 0x0f, 0x00,
    0x35, 0x72, 0x46, 0x44, 0x45, 0x00, 0x00, 0x00, 0x00, 0x00, 0x8e, 0x07,
    0x00, 0xe2, 0x0f, 0x00, 0x47, 0x79, 0x0c, 0x00, 0x00, 0x00, 0x00, 0x00,
    0x00, 0x00, 0x80, 0x03, 0x00, 0xec, 0x0f, 0x00, 0x0c, 0x72, 0x00, 0x4c,
    0xff, 0x00, 0x00, 0x00, 0x70, 0x62, 0xf4, 0x03, 0x00, 0xe2, 0x2f, 0x00,
    0x48, 0x72, 0x46, 0x03, 0x4c, 0x00, 0x00, 0x00, 0x00, 0x00, 0xfe, 0x03,
    0x00, 0xca, 0x0f, 0x00, 0x07, 0x72, 0x46, 0x46, 0xff, 0x00, 0x00, 0x00,
    0x00, 0x00, 0x00, 0x01, 0x00, 0xce, 0x0f, 0x00, 0x18, 0x79, 0x00, 0x00,
    0x00, 0x00, 0x00, 0x00, 0x00, 0x00, 0x00, 0x00, 0x00, 0xe2, 0x0f, 0x00,
    0x41, 0x79, 0x0a, 0x00, 0x00, 0x00, 0x00, 0x00, 0x00, 0x02, 0x80, 0x03,
    0x00, 0xea, 0x0f, 0x00, 0x0c, 0x72, 0x00, 0x4d, 0xff, 0x00, 0x00, 0x00,
    0x70, 0x50, 0xf4, 0x03, 0x00, 0xe2, 0x0f, 0x00, 0x45, 0x79, 0x0a, 0x00,
    0x20, 0x02, 0x00, 0x00, 0x00, 0x02, 0x80, 0x03, 0x00, 0xd8, 0x0f, 0x00,
    0x47, 0x29, 0x6c, 0x00, 0x00, 0x00, 0x00, 0x00, 0x00, 0x00, 0x80, 0x03,
    0x00, 0xea, 0x0f, 0x00, 0x13, 0x72, 0x47, 0x00, 0x40, 0x00, 0x00, 0x00,
    0x00, 0x00, 0x00, 0x00, 0x00, 0xe4, 0x0f, 0x00, 0x13, 0x72, 0x4d, 0x00,
    0x4a, 0x00, 0x00, 0x00, 0x00, 0x00, 0x00, 0x00, 0x00, 0xe4, 0x8f, 0x00,
    0x06, 0x73, 0x48, 0x00, 0x47, 0x00, 0x00, 0x00, 0x00, 0x90, 0x20, 0x00,
    0x00, 0x62, 0x0e, 0x00, 0x13, 0x72, 0x4f, 0x00, 0x40, 0x00, 0x00, 0x00,
    0x00, 0x00, 0x00, 0x00, 0x00, 0xe2, 0x0f, 0x00, 0x08, 0x73, 0x48, 0x00,
    0x48, 0x00, 0x00, 0x00, 0x00, 0x10, 0x00, 0x00, 0x00, 0x64, 0x2e, 0x00,
    0x35, 0x78, 0x44, 0x48, 0xfe, 0xff, 0xff, 0x0f, 0x00, 0x00, 0x8e, 0x07,
    0x00, 0xe4, 0x2f, 0x00, 0x35, 0x72, 0x48, 0xff, 0x4f, 0x00, 0x00, 0x80,
    0x00, 0x00, 0x8e, 0x07, 0x00, 0xc4, 0x0f, 0x00, 0x05, 0x73, 0x45, 0x00,
    0x44, 0x00, 0x00, 0x00, 0x00, 0xf0, 0x21, 0x00, 0x00, 0xe4, 0x02, 0x00,
    0x31, 0x74, 0x44, 0xff, 0x00, 0x00, 0x00, 0x00, 0xff, 0x01, 0x00, 0x00,
    0x00, 0xe2, 0x2f, 0x00, 0x35, 0x72, 0x4e, 0xff, 0x45, 0x00, 0x00, 0x80,
    0x00, 0x00, 0x8e, 0x07, 0x00, 0xca, 0x8f, 0x00, 0x24, 0x72, 0x49, 0x4e,
    0x47, 0x00, 0x00, 0x00, 0xff, 0x02, 0x8e, 0x07, 0x00, 0xc8, 0x0f, 0x00,
    0x27, 0x72, 0x4e, 0x45, 0x49, 0x00, 0x00, 0x00, 0x44, 0x00, 0x8e, 0x07,
    0x00, 0xe2, 0x0f, 0x00, 0x02, 0x72, 0x45, 0x00, 0x4d, 0x00, 0x00, 0x00,
    0x00, 0x0f, 0x00, 0x00, 0x00, 0xca, 0x0f, 0x00, 0x27, 0x72, 0x44, 0x4e,
    0x45, 0x00, 0x00, 0x00, 0xff, 0x00, 0x8e, 0x07, 0x00, 0xc8, 0x0f, 0x00,
    0x24, 0x72, 0x44, 0x44, 0x48, 0x00, 0x00, 0x00, 0x45, 0x02, 0x8e, 0x07,
    0x00, 0xca, 0x0f, 0x00, 0x0c, 0x72, 0x00, 0x47, 0x44, 0x00, 0x00, 0x00,
    0x70, 0x40, 0xf6, 0x03, 0x00, 0xda, 0x0f, 0x00, 0x35, 0xb2, 0x44, 0x44,
    0x47, 0x00, 0x00, 0x80, 0x00, 0x00, 0x8e, 0x07, 0x00, 0xe2, 0x0f, 0x00,
    0x0c, 0x72, 0x00, 0x4a, 0xff, 0x00, 0x00, 0x00, 0x70, 0x62, 0xf6, 0x03,
    0x00, 0xc8, 0x0f, 0x00, 0x0c, 0x72, 0x00, 0x47, 0x44, 0x00, 0x00, 0x00,
    0x70, 0x40, 0xf8, 0x03, 0x00, 0xda, 0x0f, 0x00, 0x35, 0xc2, 0x44, 0x44,
    0x47, 0x00, 0x00, 0x80, 0x00, 0x00, 0x8e, 0x07, 0x00, 0xe2, 0x0f, 0x00,
    0x0c, 0x72, 0x00, 0x40, 0xff, 0x00, 0x00, 0x00, 0x70, 0x52, 0xf8, 0x03,
    0x00, 0xc8, 0x0f, 0x00, 0x35, 0xb2, 0x44, 0x44, 0xff, 0x00, 0x00, 0x00,
    0x00, 0x01, 0x8e, 0x07, 0x00, 0xd2, 0x0f, 0x00, 0x12, 0xc2, 0x44, 0xff,
    0x40, 0x00, 0x00, 0x00, 0xff, 0x33, 0x8e, 0x07, 0x00, 0xc8, 0x0f, 0x00,
    0x19, 0x78, 0x45, 0xff, 0x1f, 0x00, 0x00, 0x00, 0x44, 0x14, 0x01, 0x00,
    0x00, 0xc8, 0x0f, 0x00, 0x12, 0x72, 0x45, 0x45, 0x40, 0x00, 0x00, 0x00,
    0xff, 0xc0, 0x8e, 0x07, 0x00, 0xca, 0x0f, 0x00, 0x35, 0x72, 0x48, 0x44,
    0x45, 0x00, 0x00, 0x00, 0x00, 0x00, 0x8e, 0x07, 0x00, 0xe2, 0x0f, 0x00,
    0x47, 0x79, 0x10, 0x00, 0x00, 0x00, 0x00, 0x00, 0x00, 0x00, 0x80, 0x03,
    0x00, 0xec, 0x0f, 0x00, 0x0c, 0x72, 0x00, 0x4a, 0xff, 0x00, 0x00, 0x00,
    0x70, 0x62, 0xf6, 0x03, 0x00, 0xe2, 0x8f, 0x00, 0x31, 0x74, 0x48, 0xff,
    0x00, 0x00, 0x00, 0x00, 0xff, 0x01, 0x00, 0x00, 0x00, 0xd8, 0x0f, 0x00,
    0x35, 0x38, 0x45, 0x40, 0xff, 0xff, 0xff, 0xff, 0x00, 0x00, 0x8e, 0x07,
    0x00, 0xca, 0x0f, 0x00, 0x48, 0x32, 0x48, 0x4a, 0x45, 0x00, 0x00, 0x00,
    0x00, 0x00, 0xfe, 0x03, 0x00, 0xce, 0x0f, 0x00, 0x18, 0x79, 0x00, 0x00,
    0x00, 0x00, 0x00, 0x00, 0x00, 0x00, 0x00, 0x00, 0x00, 0xe2, 0x0f, 0x00,
    0x41, 0x79, 0x0a, 0x00, 0x00, 0x00, 0x00, 0x00, 0x00, 0x02, 0x80, 0x03,
    0x00, 0xea, 0x0f, 0x00, 0x82, 0x7b, 0x44, 0xff, 0x00, 0xe4, 0x00, 0x00,
    0x00, 0x0a, 0x00, 0x00, 0x00, 0x62, 0x0e, 0x00, 0x19, 0x78, 0x4d, 0xff,
    0x1f, 0x00, 0x00, 0x00, 0x46, 0x14, 0x01, 0x00, 0x00, 0xe2, 0x0f, 0x00,
    0x25, 0x72, 0x46, 0x1b, 0x46, 0x00, 0x00, 0x00, 0x42, 0x00, 0x8e, 0x07,
    0x00, 0xe2, 0x0f, 0x00, 0x19, 0x78, 0x49, 0xff, 0x1f, 0x00, 0x00, 0x00,
    0x48, 0x14, 0x01, 0x00, 0x00, 0xc6, 0x0f, 0x00, 0x24, 0x72, 0x47, 0x1b,
    0x4d, 0x00, 0x00, 0x00, 0x47, 0x02, 0x8e, 0x07, 0x00, 0xca, 0x0f, 0x00,
    0x35, 0x72, 0x48, 0x48, 0x46, 0x00, 0x00, 0x00, 0x00, 0x02, 0x8e, 0x07,
    0x00, 0xca, 0x0f, 0x00, 0x11, 0x72, 0x46, 0x48, 0x44, 0x00, 0x00, 0x00,
    0xff, 0x10, 0x86, 0x07, 0x00, 0xc8, 0x2f, 0x00, 0x11, 0x72, 0x47, 0x48,
    0x45, 0x00, 0x00, 0x00, 0x49, 0x14, 0x8f, 0x01, 0x00, 0xca, 0x0f, 0x00,
    0x81, 0x79, 0x4d, 0x46, 0x06, 0x00, 0x00, 0x00, 0x00, 0x19, 0x1e, 0x0c,
    0x00, 0x62, 0x03, 0x00, 0x45, 0x79, 0x0a, 0x00, 0x20, 0x02, 0x00, 0x00,
    0x00, 0x02, 0x80, 0x03, 0x00, 0xe8, 0x0f, 0x00, 0x47, 0x19, 0x70, 0x00,
    0x00, 0x00, 0x00, 0x00, 0x00, 0x00, 0x80, 0x03, 0x00, 0xea, 0x0f, 0x00,
    0x13, 0x72, 0x48, 0x00, 0x00, 0x00, 0x00, 0x00, 0x00, 0x00, 0x00, 0x00,
    0x00, 0xe4, 0x0f, 0x08, 0x13, 0x72, 0x50, 0x00, 0x00, 0x00, 0x00, 0x00,
    0x00, 0x00, 0x00, 0x00, 0x00, 0xe4, 0x0f, 0x00, 0x06, 0x73, 0x49, 0x00,
    0x48, 0x00, 0x00, 0x00, 0x00, 0x94, 0x20, 0x00, 0x00, 0xe2, 0x0e, 0x00,
    0x13, 0x72, 0x4e, 0x00, 0x4c, 0x00, 0x00, 0x00, 0x00, 0x00, 0x00, 0x00,
    0x00, 0xe4, 0x0f, 0x00, 0x35, 0x72, 0x50, 0xff, 0x50, 0x00, 0x00, 0x80,
    0x00, 0x00, 0x8e, 0x07, 0x00, 0xe2, 0x0f, 0x00, 0x08, 0x73, 0x49, 0x00,
    0x49, 0x00, 0x00, 0x00, 0x00, 0x10, 0x00, 0x00, 0x00, 0x64, 0x8e, 0x00,
    0x35, 0x78, 0x46, 0x49, 0xfe, 0xff, 0xff, 0x0f, 0x00, 0x00, 0x8e, 0x07,
    0x00, 0xc8, 0x2f, 0x00, 0x05, 0x73, 0x47, 0x00, 0x46, 0x00, 0x00, 0x00,
    0x00, 0xf0, 0x21, 0x00, 0x00, 0xe4, 0x02, 0x00, 0x02, 0x72, 0x46, 0x00,
    0xff, 0x00, 0x00, 0x00, 0x00, 0x0f, 0x00, 0x00, 0x00, 0xe2, 0x2f, 0x00,
    0x35, 0x72, 0x4f, 0xff, 0x47, 0x00, 0x00, 0x80, 0x00, 0x00, 0x8e, 0x07,
    0x00, 0xca, 0x8f, 0x00, 0x24, 0x72, 0x4f, 0x4f, 0x48, 0x00, 0x00, 0x00,
    0xff, 0x02, 0x8e, 0x07, 0x00, 0xc8, 0x0f, 0x00, 0x27, 0x72, 0x4f, 0x47,
    0x4f, 0x00, 0x00, 0x00, 0x46, 0x00, 0x8e, 0x07, 0x00, 0xe2, 0x0f, 0x00,
    0x02, 0x72, 0x47, 0x00, 0x50, 0x00, 0x00, 0x00, 0x00, 0x0f, 0x00, 0x00,
    0x00, 0xca, 0x0f, 0x00, 0x27, 0x72, 0x4f, 0x4f, 0x4e, 0x00, 0x00, 0x00,
    0xff, 0x00, 0x8e, 0x07, 0x00, 0xc8, 0x0f, 0x00, 0x24, 0x72, 0x47, 0x4f,
    0x47, 0x00, 0x00, 0x00, 0x4e, 0x02, 0x8e, 0x07, 0x00, 0xca, 0x0f, 0x00,
    0x0c, 0x72, 0x00, 0x48, 0x47, 0x00, 0x00, 0x00, 0x70, 0x40, 0xf6, 0x03,
    0x00, 0xda, 0x0f, 0x00, 0x35, 0xb2, 0x47, 0x47, 0x48, 0x00, 0x00, 0x80,
    0x00, 0x00, 0x8e, 0x07, 0x00, 0xe2, 0x0f, 0x00, 0x0c, 0x72, 0x00, 0x4c,
    0xff, 0x00, 0x00, 0x00, 0x70, 0x62, 0xf6, 0x03, 0x00, 0xc8, 0x0f, 0x00,
    0x0c, 0x72, 0x00, 0x48, 0x47, 0x00, 0x00, 0x00, 0x70, 0x40, 0xf8, 0x03,
    0x00, 0xda, 0x0f, 0x00, 0x35, 0xc2, 0x47, 0x47, 0x48, 0x00, 0x00, 0x80,
    0x00, 0x00, 0x8e, 0x07, 0x00, 0xe2, 0x0f, 0x00, 0x0c, 0x72, 0x00, 0x00,
    0xff, 0x00, 0x00, 0x00, 0x70, 0x52, 0xf8, 0x03, 0x00, 0xc8, 0x0f, 0x00,
    0x02, 0x72, 0x48, 0x00, 0x47, 0x00, 0x00, 0x00, 0x00, 0x0f, 0x00, 0x00,
    0x00, 0xca, 0x0f, 0x00, 0x35, 0xb2, 0x48, 0x48, 0xff, 0x00, 0x00, 0x00,
    0x00, 0x01, 0x8e, 0x07, 0x00, 0xc8, 0x0f, 0x00, 0x12, 0xc2, 0x48, 0xff,
    0x00, 0x00, 0x00, 0x00, 0xff, 0x33, 0x8e, 0x07, 0x00, 0xc8, 0x0f, 0x00,
    0x19, 0x78, 0x47, 0xff, 0x1f, 0x00, 0x00, 0x00, 0x48, 0x14, 0x01, 0x00,
    0x00, 0xc8, 0x0f, 0x00, 0x12, 0x72, 0x47, 0x47, 0x00, 0x00, 0x00, 0x00,
    0xff, 0xc0, 0x8e, 0x07, 0x00, 0xca, 0x0f, 0x00, 0x35, 0x72, 0x48, 0x48,
    0x47, 0x00, 0x00, 0x00, 0x00, 0x00, 0x8e, 0x07, 0x00, 0xe2, 0x0f, 0x00,
    0x47, 0x79, 0x0c, 0x00, 0x00, 0x00, 0x00, 0x00, 0x00, 0x00, 0x80, 0x03,
    0x00, 0xec, 0x0f, 0x00, 0x0c, 0x72, 0x00, 0x4c, 0xff, 0x00, 0x00, 0x00,
    0x70, 0x62, 0xf6, 0x03, 0x00, 0xe2, 0x0f, 0x00, 0x48, 0x72, 0x48, 0x03,
    0x4c, 0x00, 0x00, 0x00, 0x00, 0x00, 0xfe, 0x03, 0x00, 0xca, 0x0f, 0x00,
    0x07, 0x72, 0x48, 0x48, 0xff, 0x00, 0x00, 0x00, 0x00, 0x00, 0x80, 0x01,
    0x00, 0xce, 0x0f, 0x00, 0x18, 0x79, 0x00, 0x00, 0x00, 0x00, 0x00, 0x00,
    0x00, 0x00, 0x00, 0x00, 0x00, 0xe2, 0x0f, 0x00, 0x41, 0x79, 0x0a, 0x00,
    0x00, 0x00, 0x00, 0x00, 0x00, 0x02, 0x80, 0x03, 0x00, 0xea, 0x0f, 0x00,
    0x45, 0x79, 0x0a, 0x00, 0x40, 0x02, 0x00, 0x00, 0x00, 0x02, 0x80, 0x03,
    0x00, 0xe8, 0x0f, 0x00, 0x47, 0x29, 0x70, 0x00, 0x00, 0x00, 0x00, 0x00,
    0x00, 0x00, 0x80, 0x03, 0x00, 0xea, 0x0f, 0x00, 0x13, 0x72, 0x4f, 0x00,
    0x40, 0x00, 0x00, 0x00, 0x00, 0x00, 0x00, 0x00, 0x00, 0xe2, 0x0f, 0x08,
    0x35, 0x78, 0x49, 0x4a, 0x01, 0x00, 0x00, 0x00, 0x00, 0x00, 0x8e, 0x07,
    0x00, 0xe2, 0x0f, 0x00, 0x13, 0x72, 0x53, 0x00, 0x40, 0x00, 0x00, 0x00,
    0x00, 0x00, 0x00, 0x00, 0x00, 0xe4, 0x0f, 0x00, 0x06, 0x73, 0x4e, 0x00,
    0x4f, 0x00, 0x00, 0x00, 0x00, 0x90, 0x20, 0x00, 0x00, 0xe4, 0x0e, 0x00,
    0x13, 0x72, 0x52, 0x00, 0x49, 0x00, 0x00, 0x00, 0x00, 0x00, 0x00, 0x00,
    0x00, 0xe2, 0x0f, 0x00, 0x08, 0x73, 0x4e, 0x00, 0x4e, 0x00, 0x00, 0x00,
    0x00, 0x10, 0x00, 0x00, 0x00, 0x64, 0x8e, 0x00, 0x35, 0x78, 0x46, 0x4e,
    0xfe, 0xff, 0xff, 0x0f, 0x00, 0x00, 0x8e, 0x07, 0x00, 0xc8, 0x2f, 0x00,
    0x05, 0x73, 0x47, 0x00, 0x46, 0x00, 0x00, 0x00, 0x00, 0xf0, 0x21, 0x00,
    0x00, 0xe4, 0x02, 0x00, 0x31, 0x74, 0x46, 0xff, 0x00, 0x00, 0x00, 0x00,
    0xff, 0x01, 0x00, 0x00, 0x00, 0xe2, 0x2f, 0x00, 0x35, 0x72, 0x50, 0xff,
    0x47, 0x00, 0x00, 0x80, 0x00, 0x00, 0x8e, 0x07, 0x00, 0xca, 0x8f, 0x00,
    0x24, 0x72, 0x51, 0x50, 0x4f, 0x00, 0x00, 0x00, 0xff, 0x02, 0x8e, 0x07,
    0x00, 0xe2, 0x0f, 0x00, 0x35, 0x72, 0x50, 0xff, 0x53, 0x00, 0x00, 0x80,
    0x00, 0x00, 0x8e, 0x07, 0x00, 0xc6, 0x0f, 0x00, 0x27, 0x72, 0x4e, 0x47,
    0x51, 0x00, 0x00, 0x00, 0x46, 0x00, 0x8e, 0x07, 0x00, 0xe2, 0x0f, 0x00,
    0x02, 0x72, 0x47, 0x00, 0x52, 0x00, 0x00, 0x00, 0x00, 0x0f, 0x00, 0x00,
    0x00, 0xca, 0x0f, 0x00, 0x27, 0x72, 0x46, 0x4e, 0x47, 0x00, 0x00, 0x00,
    0xff, 0x00, 0x8e, 0x07, 0x00, 0xc8, 0x0f, 0x00, 0x24, 0x72, 0x46, 0x46,
    0x50, 0x00, 0x00, 0x00, 0x47, 0x02, 0x8e, 0x07, 0x00, 0xca, 0x0f, 0x00,
    0x0c, 0x72, 0x00, 0x4f, 0x46, 0x00, 0x00, 0x00, 0x70, 0x40, 0xf6, 0x03,
    0x00, 0xda, 0x0f, 0x00, 0x35, 0xb2, 0x46, 0x46, 0x4f, 0x00, 0x00, 0x80,
    0x00, 0x00, 0x8e, 0x07, 0x00, 0xe2, 0x0f, 0x00, 0x0c, 0x72, 0x00, 0x49,
    0xff, 0x00, 0x00, 0x00, 0x70, 0x62, 0xf6, 0x03, 0x00, 0xc8, 0x0f, 0x00,
    0x0c, 0x72, 0x00, 0x4f, 0x46, 0x00, 0x00, 0x00, 0x70, 0x40, 0xf8, 0x03,
    0x00, 0xda, 0x0f, 0x00, 0x35, 0xc2, 0x46, 0x46, 0x4f, 0x00, 0x00, 0x80,
    0x00, 0x00, 0x8e, 0x07, 0x00, 0xe2, 0x0f, 0x00, 0x0c, 0x72, 0x00, 0x40,
    0xff, 0x00, 0x00, 0x00, 0x70, 0x52, 0xf8, 0x03, 0x00, 0xc8, 0x0f, 0x00,
    0x35, 0xb2, 0x46, 0x46, 0xff, 0x00, 0x00, 0x00, 0x00, 0x01, 0x8e, 0x07,
    0x00, 0xd2, 0x0f, 0x00, 0x12, 0xc2, 0x46, 0xff, 0x40, 0x00, 0x00, 0x00,
    0xff, 0x33, 0x8e, 0x07, 0x00, 0xc8, 0x0f, 0x00, 0x19, 0x78, 0x47, 0xff,
    0x1f, 0x00, 0x00, 0x00, 0x46, 0x14, 0x01, 0x00, 0x00, 0xc8, 0x0f, 0x00,
    0x12, 0x72, 0x47, 0x47, 0x40, 0x00, 0x00, 0x00, 0xff, 0xc0, 0x8e, 0x07,
    0x00, 0xca, 0x0f, 0x00, 0x35, 0x72, 0x46, 0x46, 0x47, 0x00, 0x00, 0x00,
    0x00, 0x00, 0x8e, 0x07, 0x00, 0xe2, 0x0f, 0x00, 0x47, 0x79, 0x14, 0x00,
    0x00, 0x00, 0x00, 0x00, 0x00, 0x00, 0x80, 0x03, 0x00, 0xec, 0x0f, 0x00,
    0x0c, 0x78, 0x00, 0x4a, 0xff, 0xff, 0xff, 0xff, 0x70, 0x62, 0xf6, 0x03,
    0x00, 0xe2, 0x0f, 0x00, 0x31, 0x74, 0x46, 0xff, 0x00, 0x00, 0x00, 0x00,
    0xff, 0x01, 0x00, 0x00, 0x00, 0xd8, 0x2f, 0x00, 0x35, 0x38, 0x47, 0x40,
    0xff, 0xff, 0xff, 0xff, 0x00, 0x00, 0x8e, 0x07, 0x00, 0xe2, 0x0f, 0x00,
    0x35, 0x38, 0x4e, 0x4a, 0x01, 0x00, 0x00, 0x00, 0x00, 0x00, 0x8e, 0x07,
    0x00, 0xca, 0x0f, 0x00, 0x48, 0x32, 0x46, 0x47, 0x4e, 0x00, 0x00, 0x00,
    0x00, 0x00, 0xfe, 0x03, 0x00, 0xce, 0x0f, 0x00, 0x18, 0x79, 0x00, 0x00,
    0x00, 0x00, 0x00, 0x00, 0x00, 0x00, 0x00, 0x00, 0x00, 0xe2, 0x0f, 0x00,
    0x41, 0x79, 0x0a, 0x00, 0x00, 0x00, 0x00, 0x00, 0x00, 0x02, 0x80, 0x03,
    0x00, 0xea, 0x0f, 0x00, 0x19, 0x78, 0x4e, 0xff, 0x1f, 0x00, 0x00, 0x00,
    0x48, 0x14, 0x01, 0x00, 0x00, 0xe2, 0x0f, 0x00, 0x25, 0x72, 0x48, 0x1b,
    0x48, 0x00, 0x00, 0x00, 0x42, 0x00, 0x8e, 0x07, 0x00, 0xe2, 0x0f, 0x00,
    0x19, 0x78, 0x47, 0xff, 0x1f, 0x00, 0x00, 0x00, 0x46, 0x14, 0x01, 0x00,
    0x00, 0xc6, 0x0f, 0x00, 0x24, 0x72, 0x49, 0x1b, 0x4e, 0x00, 0x00, 0x00,
    0x49, 0x02, 0x8e, 0x07, 0x00, 0xca, 0x0f, 0x00, 0x35, 0x72, 0x46, 0x46,
    0x48, 0x00, 0x00, 0x00, 0x00, 0x02, 0x8e, 0x07, 0x00, 0xca, 0x0f, 0x00,
    0x11, 0x72, 0x48, 0x46, 0x44, 0x00, 0x00, 0x00, 0xff, 0x10, 0x86, 0x07,
    0x00, 0xc8, 0x0f, 0x00, 0x11, 0x72, 0x49, 0x46, 0x45, 0x00, 0x00, 0x00,
    0x47, 0x14, 0x8f, 0x01, 0x00, 0xca, 0x0f, 0x00, 0x81, 0x79, 0x4e, 0x48,
    0x06, 0x00, 0x00, 0x00, 0x00, 0x19, 0x1e, 0x0c, 0x00, 0x62, 0x03, 0x00,
    0x45, 0x79, 0x0a, 0x00, 0x20, 0x02, 0x00, 0x00, 0x00, 0x02, 0x80, 0x03,
    0x00, 0xe2, 0x0f, 0x00, 0x35, 0x78, 0x50, 0x4c, 0x01, 0x00, 0x00, 0x00,
    0x00, 0x00, 0x8e, 0x07, 0x00, 0xc6, 0x0f, 0x00, 0x47, 0x19, 0x6c, 0x00,
    0x00, 0x00, 0x00, 0x00, 0x00, 0x00, 0x80, 0x03, 0x00, 0xea, 0x0f, 0x00,
    0x13, 0x72, 0x49, 0x00, 0x00, 0x00, 0x00, 0x00, 0x00, 0x00, 0x00, 0x00,
    0x00, 0xe4, 0x2f, 0x00, 0x13, 0x72, 0x51, 0x00, 0x50, 0x00, 0x00, 0x00,
    0x00, 0x00, 0x00, 0x00, 0x00, 0xe4, 0x0f, 0x00, 0x06, 0x73, 0x48, 0x00,
    0x49, 0x00, 0x00, 0x00, 0x00, 0x94, 0x20, 0x00, 0x00, 0x62, 0x0e, 0x00,
    0x13, 0x72, 0x53, 0x00, 0x00, 0x00, 0x00, 0x00, 0x00, 0x00, 0x00, 0x00,
    0x00, 0xe2, 0x0f, 0x00, 0x08, 0x73, 0x48, 0x00, 0x48, 0x00, 0x00, 0x00,
    0x00, 0x10, 0x00, 0x00, 0x00, 0x64, 0x2e, 0x00, 0x35, 0x78, 0x46, 0x48,
    0xfe, 0xff, 0xff, 0x0f, 0x00, 0x00, 0x8e, 0x07, 0x00, 0xe4, 0x2f, 0x00,
    0x35, 0x72, 0x48, 0xff, 0x53, 0x00, 0x00, 0x80, 0x00, 0x00, 0x8e, 0x07,
    0x00, 0xc4, 0x0f, 0x00, 0x05, 0x73, 0x47, 0x00, 0x46, 0x00, 0x00, 0x00,
    0x00, 0xf0, 0x21, 0x00, 0x00, 0xe4, 0x02, 0x00, 0x02, 0x72, 0x46, 0x00,
    0xff, 0x00, 0x00, 0x00, 0x00, 0x0f, 0x00, 0x00, 0x00, 0xe2, 0x2f, 0x00,
    0x35, 0x72, 0x52, 0xff, 0x47, 0x00, 0x00, 0x80, 0x00, 0x00, 0x8e, 0x07,
    0x00, 0xca, 0x8f, 0x00, 0x24, 0x72, 0x4f, 0x52, 0x49, 0x00, 0x00, 0x00,
    0xff, 0x02, 0x8e, 0x07, 0x00, 0xc8, 0x0f, 0x00, 0x27, 0x72, 0x52, 0x47,
    0x4f, 0x00, 0x00, 0x00, 0x46, 0x00, 0x8e, 0x07, 0x00, 0xe2, 0x0f, 0x00,
    0x02, 0x72, 0x47, 0x00, 0x51, 0x00, 0x00, 0x00, 0x00, 0x0f, 0x00, 0x00,
    0x00, 0xca, 0x0f, 0x00, 0x27, 0x72, 0x46, 0x52, 0x47, 0x00, 0x00, 0x00,
    0xff, 0x00, 0x8e, 0x07, 0x00, 0xc8, 0x0f, 0x00, 0x24, 0x72, 0x46, 0x46,
    0x48, 0x00, 0x00, 0x00, 0x47, 0x02, 0x8e, 0x07, 0x00, 0xca, 0x0f, 0x00,
    0x0c, 0x72, 0x00, 0x49, 0x46, 0x00, 0x00, 0x00, 0x70, 0x40, 0xf6, 0x03,
    0x00, 0xda, 0x0f, 0x00, 0x35, 0xb2, 0x46, 0x46, 0x49, 0x00, 0x00, 0x80,
    0x00, 0x00, 0x8e, 0x07, 0x00, 0xe2, 0x0f, 0x00, 0x0c, 0x72, 0x00, 0x50,
    0xff, 0x00, 0x00, 0x00, 0x70, 0x62, 0xf6, 0x03, 0x00, 0xc8, 0x0f, 0x00,
    0x0c, 0x72, 0x00, 0x49, 0x46, 0x00, 0x00, 0x00, 0x70, 0x40, 0xf8, 0x03,
    0x00, 0xda, 0x0f, 0x00, 0x35, 0xc2, 0x46, 0x46, 0x49, 0x00, 0x00, 0x80,
    0x00, 0x00, 0x8e, 0x07, 0x00, 0xe2, 0x0f, 0x00, 0x0c, 0x72, 0x00, 0x00,
    0xff, 0x00, 0x00, 0x00, 0x70, 0x52, 0xf8, 0x03, 0x00, 0xc8, 0x0f, 0x00,
    0x35, 0xb2, 0x46, 0x46, 0xff, 0x00, 0x00, 0x00, 0x00, 0x01, 0x8e, 0x07,
    0x00, 0xd2, 0x0f, 0x00, 0x12, 0xc2, 0x46, 0xff, 0x00, 0x00, 0x00, 0x00,
    0xff, 0x33, 0x8e, 0x07, 0x00, 0xc8, 0x0f, 0x00, 0x19, 0x78, 0x47, 0xff,
    0x1f, 0x00, 0x00, 0x00, 0x46, 0x14, 0x01, 0x00, 0x00, 0xc8, 0x0f, 0x00,
    0x12, 0x72, 0x47, 0x47, 0x00, 0x00, 0x00, 0x00, 0xff, 0xc0, 0x8e, 0x07,
    0x00, 0xca, 0x0f, 0x00, 0x35, 0x72, 0x48, 0x46, 0x47, 0x00, 0x00, 0x00,
    0x00, 0x00, 0x8e, 0x07, 0x00, 0xe2, 0x0f, 0x00, 0x47, 0x79, 0x0c, 0x00,
    0x00, 0x00, 0x00, 0x00, 0x00, 0x00, 0x80, 0x03, 0x00, 0xec, 0x0f, 0x00,
    0x0c, 0x78, 0x00, 0x4c, 0xff, 0xff, 0xff, 0xff, 0x70, 0x62, 0xf6, 0x03,
    0x00, 0xe2, 0x0f, 0x00, 0x48, 0x72, 0x48, 0x03, 0x50, 0x00, 0x00, 0x00,
    0x00, 0x00, 0xfe, 0x03, 0x00, 0xca, 0x2f, 0x00, 0x07, 0x72, 0x48, 0x48,
    0xff, 0x00, 0x00, 0x00, 0x00, 0x00, 0x80, 0x01, 0x00, 0xce, 0x0f, 0x00,
    0x18, 0x79, 0x00, 0x00, 0x00, 0x00, 0x00, 0x00, 0x00, 0x00, 0x00, 0x00,
    0x00, 0xe2, 0x0f, 0x00, 0x41, 0x79, 0x0a, 0x00, 0x00, 0x00, 0x00, 0x00,
    0x00, 0x02, 0x80, 0x03, 0x00, 0xea, 0x0f, 0x00, 0x45, 0x79, 0x0a, 0x00,
    0x30, 0x02, 0x00, 0x00, 0x00, 0x02, 0x80, 0x03, 0x00, 0xe8, 0x0f, 0x00,
    0x47, 0x29, 0x70, 0x00, 0x00, 0x00, 0x00, 0x00, 0x00, 0x00, 0x80, 0x03,
    0x00, 0xea, 0x0f, 0x00, 0x13, 0x72, 0x49, 0x00, 0x40, 0x00, 0x00, 0x00,
    0x00, 0x00, 0x00, 0x00, 0x00, 0xe4, 0x0f, 0x08, 0x13, 0x72, 0x54, 0x00,
    0x40, 0x00, 0x00, 0x00, 0x00, 0x00, 0x00, 0x00, 0x00, 0xe4, 0x0f, 0x00,
    0x06, 0x73, 0x4f, 0x00, 0x49, 0x00, 0x00, 0x00, 0x00, 0x90, 0x20, 0x00,
    0x00, 0x62, 0x0e, 0x00, 0x13, 0x72, 0x53, 0x00, 0x4a, 0x00, 0x00, 0x00,
    0x00, 0x00, 0x00, 0x00, 0x00, 0xe4, 0x0f, 0x00, 0x35, 0x72, 0x54, 0xff,
    0x54, 0x00, 0x00, 0x80, 0x00, 0x00, 0x8e, 0x07, 0x00, 0xe2, 0x0f, 0x00,
    0x08, 0x73, 0x4f, 0x00, 0x4f, 0x00, 0x00, 0x00, 0x00, 0x10, 0x00, 0x00,
    0x00, 0x64, 0x2e, 0x00, 0x35, 0x78, 0x46, 0x4f, 0xfe, 0xff, 0xff, 0x0f,
    0x00, 0x00, 0x8e, 0x07, 0x00, 0xc8, 0x2f, 0x00, 0x05, 0x73, 0x47, 0x00,
    0x46, 0x00, 0x00, 0x00, 0x00, 0xf0, 0x21, 0x00, 0x00, 0xe4, 0x02, 0x00,
    0x31, 0x74, 0x46, 0xff, 0x00, 0x00, 0x00, 0x00, 0xff, 0x01, 0x00, 0x00,
    0x00, 0xe2, 0x2f, 0x00, 0x35, 0x72, 0x52, 0xff, 0x47, 0x00, 0x00, 0x80,
    0x00, 0x00, 0x8e, 0x07, 0x00, 0xca, 0x8f, 0x00, 0x24, 0x72, 0x51, 0x52,
    0x49, 0x00, 0x00, 0x00, 0xff, 0x02, 0x8e, 0x07, 0x00, 0xe2, 0x0f, 0x00,
    0x02, 0x72, 0x52, 0x00, 0x53, 0x00, 0x00, 0x00, 0x00, 0x0f, 0x00, 0x00,
    0x00, 0xc6, 0x0f, 0x00, 0x27, 0x72, 0x51, 0x47, 0x51, 0x00, 0x00, 0x00,
    0x46, 0x00, 0x8e, 0x07, 0x00, 0xe2, 0x0f, 0x00, 0x02, 0x72, 0x47, 0x00,
    0x54, 0x00, 0x00, 0x00, 0x00, 0x0f, 0x00, 0x00, 0x00, 0xca, 0x0f, 0x00,
    0x27, 0x72, 0x51, 0x51, 0x52, 0x00, 0x00, 0x00, 0xff, 0x00, 0x8e, 0x07,
    0x00, 0xc8, 0x0f, 0x00, 0x24, 0x72, 0x46, 0x51, 0x47, 0x00, 0x00, 0x00,
    0x52, 0x02, 0x8e, 0x07, 0x00, 0xca, 0x0f, 0x00, 0x0c, 0x72, 0x00, 0x49,
    0x46, 0x00, 0x00, 0x00, 0x70, 0x40, 0xf6, 0x03, 0x00, 0xda, 0x0f, 0x00,
    0x35, 0xb2, 0x46, 0x46, 0x49, 0x00, 0x00, 0x80, 0x00, 0x00, 0x8e, 0x07,
    0x00, 0xe2, 0x0f, 0x00, 0x0c, 0x72, 0x00, 0x4a, 0xff, 0x00, 0x00, 0x00,
    0x70, 0x62, 0xf6, 0x03, 0x00, 0xc8, 0x0f, 0x00, 0x0c, 0x72, 0x00, 0x49,
    0x46, 0x00, 0x00, 0x00, 0x70, 0x40, 0xf8, 0x03, 0x00, 0xda, 0x0f, 0x00,
    0x35, 0xc2, 0x46, 0x46, 0x49, 0x00, 0x00, 0x80, 0x00, 0x00, 0x8e, 0x07,
    0x00, 0xe2, 0x0f, 0x00, 0x0c, 0x72, 0x00, 0x40, 0xff, 0x00, 0x00, 0x00,
    0x70, 0x52, 0xf8, 0x03, 0x00, 0xc8, 0x0f, 0x00, 0x35, 0xb2, 0x46, 0x46,
    0xff, 0x00, 0x00, 0x00, 0x00, 0x01, 0x8e, 0x07, 0x00, 0xd2, 0x0f, 0x00,
    0x12, 0xc2, 0x46, 0xff, 0x40, 0x00, 0x00, 0x00, 0xff, 0x33, 0x8e, 0x07,
    0x00, 0xc8, 0x0f, 0x00, 0x19, 0x78, 0x47, 0xff, 0x1f, 0x00, 0x00, 0x00,
    0x46, 0x14, 0x01, 0x00, 0x00, 0xc8, 0x0f, 0x00, 0x12, 0x72, 0x47, 0x47,
    0x40, 0x00, 0x00, 0x00, 0xff, 0xc0, 0x8e, 0x07, 0x00, 0xca, 0x0f, 0x00,
    0x35, 0x72, 0x46, 0x46, 0x47, 0x00, 0x00, 0x00, 0x00, 0x00, 0x8e, 0x07,
    0x00, 0xe2, 0x0f, 0x00, 0x47, 0x79, 0x10, 0x00, 0x00, 0x00, 0x00, 0x00,
    0x00, 0x00, 0x80, 0x03, 0x00, 0xec, 0x0f, 0x00, 0x0c, 0x72, 0x00, 0x4a,
    0xff, 0x00, 0x00, 0x00, 0x70, 0x62, 0xf6, 0x03, 0x00, 0xe2, 0x0f, 0x00,
    0x31, 0x74, 0x46, 0xff, 0x00, 0x00, 0x00, 0x00, 0xff, 0x01, 0x00, 0x00,
    0x00, 0xd8, 0x0f, 0x00, 0x35, 0x38, 0x47, 0x40, 0xff, 0xff, 0xff, 0xff,
    0x00, 0x00, 0x8e, 0x07, 0x00, 0xca, 0x0f, 0x00, 0x48, 0x32, 0x46, 0x4a,
    0x47, 0x00, 0x00, 0x00, 0x00, 0x00, 0xfe, 0x03, 0x00, 0xce, 0x0f, 0x00,
    0x18, 0x79, 0x00, 0x00, 0x00, 0x00, 0x00, 0x00, 0x00, 0x00, 0x00, 0x00,
    0x00, 0xe2, 0x0f, 0x00, 0x41, 0x79, 0x0a, 0x00, 0x00, 0x00, 0x00, 0x00,
    0x00, 0x02, 0x80, 0x03, 0x00, 0xea, 0x0f, 0x00, 0x19, 0x78, 0x4f, 0xff,
    0x1f, 0x00, 0x00, 0x00, 0x48, 0x14, 0x01, 0x00, 0x00, 0xe2, 0x0f, 0x00,
    0x25, 0x72, 0x48, 0x1b, 0x48, 0x00, 0x00, 0x00, 0x42, 0x00, 0x8e, 0x07,
    0x00, 0xe2, 0x0f, 0x00, 0x19, 0x78, 0x47, 0xff, 0x1f, 0x00, 0x00, 0x00,
    0x46, 0x14, 0x01, 0x00, 0x00, 0xc6, 0x0f, 0x00, 0x24, 0x72, 0x49, 0x1b,
    0x4f, 0x00, 0x00, 0x00, 0x49, 0x02, 0x8e, 0x07, 0x00, 0xca, 0x0f, 0x00,
    0x35, 0x72, 0x46, 0x46, 0x48, 0x00, 0x00, 0x00, 0x00, 0x02, 0x8e, 0x07,
    0x00, 0xca, 0x0f, 0x00, 0x11, 0x72, 0x48, 0x46, 0x44, 0x00, 0x00, 0x00,
    0xff, 0x10, 0x86, 0x07, 0x00, 0xc8, 0x0f, 0x00, 0x11, 0x72, 0x49, 0x46,
    0x45, 0x00, 0x00, 0x00, 0x47, 0x14, 0x8f, 0x01, 0x00, 0xca, 0x0f, 0x00,
    0x81, 0x79, 0x48, 0x48, 0x06, 0x00, 0x00, 0x00, 0x00, 0x19, 0x1e, 0x0c,
    0x00, 0x62, 0x03, 0x00, 0x45, 0x79, 0x0a, 0x00, 0x30, 0x02, 0x00, 0x00,
    0x00, 0x02, 0x80, 0x03, 0x00, 0xe8, 0x0f, 0x00, 0x47, 0x19, 0x74, 0x00,
    0x00, 0x00, 0x00, 0x00, 0x00, 0x00, 0x80, 0x03, 0x00, 0xea, 0x0f, 0x00,
    0x13, 0x72, 0x03, 0x00, 0x00, 0x00, 0x00, 0x00, 0x00, 0x00, 0x00, 0x00,
    0x00, 0xe4, 0x0f, 0x08, 0x13, 0x72, 0x53, 0x00, 0x00, 0x00, 0x00, 0x00,
    0x00, 0x00, 0x00, 0x00, 0x00, 0xe4, 0x0f, 0x00, 0x06, 0x73, 0x49, 0x00,
    0x03, 0x00, 0x00, 0x00, 0x00, 0x94, 0x20, 0x00, 0x00, 0x62, 0x2e, 0x00,
    0x13, 0x72, 0x51, 0x00, 0x50, 0x00, 0x00, 0x00, 0x00, 0x00, 0x00, 0x00,
    0x00, 0xe4, 0x0f, 0x00, 0x35, 0x72, 0x53, 0xff, 0x53, 0x00, 0x00, 0x80,
    0x00, 0x00, 0x8e, 0x07, 0x00, 0xe2, 0x0f, 0x00, 0x0c, 0x72, 0x00, 0x50,
    0xff, 0x00, 0x00, 0x00, 0x70, 0x62, 0xf6, 0x03, 0x00, 0xe2, 0x0f, 0x00,
    0x08, 0x73, 0x49, 0x00, 0x49, 0x00, 0x00, 0x00, 0x00, 0x10, 0x00, 0x00,
    0x00, 0x64, 0x2e, 0x00, 0x35, 0x78, 0x46, 0x49, 0xfe, 0xff, 0xff, 0x0f,
    0x00, 0x00, 0x8e, 0x07, 0x00, 0xc8, 0x2f, 0x00, 0x05, 0x73, 0x47, 0x00,
    0x46, 0x00, 0x00, 0x00, 0x00, 0xf0, 0x21, 0x00, 0x00, 0xe4, 0x02, 0x00,
    0x02, 0x72, 0x46, 0x00, 0xff, 0x00, 0x00, 0x00, 0x00, 0x0f, 0x00, 0x00,
    0x00, 0xe2, 0x2f, 0x00, 0x35, 0x72, 0x52, 0xff, 0x47, 0x00, 0x00, 0x80,
    0x00, 0x00, 0x8e, 0x07, 0x00, 0xca, 0x8f, 0x00, 0x24, 0x72, 0x4f, 0x52,
    0x03, 0x00, 0x00, 0x00, 0xff, 0x02, 0x8e, 0x07, 0x00, 0xe2, 0x0f, 0x00,
    0x02, 0x72, 0x52, 0x00, 0x51, 0x00, 0x00, 0x00, 0x00, 0x0f, 0x00, 0x00,
    0x00, 0xc6, 0x0f, 0x00, 0x27, 0x72, 0x4f, 0x47, 0x4f, 0x00, 0x00, 0x00,
    0x46, 0x00, 0x8e, 0x07, 0x00, 0xe2, 0x0f, 0x00, 0x02, 0x72, 0x47, 0x00,
    0x53, 0x00, 0x00, 0x00, 0x00, 0x0f, 0x00, 0x00, 0x00, 0xca, 0x0f, 0x00,
    0x27, 0x72, 0x4f, 0x4f, 0x52, 0x00, 0x00, 0x00, 0xff, 0x00, 0x8e, 0x07,
    0x00, 0xc8, 0x0f, 0x00, 0x24, 0x72, 0x52, 0x4f, 0x47, 0x00, 0x00, 0x00,
    0x52, 0x02, 0x8e, 0x07, 0x00, 0xca, 0x0f, 0x00, 0x0c, 0x72, 0x00, 0x03,
    0x52, 0x00, 0x00, 0x00, 0x70, 0x40, 0xf2, 0x03, 0x00, 0xda, 0x0f, 0x00,
    0x35, 0x92, 0x52, 0x52, 0x03, 0x00, 0x00, 0x80, 0x00, 0x00, 0x8e, 0x07,
    0x00, 0xca, 0x0f, 0x00, 0x0c, 0x72, 0x00, 0x03, 0x52, 0x00, 0x00, 0x00,
    0x70, 0x40, 0xf2, 0x03, 0x00, 0xda, 0x0f, 0x00, 0x35, 0x92, 0x52, 0x52,
    0x03, 0x00, 0x00, 0x80, 0x00, 0x00, 0x8e, 0x07, 0x00, 0xe2, 0x0f, 0x00,
    0x0c, 0x72, 0x00, 0x00, 0xff, 0x00, 0x00, 0x00, 0x70, 0x52, 0xf2, 0x03,
    0x00, 0xc8, 0x0f, 0x00, 0x02, 0x72, 0x03, 0x00, 0x52, 0x00, 0x00, 0x00,
    0x00, 0x0f, 0x00, 0x00, 0x00, 0xca, 0x0f, 0x00, 0x35, 0xb2, 0x03, 0x03,
    0xff, 0x00, 0x00, 0x00, 0x00, 0x01, 0x8e, 0x07, 0x00, 0xc8, 0x0f, 0x00,
    0x12, 0x92, 0x03, 0xff, 0x00, 0x00, 0x00, 0x00, 0xff, 0x33, 0x8e, 0x07,
    0x00, 0xc8, 0x0f, 0x00, 0x19, 0x78, 0x47, 0xff, 0x1f, 0x00, 0x00, 0x00,
    0x03, 0x14, 0x01, 0x00, 0x00, 0xc8, 0x0f, 0x00, 0x12, 0x72, 0x00, 0x47,
    0x00, 0x00, 0x00, 0x00, 0xff, 0xc0, 0x8e, 0x07, 0x00, 0xca, 0x0f, 0x00,
    0x35, 0x72, 0x00, 0x03, 0x00, 0x00, 0x00, 0x00, 0x00, 0x00, 0x8e, 0x07,
    0x00, 0xe2, 0x0f, 0x00, 0x47, 0x79, 0x0c, 0x00, 0x00, 0x00, 0x00, 0x00,
    0x00, 0x00, 0x80, 0x03, 0x00, 0xec, 0x0f, 0x00, 0x0c, 0x78, 0x00, 0x4c,
    0xff, 0xff, 0xff, 0xff, 0x70, 0x62, 0xf2, 0x03, 0x00, 0xe2, 0x0f, 0x00,
    0x48, 0x72, 0x00, 0x03, 0x50, 0x00, 0x00, 0x00, 0x00, 0x00, 0xfe, 0x03,
    0x00, 0xca, 0x0f, 0x00, 0x07, 0x72, 0x00, 0x00, 0xff, 0x00, 0x00, 0x00,
    0x00, 0x00, 0x80, 0x00, 0x00, 0xce, 0x0f, 0x00, 0x18, 0x79, 0x00, 0x00,
    0x00, 0x00, 0x00, 0x00, 0x00, 0x00, 0x00, 0x00, 0x00, 0xe2, 0x0f, 0x00,
    0x41, 0x79, 0x0a, 0x00, 0x00, 0x00, 0x00, 0x00, 0x00, 0x02, 0x80, 0x03,
    0x00, 0xea, 0x0f, 0x00, 0x19, 0x78, 0x03, 0xff, 0x1f, 0x00, 0x00, 0x00,
    0x00, 0x14, 0x01, 0x00, 0x00, 0xe2, 0x0f, 0x00, 0x25, 0x72, 0x42, 0x1b,
    0x00, 0x00, 0x00, 0x00, 0x42, 0x00, 0x8e, 0x07, 0x00, 0xe2, 0x0f, 0x04,
    0x45, 0x79, 0x0a, 0x00, 0x60, 0x02, 0x00, 0x00, 0x00, 0x02, 0x80, 0x03,
    0x00, 0xe6, 0x0f, 0x00, 0x24, 0x72, 0x1b, 0x1b, 0x03, 0x00, 0x00, 0x00,
    0x43, 0x02, 0x8e, 0x07, 0x00, 0xe2, 0x0f, 0x00, 0x47, 0x29, 0x74, 0x00,
    0x00, 0x00, 0x00, 0x00, 0x00, 0x00, 0x80, 0x03, 0x00, 0xec, 0x0f, 0x00,
    0x13, 0x72, 0x03, 0x00, 0x40, 0x00, 0x00, 0x00, 0x00, 0x00, 0x00, 0x00,
    0x00, 0xe2, 0x0f, 0x08, 0x35, 0x78, 0x00, 0x4a, 0x01, 0x00, 0x00, 0x00,
    0x00, 0x00, 0x8e, 0x07, 0x00, 0xe2, 0x0f, 0x00, 0x13, 0x72, 0x51, 0x00,
    0x40, 0x00, 0x00, 0x00, 0x00, 0x00, 0x00, 0x00, 0x00, 0xe4, 0x0f, 0x00,
    0x06, 0x73, 0x41, 0x00, 0x03, 0x00, 0x00, 0x00, 0x00, 0x90, 0x20, 0x00,
    0x00, 0xe4, 0x0e, 0x00, 0x13, 0x72, 0x4f, 0x00, 0x00, 0x00, 0x00, 0x00,
    0x00, 0x00, 0x00, 0x00, 0x00, 0xe2, 0x0f, 0x00, 0x0c, 0x72, 0x00, 0x00,
    0xff, 0x00, 0x00, 0x00, 0x70, 0x62, 0xf4, 0x03, 0x00, 0xe2, 0x0f, 0x00,
    0x08, 0x73, 0x41, 0x00, 0x41, 0x00, 0x00, 0x00, 0x00, 0x10, 0x00, 0x00,
    0x00, 0xe4, 0x8e, 0x00, 0x35, 0x78, 0x46, 0x41, 0xfe, 0xff, 0xff, 0x0f,
    0x00, 0x00, 0x8e, 0x07, 0x00, 0xe2, 0x8f, 0x00, 0x35, 0x72, 0x41, 0xff,
    0x51, 0x00, 0x00, 0x80, 0x00, 0x00, 0x8e, 0x07, 0x00, 0xc6, 0x0f, 0x00,
    0x05, 0x73, 0x47, 0x00, 0x46, 0x00, 0x00, 0x00, 0x00, 0xf0, 0x21, 0x00,
    0x00, 0x24, 0x07, 0x00, 0x31, 0x74, 0x46, 0xff, 0x00, 0x00, 0x00, 0x00,
    0xff, 0x01, 0x00, 0x00, 0x00, 0xe2, 0x8f, 0x00, 0x35, 0x72, 0x50, 0xff,
    0x47, 0x00, 0x00, 0x80, 0x00, 0x00, 0x8e, 0x07, 0x00, 0xca, 0x0f, 0x01,
    0x24, 0x72, 0x49, 0x50, 0x03, 0x00, 0x00, 0x00, 0xff, 0x02, 0x8e, 0x07,
    0x00, 0xe2, 0x2f, 0x00, 0x02, 0x72, 0x50, 0x00, 0x4f, 0x00, 0x00, 0x00,
    0x00, 0x0f, 0x00, 0x00, 0x00, 0xc6, 0x0f, 0x00, 0x27, 0x72, 0x49, 0x47,
    0x49, 0x00, 0x00, 0x00, 0x46, 0x00, 0x8e, 0x07, 0x00, 0xcc, 0x0f, 0x00,
    0x27, 0x72, 0x49, 0x49, 0x50, 0x00, 0x00, 0x00, 0xff, 0x00, 0x8e, 0x07,
    0x00, 0xc8, 0x0f, 0x00, 0x24, 0x72, 0x50, 0x49, 0x41, 0x00, 0x00, 0x00,
    0x50, 0x02, 0x8e, 0x07, 0x00, 0xca, 0x0f, 0x00, 0x0c, 0x72, 0x00, 0x03,
    0x50, 0x00, 0x00, 0x00, 0x70, 0x40, 0xf2, 0x03, 0x00, 0xda, 0x0f, 0x00,
    0x35, 0x92, 0x50, 0x50, 0x03, 0x00, 0x00, 0x80, 0x00, 0x00, 0x8e, 0x07,
    0x00, 0xca, 0x0f, 0x00, 0x0c, 0x72, 0x00, 0x03, 0x50, 0x00, 0x00, 0x00,
    0x70, 0x40, 0xf2, 0x03, 0x00, 0xda, 0x0f, 0x00, 0x35, 0x92, 0x50, 0x50,
    0x03, 0x00, 0x00, 0x80, 0x00, 0x00, 0x8e, 0x07, 0x00, 0xe2, 0x0f, 0x00,
    0x0c, 0x72, 0x00, 0x40, 0xff, 0x00, 0x00, 0x00, 0x70, 0x52, 0xf2, 0x03,
    0x00, 0xc8, 0x0f, 0x00, 0x02, 0x72, 0x00, 0x00, 0x50, 0x00, 0x00, 0x00,
    0x00, 0x0f, 0x00, 0x00, 0x00, 0xca, 0x0f, 0x00, 0x35, 0xa2, 0x00, 0x00,
    0xff, 0x00, 0x00, 0x00, 0x00, 0x01, 0x8e, 0x07, 0x00, 0xc8, 0x0f, 0x00,
    0x12, 0x92, 0x00, 0xff, 0x40, 0x00, 0x00, 0x00, 0xff, 0x33, 0x8e, 0x07,
    0x00, 0xc8, 0x0f, 0x00, 0x19, 0x78, 0x03, 0xff, 0x1f, 0x00, 0x00, 0x00,
    0x00, 0x14, 0x01, 0x00, 0x00, 0xc8, 0x0f, 0x00, 0x12, 0x72, 0x03, 0x03,
    0x40, 0x00, 0x00, 0x00, 0xff, 0xc0, 0x8e, 0x07, 0x00, 0xca, 0x0f, 0x00,
    0x35, 0x72, 0x03, 0x00, 0x03, 0x00, 0x00, 0x00, 0x00, 0x00, 0x8e, 0x07,
    0x00, 0xe2, 0x0f, 0x00, 0x47, 0x79, 0x14, 0x00, 0x00, 0x00, 0x00, 0x00,
    0x00, 0x00, 0x80, 0x03, 0x00, 0xec, 0x0f, 0x00, 0x0c, 0x78, 0x00, 0x4a,
    0xff, 0xff, 0xff, 0xff, 0x70, 0x62, 0xf2, 0x03, 0x00, 0xe2, 0x0f, 0x00,
    0x31, 0x74, 0x03, 0xff, 0x00, 0x00, 0x00, 0x00, 0xff, 0x01, 0x00, 0x00,
    0x00, 0xd8, 0x0f, 0x00, 0x35, 0x18, 0x40, 0x40, 0xff, 0xff, 0xff, 0xff,
    0x00, 0x00, 0x8e, 0x07, 0x00, 0xe2, 0x0f, 0x00, 0x35, 0x18, 0x41, 0x4a,
    0x01, 0x00, 0x00, 0x00, 0x00, 0x00, 0x8e, 0x07, 0x00, 0xca, 0x0f, 0x00,
    0x48, 0x12, 0x03, 0x40, 0x41, 0x00, 0x00, 0x00, 0x00, 0x00, 0xfe, 0x03,
    0x00, 0xce, 0x0f, 0x00, 0x18, 0x79, 0x00, 0x00, 0x00, 0x00, 0x00, 0x00,
    0x00, 0x00, 0x00, 0x00, 0x00, 0xe2, 0x0f, 0x00, 0x41, 0x79, 0x0a, 0x00,
    0x00, 0x00, 0x00, 0x00, 0x00, 0x02, 0x80, 0x03, 0x00, 0xea, 0x0f, 0x00,
    0x02, 0x72, 0x40, 0x00, 0x42, 0x00, 0x00, 0x00, 0x00, 0x0f, 0x00, 0x00,
    0x00, 0xe2, 0x0f, 0x00, 0x19, 0x78, 0x43, 0xff, 0x1f, 0x00, 0x00, 0x00,
    0x03, 0x14, 0x01, 0x00, 0x00, 0xe2, 0x0f, 0x00, 0x02, 0x72, 0x41, 0x00,
    0x1b, 0x00, 0x00, 0x00, 0x00, 0x0f, 0x00, 0x00, 0x00, 0xe2, 0x0f, 0x00,
    0x02, 0x72, 0x42, 0x00, 0x03, 0x00, 0x00, 0x00, 0x00, 0x0f, 0x00, 0x00,
    0x00, 0xca, 0x0f, 0x00, 0x35, 0x72, 0x40, 0x42, 0x40, 0x00, 0x00, 0x00,
    0x00, 0x02, 0x8e, 0x07, 0x00, 0xca, 0x0f, 0x00, 0x11, 0x72, 0x44, 0x40,
    0x44, 0x00, 0x00, 0x00, 0xff, 0x10, 0x82, 0x07, 0x00, 0xc8, 0x0f, 0x00,
    0x11, 0x72, 0x45, 0x40, 0x45, 0x00, 0x00, 0x00, 0x41, 0x14, 0x8f, 0x00,
    0x00, 0xca, 0x0f, 0x00, 0x81, 0x79, 0x44, 0x44, 0x06, 0x00, 0x00, 0x00,
    0x00, 0x19, 0x1e, 0x0c, 0x00, 0x62, 0x07, 0x00, 0x45, 0x72, 0x4c, 0x00,
    0x4c, 0x00, 0x00, 0x00, 0x00, 0x14, 0x20, 0x00, 0x00, 0xe4, 0x0f, 0x00,
    0x45, 0x72, 0x03, 0x00, 0x4a, 0x00, 0x00, 0x00, 0x00, 0x14, 0x20, 0x00,
    0x00, 0xc6, 0x0f, 0x00, 0x21, 0x72, 0x4b, 0x4b, 0x4c, 0x00, 0x00, 0x80,
    0x00, 0x00, 0x00, 0x00, 0x00, 0xe4, 0x1f, 0x00, 0x21, 0x72, 0x40, 0x18,
    0x03, 0x00, 0x00, 0x80, 0x00, 0x00, 0x00, 0x00, 0x00, 0xce, 0x0f, 0x00,
    0x18, 0x79, 0x00, 0x00, 0x00, 0x00, 0x00, 0x00, 0x00, 0x00, 0x00, 0x00,
    0x00, 0xe2, 0x0f, 0x00, 0x41, 0x79, 0x00, 0x00, 0x00, 0x00, 0x00, 0x00,
    0x00, 0x02, 0x80, 0x03, 0x00, 0xea, 0x0f, 0x00, 0x06, 0x73, 0x00, 0x00,
    0x4d, 0x00, 0x00, 0x00, 0x00, 0x10, 0x00, 0x00, 0x00, 0x22, 0x0e, 0x02,
    0x19, 0x78, 0x45, 0xff, 0x10, 0x00, 0x00, 0x00, 0x44, 0x16, 0x01, 0x00,
    0x00, 0xc8, 0x8f, 0x00, 0x12, 0x78, 0x45, 0x45, 0xff, 0x00, 0x00, 0x00,
    0xff, 0xc0, 0x8e, 0x07, 0x00, 0xe2, 0x0f, 0x00, 0x06, 0x73, 0x1b, 0x00,
    0x48, 0x00, 0x00, 0x00, 0x00, 0x10, 0x00, 0x00, 0x00, 0xe2, 0x0e, 0x00,
    0x20, 0x78, 0x03, 0x00, 0x81, 0x80, 0x80, 0x3b, 0x00, 0x00, 0x40, 0x00,
    0x00, 0xe2, 0x1f, 0x00, 0x06, 0x73, 0x43, 0x00, 0x48, 0x00, 0x00, 0x30,
    0x00, 0x10, 0x00, 0x00, 0x00, 0x22, 0x0e, 0x00, 0x20, 0x78, 0x1b, 0x1b,
    0x81, 0x80, 0x80, 0x3b, 0x00, 0x00, 0x40, 0x00, 0x00, 0xe2, 0x8f, 0x00,
    0x06, 0x73, 0x41, 0x00, 0x4d, 0x00, 0x00, 0x30, 0x00, 0x10, 0x00, 0x00,
    0x00, 0xe2, 0x0e, 0x00, 0x20, 0x78, 0x43, 0x43, 0x81, 0x80, 0x80, 0x3b,
    0x00, 0x00, 0x40, 0x00, 0x00, 0xe2, 0x1f, 0x00, 0x06, 0x73, 0x18, 0x00,
    0x4e, 0x00, 0x00, 0x00, 0x00, 0x10, 0x00, 0x00, 0x00, 0x22, 0x4e, 0x00,
    0x20, 0x78, 0x41, 0x41, 0x81, 0x80, 0x80, 0x3b, 0x00, 0x00, 0x40, 0x00,
    0x00, 0xe2, 0x8f, 0x00, 0x06, 0x73, 0x42, 0x00, 0x44, 0x00, 0x00, 0x00,
    0x00, 0x10, 0x00, 0x00, 0x00, 0xa2, 0x0e, 0x00, 0x23, 0x78, 0x18, 0x18,
    0x81, 0x80, 0x80, 0x3b, 0x03, 0x08, 0x00, 0x00, 0x00, 0xe2, 0x1f, 0x10,
    0x06, 0x73, 0x4a, 0x00, 0x44, 0x00, 0x00, 0x30, 0x00, 0x10, 0x00, 0x00,
    0x00, 0xe6, 0x00, 0x00, 0x23, 0x72, 0x18, 0x18, 0x40, 0x00, 0x00, 0x00,
    0x03, 0x00, 0x00, 0x00, 0x00, 0xe2, 0x0f, 0x00, 0x23, 0x78, 0x42, 0x42,
    0x81, 0x80, 0x80, 0x3b, 0x1b, 0x08, 0x00, 0x00, 0x00, 0xe2, 0x4f, 0x00,
    0x06, 0x73, 0x46, 0x00, 0x4e, 0x00, 0x00, 0x30, 0x00, 0x10, 0x00, 0x00,
    0x00, 0x22, 0x05, 0x00, 0x19, 0x78, 0x44, 0xff, 0x08, 0x00, 0x00, 0x00,
    0x44, 0x16, 0x01, 0x00, 0x00, 0xc4, 0x1f, 0x00, 0x23, 0x72, 0x03, 0x42,
    0x40, 0x00, 0x00, 0x00, 0x1b, 0x00, 0x00, 0x00, 0x00, 0xe2, 0x0f, 0x00,
    0x19, 0x78, 0x42, 0xff, 0x10, 0x00, 0x00, 0x00, 0x4e, 0x16, 0x01, 0x00,
    0x00, 0xe2, 0x0f, 0x00, 0x23, 0x78, 0x4a, 0x4a, 0x81, 0x80, 0x80, 0x3b,
    0x43, 0x08, 0x00, 0x00, 0x00, 0xc6, 0x8f, 0x00, 0x12, 0x78, 0x42, 0x42,
    0xff, 0x00, 0x00, 0x00, 0xff, 0xc0, 0x8e, 0x07, 0x00, 0xe2, 0x0f, 0x00,
    0x21, 0x72, 0x49, 0x18, 0x03, 0x00, 0x00, 0x00, 0x00, 0x01, 0x00, 0x00,
    0x00, 0xe2, 0x2f, 0x00, 0x19, 0x78, 0x4e, 0xff, 0x08, 0x00, 0x00, 0x00,
    0x4e, 0x16, 0x01, 0x00, 0x00, 0xe2, 0x4f, 0x00, 0x23, 0x72, 0x1b, 0x4a,
    0x40, 0x00, 0x00, 0x00, 0x43, 0x00, 0x00, 0x00, 0x00, 0xe2, 0x0f, 0x08,
    0x19, 0x78, 0x43, 0xff, 0x10, 0x00, 0x00, 0x00, 0x48, 0x16, 0x01, 0x00,
    0x00, 0xe2, 0x0f, 0x00, 0x23, 0x72, 0x49, 0x49, 0x4b, 0x00, 0x00, 0x00,
    0x18, 0x00, 0x00, 0x00, 0x00, 0xe2, 0x0f, 0x00, 0x19, 0x78, 0x48, 0xff,
    0x08, 0x00, 0x00, 0x00, 0x48, 0x16, 0x01, 0x00, 0x00, 0xe2, 0x0f, 0x00,
    0x23, 0x78, 0x00, 0x46, 0x81, 0x80, 0x80, 0x3b, 0x41, 0x08, 0x00, 0x00,
    0x00, 0xe2, 0x0f, 0x01, 0x19, 0x78, 0x46, 0xff, 0x08, 0x00, 0x00, 0x00,
    0x4d, 0x16, 0x01, 0x00, 0x00, 0xe4, 0x0f, 0x00, 0x12, 0x78, 0x43, 0x43,
    0xff, 0x00, 0x00, 0x00, 0xff, 0xc0, 0x8e, 0x07, 0x00, 0xe2, 0x0f, 0x00,
    0x23, 0x72, 0x00, 0x00, 0x40, 0x00, 0x00, 0x00, 0x41, 0x00, 0x00, 0x00,
    0x00, 0xe2, 0x0f, 0x00, 0x19, 0x78, 0x41, 0xff, 0x10, 0x00, 0x00, 0x00,
    0x4d, 0x16, 0x01, 0x00, 0x00, 0xc4, 0x0f, 0x00, 0x12, 0x78, 0x46, 0x46,
    0xff, 0x00, 0x00, 0x00, 0xff, 0xc0, 0x8e, 0x07, 0x00, 0xe2, 0x0f, 0x00,
    0x21, 0x72, 0x1b, 0x00, 0x1b, 0x00, 0x00, 0x00, 0x00, 0x01, 0x00, 0x00,
    0x00, 0xe2, 0x0f, 0x00, 0x12, 0x78, 0x41, 0x41, 0xff, 0x00, 0x00, 0x00,
    0xff, 0xc0, 0x8e, 0x07, 0x00, 0xe4, 0x0f, 0x00, 0x12, 0x78, 0x47, 0x48,
    0xff, 0x00, 0x00, 0x00, 0xff, 0xc0, 0x8e, 0x07, 0x00, 0xe4, 0x0f, 0x00,
    0x12, 0x78, 0x48, 0x44, 0xff, 0x00, 0x00, 0x00, 0xff, 0xc0, 0x8e, 0x07,
    0x00, 0xe4, 0x0f, 0x00, 0x45, 0x72, 0x44, 0x00, 0x45, 0x00, 0x00, 0x00,
    0x00, 0x10, 0x20, 0x00, 0x00, 0xe4, 0x0f, 0x00, 0x12, 0x78, 0x4e, 0x4e,
    0xff, 0x00, 0x00, 0x00, 0xff, 0xc0, 0x8e, 0x07, 0x00, 0xc4, 0x0f, 0x00,
    0x45, 0x72, 0x41, 0x00, 0x41, 0x00, 0x00, 0x00, 0x00, 0x10, 0x20, 0x00,
    0x00, 0xe4, 0x0f, 0x00, 0x45, 0x72, 0x43, 0x00, 0x43, 0x00, 0x00, 0x00,
    0x00, 0x10, 0x20, 0x00, 0x00, 0xe4, 0x0f, 0x00, 0x45, 0x72, 0x45, 0x00,
    0x46, 0x00, 0x00, 0x00, 0x00, 0x10, 0x20, 0x00, 0x00, 0xe2, 0x0f, 0x00,
    0x20, 0x78, 0x41, 0x41, 0x81, 0x80, 0x80, 0x3b, 0x00, 0x00, 0x40, 0x00,
    0x00, 0xe2, 0x0f, 0x00, 0x45, 0x72, 0x47, 0x00, 0x47, 0x00, 0x00, 0x00,
    0x00, 0x10, 0x20, 0x00, 0x00, 0xe2, 0x0f, 0x00, 0x20, 0x78, 0x43, 0x43,
    0x81, 0x80, 0x80, 0x3b, 0x00, 0x00, 0x40, 0x00, 0x00, 0xe2, 0x0f, 0x00,
    0x45, 0x72, 0x42, 0x00, 0x42, 0x00, 0x00, 0x00, 0x00, 0x10, 0x20, 0x00,
    0x00, 0xe2, 0x0f, 0x00, 0x20, 0x78, 0x45, 0x45, 0x81, 0x80, 0x80, 0x3b,
    0x00, 0x00, 0x40, 0x00, 0x00, 0xe2, 0x0f, 0x00, 0x45, 0x72, 0x46, 0x00,
    0x4e, 0x00, 0x00, 0x00, 0x00, 0x10, 0x20, 0x00, 0x00, 0xe2, 0x0f, 0x00,
    0x20, 0x78, 0x47, 0x47, 0x81, 0x80, 0x80, 0x3b, 0x00, 0x00, 0x40, 0x00,
    0x00, 0xe2, 0x0f, 0x00, 0x45, 0x72, 0x48, 0x00, 0x48, 0x00, 0x00, 0x00,
    0x00, 0x10, 0x20, 0x00, 0x00, 0xe2, 0x0f, 0x00, 0x23, 0x78, 0x42, 0x42,
    0x81, 0x80, 0x80, 0x3b, 0x41, 0x08, 0x00, 0x00, 0x00, 0xe2, 0x0f, 0x00,
    0x23, 0x78, 0x44, 0x44, 0x81, 0x80, 0x80, 0x3b, 0x43, 0x08, 0x00, 0x00,
    0x00, 0xe2, 0x0f, 0x00, 0x23, 0x78, 0x46, 0x46, 0x81, 0x80, 0x80, 0x3b,
    0x45, 0x08, 0x00, 0x00, 0x00, 0xc4, 0x0f, 0x00, 0x23, 0x78, 0x48, 0x48,
    0x81, 0x80, 0x80, 0x3b, 0x47, 0x08, 0x00, 0x00, 0x00, 0xe2, 0x0f, 0x00,
    0x23, 0x72, 0x42, 0x42, 0x40, 0x00, 0x00, 0x00, 0x41, 0x00, 0x00, 0x00,
    0x00, 0xe2, 0x0f, 0x08, 0x23, 0x72, 0x43, 0x44, 0x40, 0x00, 0x00, 0x00,
    0x43, 0x00, 0x00, 0x00, 0x00, 0xe2, 0x0f, 0x08, 0x23, 0x72, 0x46, 0x46,
    0x40, 0x00, 0x00, 0x00, 0x45, 0x00, 0x00, 0x00, 0x00, 0xe2, 0x0f, 0x08,
    0x23, 0x72, 0x47, 0x48, 0x40, 0x00, 0x00, 0x00, 0x47, 0x00, 0x00, 0x00,
    0x00, 0xe4, 0x0f, 0x00, 0x21, 0x72, 0x43, 0x42, 0x43, 0x00, 0x00, 0x00,
    0x00, 0x01, 0x00, 0x00, 0x00, 0xe4, 0x0f, 0x00, 0x21, 0x72, 0x03, 0x46,
    0x47, 0x00, 0x00, 0x00, 0x00, 0x01, 0x00, 0x00, 0x00, 0xe2, 0x0f, 0x00,
    0x23, 0x72, 0x47, 0x1b, 0x4b, 0x00, 0x00, 0x00, 0x00, 0x00, 0x00, 0x00,
    0x00, 0xe2, 0x0f, 0x08, 0x23, 0x72, 0x4a, 0x43, 0x4b, 0x00, 0x00, 0x00,
    0x42, 0x00, 0x00, 0x00, 0x00, 0xc4, 0x0f, 0x00, 0x23, 0x72, 0x4c, 0x03,
    0x4b, 0x00, 0x00, 0x00, 0x46, 0x00, 0x00, 0x00, 0x00, 0xe2, 0x0f, 0x00,
    0x47, 0x79, 0xf8, 0x00, 0x50, 0x00, 0x00, 0x00, 0x00, 0x00, 0x80, 0x03,
    0x00, 0xec, 0x0f, 0x00, 0x35, 0x78, 0x03, 0x18, 0xf9, 0xff, 0xff, 0xff,
    0x00, 0x00, 0x8e, 0x07, 0x00, 0xe2, 0x0f, 0x00, 0x45, 0x79, 0x00, 0x00,
    0x40, 0x4f, 0x00, 0x00, 0x00, 0x02, 0x80, 0x03, 0x00, 0xe8, 0x0f, 0x00,
    0x12, 0x78, 0x03, 0x03, 0xff, 0x00, 0x00, 0x00, 0xff, 0xc0, 0x8e, 0x07,
    0x00, 0xca, 0x0f, 0x00, 0x0c, 0x78, 0x00, 0x03, 0x02, 0x00, 0x00, 0x00,
    0x70, 0x40, 0xf2, 0x03, 0x00, 0xca, 0x0f, 0x00, 0x0c, 0x78, 0x00, 0x18,
    0x07, 0x00, 0x00, 0x00, 0x70, 0x50, 0xf4, 0x04, 0x00, 0xe2, 0x0f, 0x04,
    0x0c, 0x78, 0x00, 0x18, 0x09, 0x00, 0x00, 0x00, 0x70, 0x54, 0xf6, 0x00,
    0x00, 0xce, 0x0f, 0x00, 0x20, 0x92, 0x48, 0x42, 0x1b, 0x00, 0x00, 0x00,
    0x00, 0x00, 0x40, 0x00, 0x00, 0xc8, 0x0f, 0x02, 0x23, 0x92, 0x49, 0x4b,
    0x00, 0x00, 0x00, 0x00, 0x48, 0x00, 0x00, 0x00, 0x00, 0xc8, 0x0f, 0x00,
    0x23, 0x22, 0x49, 0x41, 0x40, 0x00, 0x00, 0x00, 0x49, 0x00, 0x00, 0x00,
    0x00, 0xc8, 0x0f, 0x00, 0x23, 0xb2, 0x49, 0x46, 0x43, 0x00, 0x00, 0x00,
    0x49, 0x00, 0x00, 0x00, 0x00, 0xca, 0x0f, 0x00, 0x02, 0x92, 0x4c, 0x00,
    0x49, 0x00, 0x00, 0x00, 0x00, 0x0f, 0x00, 0x00, 0x00, 0xca, 0x0f, 0x00,
    0x02, 0x92, 0x4a, 0x00, 0x4c, 0x00, 0x00, 0x00, 0x00, 0x0f, 0x00, 0x00,
    0x00, 0xe2, 0x0f, 0x08, 0x02, 0x92, 0x47, 0x00, 0x4c, 0x00, 0x00, 0x00,
    0x00, 0x0f, 0x00, 0x00, 0x00, 0xe2, 0x2f, 0x00, 0x47, 0x99, 0x98, 0x00,
    0x4c, 0x00, 0x00, 0x00, 0x00, 0x00, 0x80, 0x03, 0x00, 0xec, 0x0f, 0x00,
    0x81, 0x79, 0x03, 0x1c, 0x06, 0x4c, 0x0d, 0x00, 0x00, 0x11, 0x1e, 0x0c,
    0x00, 0xa2, 0x0e, 0x00, 0x12, 0x78, 0x4c, 0x4d, 0xff, 0xff, 0x00, 0x00,
    0xff, 0xc0, 0x8e, 0x07, 0x00, 0xe2, 0x0f, 0x00, 0x31, 0x74, 0x4d, 0xff,
    0x00, 0x00, 0x00, 0x00, 0xff, 0x01, 0x00, 0x00, 0x00, 0xe2, 0x0f, 0x00,
    0x02, 0x72, 0x51, 0x00, 0xff, 0x00, 0x00, 0x00, 0x00, 0x0f, 0x00, 0x00,
    0x00, 0xe2, 0x0f, 0x00, 0x31, 0x74, 0x53, 0xff, 0x00, 0x00, 0x00, 0x00,
    0xff, 0x01, 0x00, 0x00, 0x00, 0xe2, 0x0f, 0x00, 0x02, 0x72, 0x49, 0x00,
    0xff, 0x00, 0x00, 0x00, 0x00, 0x0f, 0x00, 0x00, 0x00, 0xe2, 0x0f, 0x00,
    0x19, 0x78, 0x50, 0xff, 0x02, 0x00, 0x00, 0x00, 0x03, 0x16, 0x01, 0x00,
    0x00, 0xe4, 0x4f, 0x10, 0x19, 0x78, 0x52, 0xff, 0x04, 0x00, 0x00, 0x00,
    0x03, 0x16, 0x01, 0x00, 0x00, 0xe4, 0x0f, 0x00, 0x12, 0x78, 0x50, 0x50,
    0x03, 0x00, 0x00, 0x00, 0xff, 0xc0, 0x8e, 0x07, 0x00, 0xc4, 0x0f, 0x00,
    0x12, 0x78, 0x52, 0x52, 0x03, 0x00, 0x00, 0x00, 0xff, 0xc0, 0x8e, 0x07,
    0x00, 0xe4, 0x0f, 0x00, 0x12, 0x78, 0x48, 0x03, 0xc0, 0x00, 0x00, 0x00,
    0xff, 0xc0, 0x8e, 0x07, 0x00, 0xe2, 0x0f, 0x00, 0x35, 0x72, 0x50, 0x4c,
    0x50, 0x00, 0x00, 0x00, 0x00, 0x02, 0x8e, 0x07, 0x00, 0xe4, 0x0f, 0x04,
    0x35, 0x72, 0x52, 0x4c, 0x52, 0x00, 0x00, 0x00, 0x00, 0x02, 0x8e, 0x07,
    0x00, 0xc6, 0x0f, 0x00, 0x19, 0x78, 0x48, 0x48, 0x06, 0x00, 0x00, 0x00,
    0xff, 0x12, 0x00, 0x00, 0x00, 0xe2, 0x0f, 0x00, 0x24, 0x72, 0x47, 0x51,
    0x4e, 0x00, 0x00, 0x00, 0xff, 0x02, 0x8e, 0x07, 0x00, 0xc8, 0x0f, 0x00,
    0x24, 0x72, 0x47, 0x4f, 0x50, 0x00, 0x00, 0x00, 0x47, 0x02, 0x8e, 0x07,
    0x00, 0xe2, 0x0f, 0x00, 0x35, 0x72, 0x48, 0x4c, 0x48, 0x00, 0x00, 0x00,
    0x00, 0x02, 0x8e, 0x07, 0x00, 0xe4, 0x0f, 0x00, 0x25, 0x72, 0x50, 0x4e,
    0x50, 0x00, 0x00, 0x00, 0x3e, 0x00, 0x8e, 0x07, 0x00, 0xc8, 0x0f, 0x00,
    0x24, 0x72, 0x49, 0x49, 0x4e, 0x00, 0x00, 0x00, 0xff, 0x02, 0x8e, 0x07,
    0x00, 0xe2, 0x0f, 0x00, 0x35, 0x72, 0x47, 0x51, 0x47, 0x00, 0x00, 0x00,
    0x00, 0x00, 0x8e, 0x07, 0x00, 0xe2, 0x0f, 0x00, 0x11, 0x72, 0x54, 0x50,
    0x44, 0x00, 0x00, 0x00, 0xff, 0x10, 0x82, 0x07, 0x00, 0xe2, 0x0f, 0x04,
    0x24, 0x72, 0x51, 0x53, 0x4e, 0x00, 0x00, 0x00, 0xff, 0x02, 0x8e, 0x07,
    0x00, 0xe4, 0x0f, 0x00, 0x24, 0x72, 0x57, 0x4f, 0x48, 0x00, 0x00, 0x00,
    0x49, 0x02, 0x8e, 0x07, 0x00, 0xe2, 0x0f, 0x04, 0x11, 0x72, 0x55, 0x50,
    0x45, 0x00, 0x00, 0x00, 0x47, 0x14, 0x8f, 0x00, 0x00, 0xe2, 0x0f, 0x00,
    0x24, 0x72, 0x47, 0x4f, 0x52, 0x00, 0x00, 0x00, 0x51, 0x02, 0x8e, 0x07,
    0x00, 0xe4, 0x0f, 0x08, 0x25, 0x72, 0x50, 0x4e, 0x52, 0x00, 0x00, 0x00,
    0x3e, 0x00, 0x8e, 0x07, 0x00, 0xc8, 0x0f, 0x00, 0x25, 0x72, 0x48, 0x4e,
    0x48, 0x00, 0x00, 0x00, 0x3e, 0x00, 0x8e, 0x07, 0x00, 0xe2, 0x0f, 0x00,
    0x35, 0x72, 0x47, 0x51, 0x47, 0x00, 0x00, 0x00, 0x00, 0x00, 0x8e, 0x07,
    0x00, 0xe2, 0x0f, 0x00, 0x11, 0x72, 0x52, 0x50, 0x44, 0x00, 0x00, 0x00,
    0xff, 0x10, 0x82, 0x07, 0x00, 0xc8, 0x0f, 0x00, 0x11, 0x72, 0x53, 0x50,
    0x45, 0x00, 0x00, 0x00, 0x47, 0x14, 0x8f, 0x00, 0x00, 0xe2, 0x0f, 0x00,
    0x35, 0x72, 0x47, 0x49, 0x57, 0x00, 0x00, 0x00, 0x00, 0x00, 0x8e, 0x07,
    0x00, 0xe2, 0x0f, 0x00, 0x11, 0x72, 0x50, 0x48, 0x44, 0x00, 0x00, 0x00,
    0xff, 0x10, 0x82, 0x07, 0x00, 0xe2, 0x0f, 0x04, 0x81, 0x79, 0x49, 0x54,
    0x06, 0x00, 0x00, 0x00, 0x00, 0x19, 0x1e, 0x0c, 0x00, 0x66, 0x01, 0x00,
    0x11, 0x72, 0x51, 0x48, 0x45, 0x00, 0x00, 0x00, 0x47, 0x14, 0x8f, 0x00,
    0x00, 0xe4, 0x0f, 0x00, 0x81, 0x79, 0x48, 0x52, 0x06, 0x00, 0x00, 0x00,
    0x00, 0x19, 0x1e, 0x0c, 0x00, 0x68, 0x01, 0x00, 0x81, 0x79, 0x47, 0x50,
    0x06, 0x00, 0x00, 0x00, 0x00, 0x19, 0x1e, 0x0c, 0x00, 0x62, 0x01, 0x00,
    0x12, 0x78, 0x56, 0x03, 0x03, 0x00, 0x00, 0x00, 0xff, 0xc0, 0x8e, 0x07,
    0x00, 0xe2, 0x0f, 0x00, 0x31, 0x74, 0x57, 0xff, 0x00, 0x00, 0x00, 0x00,
    0xff, 0x01, 0x00, 0x00, 0x00, 0xca, 0x0f, 0x00, 0x35, 0x72, 0x56, 0x4c,
    0x56, 0x00, 0x00, 0x00, 0x00, 0x02, 0x8e, 0x07, 0x00, 0xe4, 0x0f, 0x00,
    0x0c, 0x78, 0x00, 0x18, 0x13, 0x00, 0x00, 0x00, 0x70, 0x42, 0xf6, 0x03,
    0x00, 0xc8, 0x0f, 0x00, 0x24, 0x72, 0x03, 0x57, 0x4e, 0x00, 0x00, 0x00,
    0xff, 0x02, 0x8e, 0x07, 0x00, 0xe4, 0x0f, 0x00, 0x25, 0x72, 0x4c, 0x4e,
    0x56, 0x00, 0x00, 0x00, 0x3e, 0x00, 0x8e, 0x07, 0x00, 0xc8, 0x0f, 0x00,
    0x24, 0x72, 0x03, 0x4f, 0x56, 0x00, 0x00, 0x00, 0x03, 0x02, 0x8e, 0x07,
    0x00, 0xe2, 0x0f, 0x00, 0x45, 0x79, 0x0a, 0x00, 0x90, 0x13, 0x00, 0x00,
    0x00, 0x02, 0x80, 0x03, 0x00, 0xe2, 0x0f, 0x00, 0x11, 0x72, 0x44, 0x4c,
    0x44, 0x00, 0x00, 0x00, 0xff, 0x10, 0x82, 0x07, 0x00, 0xc6, 0x0f, 0x00,
    0x35, 0x72, 0x03, 0x4d, 0x03, 0x00, 0x00, 0x00, 0x00, 0x00, 0x8e, 0x07,
    0x00, 0xca, 0x0f, 0x00, 0x11, 0x72, 0x45, 0x4c, 0x45, 0x00, 0x00, 0x00,
    0x03, 0x14, 0x8f, 0x00, 0x00, 0xe4, 0x0f, 0x00, 0x55, 0x73, 0x4c, 0x0a,
    0x00, 0x00, 0x00, 0x00, 0x00, 0x00, 0x10, 0x00, 0x00, 0x6a, 0x0e, 0x00,
    0x47, 0x39, 0x08, 0x00, 0x0c, 0x00, 0x00, 0x00, 0x00, 0x00, 0x80, 0x03,
    0x00, 0xea, 0x0f, 0x00, 0x0c, 0x78, 0x00, 0x18, 0x0a, 0x00, 0x00, 0x00,
    0x70, 0x42, 0xf2, 0x03, 0x00, 0xda, 0x0f, 0x00, 0x47, 0x19, 0xfc, 0x00,
    0x00, 0x00, 0x00, 0x00, 0x00, 0x00, 0x80, 0x03, 0x00, 0xea, 0x0f, 0x00,
    0x81, 0x79, 0x44, 0x44, 0x06, 0x00, 0x00, 0x00, 0x00, 0x19, 0x1e, 0x0c,
    0x00, 0x62, 0x05, 0x00, 0x0c, 0x78, 0x00, 0x18, 0x03, 0x00, 0x00, 0x00,
    0x70, 0x42, 0xf2, 0x03, 0x00, 0xda, 0x0f, 0x00, 0x47, 0x19, 0x30, 0x00,
    0x00, 0x00, 0x00, 0x00, 0x00, 0x00, 0x80, 0x03, 0x00, 0xea, 0x0f, 0x00,
    0x0c, 0x78, 0x00, 0x18, 0x01, 0x00, 0x00, 0x00, 0x70, 0x50, 0xf2, 0x03,
    0x00, 0xe2, 0x0f, 0x00, 0x02, 0x72, 0x4a, 0x00, 0x4b, 0x00, 0x00, 0x00,
    0x00, 0x0f, 0x00, 0x00, 0x00, 0xd8, 0x0f, 0x00, 0x47, 0x99, 0xa4, 0x00,
    0x10, 0x00, 0x00, 0x00, 0x00, 0x00, 0x80, 0x03, 0x00, 0xea, 0x0f, 0x00,
    0x0c, 0x78, 0x00, 0x18, 0x02, 0x00, 0x00, 0x00, 0x70, 0x50, 0xf2, 0x03,
    0x00, 0xda, 0x0f, 0x00, 0x47, 0x99, 0x14, 0x00, 0x00, 0x00, 0x00, 0x00,
    0x00, 0x00, 0x80, 0x03, 0x00, 0xea, 0x0f, 0x00, 0x0c, 0x78, 0x00, 0x18,
    0x03, 0x00, 0x00, 0x00, 0x70, 0x50, 0xf2, 0x03, 0x00, 0xe2, 0x0f, 0x00,
    0x31, 0x74, 0x4a, 0xff, 0x00, 0x00, 0x00, 0x00, 0xff, 0x01, 0x00, 0x00,
    0x00, 0xd8, 0x0f, 0x00, 0x47, 0x19, 0x90, 0x00, 0x10, 0x00, 0x00, 0x00,
    0x00, 0x00, 0x80, 0x03, 0x00, 0xea, 0x0f, 0x00, 0x21, 0x72, 0x4a, 0x4b,
    0x00, 0x00, 0x00, 0x80, 0x00, 0x00, 0x00, 0x00, 0x00, 0xe2, 0x0f, 0x00,
    0x47, 0x79, 0x88, 0x00, 0x10, 0x00, 0x00, 0x00, 0x00, 0x00, 0x80, 0x03,
    0x00, 0xec, 0x0f, 0x00, 0x21, 0x72, 0x4a, 0x4b, 0x00, 0x00, 0x00, 0x00,
    0x00, 0x00, 0x00, 0x00, 0x00, 0xe2, 0x0f, 0x00, 0x47, 0x79, 0x80, 0x00,
    0x10, 0x00, 0x00, 0x00, 0x00, 0x00, 0x80, 0x03, 0x00, 0xec, 0x0f, 0x00,
    0x0c, 0x78, 0x00, 0x18, 0x05, 0x00, 0x00, 0x00, 0x70, 0x42, 0xf2, 0x03,
    0x00, 0xda, 0x0f, 0x00, 0x47, 0x19, 0x90, 0x00, 0x00, 0x00, 0x00, 0x00,
    0x00, 0x00, 0x80, 0x03, 0x00, 0xea, 0x0f, 0x00, 0x0c, 0x78, 0x00, 0x18,
    0x04, 0x00, 0x00, 0x00, 0x70, 0x50, 0xf2, 0x03, 0x00, 0xda, 0x0f, 0x00,
    0x47, 0x99, 0x80, 0x00, 0x00, 0x00, 0x00, 0x00, 0x00, 0x00, 0x80, 0x03,
    0x00, 0xea, 0x0f, 0x00, 0x0c, 0x78, 0x00, 0x18, 0x05, 0x00, 0x00, 0x00,
    0x70, 0x50, 0xf2, 0x03, 0x00, 0xe2, 0x0f, 0x00, 0x02, 0x72, 0x4a, 0x00,
    0xff, 0x00, 0x00, 0x00, 0x00, 0x0f, 0x00, 0x00, 0x00, 0xd8, 0x0f, 0x00,
    0x47, 0x19, 0x64, 0x00, 0x10, 0x00, 0x00, 0x00, 0x00, 0x00, 0x80, 0x03,
    0x00, 0xea, 0x0f, 0x00, 0x0b, 0x78, 0x00, 0x00, 0x08, 0xe5, 0x3c, 0x1e,
    0x00, 0xe2, 0xf2, 0x03, 0x00, 0xda, 0x0f, 0x00, 0x0b, 0x92, 0x00, 0x00,
    0xff, 0x00, 0x00, 0x00, 0x00, 0xe0, 0xf4, 0x03, 0x00, 0xe2, 0x0f, 0x00,
    0x02, 0x98, 0x4a, 0x00, 0xca, 0xf2, 0x49, 0x71, 0x00, 0x0f, 0x00, 0x00,
    0x00, 0xca, 0x0f, 0x00, 0x08, 0x98, 0x4a, 0x4a, 0xca, 0xf2, 0x49, 0x71,
    0x00, 0x01, 0x00, 0x05, 0x00, 0xca, 0x0f, 0x00, 0x20, 0x92, 0x4a, 0x4b,
    0x4a, 0x00, 0x00, 0x00, 0x00, 0x00, 0x40, 0x00, 0x00, 0xe2, 0x0f, 0x00,
    0x47, 0x99, 0x4c, 0x00, 0x10, 0x00, 0x00, 0x00, 0x00, 0x00, 0x80, 0x03,
    0x00, 0xec, 0x0f, 0x00, 0x08, 0x73, 0x03, 0x00, 0x00, 0x00, 0x00, 0x00,
    0x00, 0x10, 0x00, 0x00, 0x00, 0xe2, 0x0e, 0x00, 0x82, 0x78, 0x04, 0x00,
    0x00, 0x00, 0x80, 0x3f, 0x00, 0x00, 0x00, 0x00, 0x00, 0xe2, 0x0f, 0x00,
    0x45, 0x79, 0x0a, 0x00, 0x20, 0x01, 0x00, 0x00, 0x00, 0x02, 0x80, 0x03,
    0x00, 0xe2, 0x0f, 0x00, 0x02, 0x7c, 0x4d, 0x00, 0x04, 0x00, 0x00, 0x00,
    0x00, 0x0f, 0x00, 0x08, 0x00, 0xc8, 0x0f, 0x00, 0x02, 0x73, 0x00, 0x4d,
    0x00, 0x00, 0x00, 0x00, 0x00, 0x00, 0x02, 0x00, 0x00, 0x22, 0x0f, 0x00,
    0x55, 0x73, 0x4a, 0x0a, 0x00, 0x00, 0x00, 0x00, 0x00, 0x00, 0x10, 0x00,
    0x00, 0x2a, 0x0e, 0x00, 0x23, 0x74, 0x44, 0x00, 0x00, 0x00, 0x80, 0x3f,
    0x03, 0x01, 0x00, 0x00, 0x00, 0xc8, 0x8f, 0x02, 0x23, 0x72, 0x03, 0x03,
    0x44, 0x00, 0x00, 0x00, 0x03, 0x00, 0x00, 0x00, 0x00, 0xc8, 0x0f, 0x00,
    0x23, 0x78, 0x44, 0x03, 0x00, 0x00, 0x80, 0x3f, 0xff, 0x00, 0x00, 0x00,
    0x00, 0xc8, 0x0f, 0x00, 0x23, 0x74, 0x45, 0x00, 0x00, 0x00, 0x80, 0x3f,
    0x44, 0x01, 0x00, 0x00, 0x00, 0xc8, 0x4f, 0x00, 0x23, 0x72, 0x44, 0x03,
    0x45, 0x00, 0x00, 0x00, 0x44, 0x00, 0x00, 0x00, 0x00, 0xe2, 0x0f, 0x00,
    0x47, 0x99, 0x18, 0x00, 0x00, 0x00, 0x00, 0x00, 0x00, 0x00, 0x80, 0x03,
    0x00, 0xec, 0x0f, 0x01, 0x31, 0x74, 0x03, 0xff, 0x00, 0x00, 0x80, 0x3f,
    0xff, 0x01, 0x00, 0x00, 0x00, 0xe2, 0x0f, 0x00, 0x55, 0x73, 0xff, 0x0a,
    0x00, 0x00, 0x00, 0x00, 0x00, 0x00, 0x10, 0x00, 0x00, 0xea, 0x0f, 0x00,
    0x55, 0x73, 0xff, 0x0b, 0x00, 0x00, 0x00, 0x00, 0x00, 0x00, 0x10, 0x00,
    0x00, 0xea, 0x0f, 0x00, 0x02, 0x78, 0x44, 0x00, 0x30, 0x90, 0x00, 0x00,
    0x00, 0x0f, 0x00, 0x00, 0x00, 0xce, 0x0f, 0x00, 0x44, 0x79, 0xe4, 0x00,
    0x68, 0x00, 0x00, 0x00, 0x00, 0x00, 0xc0, 0x03, 0x00, 0xea, 0x3f, 0x00,
    0x02, 0x72, 0x44, 0x00, 0x00, 0x00, 0x00, 0x00, 0x00, 0x0f, 0x00, 0x00,
    0x00, 0xce, 0x0f, 0x00, 0x56, 0x73, 0x00, 0x0a, 0x4a, 0x00, 0x00, 0x00,
    0x00, 0x00, 0x00, 0x00, 0x00, 0xea, 0x11, 0x00, 0x18, 0x79, 0x00, 0x00,
    0x00, 0x00, 0x00, 0x00, 0x00, 0x00, 0x00, 0x00, 0x00, 0xe2, 0x0f, 0x00,
    0x41, 0x79, 0x0a, 0x00, 0x00, 0x00, 0x00, 0x00, 0x00, 0x02, 0x80, 0x03,
    0x00, 0xea, 0x0f, 0x00, 0x20, 0x72, 0x4a, 0x4b, 0x44, 0x00, 0x00, 0x00,
    0x00, 0x00, 0x40, 0x00, 0x00, 0xe2, 0x1f, 0x00, 0x47, 0x79, 0xf0, 0x00,
    0x0c, 0x00, 0x00, 0x00, 0x00, 0x00, 0x80, 0x03, 0x00, 0xec, 0x0f, 0x00,
    0x20, 0x72, 0x4a, 0x4b, 0x00, 0x00, 0x00, 0x00, 0x00, 0x00, 0x40, 0x00,
    0x00, 0xe2, 0x0f, 0x00, 0x47, 0x79, 0xe8, 0x00, 0x0c, 0x00, 0x00, 0x00,
    0x00, 0x00, 0x80, 0x03, 0x00, 0xec, 0x0f, 0x00, 0x0c, 0x78, 0x00, 0x18,
    0x06, 0x00, 0x00, 0x00, 0x70, 0x50, 0xf2, 0x03, 0x00, 0xda, 0x0f, 0x00,
    0x47, 0x99, 0x18, 0x00, 0x00, 0x00, 0x00, 0x00, 0x00, 0x00, 0x80, 0x03,
    0x00, 0xea, 0x0f, 0x00, 0x0c, 0x78, 0x00, 0x18, 0x0a, 0x00, 0x00, 0x00,
    0x70, 0x50, 0xf2, 0x03, 0x00, 0xe2, 0x0f, 0x00, 0x31, 0x74, 0x4a, 0xff,
    0x00, 0x00, 0x00, 0x00, 0xff, 0x01, 0x00, 0x00, 0x00, 0xd8, 0x0f, 0x00,
    0x47, 0x19, 0xd4, 0x00, 0x0c, 0x00, 0x00, 0x00, 0x00, 0x00, 0x80, 0x03,
    0x00, 0xea, 0x0f, 0x00, 0x0b, 0x72, 0x00, 0x4b, 0x00, 0x00, 0x00, 0x00,
    0x00, 0xe0, 0xf2, 0x03, 0x00, 0xca, 0x0f, 0x00, 0x08, 0x72, 0x4a, 0x4b,
    0x00, 0x00, 0x00, 0x00, 0x00, 0x00, 0x80, 0x04, 0x00, 0xe2, 0x0f, 0x00,
    0x47, 0x79, 0xc8, 0x00, 0x0c, 0x00, 0x00, 0x00, 0x00, 0x00, 0x80, 0x03,
    0x00, 0xee, 0x0f, 0x00, 0x23, 0x72, 0x4a, 0x4b, 0x00, 0x00, 0x00, 0x00,
    0x44, 0x00, 0x00, 0x00, 0x00, 0xe2, 0x0f, 0x02, 0x47, 0x79, 0xc0, 0x00,
    0x0c, 0x00, 0x00, 0x00, 0x00, 0x00, 0x80, 0x03, 0x00, 0xec, 0x0f, 0x00,
    0x0c, 0x78, 0x00, 0x18, 0x0f, 0x00, 0x00, 0x00, 0x70, 0x42, 0xf2, 0x03,
    0x00, 0xda, 0x0f, 0x00, 0x47, 0x19, 0xa8, 0x00, 0x04, 0x00, 0x00, 0x00,
    0x00, 0x00, 0x80, 0x03, 0x00, 0xea, 0x0f, 0x00, 0x0c, 0x78, 0x00, 0x18,
    0x0d, 0x00, 0x00, 0x00, 0x70, 0x42, 0xf2, 0x03, 0x00, 0xda, 0x0f, 0x00,
    0x47, 0x19, 0x90, 0x00, 0x00, 0x00, 0x00, 0x00, 0x00, 0x00, 0x80, 0x03,
    0x00, 0xea, 0x0f, 0x00, 0x0c, 0x78, 0x00, 0x18, 0x0b, 0x00, 0x00, 0x00,
    0x70, 0x50, 0xf2, 0x03, 0x00, 0xda, 0x0f, 0x00, 0x47, 0x99, 0x7c, 0x00,
    0x00, 0x00, 0x00, 0x00, 0x00, 0x00, 0x80, 0x03, 0x00, 0xea, 0x0f, 0x00,
    0x0c, 0x78, 0x00, 0x18, 0x0d, 0x00, 0x00, 0x00, 0x70, 0x50, 0xf2, 0x03,
    0x00, 0xe2, 0x0f, 0x00, 0x02, 0x72, 0x4a, 0x00, 0xff, 0x00, 0x00, 0x00,
    0x00, 0x0f, 0x00, 0x00, 0x00, 0xd8, 0x0f, 0x00, 0x47, 0x19, 0x9c, 0x00,
    0x0c, 0x00, 0x00, 0x00, 0x00, 0x00, 0x80, 0x03, 0x00, 0xea, 0x0f, 0x00,
    0x0b, 0x78, 0x00, 0x4b, 0x08, 0xe5, 0x3c, 0x1e, 0x00, 0xe2, 0xf2, 0x03,
    0x00, 0xda, 0x0f, 0x00, 0x0b, 0x92, 0x00, 0x4b, 0xff, 0x00, 0x00, 0x00,
    0x00, 0xe0, 0xf4, 0x03, 0x00, 0xe2, 0x0f, 0x00, 0x02, 0x98, 0x4a, 0x00,
    0xca, 0xf2, 0x49, 0x71, 0x00, 0x0f, 0x00, 0x00, 0x00, 0xca, 0x0f, 0x00,
    0x08, 0x98, 0x4a, 0x4a, 0xca, 0xf2, 0x49, 0x71, 0x00, 0x01, 0x00, 0x05,
    0x00, 0xe2, 0x0f, 0x00, 0x47, 0x99, 0x88, 0x00, 0x0c, 0x00, 0x00, 0x00,
    0x00, 0x00, 0x80, 0x03, 0x00, 0xec, 0x0f, 0x00, 0x08, 0x73, 0x00, 0x00,
    0x4b, 0x00, 0x00, 0x00, 0x00, 0x10, 0x00, 0x00, 0x00, 0xa2, 0x0e, 0x00,
    0x82, 0x78, 0x04, 0x00, 0x00, 0x00, 0x80, 0x3f, 0x00, 0x00, 0x00, 0x00,
    0x00, 0xe2, 0x0f, 0x00, 0x45, 0x79, 0x0a, 0x00, 0x20, 0x01, 0x00, 0x00,
    0x00, 0x02, 0x80, 0x03, 0x00, 0xe2, 0x0f, 0x00, 0x02, 0x7c, 0x4a, 0x00,
    0x04, 0x00, 0x00, 0x00, 0x00, 0x0f, 0x00, 0x08, 0x00, 0xc8, 0x0f, 0x00,
    0x02, 0x73, 0x00, 0x4a, 0x4b, 0x00, 0x00, 0x00, 0x00, 0x00, 0x02, 0x00,
    0x00, 0x22, 0x07, 0x00, 0x23, 0x74, 0x03, 0x4b, 0x00, 0x00, 0x80, 0x3f,
    0x00, 0x01, 0x00, 0x00, 0x00, 0xe2, 0x4f, 0x00, 0x55, 0x73, 0x4a, 0x0a,
    0x00, 0x00, 0x00, 0x00, 0x00, 0x00, 0x10, 0x00, 0x00, 0xaa, 0x8e, 0x00,
    0x23, 0x72, 0x00, 0x00, 0x03, 0x00, 0x00, 0x00, 0x00, 0x00, 0x00, 0x00,
    0x00, 0xc8, 0x0f, 0x00, 0x23, 0x78, 0x03, 0x00, 0x00, 0x00, 0x80, 0x3f,
    0xff, 0x00, 0x00, 0x00, 0x00, 0xc8, 0x0f, 0x00, 0x23, 0x74, 0x44, 0x4b,
    0x00, 0x00, 0x80, 0x3f, 0x03, 0x01, 0x00, 0x00, 0x00, 0xc8, 0x0f, 0x00,
    0x23, 0x72, 0x00, 0x00, 0x44, 0x00, 0x00, 0x00, 0x03, 0x00, 0x00, 0x00,
    0x00, 0xe2, 0x0f, 0x00, 0x47, 0x99, 0x18, 0x00, 0x00, 0x00, 0x00, 0x00,
    0x00, 0x00, 0x80, 0x03, 0x00, 0xec, 0x0f, 0x01, 0x31, 0x74, 0x03, 0xff,
    0x00, 0x00, 0x80, 0x3f, 0xff, 0x01, 0x00, 0x00, 0x00, 0xe2, 0x0f, 0x00,
    0x55, 0x73, 0xff, 0x0a, 0x00, 0x00, 0x00, 0x00, 0x00, 0x00, 0x10, 0x00,
    0x00, 0xea, 0x0f, 0x00, 0x55, 0x73, 0xff, 0x0b, 0x00, 0x00, 0x00, 0x00,
    0x00, 0x00, 0x10, 0x00, 0x00, 0xea, 0x0f, 0x00, 0x02, 0x72, 0x00, 0x00,
    0x4b, 0x00, 0x00, 0x00, 0x00, 0x0f, 0x00, 0x00, 0x00, 0xe2, 0x0f, 0x00,
    0x02, 0x78, 0x44, 0x00, 0x50, 0x93, 0x00, 0x00, 0x00, 0x0f, 0x00, 0x00,
    0x00, 0xce, 0x0f, 0x00, 0x44, 0x79, 0x1c, 0x00, 0x68, 0x00, 0x00, 0x00,
    0x00, 0x00, 0xc0, 0x03, 0x00, 0xea, 0x7f, 0x02, 0x56, 0x73, 0x00, 0x0a,
    0x4a, 0x00, 0x00, 0x00, 0x00, 0x00, 0x00, 0x00, 0x00, 0xea, 0x45, 0x00,
    0x18, 0x79, 0x00, 0x00, 0x00, 0x00, 0x00, 0x00, 0x00, 0x00, 0x00, 0x00,
    0x00, 0xe2, 0x0f, 0x00, 0x41, 0x79, 0x0a, 0x00, 0x00, 0x00, 0x00, 0x00,
    0x00, 0x02, 0x80, 0x03, 0x00, 0xea, 0x0f, 0x00, 0x02, 0x72, 0x4a, 0x00,
    0x00, 0x00, 0x00, 0x00, 0x00, 0x0f, 0x00, 0x00, 0x00, 0xe2, 0x4f, 0x00,
    0x47, 0x79, 0x2c, 0x00, 0x0c, 0x00, 0x00, 0x00, 0x00, 0x00, 0x80, 0x03,
    0x00, 0xec, 0x0f, 0x00, 0x0b, 0x72, 0x00, 0x4b, 0x00, 0x00, 0x00, 0x00,
    0x00, 0x40, 0xf2, 0x03, 0x00, 0xca, 0x0f, 0x00, 0x08, 0x72, 0x4a, 0x4b,
    0x00, 0x00, 0x00, 0x00, 0x00, 0x00, 0x80, 0x00, 0x00, 0xe2, 0x0f, 0x00,
    0x47, 0x79, 0x20, 0x00, 0x0c, 0x00, 0x00, 0x00, 0x00, 0x00, 0x80, 0x03,
    0x00, 0xee, 0x0f, 0x00, 0x0c, 0x78, 0x00, 0x18, 0x0e, 0x00, 0x00, 0x00,
    0x70, 0x50, 0xf2, 0x03, 0x00, 0xda, 0x0f, 0x00, 0x47, 0x99, 0x60, 0x00,
    0x00, 0x00, 0x00, 0x00, 0x00, 0x00, 0x80, 0x03, 0x00, 0xea, 0x0f, 0x00,
    0x0c, 0x78, 0x00, 0x18, 0x0f, 0x00, 0x00, 0x00, 0x70, 0x50, 0xf2, 0x03,
    0x00, 0xe2, 0x0f, 0x00, 0x31, 0x74, 0x4a, 0xff, 0x00, 0x00, 0x00, 0x00,
    0xff, 0x01, 0x00, 0x00, 0x00, 0xd8, 0x0f, 0x00, 0x47, 0x19, 0x0c, 0x00,
    0x0c, 0x00, 0x00, 0x00, 0x00, 0x00, 0x80, 0x03, 0x00, 0xea, 0x0f, 0x00,
    0x0b, 0x72, 0x00, 0x4b, 0xff, 0x00, 0x00, 0x00, 0x00, 0x40, 0xf2, 0x03,
    0x00, 0xe2, 0x0f, 0x00, 0x02, 0x72, 0x4a, 0x00, 0xff, 0x00, 0x00, 0x00,
    0x00, 0x0f, 0x00, 0x00, 0x00, 0xd8, 0x0f, 0x00, 0x47, 0x99, 0x00, 0x00,
    0x0c, 0x00, 0x00, 0x00, 0x00, 0x00, 0x80, 0x03, 0x00, 0xea, 0x0f, 0x00,
    0x35, 0x78, 0x03, 0x4b, 0x00, 0x00, 0x00, 0xf3, 0x00, 0x00, 0x8e, 0x07,
    0x00, 0xe2, 0x0f, 0x00, 0x08, 0x73, 0x00, 0x00, 0x4b, 0x00, 0x00, 0x00,
    0x00, 0x14, 0x00, 0x00, 0x00, 0xe2, 0x04, 0x00, 0x45, 0x79, 0x0a, 0x00,
    0xe0, 0x00, 0x00, 0x00, 0x00, 0x02, 0x80, 0x03, 0x00, 0xe6, 0x0f, 0x00,
    0x0c, 0x78, 0x00, 0x03, 0xff, 0xff, 0x7f, 0x72, 0x70, 0x40, 0xf2, 0x03,
    0x00, 0xda, 0x0f, 0x00, 0x47, 0x99, 0x18, 0x00, 0x00, 0x00, 0x00, 0x00,
    0x00, 0x00, 0x80, 0x03, 0x00, 0xea, 0x0f, 0x00, 0x55, 0x73, 0xff, 0x0b,
    0x00, 0x00, 0x00, 0x00, 0x00, 0x00, 0x10, 0x00, 0x00, 0xea, 0x0f, 0x00,
    0x02, 0x72, 0x00, 0x00, 0x4b, 0x00, 0x00, 0x00, 0x00, 0x0f, 0x00, 0x00,
    0x00, 0xe2, 0x8f, 0x00, 0x02, 0x78, 0x50, 0x00, 0xe0, 0x94, 0x00, 0x00,
    0x00, 0x0f, 0x00, 0x00, 0x00, 0xce, 0x1f, 0x00, 0x44, 0x79, 0x60, 0x00,
    0x64, 0x00, 0x00, 0x00, 0x00, 0x00, 0xc0, 0x03, 0x00, 0xea, 0x6f, 0x02,
    0x02, 0x72, 0x4a, 0x00, 0x03, 0x00, 0x00, 0x00, 0x00, 0x0f, 0x00, 0x00,
    0x00, 0xe2, 0x0f, 0x00, 0x47, 0x79, 0x10, 0x00, 0x00, 0x00, 0x00, 0x00,
    0x00, 0x00, 0x80, 0x03, 0x00, 0xec, 0x0f, 0x00, 0x20, 0x72, 0x4a, 0x4b,
    0x00, 0x00, 0x00, 0x00, 0x00, 0x00, 0x41, 0x00, 0x00, 0xe2, 0x8f, 0x00,
    0x20, 0x78, 0x00, 0x00, 0x00, 0x00, 0x00, 0x3f, 0x00, 0x00, 0x41, 0x00,
    0x00, 0xc6, 0x0f, 0x00, 0x23, 0x72, 0x4b, 0x4a, 0x4a, 0x00, 0x00, 0x00,
    0x4b, 0x01, 0x00, 0x00, 0x00, 0xc8, 0x4f, 0x00, 0x23, 0x72, 0x4a, 0x4b,
    0x00, 0x00, 0x00, 0x00, 0x4a, 0x00, 0x00, 0x00, 0x00, 0xce, 0x0f, 0x00,
    0x18, 0x79, 0x00, 0x00, 0x00, 0x00, 0x00, 0x00, 0x00, 0x00, 0x00, 0x00,
    0x00, 0xe2, 0x0f, 0x00, 0x41, 0x79, 0x0a, 0x00, 0x00, 0x00, 0x00, 0x00,
    0x00, 0x02, 0x80, 0x03, 0x00, 0xea, 0x0f, 0x00, 0x47, 0x79, 0xb8, 0x00,
    0x08, 0x00, 0x00, 0x00, 0x00, 0x00, 0x80, 0x03, 0x00, 0xea, 0x0f, 0x00,
    0x0b, 0x72, 0x00, 0x4b, 0xff, 0x00, 0x00, 0x00, 0x00, 0x40, 0xf2, 0x03,
    0x00, 0xe2, 0x0f, 0x00, 0x31, 0x74, 0x4a, 0xff, 0xca, 0xf2, 0x49, 0x71,
    0xff, 0x01, 0x00, 0x00, 0x00, 0xd8, 0x0f, 0x00, 0x47, 0x99, 0xac, 0x00,
    0x08, 0x00, 0x00, 0x00, 0x00, 0x00, 0x80, 0x03, 0x00, 0xea, 0x0f, 0x00,
    0x35, 0x78, 0x00, 0x4b, 0x00, 0x00, 0x00, 0xf3, 0x00, 0x00, 0x8e, 0x07,
    0x00, 0xe2, 0x0f, 0x00, 0x08, 0x73, 0x44, 0x00, 0x4b, 0x00, 0x00, 0x00,
    0x00, 0x14, 0x00, 0x00, 0x00, 0xe2, 0x04, 0x00, 0x45, 0x79, 0x0a, 0x00,
    0xd0, 0x00, 0x00, 0x00, 0x00, 0x02, 0x80, 0x03, 0x00, 0xe6, 0x0f, 0x00,
    0x0c, 0x78, 0x00, 0x00, 0xff, 0xff, 0x7f, 0x72, 0x70, 0x40, 0xf2, 0x03,
    0x00, 0xda, 0x0f, 0x00, 0x47, 0x99, 0x14, 0x00, 0x00, 0x00, 0x00, 0x00,
    0x00, 0x00, 0x80, 0x03, 0x00, 0xea, 0x0f, 0x00, 0x55, 0x73, 0xff, 0x0b,
    0x00, 0x00, 0x00, 0x00, 0x00, 0x00, 0x10, 0x00, 0x00, 0xea, 0x0f, 0x00,
    0x02, 0x72, 0x00, 0x00, 0x4b, 0x00, 0x00, 0x00, 0x00, 0x0f, 0x00, 0x00,
    0x00, 0xe2, 0x0f, 0x00, 0x02, 0x78, 0x50, 0x00, 0x30, 0x96, 0x00, 0x00,
    0x00, 0x0f, 0x00, 0x00, 0x00, 0xce, 0x1f, 0x00, 0x44, 0x79, 0x0c, 0x00,
    0x64, 0x00, 0x00, 0x00, 0x00, 0x00, 0xc0, 0x03, 0x00, 0xea, 0xef, 0x02,
    0x47, 0x79, 0x10, 0x00, 0x00, 0x00, 0x00, 0x00, 0x00, 0x00, 0x80, 0x03,
    0x00, 0xea, 0x0f, 0x00, 0x20, 0x72, 0x00, 0x4b, 0x44, 0x00, 0x00, 0x00,
    0x00, 0x00, 0x41, 0x00, 0x00, 0xe2, 0x8f, 0x00, 0x20, 0x78, 0x44, 0x44,
    0x00, 0x00, 0x00, 0x3f, 0x00, 0x00, 0x41, 0x00, 0x00, 0xc6, 0x0f, 0x00,
    0x23, 0x72, 0x03, 0x00, 0x00, 0x00, 0x00, 0x00, 0x4b, 0x01, 0x00, 0x00,
    0x00, 0xc8, 0x0f, 0x00, 0x23, 0x72, 0x03, 0x03, 0x44, 0x00, 0x00, 0x00,
    0x00, 0x00, 0x00, 0x00, 0x00, 0xce, 0x0f, 0x00, 0x18, 0x79, 0x00, 0x00,
    0x00, 0x00, 0x00, 0x00, 0x00, 0x00, 0x00, 0x00, 0x00, 0xe2, 0x0f, 0x00,
    0x41, 0x79, 0x0a, 0x00, 0x00, 0x00, 0x00, 0x00, 0x00, 0x02, 0x80, 0x03,
    0x00, 0xea, 0x0f, 0x00, 0x08, 0x73, 0x00, 0x00, 0x03, 0x00, 0x00, 0x00,
    0x00, 0x10, 0x00, 0x00, 0x00, 0xe2, 0x0e, 0x00, 0x82, 0x78, 0x04, 0x00,
    0x00, 0x00, 0x80, 0x3f, 0x00, 0x00, 0x00, 0x00, 0x00, 0xe2, 0x0f, 0x00,
    0x45, 0x79, 0x0a, 0x00, 0x20, 0x01, 0x00, 0x00, 0x00, 0x02, 0x80, 0x03,
    0x00, 0xe2, 0x0f, 0x00, 0x02, 0x7c, 0x4a, 0x00, 0x04, 0x00, 0x00, 0x00,
    0x00, 0x0f, 0x00, 0x08, 0x00, 0xc8, 0x0f, 0x00, 0x02, 0x73, 0x00, 0x4a,
    0x03, 0x00, 0x00, 0x00, 0x00, 0x00, 0x02, 0x00, 0x00, 0x22, 0x08, 0x00,
    0x23, 0x74, 0x45, 0x00, 0x00, 0x00, 0x80, 0x3f, 0x03, 0x08, 0x00, 0x00,
    0x00, 0xe2, 0x8f, 0x04, 0x55, 0x73, 0x4a, 0x0a, 0x00, 0x00, 0x00, 0x00,
    0x00, 0x00, 0x10, 0x00, 0x00, 0xea, 0x0e, 0x01, 0x23, 0x72, 0x00, 0x00,
    0x45, 0x00, 0x00, 0x00, 0x00, 0x00, 0x00, 0x00, 0x00, 0xc8, 0x0f, 0x00,
    0x23, 0x78, 0x44, 0x00, 0x00, 0x00, 0x80, 0x3f, 0xff, 0x00, 0x00, 0x00,
    0x00, 0xc8, 0x0f, 0x00, 0x23, 0x74, 0x45, 0x44, 0x00, 0x00, 0x80, 0x3f,
    0x03, 0x08, 0x00, 0x00, 0x00, 0xc8, 0x0f, 0x00, 0x23, 0x72, 0x00, 0x00,
    0x45, 0x00, 0x00, 0x00, 0x44, 0x00, 0x00, 0x00, 0x00, 0xe2, 0x0f, 0x00,
    0x47, 0x99, 0x18, 0x00, 0x00, 0x00, 0x00, 0x00, 0x00, 0x00, 0x80, 0x03,
    0x00, 0xec, 0x1f, 0x00, 0x02, 0x72, 0x00, 0x00, 0x03, 0x00, 0x00, 0x00,
    0x00, 0x0f, 0x00, 0x00, 0x00, 0xe2, 0x0f, 0x00, 0x31, 0x74, 0x03, 0xff,
    0x00, 0x00, 0x80, 0x3f, 0xff, 0x01, 0x00, 0x00, 0x00, 0xe2, 0x0f, 0x00,
    0x55, 0x73, 0xff, 0x0a, 0x00, 0x00, 0x00, 0x00, 0x00, 0x00, 0x10, 0x00,
    0x00, 0xea, 0x0f, 0x00, 0x55, 0x73, 0xff, 0x0b, 0x00, 0x00, 0x00, 0x00,
    0x00, 0x00, 0x10, 0x00, 0x00, 0xea, 0x0f, 0x00, 0x02, 0x78, 0x44, 0x00,
    0xc0, 0x97, 0x00, 0x00, 0x00, 0x0f, 0x00, 0x00, 0x00, 0xce, 0x0f, 0x00,
    0x44, 0x79, 0x00, 0x00, 0x64, 0x00, 0x00, 0x00, 0x00, 0x00, 0xc0, 0x03,
    0x00, 0xea, 0xef, 0x02, 0x56, 0x73, 0x00, 0x0a, 0x4a, 0x00, 0x00, 0x00,
    0x00, 0x00, 0x00, 0x00, 0x00, 0xea, 0x81, 0x00, 0x18, 0x79, 0x00, 0x00,
    0x00, 0x00, 0x00, 0x00, 0x00, 0x00, 0x00, 0x00, 0x00, 0xe2, 0x0f, 0x00,
    0x41, 0x79, 0x0a, 0x00, 0x00, 0x00, 0x00, 0x00, 0x00, 0x02, 0x80, 0x03,
    0x00, 0xea, 0x0f, 0x00, 0x02, 0x72, 0x4a, 0x00, 0x00, 0x00, 0x00, 0x00,
    0x00, 0x0f, 0x00, 0x00, 0x00, 0xe2, 0x1f, 0x00, 0x47, 0x79, 0x10, 0x00,
    0x08, 0x00, 0x00, 0x00, 0x00, 0x00, 0x80, 0x03, 0x00, 0xec, 0x0f, 0x00,
    0x0c, 0x78, 0x00, 0x18, 0x11, 0x00, 0x00, 0x00, 0x70, 0x42, 0xf2, 0x03,
    0x00, 0xda, 0x0f, 0x00, 0x47, 0x19, 0x24, 0x00, 0x00, 0x00, 0x00, 0x00,
    0x00, 0x00, 0x80, 0x03, 0x00, 0xea, 0x0f, 0x00, 0x0c, 0x78, 0x00, 0x18,
    0x10, 0x00, 0x00, 0x00, 0x70, 0x50, 0xf2, 0x03, 0x00, 0xda, 0x0f, 0x00,
    0x47, 0x99, 0x14, 0x00, 0x00, 0x00, 0x00, 0x00, 0x00, 0x00, 0x80, 0x03,
    0x00, 0xea, 0x0f, 0x00, 0x0c, 0x78, 0x00, 0x18, 0x11, 0x00, 0x00, 0x00,
    0x70, 0x50, 0xf2, 0x03, 0x00, 0xe2, 0x0f, 0x00, 0x31, 0x74, 0x4a, 0xff,
    0x00, 0x00, 0x00, 0x00, 0xff, 0x01, 0x00, 0x00, 0x00, 0xd8, 0x0f, 0x00,
    0x47, 0x19, 0xf4, 0x00, 0x04, 0x00, 0x00, 0x00, 0x00, 0x00, 0x80, 0x03,
    0x00, 0xea, 0x0f, 0x00, 0x21, 0x72, 0x4a, 0x4b, 0xff, 0x00, 0x00, 0x80,
    0x00, 0x01, 0x00, 0x00, 0x00, 0xe2, 0x0f, 0x00, 0x47, 0x79, 0xec, 0x00,
    0x04, 0x00, 0x00, 0x00, 0x00, 0x00, 0x80, 0x03, 0x00, 0xec, 0x0f, 0x00,
    0x21, 0x72, 0x4a, 0x4b, 0xff, 0x00, 0x00, 0x80, 0x00, 0x02, 0x00, 0x00,
    0x00, 0xe2, 0x0f, 0x00, 0x47, 0x79, 0xe4, 0x00, 0x04, 0x00, 0x00, 0x00,
    0x00, 0x00, 0x80, 0x03, 0x00, 0xec, 0x0f, 0x00, 0x0c, 0x78, 0x00, 0x18,
    0x12, 0x00, 0x00, 0x00, 0x70, 0x50, 0xf2, 0x03, 0x00, 0xda, 0x0f, 0x00,
    0x47, 0x99, 0x18, 0x00, 0x00, 0x00, 0x00, 0x00, 0x00, 0x00, 0x80, 0x03,
    0x00, 0xea, 0x0f, 0x00, 0x0c, 0x78, 0x00, 0x18, 0x13, 0x00, 0x00, 0x00,
    0x70, 0x50, 0xf2, 0x03, 0x00, 0xe2, 0x0f, 0x00, 0x02, 0x72, 0x4a, 0x00,
    0xff, 0x00, 0x00, 0x00, 0x00, 0x0f, 0x00, 0x00, 0x00, 0xd8, 0x0f, 0x00,
    0x47, 0x19, 0xd0, 0x00, 0x04, 0x00, 0x00, 0x00, 0x00, 0x00, 0x80, 0x03,
    0x00, 0xea, 0x0f, 0x00, 0x07, 0x73, 0x4a, 0x00, 0x4b, 0x00, 0x00, 0x00,
    0x00, 0x50, 0x20, 0x00, 0x00, 0xa4, 0x0e, 0x00, 0x21, 0x72, 0x4a, 0x4b,
    0x4a, 0x00, 0x00, 0x80, 0x00, 0x00, 0x00, 0x00, 0x00, 0xe2, 0x4f, 0x00,
    0x47, 0x79, 0xc4, 0x00, 0x04, 0x00, 0x00, 0x00, 0x00, 0x00, 0x80, 0x03,
    0x00, 0xec, 0x0f, 0x00, 0x07, 0x73, 0x4a, 0x00, 0x4b, 0x00, 0x00, 0x00,
    0x00, 0x50, 0x20, 0x00, 0x00, 0x22, 0x07, 0x00, 0x47, 0x79, 0xbc, 0x00,
    0x04, 0x00, 0x00, 0x00, 0x00, 0x00, 0x80, 0x03, 0x00, 0xea, 0x0f, 0x00,
    0x0c, 0x78, 0x00, 0x18, 0x1a, 0x00, 0x00, 0x00, 0x70, 0x42, 0xf2, 0x03,
    0x00, 0xda, 0x0f, 0x00, 0x47, 0x19, 0x00, 0x00, 0x04, 0x00, 0x00, 0x00,
    0x00, 0x00, 0x80, 0x03, 0x00, 0xea, 0x0f, 0x00, 0x0c, 0x78, 0x00, 0x18,
    0x16, 0x00, 0x00, 0x00, 0x70, 0x42, 0xf2, 0x03, 0x00, 0xda, 0x0f, 0x00,
    0x47, 0x19, 0x4c, 0x00, 0x00, 0x00, 0x00, 0x00, 0x00, 0x00, 0x80, 0x03,
    0x00, 0xea, 0x0f, 0x00, 0x0c, 0x78, 0x00, 0x18, 0x14, 0x00, 0x00, 0x00,
    0x70, 0x50, 0xf2, 0x03, 0x00, 0xda, 0x0f, 0x00, 0x47, 0x99, 0x2c, 0x00,
    0x00, 0x00, 0x00, 0x00, 0x00, 0x00, 0x80, 0x03, 0x00, 0xea, 0x0f, 0x00,
    0x0c, 0x78, 0x00, 0x18, 0x15, 0x00, 0x00, 0x00, 0x70, 0x50, 0xf2, 0x03,
    0x00, 0xda, 0x0f, 0x00, 0x47, 0x99, 0x18, 0x00, 0x00, 0x00, 0x00, 0x00,
    0x00, 0x00, 0x80, 0x03, 0x00, 0xea, 0x0f, 0x00, 0x0c, 0x78, 0x00, 0x18,
    0x16, 0x00, 0x00, 0x00, 0x70, 0x50, 0xf2, 0x03, 0x00, 0xe2, 0x0f, 0x00,
    0x31, 0x74, 0x4a, 0xff, 0x00, 0x00, 0x00, 0x00, 0xff, 0x01, 0x00, 0x00,
    0x00, 0xd8, 0x0f, 0x00, 0x47, 0x19, 0x90, 0x00, 0x04, 0x00, 0x00, 0x00,
    0x00, 0x00, 0x80, 0x03, 0x00, 0xea, 0x0f, 0x00, 0x20, 0x78, 0x4a, 0x4b,
    0x83, 0xf9, 0x22, 0x3e, 0x00, 0xc0, 0x40, 0x00, 0x00, 0xcc, 0x0f, 0x00,
    0x08, 0x73, 0x4a, 0x00, 0x4a, 0x00, 0x00, 0x00, 0x00, 0x00, 0x00, 0x00,
    0x00, 0xa2, 0x0e, 0x00, 0x47, 0x79, 0x84, 0x00, 0x04, 0x00, 0x00, 0x00,
    0x00, 0x00, 0x80, 0x03, 0x00, 0xea, 0x0f, 0x00, 0x20, 0x78, 0x4a, 0x4b,
    0x83, 0xf9, 0x22, 0x3e, 0x00, 0xc0, 0x40, 0x00, 0x00, 0xcc, 0x0f, 0x00,
    0x08, 0x73, 0x4a, 0x00, 0x4a, 0x00, 0x00, 0x00, 0x00, 0x04, 0x00, 0x00,
    0x00, 0xa2, 0x0e, 0x00, 0x47, 0x79, 0x78, 0x00, 0x04, 0x00, 0x00, 0x00,
    0x00, 0x00, 0x80, 0x03, 0x00, 0xea, 0x0f, 0x00, 0x0b, 0x72, 0x00, 0x4b,
    0xff, 0x00, 0x00, 0x00, 0x00, 0x10, 0xf2, 0x03, 0x00, 0xca, 0x0f, 0x00,
    0x07, 0x78, 0x4a, 0xff, 0xff, 0xff, 0xff, 0xff, 0x00, 0x00, 0x80, 0x04,
    0x00, 0xe2, 0x0f, 0x00, 0x0b, 0x72, 0x00, 0x4b, 0xff, 0x00, 0x00, 0x00,
    0x00, 0x40, 0xf2, 0x03, 0x00, 0xc8, 0x0f, 0x00, 0x45, 0x72, 0x4a, 0x00,
    0x4a, 0x00, 0x00, 0x00, 0x00, 0x14, 0x20, 0x00, 0x00, 0xca, 0x0f, 0x00,
    0x08, 0x78, 0x4a, 0x4a, 0x00, 0x00, 0x80, 0x3f, 0x00, 0x00, 0x80, 0x04,
    0x00, 0xe2, 0x0f, 0x00, 0x47, 0x79, 0x60, 0x00, 0x04, 0x00, 0x00, 0x00,
    0x00, 0x00, 0x80, 0x03, 0x00, 0xec, 0x0f, 0x00, 0x0c, 0x78, 0x00, 0x18,
    0x18, 0x00, 0x00, 0x00, 0x70, 0x42, 0xf2, 0x03, 0x00, 0xda, 0x0f, 0x00,
    0x47, 0x19, 0x64, 0x00, 0x00, 0x00, 0x00, 0x00, 0x00, 0x00, 0x80, 0x03,
    0x00, 0xea, 0x0f, 0x00, 0x0c, 0x78, 0x00, 0x18, 0x17, 0x00, 0x00, 0x00,
    0x70, 0x50, 0xf2, 0x03, 0x00, 0xda, 0x0f, 0x00, 0x47, 0x99, 0x24, 0x00,
    0x00, 0x00, 0x00, 0x00, 0x00, 0x00, 0x80, 0x03, 0x00, 0xea, 0x0f, 0x00,
    0x0c, 0x78, 0x00, 0x18, 0x18, 0x00, 0x00, 0x00, 0x70, 0x50, 0xf2, 0x03,
    0x00, 0xe2, 0x0f, 0x00, 0x02, 0x72, 0x4a, 0x00, 0xff, 0x00, 0x00, 0x00,
    0x00, 0x0f, 0x00, 0x00, 0x00, 0xd8, 0x0f, 0x00, 0x47, 0x19, 0x44, 0x00,
    0x04, 0x00, 0x00, 0x00, 0x00, 0x00, 0x80, 0x03, 0x00, 0xea, 0x0f, 0x00,
    0x0b, 0x78, 0x00, 0x4b, 0x00, 0x00, 0xfc, 0xc2, 0x00, 0xe0, 0xf2, 0x03,
    0x00, 0xe2, 0x0f, 0x04, 0x20, 0x78, 0x00, 0x4b, 0x00, 0x00, 0x00, 0x3f,
    0x00, 0x00, 0x40, 0x00, 0x00, 0xca, 0x0f, 0x00, 0x08, 0x72, 0x00, 0x00,
    0x4b, 0x00, 0x00, 0x00, 0x00, 0x00, 0x80, 0x04, 0x00, 0xc8, 0x0f, 0x00,
    0x08, 0x73, 0x4a, 0x00, 0x00, 0x00, 0x00, 0x00, 0x00, 0x08, 0x00, 0x00,
    0x00, 0xa6, 0x0e, 0x00, 0x20, 0x92, 0x4a, 0x4a, 0x4a, 0x00, 0x00, 0x00,
    0x00, 0x00, 0x40, 0x00, 0x00, 0xe2, 0x4f, 0x00, 0x47, 0x79, 0x2c, 0x00,
    0x04, 0x00, 0x00, 0x00, 0x00, 0x00, 0x80, 0x03, 0x00, 0xec, 0x0f, 0x00,
    0x0b, 0x72, 0x00, 0x4b, 0xff, 0x00, 0x00, 0x00, 0x00, 0x40, 0xf2, 0x03,
    0x00, 0xe2, 0x0f, 0x00, 0x31, 0x74, 0x4a, 0xff, 0x00, 0x00, 0x00, 0x00,
    0xff, 0x01, 0x00, 0x00, 0x00, 0xd8, 0x0f, 0x00, 0x47, 0x99, 0x20, 0x00,
    0x04, 0x00, 0x00, 0x00, 0x00, 0x00, 0x80, 0x03, 0x00, 0xea, 0x0f, 0x00,
    0x0b, 0x78, 0x00, 0x4b, 0x00, 0x00, 0x80, 0x00, 0x00, 0xe2, 0xf2, 0x03,
    0x00, 0xe2, 0x0f, 0x04, 0x20, 0x78, 0x44, 0x4b, 0x00, 0x00, 0x80, 0x4b,
    0x00, 0x00, 0x40, 0x00, 0x00, 0xca, 0x0f, 0x00, 0x08, 0x72, 0x44, 0x44,
    0x4b, 0x00, 0x00, 0x00, 0x00, 0x00, 0x80, 0x04, 0x00, 0xc8, 0x0f, 0x00,
    0x08, 0x73, 0x03, 0x00, 0x44, 0x00, 0x00, 0x00, 0x00, 0x0c, 0x00, 0x00,
    0x00, 0xa6, 0x0e, 0x00, 0x21, 0x94, 0x03, 0x03, 0x00, 0x00, 0xc0, 0xc1,
    0x00, 0x00, 0x00, 0x00, 0x00, 0xc8, 0x4f, 0x00, 0x20, 0x72, 0x00, 0x00,
    0x03, 0x00, 0x00, 0x00, 0x00, 0x00, 0x40, 0x00, 0x00, 0xca, 0x0f, 0x00,
    0x0b, 0x78, 0x00, 0x00, 0x00, 0x00, 0xfc, 0xc2, 0x00, 0xe0, 0xf2, 0x03,
    0x00, 0xda, 0x0f, 0x00, 0x20, 0x98, 0x00, 0x00, 0x00, 0x00, 0x00, 0x3f,
    0x00, 0x00, 0x40, 0x00, 0x00, 0xc8, 0x0f, 0x00, 0x08, 0x73, 0x4a, 0x00,
    0x00, 0x00, 0x00, 0x00, 0x00, 0x08, 0x00, 0x00, 0x00, 0xa4, 0x0e, 0x00,
    0x20, 0x92, 0x4a, 0x4a, 0x4a, 0x00, 0x00, 0x00, 0x00, 0x00, 0x40, 0x00,
    0x00, 0xe2, 0x4f, 0x00, 0x47, 0x79, 0xf4, 0x00, 0x00, 0x00, 0x00, 0x00,
    0x00, 0x00, 0x80, 0x03, 0x00, 0xec, 0x0f, 0x00, 0x0c, 0x78, 0x00, 0x18,
    0x19, 0x00, 0x00, 0x00, 0x70, 0x50, 0xf2, 0x03, 0x00, 0xda, 0x0f, 0x00,
    0x47, 0x99, 0x14, 0x00, 0x00, 0x00, 0x00, 0x00, 0x00, 0x00, 0x80, 0x03,
    0x00, 0xea, 0x0f, 0x00, 0x0c, 0x78, 0x00, 0x18, 0x1a, 0x00, 0x00, 0x00,
    0x70, 0x50, 0xf2, 0x03, 0x00, 0xe2, 0x0f, 0x00, 0x02, 0x72, 0x4a, 0x00,
    0xff, 0x00, 0x00, 0x00, 0x00, 0x0f, 0x00, 0x00, 0x00, 0xd8, 0x0f, 0x00,
    0x47, 0x19, 0xe0, 0x00, 0x00, 0x00, 0x00, 0x00, 0x00, 0x00, 0x80, 0x03,
    0x00, 0xea, 0x0f, 0x00, 0x0a, 0x72, 0x4a, 0x4b, 0x00, 0x00, 0x00, 0x00,
    0x00, 0x10, 0x80, 0x03, 0x00, 0xe2, 0x0f, 0x00, 0x47, 0x79, 0xd8, 0x00,
    0x00, 0x00, 0x00, 0x00, 0x00, 0x00, 0x80, 0x03, 0x00, 0xec, 0x0f, 0x00,
    0x0b, 0x72, 0x00, 0x4b, 0xff, 0x00, 0x00, 0x00, 0x00, 0x40, 0xf2, 0x03,
    0x00, 0xe2, 0x0f, 0x00, 0x31, 0x74, 0x4a, 0xff, 0xca, 0xf2, 0x49, 0xf1,
    0xff, 0x01, 0x00, 0x00, 0x00, 0xd8, 0x0f, 0x00, 0x47, 0x99, 0xcc, 0x00,
    0x00, 0x00, 0x00, 0x00, 0x00, 0x00, 0x80, 0x03, 0x00, 0xea, 0x0f, 0x00,
    0x0b, 0x78, 0x00, 0x4b, 0x00, 0x00, 0x80, 0x00, 0x00, 0xe2, 0xf2, 0x03,
    0x00, 0xe2, 0x0f, 0x04, 0x20, 0x78, 0x00, 0x4b, 0x00, 0x00, 0x80, 0x4b,
    0x00, 0x00, 0x40, 0x00, 0x00, 0xca, 0x0f, 0x00, 0x08, 0x72, 0x00, 0x00,
    0x4b, 0x00, 0x00, 0x00, 0x00, 0x00, 0x80, 0x04, 0x00, 0xc8, 0x0f, 0x00,
    0x08, 0x73, 0x4a, 0x00, 0x00, 0x00, 0x00, 0x00, 0x00, 0x0c, 0x00, 0x00,
    0x00, 0xa6, 0x0e, 0x00, 0x21, 0x94, 0x4a, 0x4a, 0x00, 0x00, 0xc0, 0xc1,
    0x00, 0x00, 0x00, 0x00, 0x00, 0xe2, 0x4f, 0x00, 0x47, 0x79, 0xb4, 0x00,
    0x00, 0x00, 0x00, 0x00, 0x00, 0x00, 0x80, 0x03, 0x00, 0xec, 0x0f, 0x00,
    0x0c, 0x78, 0x00, 0x18, 0x1e, 0x00, 0x00, 0x00, 0x70, 0x42, 0xf2, 0x03,
    0x00, 0xda, 0x0f, 0x00, 0x47, 0x19, 0x50, 0x00, 0x00, 0x00, 0x00, 0x00,
    0x00, 0x00, 0x80, 0x03, 0x00, 0xea, 0x0f, 0x00, 0x0c, 0x78, 0x00, 0x18,
    0x1c, 0x00, 0x00, 0x00, 0x70, 0x42, 0xf2, 0x03, 0x00, 0xda, 0x0f, 0x00,
    0x47, 0x19, 0x24, 0x00, 0x00, 0x00, 0x00, 0x00, 0x00, 0x00, 0x80, 0x03,
    0x00, 0xea, 0x0f, 0x00, 0x0c, 0x78, 0x00, 0x18, 0x1b, 0x00, 0x00, 0x00,
    0x70, 0x50, 0xf2, 0x03, 0x00, 0xda, 0x0f, 0x00, 0x47, 0x99, 0x14, 0x00,
    0x00, 0x00, 0x00, 0x00, 0x00, 0x00, 0x80, 0x03, 0x00, 0xea, 0x0f, 0x00,
    0x0c, 0x78, 0x00, 0x18, 0x1c, 0x00, 0x00, 0x00, 0x70, 0x50, 0xf2, 0x03,
    0x00, 0xe2, 0x0f, 0x00, 0x02, 0x72, 0x4a, 0x00, 0xff, 0x00, 0x00, 0x00,
    0x00, 0x0f, 0x00, 0x00, 0x00, 0xd8, 0x0f, 0x00, 0x47, 0x19, 0x90, 0x00,
    0x00, 0x00, 0x00, 0x00, 0x00, 0x00, 0x80, 0x03, 0x00, 0xea, 0x0f, 0x00,
    0x0a, 0x72, 0x4a, 0x4b, 0x00, 0x00, 0x00, 0x00, 0x00, 0x40, 0x80, 0x03,
    0x00, 0xe2, 0x0f, 0x00, 0x47, 0x79, 0x88, 0x00, 0x00, 0x00, 0x00, 0x00,
    0x00, 0x00, 0x80, 0x03, 0x00, 0xec, 0x0f, 0x00, 0x0a, 0x72, 0x4a, 0x4b,
    0x00, 0x00, 0x00, 0x00, 0x00, 0x30, 0x80, 0x03, 0x00, 0xe2, 0x0f, 0x00,
    0x47, 0x79, 0x80, 0x00, 0x00, 0x00, 0x00, 0x00, 0x00, 0x00, 0x80, 0x03,
    0x00, 0xec, 0x0f, 0x00, 0x0c, 0x78, 0x00, 0x18, 0x1d, 0x00, 0x00, 0x00,
    0x70, 0x50, 0xf2, 0x03, 0x00, 0xda, 0x0f, 0x00, 0x47, 0x99, 0x14, 0x00,
    0x00, 0x00, 0x00, 0x00, 0x00, 0x00, 0x80, 0x03, 0x00, 0xea, 0x0f, 0x00,
    0x0c, 0x78, 0x00, 0x18, 0x1e, 0x00, 0x00, 0x00, 0x70, 0x50, 0xf2, 0x03,
    0x00, 0xe2, 0x0f, 0x00, 0x31, 0x74, 0x4a, 0xff, 0x00, 0x00, 0x00, 0x00,
    0xff, 0x01, 0x00, 0x00, 0x00, 0xd8, 0x0f, 0x00, 0x47, 0x19, 0x6c, 0x00,
    0x00, 0x00, 0x00, 0x00, 0x00, 0x00, 0x80, 0x03, 0x00, 0xea, 0x0f, 0x00,
    0x0a, 0x72, 0x4a, 0x4b, 0x00, 0x00, 0x00, 0x00, 0x00, 0x20, 0x80, 0x03,
    0x00, 0xe2, 0x0f, 0x00, 0x47, 0x79, 0x64, 0x00, 0x00, 0x00, 0x00, 0x00,
    0x00, 0x00, 0x80, 0x03, 0x00, 0xec, 0x0f, 0x00, 0x0a, 0x72, 0x4a, 0x4b,
    0x00, 0x00, 0x00, 0x00, 0x00, 0x60, 0x80, 0x03, 0x00, 0xe2, 0x0f, 0x00,
    0x47, 0x79, 0x5c, 0x00, 0x00, 0x00, 0x00, 0x00, 0x00, 0x00, 0x80, 0x03,
    0x00, 0xec, 0x0f, 0x00, 0x0c, 0x78, 0x00, 0x18, 0x20, 0x00, 0x00, 0x00,
    0x70, 0x42, 0xf2, 0x03, 0x00, 0xda, 0x0f, 0x00, 0x47, 0x19, 0x2c, 0x00,
    0x00, 0x00, 0x00, 0x00, 0x00, 0x00, 0x80, 0x03, 0x00, 0xea, 0x0f, 0x00,
    0x0c, 0x78, 0x00, 0x18, 0x1f, 0x00, 0x00, 0x00, 0x70, 0x50, 0xf2, 0x03,
    0x00, 0xda, 0x0f, 0x00, 0x47, 0x99, 0x1c, 0x00, 0x00, 0x00, 0x00, 0x00,
    0x00, 0x00, 0x80, 0x03, 0x00, 0xea, 0x0f, 0x00, 0x0c, 0x78, 0x00, 0x18,
    0x20, 0x00, 0x00, 0x00, 0x70, 0x50, 0xf2, 0x03, 0x00, 0xe2, 0x0f, 0x00,
    0x02, 0x72, 0x4a, 0x00, 0xff, 0x00, 0x00, 0x00, 0x00, 0x0f, 0x00, 0x00,
    0x00, 0xd8, 0x0f, 0x00, 0x47, 0x19, 0x40, 0x00, 0x00, 0x00, 0x00, 0x00,
    0x00, 0x00, 0x80, 0x03, 0x00, 0xea, 0x0f, 0x00, 0x0b, 0x72, 0x00, 0x4b,
    0xff, 0x00, 0x00, 0x00, 0x00, 0xd0, 0xf2, 0x03, 0x00, 0xe2, 0x0f, 0x00,
    0x0a, 0x72, 0x00, 0x00, 0xff, 0x00, 0x00, 0x00, 0x00, 0xd0, 0x80, 0x03,
    0x00, 0xca, 0x0f, 0x00, 0x08, 0x72, 0x4a, 0x00, 0xff, 0x00, 0x00, 0x00,
    0x00, 0x00, 0x80, 0x00, 0x00, 0xe2, 0x0f, 0x00, 0x47, 0x79, 0x30, 0x00,
    0x00, 0x00, 0x00, 0x00, 0x00, 0x00, 0x80, 0x03, 0x00, 0xec, 0x0f, 0x00,
    0x0a, 0x72, 0x4a, 0x4b, 0x00, 0x00, 0x00, 0x00, 0x00, 0xd0, 0x80, 0x03,
    0x00, 0xe2, 0x0f, 0x00, 0x47, 0x79, 0x28, 0x00, 0x00, 0x00, 0x00, 0x00,
    0x00, 0x00, 0x80, 0x03, 0x00, 0xec, 0x0f, 0x00, 0x0c, 0x78, 0x00, 0x18,
    0x21, 0x00, 0x00, 0x00, 0x70, 0x50, 0xf2, 0x03, 0x00, 0xda, 0x0f, 0x00,
    0x47, 0x99, 0x14, 0x00, 0x00, 0x00, 0x00, 0x00, 0x00, 0x00, 0x80, 0x03,
    0x00, 0xea, 0x0f, 0x00, 0x0c, 0x78, 0x00, 0x18, 0x22, 0x00, 0x00, 0x00,
    0x70, 0x50, 0xf2, 0x03, 0x00, 0xe2, 0x0f, 0x00, 0x31, 0x74, 0x4a, 0xff,
    0x00, 0x00, 0x00, 0x00, 0xff, 0x01, 0x00, 0x00, 0x00, 0xd8, 0x0f, 0x00,
    0x47, 0x19, 0x14, 0x00, 0x00, 0x00, 0x00, 0x00, 0x00, 0x00, 0x80, 0x03,
    0x00, 0xea, 0x0f, 0x00, 0x0a, 0x72, 0x4a, 0x4b, 0xff, 0x00, 0x00, 0x00,
    0x00, 0x20, 0x80, 0x03, 0x00, 0xe2, 0x0f, 0x00, 0x47, 0x79, 0x0c, 0x00,
    0x00, 0x00, 0x00, 0x00, 0x00, 0x00, 0x80, 0x03, 0x00, 0xec, 0x0f, 0x00,
    0x0b, 0x72, 0x00, 0x4b, 0xff, 0x00, 0x00, 0x00, 0x00, 0xd0, 0xf2, 0x03,
    0x00, 0xe2, 0x0f, 0x00, 0x0a, 0x72, 0x00, 0x00, 0xff, 0x00, 0x00, 0x00,
    0x00, 0xd0, 0x80, 0x03, 0x00, 0xca, 0x0f, 0x00, 0x08, 0x78, 0x4a, 0x00,
    0x00, 0x00, 0x80, 0x3f, 0x00, 0x00, 0x80, 0x04, 0x00, 0xce, 0x0f, 0x00,
    0x56, 0x73, 0x00, 0x0b, 0x4c, 0x00, 0x00, 0x00, 0x00, 0x00, 0x00, 0x00,
    0x00, 0xea, 0x23, 0x00, 0x18, 0x79, 0x00, 0x00, 0x00, 0x00, 0x00, 0x00,
    0x00, 0x00, 0x00, 0x00, 0x00, 0xe2, 0x0f, 0x00, 0x41, 0x79, 0x0b, 0x00,
    0x00, 0x00, 0x00, 0x00, 0x00, 0x02, 0x80, 0x03, 0x00, 0xea, 0x0f, 0x00,
    0x45, 0x79, 0x0a, 0x00, 0x80, 0x12, 0x00, 0x00, 0x00, 0x02, 0x80, 0x03,
    0x00, 0xe2, 0x0f, 0x00, 0x02, 0x72, 0x4c, 0x00, 0xff, 0x00, 0x00, 0x00,
    0x00, 0x0f, 0x00, 0x00, 0x00, 0xc6, 0x2f, 0x00, 0x55, 0x73, 0x4b, 0x0a,
    0x00, 0x00, 0x00, 0x00, 0x00, 0x00, 0x10, 0x00, 0x00, 0x6a, 0xce, 0x00,
    0x47, 0x39, 0xec, 0x00, 0x08, 0x00, 0x00, 0x00, 0x00, 0x00, 0x80, 0x03,
    0x00, 0xea, 0x0f, 0x00, 0x0c, 0x78, 0x00, 0x18, 0x0a, 0x00, 0x00, 0x00,
    0x70, 0x42, 0xf2, 0x03, 0x00, 0xda, 0x0f, 0x00, 0x47, 0x19, 0xf4, 0x00,
    0x00, 0x00, 0x00, 0x00, 0x00, 0x00, 0x80, 0x03, 0x00, 0xea, 0x0f, 0x00,
    0x0c, 0x78, 0x00, 0x18, 0x03, 0x00, 0x00, 0x00, 0x70, 0x42, 0xf2, 0x03,
    0x00, 0xda, 0x0f, 0x00, 0x47, 0x19, 0x30, 0x00, 0x00, 0x00, 0x00, 0x00,
    0x00, 0x00, 0x80, 0x03, 0x00, 0xea, 0x0f, 0x00, 0x0c, 0x78, 0x00, 0x18,
    0x01, 0x00, 0x00, 0x00, 0x70, 0x50, 0xf2, 0x03, 0x00, 0xda, 0x0f, 0x00,
    0x47, 0x99, 0x20, 0x00, 0x00, 0x00, 0x00, 0x00, 0x00, 0x00, 0x80, 0x03,
    0x00, 0xea, 0x0f, 0x00, 0x0c, 0x78, 0x00, 0x18, 0x02, 0x00, 0x00, 0x00,
    0x70, 0x50, 0xf2, 0x03, 0x00, 0xda, 0x0f, 0x00, 0x47, 0x99, 0x10, 0x00,
    0x00, 0x00, 0x00, 0x00, 0x00, 0x00, 0x80, 0x03, 0x00, 0xea, 0x0f, 0x00,
    0x0c, 0x78, 0x00, 0x18, 0x03, 0x00, 0x00, 0x00, 0x70, 0x50, 0xf2, 0x03,
    0x00, 0xda, 0x0f, 0x00, 0x47, 0x19, 0x60, 0x00, 0x10, 0x00, 0x00, 0x00,
    0x00, 0x00, 0x80, 0x03, 0x00, 0xea, 0x0f, 0x00, 0x21, 0x72, 0x4c, 0x42,
    0x1b, 0x00, 0x00, 0x80, 0x00, 0x00, 0x00, 0x00, 0x00, 0xe2, 0x0f, 0x00,
    0x47, 0x79, 0x58, 0x00, 0x10, 0x00, 0x00, 0x00, 0x00, 0x00, 0x80, 0x03,
    0x00, 0xec, 0x0f, 0x00, 0x21, 0x72, 0x4c, 0x42, 0x1b, 0x00, 0x00, 0x00,
    0x00, 0x00, 0x00, 0x00, 0x00, 0xe2, 0x0f, 0x00, 0x47, 0x79, 0x50, 0x00,
    0x10, 0x00, 0x00, 0x00, 0x00, 0x00, 0x80, 0x03, 0x00, 0xec, 0x0f, 0x00,
    0x02, 0x72, 0x4c, 0x00, 0x42, 0x00, 0x00, 0x00, 0x00, 0x0f, 0x00, 0x00,
    0x00, 0xe2, 0x0f, 0x00, 0x47, 0x79, 0x48, 0x00, 0x10, 0x00, 0x00, 0x00,
    0x00, 0x00, 0x80, 0x03, 0x00, 0xec, 0x0f, 0x00, 0x0c, 0x78, 0x00, 0x18,
    0x05, 0x00, 0x00, 0x00, 0x70, 0x42, 0xf2, 0x03, 0x00, 0xda, 0x0f, 0x00,
    0x47, 0x19, 0x90, 0x00, 0x00, 0x00, 0x00, 0x00, 0x00, 0x00, 0x80, 0x03,
    0x00, 0xea, 0x0f, 0x00, 0x0c, 0x78, 0x00, 0x18, 0x04, 0x00, 0x00, 0x00,
    0x70, 0x50, 0xf2, 0x03, 0x00, 0xda, 0x0f, 0x00, 0x47, 0x99, 0x80, 0x00,
    0x00, 0x00, 0x00, 0x00, 0x00, 0x00, 0x80, 0x03, 0x00, 0xea, 0x0f, 0x00,
    0x0c, 0x78, 0x00, 0x18, 0x05, 0x00, 0x00, 0x00, 0x70, 0x50, 0xf2, 0x03,
    0x00, 0xda, 0x0f, 0x00, 0x47, 0x19, 0x30, 0x00, 0x10, 0x00, 0x00, 0x00,
    0x00, 0x00, 0x80, 0x03, 0x00, 0xea, 0x0f, 0x00, 0x0b, 0x78, 0x00, 0x1b,
    0x08, 0xe5, 0x3c, 0x1e, 0x00, 0xe2, 0xf2, 0x03, 0x00, 0xda, 0x0f, 0x00,
    0x47, 0x99, 0x5c, 0x00, 0x00, 0x00, 0x00, 0x00, 0x00, 0x00, 0x80, 0x03,
    0x00, 0xea, 0x0f, 0x00, 0x08, 0x73, 0x00, 0x00, 0x1b, 0x00, 0x00, 0x00,
    0x00, 0x10, 0x00, 0x00, 0x00, 0xa2, 0x0e, 0x00, 0x82, 0x78, 0x04, 0x00,
    0x00, 0x00, 0x80, 0x3f, 0x00, 0x00, 0x00, 0x00, 0x00, 0xe2, 0x0f, 0x00,
    0x45, 0x79, 0x0a, 0x00, 0x20, 0x01, 0x00, 0x00, 0x00, 0x02, 0x80, 0x03,
    0x00, 0xe2, 0x0f, 0x00, 0x02, 0x7c, 0x4c, 0x00, 0x04, 0x00, 0x00, 0x00,
    0x00, 0x0f, 0x00, 0x08, 0x00, 0xc8, 0x0f, 0x00, 0x02, 0x73, 0x00, 0x4c,
    0x1b, 0x00, 0x00, 0x00, 0x00, 0x00, 0x02, 0x00, 0x00, 0xe2, 0x0e, 0x00,
    0x55, 0x73, 0x49, 0x0a, 0x00, 0x00, 0x00, 0x00, 0x00, 0x00, 0x10, 0x00,
    0x00, 0x2a, 0x0e, 0x02, 0x23, 0x74, 0x03, 0x1b, 0x00, 0x00, 0x80, 0x3f,
    0x00, 0x01, 0x00, 0x00, 0x00, 0xc8, 0x4f, 0x00, 0x23, 0x72, 0x00, 0x00,
    0x03, 0x00, 0x00, 0x00, 0x00, 0x00, 0x00, 0x00, 0x00, 0xc8, 0x0f, 0x00,
    0x23, 0x78, 0x03, 0x00, 0x00, 0x00, 0x80, 0x3f, 0xff, 0x00, 0x00, 0x00,
    0x00, 0xc8, 0x0f, 0x00, 0x23, 0x74, 0x44, 0x1b, 0x00, 0x00, 0x80, 0x3f,
    0x03, 0x01, 0x00, 0x00, 0x00, 0xc8, 0x0f, 0x00, 0x23, 0x72, 0x00, 0x00,
    0x44, 0x00, 0x00, 0x00, 0x03, 0x00, 0x00, 0x00, 0x00, 0xe2, 0x0f, 0x00,
    0x47, 0x99, 0x18, 0x00, 0x00, 0x00, 0x00, 0x00, 0x00, 0x00, 0x80, 0x03,
    0x00, 0xec, 0x8f, 0x00, 0x31, 0x74, 0x03, 0xff, 0x00, 0x00, 0x80, 0x3f,
    0xff, 0x01, 0x00, 0x00, 0x00, 0xe2, 0x0f, 0x00, 0x55, 0x73, 0xff, 0x0a,
    0x00, 0x00, 0x00, 0x00, 0x00, 0x00, 0x10, 0x00, 0x00, 0xea, 0x0f, 0x00,
    0x55, 0x73, 0xff, 0x0b, 0x00, 0x00, 0x00, 0x00, 0x00, 0x00, 0x10, 0x00,
    0x00, 0xea, 0x0f, 0x00, 0x02, 0x72, 0x00, 0x00, 0x1b, 0x00, 0x00, 0x00,
    0x00, 0x0f, 0x00, 0x00, 0x00, 0xe2, 0x0f, 0x00, 0x02, 0x78, 0x44, 0x00,
    0x60, 0xa3, 0x00, 0x00, 0x00, 0x0f, 0x00, 0x00, 0x00, 0xce, 0x0f, 0x00,
    0x44, 0x79, 0x18, 0x00, 0x58, 0x00, 0x00, 0x00, 0x00, 0x00, 0xc0, 0x03,
    0x00, 0xea, 0x3f, 0x01, 0x56, 0x73, 0x00, 0x0a, 0x49, 0x00, 0x00, 0x00,
    0x00, 0x00, 0x00, 0x00, 0x00, 0xea, 0x11, 0x00, 0x18, 0x79, 0x00, 0x00,
    0x00, 0x00, 0x00, 0x00, 0x00, 0x00, 0x00, 0x00, 0x00, 0xe2, 0x0f, 0x00,
    0x41, 0x79, 0x0a, 0x00, 0x00, 0x00, 0x00, 0x00, 0x00, 0x02, 0x80, 0x03,
    0x00, 0xea, 0x0f, 0x00, 0x20, 0x72, 0x4c, 0x42, 0x00, 0x00, 0x00, 0x00,
    0x00, 0x00, 0x40, 0x00, 0x00, 0xe2, 0x0f, 0x00, 0x47, 0x79, 0xcc, 0x00,
    0x0c, 0x00, 0x00, 0x00, 0x00, 0x00, 0x80, 0x03, 0x00, 0xec, 0x0f, 0x00,
    0x0b, 0x72, 0x00, 0x1b, 0xff, 0x00, 0x00, 0x00, 0x00, 0xe0, 0xf2, 0x03,
    0x00, 0xe2, 0x0f, 0x00, 0x02, 0x78, 0x03, 0x00, 0xca, 0xf2, 0x49, 0x71,
    0x00, 0x0f, 0x00, 0x00, 0x00, 0xca, 0x0f, 0x00, 0x08, 0x78, 0x03, 0x03,
    0xca, 0xf2, 0x49, 0x71, 0x00, 0x01, 0x80, 0x04, 0x00, 0xca, 0x0f, 0x00,
    0x20, 0x72, 0x4c, 0x42, 0x03, 0x00, 0x00, 0x00, 0x00, 0x00, 0x40, 0x00,
    0x00, 0xe2, 0x0f, 0x00, 0x47, 0x79, 0xb8, 0x00, 0x0c, 0x00, 0x00, 0x00,
    0x00, 0x00, 0x80, 0x03, 0x00, 0xec, 0x0f, 0x00, 0x20, 0x72, 0x4c, 0x42,
    0x1b, 0x00, 0x00, 0x00, 0x00, 0x00, 0x40, 0x00, 0x00, 0xe2, 0x0f, 0x00,
    0x47, 0x79, 0xb0, 0x00, 0x0c, 0x00, 0x00, 0x00, 0x00, 0x00, 0x80, 0x03,
    0x00, 0xec, 0x0f, 0x00, 0x0c, 0x78, 0x00, 0x18, 0x06, 0x00, 0x00, 0x00,
    0x70, 0x50, 0xf2, 0x03, 0x00, 0xda, 0x0f, 0x00, 0x47, 0x99, 0x14, 0x00,
    0x00, 0x00, 0x00, 0x00, 0x00, 0x00, 0x80, 0x03, 0x00, 0xea, 0x0f, 0x00,
    0x0c, 0x78, 0x00, 0x18, 0x0a, 0x00, 0x00, 0x00, 0x70, 0x50, 0xf2, 0x03,
    0x00, 0xda, 0x0f, 0x00, 0x47, 0x19, 0xa0, 0x00, 0x0c, 0x00, 0x00, 0x00,
    0x00, 0x00, 0x80, 0x03, 0x00, 0xea, 0x0f, 0x00, 0x0b, 0x72, 0x00, 0x42,
    0x1b, 0x00, 0x00, 0x00, 0x00, 0xe0, 0xf2, 0x03, 0x00, 0xca, 0x0f, 0x00,
    0x08, 0x72, 0x4c, 0x42, 0x1b, 0x00, 0x00, 0x00, 0x00, 0x00, 0x80, 0x04,
    0x00, 0xe2, 0x0f, 0x00, 0x47, 0x79, 0x94, 0x00, 0x0c, 0x00, 0x00, 0x00,
    0x00, 0x00, 0x80, 0x03, 0x00, 0xee, 0x0f, 0x00, 0x23, 0x72, 0x4c, 0x42,
    0x1b, 0x00, 0x00, 0x00, 0x49, 0x00, 0x00, 0x00, 0x00, 0xe2, 0x0f, 0x02,
    0x47, 0x79, 0x8c, 0x00, 0x0c, 0x00, 0x00, 0x00, 0x00, 0x00, 0x80, 0x03,
    0x00, 0xec, 0x0f, 0x00, 0x0c, 0x78, 0x00, 0x18, 0x0f, 0x00, 0x00, 0x00,
    0x70, 0x42, 0xf2, 0x03, 0x00, 0xda, 0x0f, 0x00, 0x47, 0x19, 0x9c, 0x00,
    0x04, 0x00, 0x00, 0x00, 0x00, 0x00, 0x80, 0x03, 0x00, 0xea, 0x0f, 0x00,
    0x0c, 0x78, 0x00, 0x18, 0x0d, 0x00, 0x00, 0x00, 0x70, 0x42, 0xf2, 0x03,
    0x00, 0xda, 0x0f, 0x00, 0x47, 0x19, 0x90, 0x00, 0x00, 0x00, 0x00, 0x00,
    0x00, 0x00, 0x80, 0x03, 0x00, 0xea, 0x0f, 0x00, 0x0c, 0x78, 0x00, 0x18,
    0x0b, 0x00, 0x00, 0x00, 0x70, 0x50, 0xf2, 0x03, 0x00, 0xda, 0x0f, 0x00,
    0x47, 0x99, 0x7c, 0x00, 0x00, 0x00, 0x00, 0x00, 0x00, 0x00, 0x80, 0x03,
    0x00, 0xea, 0x0f, 0x00, 0x0c, 0x78, 0x00, 0x18, 0x0d, 0x00, 0x00, 0x00,
    0x70, 0x50, 0xf2, 0x03, 0x00, 0xda, 0x0f, 0x00, 0x47, 0x19, 0x6c, 0x00,
    0x0c, 0x00, 0x00, 0x00, 0x00, 0x00, 0x80, 0x03, 0x00, 0xea, 0x0f, 0x00,
    0x0b, 0x78, 0x00, 0x42, 0x08, 0xe5, 0x3c, 0x1e, 0x00, 0xe2, 0xf2, 0x03,
    0x00, 0xda, 0x0f, 0x00, 0x47, 0x99, 0x5c, 0x00, 0x00, 0x00, 0x00, 0x00,
    0x00, 0x00, 0x80, 0x03, 0x00, 0xea, 0x0f, 0x00, 0x08, 0x73, 0x03, 0x00,
    0x42, 0x00, 0x00, 0x00, 0x00, 0x10, 0x00, 0x00, 0x00, 0xa2, 0x0e, 0x00,
    0x82, 0x78, 0x04, 0x00, 0x00, 0x00, 0x80, 0x3f, 0x00, 0x00, 0x00, 0x00,
    0x00, 0xe2, 0x0f, 0x00, 0x45, 0x79, 0x0a, 0x00, 0x20, 0x01, 0x00, 0x00,
    0x00, 0x02, 0x80, 0x03, 0x00, 0xe2, 0x0f, 0x00, 0x02, 0x7c, 0x1b, 0x00,
    0x04, 0x00, 0x00, 0x00, 0x00, 0x0f, 0x00, 0x08, 0x00, 0xc8, 0x0f, 0x00,
    0x02, 0x73, 0x00, 0x1b, 0x42, 0x00, 0x00, 0x00, 0x00, 0x00, 0x02, 0x00,
    0x00, 0x22, 0x06, 0x00, 0x23, 0x74, 0x00, 0x42, 0x00, 0x00, 0x80, 0x3f,
    0x03, 0x01, 0x00, 0x00, 0x00, 0xe2, 0x4f, 0x00, 0x55, 0x73, 0x1b, 0x0a,
    0x00, 0x00, 0x00, 0x00, 0x00, 0x00, 0x10, 0x00, 0x00, 0xaa, 0x8e, 0x00,
    0x23, 0x72, 0x00, 0x03, 0x00, 0x00, 0x00, 0x00, 0x03, 0x00, 0x00, 0x00,
    0x00, 0xc8, 0x0f, 0x00, 0x23, 0x78, 0x03, 0x00, 0x00, 0x00, 0x80, 0x3f,
    0xff, 0x00, 0x00, 0x00, 0x00, 0xc8, 0x0f, 0x00, 0x23, 0x74, 0x44, 0x42,
    0x00, 0x00, 0x80, 0x3f, 0x03, 0x01, 0x00, 0x00, 0x00, 0xc8, 0x0f, 0x02,
    0x23, 0x72, 0x00, 0x00, 0x44, 0x00, 0x00, 0x00, 0x03, 0x00, 0x00, 0x00,
    0x00, 0xe2, 0x0f, 0x00, 0x47, 0x99, 0x18, 0x00, 0x00, 0x00, 0x00, 0x00,
    0x00, 0x00, 0x80, 0x03, 0x00, 0xec, 0x1f, 0x00, 0x31, 0x74, 0x03, 0xff,
    0x00, 0x00, 0x80, 0x3f, 0xff, 0x01, 0x00, 0x00, 0x00, 0xe2, 0x0f, 0x00,
    0x55, 0x73, 0xff, 0x0a, 0x00, 0x00, 0x00, 0x00, 0x00, 0x00, 0x10, 0x00,
    0x00, 0xea, 0x0f, 0x00, 0x55, 0x73, 0xff, 0x0b, 0x00, 0x00, 0x00, 0x00,
    0x00, 0x00, 0x10, 0x00, 0x00, 0xea, 0x0f, 0x00, 0x02, 0x72, 0x00, 0x00,
    0x42, 0x00, 0x00, 0x00, 0x00, 0x0f, 0x00, 0x00, 0x00, 0xe2, 0x0f, 0x00,
    0x02, 0x78, 0x44, 0x00, 0x70, 0xa6, 0x00, 0x00, 0x00, 0x0f, 0x00, 0x00,
    0x00, 0xce, 0x0f, 0x00, 0x44, 0x79, 0x54, 0x00, 0x54, 0x00, 0x00, 0x00,
    0x00, 0x00, 0xc0, 0x03, 0x00, 0xea, 0x6f, 0x01, 0x56, 0x73, 0x00, 0x0a,
    0x1b, 0x00, 0x00, 0x00, 0x00, 0x00, 0x00, 0x00, 0x00, 0xea, 0x41, 0x00,
    0x18, 0x79, 0x00, 0x00, 0x00, 0x00, 0x00, 0x00, 0x00, 0x00, 0x00, 0x00,
    0x00, 0xe2, 0x0f, 0x00, 0x41, 0x79, 0x0a, 0x00, 0x00, 0x00, 0x00, 0x00,
    0x00, 0x02, 0x80, 0x03, 0x00, 0xea, 0x0f, 0x00, 0x02, 0x72, 0x4c, 0x00,
    0x00, 0x00, 0x00, 0x00, 0x00, 0x0f, 0x00, 0x00, 0x00, 0xe2, 0x0f, 0x00,
    0x47, 0x79, 0x08, 0x00, 0x0c, 0x00, 0x00, 0x00, 0x00, 0x00, 0x80, 0x03,
    0x00, 0xec, 0x0f, 0x00, 0x0b, 0x72, 0x00, 0x42, 0xff, 0x00, 0x00, 0x00,
    0x00, 0xe0, 0xf2, 0x03, 0x00, 0xe2, 0x0f, 0x00, 0x31, 0x74, 0x4c, 0xff,
    0xca, 0xf2, 0x49, 0x71, 0xff, 0x01, 0x00, 0x00, 0x00, 0xca, 0x0f, 0x00,
    0x08, 0x78, 0x4c, 0x4c, 0xca, 0xf2, 0x49, 0x71, 0x00, 0x01, 0x80, 0x04,
    0x00, 0xe2, 0x0f, 0x00, 0x47, 0x79, 0xf8, 0x00, 0x08, 0x00, 0x00, 0x00,
    0x00, 0x00, 0x80, 0x03, 0x00, 0xec, 0x0f, 0x00, 0x0b, 0x72, 0x00, 0x42,
    0x1b, 0x00, 0x00, 0x00, 0x00, 0x40, 0xf2, 0x03, 0x00, 0xca, 0x0f, 0x00,
    0x08, 0x72, 0x4c, 0x42, 0x1b, 0x00, 0x00, 0x00, 0x00, 0x00, 0x80, 0x00,
    0x00, 0xe2, 0x0f, 0x00, 0x47, 0x79, 0xec, 0x00, 0x08, 0x00, 0x00, 0x00,
    0x00, 0x00, 0x80, 0x03, 0x00, 0xee, 0x0f, 0x00, 0x0c, 0x78, 0x00, 0x18,
    0x0e, 0x00, 0x00, 0x00, 0x70, 0x50, 0xf2, 0x03, 0x00, 0xda, 0x0f, 0x00,
    0x47, 0x99, 0x54, 0x00, 0x00, 0x00, 0x00, 0x00, 0x00, 0x00, 0x80, 0x03,
    0x00, 0xea, 0x0f, 0x00, 0x0b, 0x72, 0x00, 0x42, 0xff, 0x00, 0x00, 0x00,
    0x00, 0x40, 0xf2, 0x03, 0x00, 0xca, 0x0f, 0x00, 0x0c, 0x78, 0x00, 0x18,
    0x0f, 0x00, 0x00, 0x00, 0x70, 0x54, 0xf2, 0x04, 0x00, 0xda, 0x0f, 0x00,
    0x47, 0x19, 0xd8, 0x00, 0x08, 0x00, 0x00, 0x00, 0x00, 0x00, 0x80, 0x03,
    0x00, 0xea, 0x0f, 0x00, 0x35, 0x78, 0x00, 0x42, 0x00, 0x00, 0x00, 0xf3,
    0x00, 0x00, 0x8e, 0x07, 0x00, 0xe2, 0x0f, 0x00, 0x08, 0x73, 0x1b, 0x00,
    0x42, 0x00, 0x00, 0x00, 0x00, 0x14, 0x00, 0x00, 0x00, 0xe2, 0x04, 0x00,
    0x45, 0x79, 0x0a, 0x00, 0xe0, 0x00, 0x00, 0x00, 0x00, 0x02, 0x80, 0x03,
    0x00, 0xe6, 0x0f, 0x00, 0x0c, 0x78, 0x00, 0x00, 0xff, 0xff, 0x7f, 0x72,
    0x70, 0x40, 0xf2, 0x03, 0x00, 0xda, 0x0f, 0x00, 0x47, 0x99, 0x18, 0x00,
    0x00, 0x00, 0x00, 0x00, 0x00, 0x00, 0x80, 0x03, 0x00, 0xea, 0x0f, 0x00,
    0x55, 0x73, 0xff, 0x0b, 0x00, 0x00, 0x00, 0x00, 0x00, 0x00, 0x10, 0x00,
    0x00, 0xea, 0x0f, 0x00, 0x02, 0x72, 0x00, 0x00, 0x42, 0x00, 0x00, 0x00,
    0x00, 0x0f, 0x00, 0x00, 0x00, 0xe2, 0x0f, 0x00, 0x02, 0x78, 0x50, 0x00,
    0x10, 0xa8, 0x00, 0x00, 0x00, 0x0f, 0x00, 0x00, 0x00, 0xce, 0x1f, 0x00,
    0x44, 0x79, 0x94, 0x00, 0x50, 0x00, 0x00, 0x00, 0x00, 0x00, 0xc0, 0x03,
    0x00, 0xea, 0xef, 0x03, 0x02, 0x72, 0x4c, 0x00, 0x03, 0x00, 0x00, 0x00,
    0x00, 0x0f, 0x00, 0x00, 0x00, 0xe2, 0x0f, 0x00, 0x47, 0x79, 0x10, 0x00,
    0x00, 0x00, 0x00, 0x00, 0x00, 0x00, 0x80, 0x03, 0x00, 0xec, 0x0f, 0x00,
    0x20, 0x72, 0x03, 0x42, 0x1b, 0x00, 0x00, 0x00, 0x00, 0x00, 0x41, 0x00,
    0x00, 0xe2, 0x8f, 0x00, 0x20, 0x78, 0x4c, 0x1b, 0x00, 0x00, 0x00, 0x3f,
    0x00, 0x00, 0x41, 0x00, 0x00, 0xc6, 0x0f, 0x00, 0x23, 0x72, 0x42, 0x03,
    0x03, 0x00, 0x00, 0x00, 0x42, 0x01, 0x00, 0x00, 0x00, 0xc8, 0x4f, 0x00,
    0x23, 0x72, 0x4c, 0x42, 0x4c, 0x00, 0x00, 0x00, 0x03, 0x00, 0x00, 0x00,
    0x00, 0xce, 0x0f, 0x00, 0x18, 0x79, 0x00, 0x00, 0x00, 0x00, 0x00, 0x00,
    0x00, 0x00, 0x00, 0x00, 0x00, 0xe2, 0x0f, 0x00, 0x41, 0x79, 0x0a, 0x00,
    0x00, 0x00, 0x00, 0x00, 0x00, 0x02, 0x80, 0x03, 0x00, 0xea, 0x0f, 0x00,
    0x47, 0x79, 0x90, 0x00, 0x08, 0x00, 0x00, 0x00, 0x00, 0x00, 0x80, 0x03,
    0x00, 0xea, 0x0f, 0x00, 0x0b, 0x72, 0x00, 0x42, 0xff, 0x00, 0x00, 0x00,
    0x00, 0x40, 0xf2, 0x03, 0x00, 0xe2, 0x0f, 0x00, 0x31, 0x74, 0x4c, 0xff,
    0xca, 0xf2, 0x49, 0x71, 0xff, 0x01, 0x00, 0x00, 0x00, 0xd8, 0x0f, 0x00,
    0x47, 0x99, 0x84, 0x00, 0x08, 0x00, 0x00, 0x00, 0x00, 0x00, 0x80, 0x03,
    0x00, 0xea, 0x0f, 0x00, 0x35, 0x78, 0x00, 0x42, 0x00, 0x00, 0x00, 0xf3,
    0x00, 0x00, 0x8e, 0x07, 0x00, 0xe2, 0x0f, 0x00, 0x08, 0x73, 0x1b, 0x00,
    0x42, 0x00, 0x00, 0x00, 0x00, 0x14, 0x00, 0x00, 0x00, 0xe2, 0x04, 0x00,
    0x45, 0x79, 0x0a, 0x00, 0xd0, 0x00, 0x00, 0x00, 0x00, 0x02, 0x80, 0x03,
    0x00, 0xe6, 0x0f, 0x00, 0x0c, 0x78, 0x00, 0x00, 0xff, 0xff, 0x7f, 0x72,
    0x70, 0x40, 0xf2, 0x03, 0x00, 0xda, 0x0f, 0x00, 0x47, 0x99, 0x14, 0x00,
    0x00, 0x00, 0x00, 0x00, 0x00, 0x00, 0x80, 0x03, 0x00, 0xea, 0x0f, 0x00,
    0x55, 0x73, 0xff, 0x0b, 0x00, 0x00, 0x00, 0x00, 0x00, 0x00, 0x10, 0x00,
    0x00, 0xea, 0x0f, 0x00, 0x02, 0x72, 0x00, 0x00, 0x42, 0x00, 0x00, 0x00,
    0x00, 0x0f, 0x00, 0x00, 0x00, 0xe2, 0x0f, 0x00, 0x02, 0x78, 0x50, 0x00,
    0x60, 0xa9, 0x00, 0x00, 0x00, 0x0f, 0x00, 0x00, 0x00, 0xce, 0x1f, 0x00,
    0x44, 0x79, 0x40, 0x00, 0x50, 0x00, 0x00, 0x00, 0x00, 0x00, 0xc0, 0x03,
    0x00, 0xea, 0xef, 0x03, 0x47, 0x79, 0x10, 0x00, 0x00, 0x00, 0x00, 0x00,
    0x00, 0x00, 0x80, 0x03, 0x00, 0xea, 0x0f, 0x00, 0x20, 0x72, 0x03, 0x42,
    0x1b, 0x00, 0x00, 0x00, 0x00, 0x00, 0x41, 0x00, 0x00, 0xe2, 0x8f, 0x00,
    0x20, 0x78, 0x00, 0x1b, 0x00, 0x00, 0x00, 0x3f, 0x00, 0x00, 0x41, 0x00,
    0x00, 0xc6, 0x0f, 0x00, 0x23, 0x72, 0x42, 0x03, 0x03, 0x00, 0x00, 0x00,
    0x42, 0x01, 0x00, 0x00, 0x00, 0xc8, 0x4f, 0x00, 0x23, 0x72, 0x03, 0x42,
    0x00, 0x00, 0x00, 0x00, 0x03, 0x00, 0x00, 0x00, 0x00, 0xce, 0x0f, 0x00,
    0x18, 0x79, 0x00, 0x00, 0x00, 0x00, 0x00, 0x00, 0x00, 0x00, 0x00, 0x00,
    0x00, 0xe2, 0x0f, 0x00, 0x41, 0x79, 0x0a, 0x00, 0x00, 0x00, 0x00, 0x00,
    0x00, 0x02, 0x80, 0x03, 0x00, 0xea, 0x0f, 0x00, 0x08, 0x73, 0x00, 0x00,
    0x03, 0x00, 0x00, 0x00, 0x00, 0x10, 0x00, 0x00, 0x00, 0xa2, 0x0e, 0x00,
    0x82, 0x78, 0x04, 0x00, 0x00, 0x00, 0x80, 0x3f, 0x00, 0x00, 0x00, 0x00,
    0x00, 0xe2, 0x0f, 0x00, 0x45, 0x79, 0x0a, 0x00, 0x20, 0x01, 0x00, 0x00,
    0x00, 0x02, 0x80, 0x03, 0x00, 0xe2, 0x0f, 0x00, 0x02, 0x7c, 0x44, 0x00,
    0x04, 0x00, 0x00, 0x00, 0x00, 0x0f, 0x00, 0x08, 0x00, 0xc8, 0x0f, 0x02,
    0x02, 0x73, 0x00, 0x44, 0x03, 0x00, 0x00, 0x00, 0x00, 0x00, 0x02, 0x00,
    0x00, 0xe2, 0x0e, 0x00, 0x23, 0x74, 0x1b, 0x00, 0x00, 0x00, 0x80, 0x3f,
    0x03, 0x08, 0x00, 0x00, 0x00, 0xc8, 0x4f, 0x00, 0x23, 0x72, 0x00, 0x00,
    0x1b, 0x00, 0x00, 0x00, 0x00, 0x00, 0x00, 0x00, 0x00, 0xc8, 0x0f, 0x00,
    0x23, 0x78, 0x1b, 0x00, 0x00, 0x00, 0x80, 0x3f, 0xff, 0x00, 0x00, 0x00,
    0x00, 0xc8, 0x0f, 0x00, 0x23, 0x74, 0x42, 0x1b, 0x00, 0x00, 0x80, 0x3f,
    0x03, 0x08, 0x00, 0x00, 0x00, 0xc8, 0x0f, 0x00, 0x23, 0x72, 0x00, 0x00,
    0x42, 0x00, 0x00, 0x00, 0x1b, 0x00, 0x00, 0x00, 0x00, 0xe4, 0x0f, 0x00,
    0x55, 0x73, 0x1b, 0x0a, 0x00, 0x00, 0x00, 0x00, 0x00, 0x00, 0x10, 0x00,
    0x00, 0xaa, 0x0e, 0x00, 0x47, 0x99, 0x18, 0x00, 0x00, 0x00, 0x00, 0x00,
    0x00, 0x00, 0x80, 0x03, 0x00, 0xea, 0x8f, 0x00, 0x02, 0x72, 0x00, 0x00,
    0x03, 0x00, 0x00, 0x00, 0x00, 0x0f, 0x00, 0x00, 0x00, 0xe2, 0x0f, 0x00,
    0x31, 0x74, 0x03, 0xff, 0x00, 0x00, 0x80, 0x3f, 0xff, 0x01, 0x00, 0x00,
    0x00, 0xe2, 0x0f, 0x00, 0x55, 0x73, 0xff, 0x0a, 0x00, 0x00, 0x00, 0x00,
    0x00, 0x00, 0x10, 0x00, 0x00, 0xea, 0x0f, 0x00, 0x55, 0x73, 0xff, 0x0b,
    0x00, 0x00, 0x00, 0x00, 0x00, 0x00, 0x10, 0x00, 0x00, 0xea, 0x0f, 0x00,
    0x02, 0x78, 0x44, 0x00, 0xf0, 0xaa, 0x00, 0x00, 0x00, 0x0f, 0x00, 0x00,
    0x00, 0xce, 0x0f, 0x00, 0x44, 0x79, 0x34, 0x00, 0x50, 0x00, 0x00, 0x00,
    0x00, 0x00, 0xc0, 0x03, 0x00, 0xea, 0x7f, 0x01, 0x56, 0x73, 0x00, 0x0a,
    0x1b, 0x00, 0x00, 0x00, 0x00, 0x00, 0x00, 0x00, 0x00, 0xea, 0x45, 0x00,
    0x18, 0x79, 0x00, 0x00, 0x00, 0x00, 0x00, 0x00, 0x00, 0x00, 0x00, 0x00,
    0x00, 0xe2, 0x0f, 0x00, 0x41, 0x79, 0x0a, 0x00, 0x00, 0x00, 0x00, 0x00,
    0x00, 0x02, 0x80, 0x03, 0x00, 0xea, 0x0f, 0x00, 0x02, 0x72, 0x4c, 0x00,
    0x00, 0x00, 0x00, 0x00, 0x00, 0x0f, 0x00, 0x00, 0x00, 0xe2, 0x0f, 0x00,
    0x47, 0x79, 0xe8, 0x00, 0x04, 0x00, 0x00, 0x00, 0x00, 0x00, 0x80, 0x03,
    0x00, 0xec, 0x0f, 0x00, 0x0c, 0x78, 0x00, 0x18, 0x11, 0x00, 0x00, 0x00,
    0x70, 0x42, 0xf2, 0x03, 0x00, 0xda, 0x0f, 0x00, 0x47, 0x19, 0x20, 0x00,
    0x00, 0x00, 0x00, 0x00, 0x00, 0x00, 0x80, 0x03, 0x00, 0xea, 0x0f, 0x00,
    0x0c, 0x78, 0x00, 0x18, 0x10, 0x00, 0x00, 0x00, 0x70, 0x50, 0xf2, 0x03,
    0x00, 0xda, 0x0f, 0x00, 0x47, 0x99, 0x10, 0x00, 0x00, 0x00, 0x00, 0x00,
    0x00, 0x00, 0x80, 0x03, 0x00, 0xea, 0x0f, 0x00, 0x0c, 0x78, 0x00, 0x18,
    0x11, 0x00, 0x00, 0x00, 0x70, 0x50, 0xf2, 0x03, 0x00, 0xda, 0x0f, 0x00,
    0x47, 0x19, 0xd0, 0x00, 0x04, 0x00, 0x00, 0x00, 0x00, 0x00, 0x80, 0x03,
    0x00, 0xea, 0x0f, 0x00, 0x21, 0x72, 0x4c, 0x42, 0xff, 0x00, 0x00, 0x80,
    0x00, 0x01, 0x00, 0x00, 0x00, 0xe2, 0x0f, 0x00, 0x47, 0x79, 0xc8, 0x00,
    0x04, 0x00, 0x00, 0x00, 0x00, 0x00, 0x80, 0x03, 0x00, 0xec, 0x0f, 0x00,
    0x21, 0x72, 0x4c, 0x42, 0xff, 0x00, 0x00, 0x80, 0x00, 0x02, 0x00, 0x00,
    0x00, 0xe2, 0x0f, 0x00, 0x47, 0x79, 0xc0, 0x00, 0x04, 0x00, 0x00, 0x00,
    0x00, 0x00, 0x80, 0x03, 0x00, 0xec, 0x0f, 0x00, 0x0c, 0x78, 0x00, 0x18,
    0x12, 0x00, 0x00, 0x00, 0x70, 0x50, 0xf2, 0x03, 0x00, 0xda, 0x0f, 0x00,
    0x47, 0x99, 0x14, 0x00, 0x00, 0x00, 0x00, 0x00, 0x00, 0x00, 0x80, 0x03,
    0x00, 0xea, 0x0f, 0x00, 0x0c, 0x78, 0x00, 0x18, 0x13, 0x00, 0x00, 0x00,
    0x70, 0x50, 0xf2, 0x03, 0x00, 0xda, 0x0f, 0x00, 0x47, 0x19, 0xb0, 0x00,
    0x04, 0x00, 0x00, 0x00, 0x00, 0x00, 0x80, 0x03, 0x00, 0xea, 0x0f, 0x00,
    0x07, 0x73, 0x03, 0x00, 0x42, 0x00, 0x00, 0x00, 0x00, 0x50, 0x20, 0x00,
    0x00, 0xa4, 0x0e, 0x00, 0x21, 0x72, 0x4c, 0x42, 0x03, 0x00, 0x00, 0x80,
    0x00, 0x00, 0x00, 0x00, 0x00, 0xe2, 0x4f, 0x00, 0x47, 0x79, 0xa4, 0x00,
    0x04, 0x00, 0x00, 0x00, 0x00, 0x00, 0x80, 0x03, 0x00, 0xec, 0x0f, 0x00,
    0x07, 0x73, 0x4c, 0x00, 0x42, 0x00, 0x00, 0x00, 0x00, 0x50, 0x20, 0x00,
    0x00, 0xe2, 0x04, 0x00, 0x47, 0x79, 0x9c, 0x00, 0x04, 0x00, 0x00, 0x00,
    0x00, 0x00, 0x80, 0x03, 0x00, 0xea, 0x0f, 0x00, 0x0c, 0x78, 0x00, 0x18,
    0x1a, 0x00, 0x00, 0x00, 0x70, 0x42, 0xf2, 0x03, 0x00, 0xda, 0x0f, 0x00,
    0x47, 0x19, 0xf0, 0x00, 0x00, 0x00, 0x00, 0x00, 0x00, 0x00, 0x80, 0x03,
    0x00, 0xea, 0x0f, 0x00, 0x0c, 0x78, 0x00, 0x18, 0x16, 0x00, 0x00, 0x00,
    0x70, 0x42, 0xf2, 0x03, 0x00, 0xda, 0x0f, 0x00, 0x47, 0x19, 0x48, 0x00,
    0x00, 0x00, 0x00, 0x00, 0x00, 0x00, 0x80, 0x03, 0x00, 0xea, 0x0f, 0x00,
    0x0c, 0x78, 0x00, 0x18, 0x14, 0x00, 0x00, 0x00, 0x70, 0x50, 0xf2, 0x03,
    0x00, 0xda, 0x0f, 0x00, 0x47, 0x99, 0x28, 0x00, 0x00, 0x00, 0x00, 0x00,
    0x00, 0x00, 0x80, 0x03, 0x00, 0xea, 0x0f, 0x00, 0x0c, 0x78, 0x00, 0x18,
    0x15, 0x00, 0x00, 0x00, 0x70, 0x50, 0xf2, 0x03, 0x00, 0xda, 0x0f, 0x00,
    0x47, 0x99, 0x14, 0x00, 0x00, 0x00, 0x00, 0x00, 0x00, 0x00, 0x80, 0x03,
    0x00, 0xea, 0x0f, 0x00, 0x0c, 0x78, 0x00, 0x18, 0x16, 0x00, 0x00, 0x00,
    0x70, 0x50, 0xf2, 0x03, 0x00, 0xda, 0x0f, 0x00, 0x47, 0x19, 0x74, 0x00,
    0x04, 0x00, 0x00, 0x00, 0x00, 0x00, 0x80, 0x03, 0x00, 0xea, 0x0f, 0x00,
    0x20, 0x78, 0x42, 0x42, 0x83, 0xf9, 0x22, 0x3e, 0x00, 0xc0, 0x40, 0x00,
    0x00, 0xc8, 0x0f, 0x00, 0x08, 0x73, 0x4c, 0x00, 0x42, 0x00, 0x00, 0x00,
    0x00, 0x00, 0x00, 0x00, 0x00, 0xe2, 0x04, 0x00, 0x47, 0x79, 0x68, 0x00,
    0x04, 0x00, 0x00, 0x00, 0x00, 0x00, 0x80, 0x03, 0x00, 0xea, 0x0f, 0x00,
    0x20, 0x78, 0x42, 0x42, 0x83, 0xf9, 0x22, 0x3e, 0x00, 0xc0, 0x40, 0x00,
    0x00, 0xc8, 0x0f, 0x00, 0x08, 0x73, 0x4c, 0x00, 0x42, 0x00, 0x00, 0x00,
    0x00, 0x04, 0x00, 0x00, 0x00, 0xe2, 0x04, 0x00, 0x47, 0x79, 0x5c, 0x00,
    0x04, 0x00, 0x00, 0x00, 0x00, 0x00, 0x80, 0x03, 0x00, 0xea, 0x0f, 0x00,
    0x0b, 0x72, 0x00, 0x42, 0xff, 0x00, 0x00, 0x00, 0x00, 0x10, 0xf2, 0x03,
    0x00, 0xca, 0x0f, 0x00, 0x07, 0x78, 0x4c, 0xff, 0xff, 0xff, 0xff, 0xff,
    0x00, 0x00, 0x80, 0x04, 0x00, 0xe2, 0x0f, 0x00, 0x0b, 0x72, 0x00, 0x42,
    0xff, 0x00, 0x00, 0x00, 0x00, 0x40, 0xf2, 0x03, 0x00, 0xc8, 0x0f, 0x00,
    0x45, 0x72, 0x4c, 0x00, 0x4c, 0x00, 0x00, 0x00, 0x00, 0x14, 0x20, 0x00,
    0x00, 0xca, 0x0f, 0x00, 0x08, 0x78, 0x4c, 0x4c, 0x00, 0x00, 0x80, 0x3f,
    0x00, 0x00, 0x80, 0x04, 0x00, 0xe2, 0x0f, 0x00, 0x47, 0x79, 0x44, 0x00,
    0x04, 0x00, 0x00, 0x00, 0x00, 0x00, 0x80, 0x03, 0x00, 0xec, 0x0f, 0x00,
    0x0c, 0x78, 0x00, 0x18, 0x18, 0x00, 0x00, 0x00, 0x70, 0x42, 0xf2, 0x03,
    0x00, 0xda, 0x0f, 0x00, 0x47, 0x19, 0x5c, 0x00, 0x00, 0x00, 0x00, 0x00,
    0x00, 0x00, 0x80, 0x03, 0x00, 0xea, 0x0f, 0x00, 0x0c, 0x78, 0x00, 0x18,
    0x17, 0x00, 0x00, 0x00, 0x70, 0x50, 0xf2, 0x03, 0x00, 0xda, 0x0f, 0x00,
    0x47, 0x99, 0x20, 0x00, 0x00, 0x00, 0x00, 0x00, 0x00, 0x00, 0x80, 0x03,
    0x00, 0xea, 0x0f, 0x00, 0x0c, 0x78, 0x00, 0x18, 0x18, 0x00, 0x00, 0x00,
    0x70, 0x50, 0xf2, 0x03, 0x00, 0xda, 0x0f, 0x00, 0x47, 0x19, 0x2c, 0x00,
    0x04, 0x00, 0x00, 0x00, 0x00, 0x00, 0x80, 0x03, 0x00, 0xea, 0x0f, 0x00,
    0x0b, 0x78, 0x00, 0x42, 0x00, 0x00, 0xfc, 0xc2, 0x00, 0xe0, 0xf2, 0x03,
    0x00, 0xe2, 0x0f, 0x04, 0x20, 0x78, 0x03, 0x42, 0x00, 0x00, 0x00, 0x3f,
    0x00, 0x00, 0x40, 0x00, 0x00, 0xca, 0x0f, 0x00, 0x08, 0x72, 0x03, 0x03,
    0x42, 0x00, 0x00, 0x00, 0x00, 0x00, 0x80, 0x04, 0x00, 0xc8, 0x0f, 0x00,
    0x08, 0x73, 0x4c, 0x00, 0x03, 0x00, 0x00, 0x00, 0x00, 0x08, 0x00, 0x00,
    0x00, 0xa6, 0x0e, 0x00, 0x20, 0x92, 0x4c, 0x4c, 0x4c, 0x00, 0x00, 0x00,
    0x00, 0x00, 0x40, 0x00, 0x00, 0xe2, 0x4f, 0x00, 0x47, 0x79, 0x14, 0x00,
    0x04, 0x00, 0x00, 0x00, 0x00, 0x00, 0x80, 0x03, 0x00, 0xec, 0x0f, 0x00,
    0x0b, 0x72, 0x00, 0x42, 0xff, 0x00, 0x00, 0x00, 0x00, 0x40, 0xf2, 0x03,
    0x00, 0xda, 0x0f, 0x00, 0x47, 0x99, 0x0c, 0x00, 0x04, 0x00, 0x00, 0x00,
    0x00, 0x00, 0x80, 0x03, 0x00, 0xea, 0x0f, 0x00, 0x0b, 0x78, 0x00, 0x42,
    0x00, 0x00, 0x80, 0x00, 0x00, 0xe2, 0xf2, 0x03, 0x00, 0xe2, 0x0f, 0x04,
    0x20, 0x78, 0x03, 0x42, 0x00, 0x00, 0x80, 0x4b, 0x00, 0x00, 0x40, 0x00,
    0x00, 0xca, 0x0f, 0x00, 0x08, 0x72, 0x03, 0x03, 0x42, 0x00, 0x00, 0x00,
    0x00, 0x00, 0x80, 0x04, 0x00, 0xc8, 0x0f, 0x00, 0x08, 0x73, 0x00, 0x00,
    0x03, 0x00, 0x00, 0x00, 0x00, 0x0c, 0x00, 0x00, 0x00, 0xa6, 0x0e, 0x00,
    0x21, 0x94, 0x00, 0x00, 0x00, 0x00, 0xc0, 0xc1, 0x00, 0x00, 0x00, 0x00,
    0x00, 0xc8, 0x4f, 0x00, 0x20, 0x72, 0x00, 0x1b, 0x00, 0x00, 0x00, 0x00,
    0x00, 0x00, 0x40, 0x00, 0x00, 0xca, 0x0f, 0x00, 0x0b, 0x78, 0x00, 0x00,
    0x00, 0x00, 0xfc, 0xc2, 0x00, 0xe0, 0xf2, 0x03, 0x00, 0xda, 0x0f, 0x00,
    0x20, 0x98, 0x00, 0x00, 0x00, 0x00, 0x00, 0x3f, 0x00, 0x00, 0x40, 0x00,
    0x00, 0xc8, 0x0f, 0x00, 0x08, 0x73, 0x4c, 0x00, 0x00, 0x00, 0x00, 0x00,
    0x00, 0x08, 0x00, 0x00, 0x00, 0xa4, 0x0e, 0x00, 0x20, 0x92, 0x4c, 0x4c,
    0x4c, 0x00, 0x00, 0x00, 0x00, 0x00, 0x40, 0x00, 0x00, 0xe2, 0x4f, 0x00,
    0x47, 0x79, 0xe0, 0x00, 0x00, 0x00, 0x00, 0x00, 0x00, 0x00, 0x80, 0x03,
    0x00, 0xec, 0x0f, 0x00, 0x0c, 0x78, 0x00, 0x18, 0x19, 0x00, 0x00, 0x00,
    0x70, 0x50, 0xf2, 0x03, 0x00, 0xda, 0x0f, 0x00, 0x47, 0x99, 0x10, 0x00,
    0x00, 0x00, 0x00, 0x00, 0x00, 0x00, 0x80, 0x03, 0x00, 0xea, 0x0f, 0x00,
    0x0c, 0x78, 0x00, 0x18, 0x1a, 0x00, 0x00, 0x00, 0x70, 0x50, 0xf2, 0x03,
    0x00, 0xda, 0x0f, 0x00, 0x47, 0x19, 0xd0, 0x00, 0x00, 0x00, 0x00, 0x00,
    0x00, 0x00, 0x80, 0x03, 0x00, 0xea, 0x0f, 0x00, 0x0a, 0x72, 0x4c, 0x42,
    0x1b, 0x00, 0x00, 0x00, 0x00, 0x10, 0x80, 0x03, 0x00, 0xe2, 0x0f, 0x00,
    0x47, 0x79, 0xc8, 0x00, 0x00, 0x00, 0x00, 0x00, 0x00, 0x00, 0x80, 0x03,
    0x00, 0xec, 0x0f, 0x00, 0x0b, 0x72, 0x00, 0x42, 0xff, 0x00, 0x00, 0x00,
    0x00, 0x40, 0xf2, 0x03, 0x00, 0xe2, 0x0f, 0x00, 0x31, 0x74, 0x4c, 0xff,
    0xca, 0xf2, 0x49, 0xf1, 0xff, 0x01, 0x00, 0x00, 0x00, 0xd8, 0x0f, 0x00,
    0x47, 0x99, 0xbc, 0x00, 0x00, 0x00, 0x00, 0x00, 0x00, 0x00, 0x80, 0x03,
    0x00, 0xea, 0x0f, 0x00, 0x0b, 0x78, 0x00, 0x42, 0x00, 0x00, 0x80, 0x00,
    0x00, 0xe2, 0xf2, 0x03, 0x00, 0xe2, 0x0f, 0x04, 0x20, 0x78, 0x03, 0x42,
    0x00, 0x00, 0x80, 0x4b, 0x00, 0x00, 0x40, 0x00, 0x00, 0xca, 0x0f, 0x00,
    0x08, 0x72, 0x03, 0x03, 0x42, 0x00, 0x00, 0x00, 0x00, 0x00, 0x80, 0x04,
    0x00, 0xc8, 0x0f, 0x00, 0x08, 0x73, 0x4c, 0x00, 0x03, 0x00, 0x00, 0x00,
    0x00, 0x0c, 0x00, 0x00, 0x00, 0xa6, 0x0e, 0x00, 0x21, 0x94, 0x4c, 0x4c,
    0x00, 0x00, 0xc0, 0xc1, 0x00, 0x00, 0x00, 0x00, 0x00, 0xe2, 0x4f, 0x00,
    0x47, 0x79, 0xa4, 0x00, 0x00, 0x00, 0x00, 0x00, 0x00, 0x00, 0x80, 0x03,
    0x00, 0xec, 0x0f, 0x00, 0x0c, 0x78, 0x00, 0x18, 0x1e, 0x00, 0x00, 0x00,
    0x70, 0x42, 0xf2, 0x03, 0x00, 0xda, 0x0f, 0x00, 0x47, 0x19, 0x48, 0x00,
    0x00, 0x00, 0x00, 0x00, 0x00, 0x00, 0x80, 0x03, 0x00, 0xea, 0x0f, 0x00,
    0x0c, 0x78, 0x00, 0x18, 0x1c, 0x00, 0x00, 0x00, 0x70, 0x42, 0xf2, 0x03,
    0x00, 0xda, 0x0f, 0x00, 0x47, 0x19, 0x20, 0x00, 0x00, 0x00, 0x00, 0x00,
    0x00, 0x00, 0x80, 0x03, 0x00, 0xea, 0x0f, 0x00, 0x0c, 0x78, 0x00, 0x18,
    0x1b, 0x00, 0x00, 0x00, 0x70, 0x50, 0xf2, 0x03, 0x00, 0xda, 0x0f, 0x00,
    0x47, 0x99, 0x10, 0x00, 0x00, 0x00, 0x00, 0x00, 0x00, 0x00, 0x80, 0x03,
    0x00, 0xea, 0x0f, 0x00, 0x0c, 0x78, 0x00, 0x18, 0x1c, 0x00, 0x00, 0x00,
    0x70, 0x50, 0xf2, 0x03, 0x00, 0xda, 0x0f, 0x00, 0x47, 0x19, 0x84, 0x00,
    0x00, 0x00, 0x00, 0x00, 0x00, 0x00, 0x80, 0x03, 0x00, 0xea, 0x0f, 0x00,
    0x0a, 0x72, 0x4c, 0x42, 0x1b, 0x00, 0x00, 0x00, 0x00, 0x40, 0x80, 0x03,
    0x00, 0xe2, 0x0f, 0x00, 0x47, 0x79, 0x7c, 0x00, 0x00, 0x00, 0x00, 0x00,
    0x00, 0x00, 0x80, 0x03, 0x00, 0xec, 0x0f, 0x00, 0x0a, 0x72, 0x4c, 0x42,
    0x1b, 0x00, 0x00, 0x00, 0x00, 0x30, 0x80, 0x03, 0x00, 0xe2, 0x0f, 0x00,
    0x47, 0x79, 0x74, 0x00, 0x00, 0x00, 0x00, 0x00, 0x00, 0x00, 0x80, 0x03,
    0x00, 0xec, 0x0f, 0x00, 0x0c, 0x78, 0x00, 0x18, 0x1d, 0x00, 0x00, 0x00,
    0x70, 0x50, 0xf2, 0x03, 0x00, 0xda, 0x0f, 0x00, 0x47, 0x99, 0x10, 0x00,
    0x00, 0x00, 0x00, 0x00, 0x00, 0x00, 0x80, 0x03, 0x00, 0xea, 0x0f, 0x00,
    0x0c, 0x78, 0x00, 0x18, 0x1e, 0x00, 0x00, 0x00, 0x70, 0x50, 0xf2, 0x03,
    0x00, 0xda, 0x0f, 0x00, 0x47, 0x19, 0x64, 0x00, 0x00, 0x00, 0x00, 0x00,
    0x00, 0x00, 0x80, 0x03, 0x00, 0xea, 0x0f, 0x00, 0x0a, 0x72, 0x4c, 0x42,
    0x1b, 0x00, 0x00, 0x00, 0x00, 0x20, 0x80, 0x03, 0x00, 0xe2, 0x0f, 0x00,
    0x47, 0x79, 0x5c, 0x00, 0x00, 0x00, 0x00, 0x00, 0x00, 0x00, 0x80, 0x03,
    0x00, 0xec, 0x0f, 0x00, 0x0a, 0x72, 0x4c, 0x42, 0x1b, 0x00, 0x00, 0x00,
    0x00, 0x60, 0x80, 0x03, 0x00, 0xe2, 0x0f, 0x00, 0x47, 0x79, 0x54, 0x00,
    0x00, 0x00, 0x00, 0x00, 0x00, 0x00, 0x80, 0x03, 0x00, 0xec, 0x0f, 0x00,
    0x0c, 0x78, 0x00, 0x18, 0x20, 0x00, 0x00, 0x00, 0x70, 0x42, 0xf2, 0x03,
    0x00, 0xda, 0x0f, 0x00, 0x47, 0x19, 0x28, 0x00, 0x00, 0x00, 0x00, 0x00,
    0x00, 0x00, 0x80, 0x03, 0x00, 0xea, 0x0f, 0x00, 0x0c, 0x78, 0x00, 0x18,
    0x1f, 0x00, 0x00, 0x00, 0x70, 0x50, 0xf2, 0x03, 0x00, 0xda, 0x0f, 0x00,
    0x47, 0x99, 0x18, 0x00, 0x00, 0x00, 0x00, 0x00, 0x00, 0x00, 0x80, 0x03,
    0x00, 0xea, 0x0f, 0x00, 0x0c, 0x78, 0x00, 0x18, 0x20, 0x00, 0x00, 0x00,
    0x70, 0x50, 0xf2, 0x03, 0x00, 0xda, 0x0f, 0x00, 0x47, 0x19, 0x3c, 0x00,
    0x00, 0x00, 0x00, 0x00, 0x00, 0x00, 0x80, 0x03, 0x00, 0xea, 0x0f, 0x00,
    0x0b, 0x72, 0x00, 0x42, 0xff, 0x00, 0x00, 0x00, 0x00, 0xd0, 0xf2, 0x03,
    0x00, 0xe2, 0x0f, 0x00, 0x0a, 0x72, 0x1b, 0x1b, 0xff, 0x00, 0x00, 0x00,
    0x00, 0xd0, 0x80, 0x03, 0x00, 0xca, 0x0f, 0x00, 0x08, 0x72, 0x4c, 0x1b,
    0xff, 0x00, 0x00, 0x00, 0x00, 0x00, 0x80, 0x00, 0x00, 0xe2, 0x0f, 0x00,
    0x47, 0x79, 0x2c, 0x00, 0x00, 0x00, 0x00, 0x00, 0x00, 0x00, 0x80, 0x03,
    0x00, 0xec, 0x0f, 0x00, 0x0a, 0x72, 0x4c, 0x42, 0x1b, 0x00, 0x00, 0x00,
    0x00, 0xd0, 0x80, 0x03, 0x00, 0xe2, 0x0f, 0x00, 0x47, 0x79, 0x24, 0x00,
    0x00, 0x00, 0x00, 0x00, 0x00, 0x00, 0x80, 0x03, 0x00, 0xec, 0x0f, 0x00,
    0x0c, 0x78, 0x00, 0x18, 0x21, 0x00, 0x00, 0x00, 0x70, 0x50, 0xf2, 0x03,
    0x00, 0xda, 0x0f, 0x00, 0x47, 0x99, 0x10, 0x00, 0x00, 0x00, 0x00, 0x00,
    0x00, 0x00, 0x80, 0x03, 0x00, 0xea, 0x0f, 0x00, 0x0c, 0x78, 0x00, 0x18,
    0x22, 0x00, 0x00, 0x00, 0x70, 0x50, 0xf2, 0x03, 0x00, 0xda, 0x0f, 0x00,
    0x47, 0x19, 0x14, 0x00, 0x00, 0x00, 0x00, 0x00, 0x00, 0x00, 0x80, 0x03,
    0x00, 0xea, 0x0f, 0x00, 0x0a, 0x72, 0x4c, 0x42, 0xff, 0x00, 0x00, 0x00,
    0x00, 0x20, 0x80, 0x03, 0x00, 0xe2, 0x0f, 0x00, 0x47, 0x79, 0x0c, 0x00,
    0x00, 0x00, 0x00, 0x00, 0x00, 0x00, 0x80, 0x03, 0x00, 0xec, 0x0f, 0x00,
    0x0b, 0x72, 0x00, 0x42, 0xff, 0x00, 0x00, 0x00, 0x00, 0xd0, 0xf2, 0x03,
    0x00, 0xe2, 0x0f, 0x00, 0x0a, 0x72, 0x1b, 0x1b, 0xff, 0x00, 0x00, 0x00,
    0x00, 0xd0, 0x80, 0x03, 0x00, 0xca, 0x0f, 0x00, 0x08, 0x78, 0x4c, 0x1b,
    0x00, 0x00, 0x80, 0x3f, 0x00, 0x00, 0x80, 0x04, 0x00, 0xce, 0x0f, 0x00,
    0x56, 0x73, 0x00, 0x0b, 0x4b, 0x00, 0x00, 0x00, 0x00, 0x00, 0x00, 0x00,
    0x00, 0xea, 0x23, 0x00, 0x18, 0x79, 0x00, 0x00, 0x00, 0x00, 0x00, 0x00,
    0x00, 0x00, 0x00, 0x00, 0x00, 0xe2, 0x0f, 0x00, 0x41, 0x79, 0x0b, 0x00,
    0x00, 0x00, 0x00, 0x00, 0x00, 0x02, 0x80, 0x03, 0x00, 0xea, 0x0f, 0x00,
    0x45, 0x79, 0x0a, 0x00, 0x80, 0x12, 0x00, 0x00, 0x00, 0x02, 0x80, 0x03,
    0x00, 0xe2, 0x0f, 0x00, 0x02, 0x72, 0x49, 0x00, 0xff, 0x00, 0x00, 0x00,
    0x00, 0x0f, 0x00, 0x00, 0x00, 0xc6, 0x1f, 0x02, 0x55, 0x73, 0x1b, 0x0a,
    0x00, 0x00, 0x00, 0x00, 0x00, 0x00, 0x10, 0x00, 0x00, 0x2a, 0x4e, 0x00,
    0x47, 0x39, 0xec, 0x00, 0x08, 0x00, 0x00, 0x00, 0x00, 0x00, 0x80, 0x03,
    0x00, 0xea, 0x0f, 0x00, 0x0c, 0x78, 0x00, 0x18, 0x0a, 0x00, 0x00, 0x00,
    0x70, 0x42, 0xf2, 0x03, 0x00, 0xda, 0x0f, 0x00, 0x47, 0x19, 0xf4, 0x00,
    0x00, 0x00, 0x00, 0x00, 0x00, 0x00, 0x80, 0x03, 0x00, 0xea, 0x0f, 0x00,
    0x0c, 0x78, 0x00, 0x18, 0x03, 0x00, 0x00, 0x00, 0x70, 0x42, 0xf2, 0x03,
    0x00, 0xda, 0x0f, 0x00, 0x47, 0x19, 0x30, 0x00, 0x00, 0x00, 0x00, 0x00,
    0x00, 0x00, 0x80, 0x03, 0x00, 0xea, 0x0f, 0x00, 0x0c, 0x78, 0x00, 0x18,
    0x01, 0x00, 0x00, 0x00, 0x70, 0x50, 0xf2, 0x03, 0x00, 0xda, 0x0f, 0x00,
    0x47, 0x99, 0x20, 0x00, 0x00, 0x00, 0x00, 0x00, 0x00, 0x00, 0x80, 0x03,
    0x00, 0xea, 0x0f, 0x00, 0x0c, 0x78, 0x00, 0x18, 0x02, 0x00, 0x00, 0x00,
    0x70, 0x50, 0xf2, 0x03, 0x00, 0xda, 0x0f, 0x00, 0x47, 0x99, 0x10, 0x00,
    0x00, 0x00, 0x00, 0x00, 0x00, 0x00, 0x80, 0x03, 0x00, 0xea, 0x0f, 0x00,
    0x0c, 0x78, 0x00, 0x18, 0x03, 0x00, 0x00, 0x00, 0x70, 0x50, 0xf2, 0x03,
    0x00, 0xda, 0x0f, 0x00, 0x47, 0x19, 0x60, 0x00, 0x10, 0x00, 0x00, 0x00,
    0x00, 0x00, 0x80, 0x03, 0x00, 0xea, 0x0f, 0x00, 0x21, 0x72, 0x49, 0x41,
    0x40, 0x00, 0x00, 0x80, 0x00, 0x00, 0x00, 0x00, 0x00, 0xe2, 0x0f, 0x00,
    0x47, 0x79, 0x58, 0x00, 0x10, 0x00, 0x00, 0x00, 0x00, 0x00, 0x80, 0x03,
    0x00, 0xec, 0x0f, 0x00, 0x21, 0x72, 0x49, 0x41, 0x40, 0x00, 0x00, 0x00,
    0x00, 0x00, 0x00, 0x00, 0x00, 0xe2, 0x0f, 0x00, 0x47, 0x79, 0x50, 0x00,
    0x10, 0x00, 0x00, 0x00, 0x00, 0x00, 0x80, 0x03, 0x00, 0xec, 0x0f, 0x00,
    0x02, 0x72, 0x49, 0x00, 0x41, 0x00, 0x00, 0x00, 0x00, 0x0f, 0x00, 0x00,
    0x00, 0xe2, 0x0f, 0x00, 0x47, 0x79, 0x48, 0x00, 0x10, 0x00, 0x00, 0x00,
    0x00, 0x00, 0x80, 0x03, 0x00, 0xec, 0x0f, 0x00, 0x0c, 0x78, 0x00, 0x18,
    0x05, 0x00, 0x00, 0x00, 0x70, 0x42, 0xf2, 0x03, 0x00, 0xda, 0x0f, 0x00,
    0x47, 0x19, 0x90, 0x00, 0x00, 0x00, 0x00, 0x00, 0x00, 0x00, 0x80, 0x03,
    0x00, 0xea, 0x0f, 0x00, 0x0c, 0x78, 0x00, 0x18, 0x04, 0x00, 0x00, 0x00,
    0x70, 0x50, 0xf2, 0x03, 0x00, 0xda, 0x0f, 0x00, 0x47, 0x99, 0x80, 0x00,
    0x00, 0x00, 0x00, 0x00, 0x00, 0x00, 0x80, 0x03, 0x00, 0xea, 0x0f, 0x00,
    0x0c, 0x78, 0x00, 0x18, 0x05, 0x00, 0x00, 0x00, 0x70, 0x50, 0xf2, 0x03,
    0x00, 0xda, 0x0f, 0x00, 0x47, 0x19, 0x30, 0x00, 0x10, 0x00, 0x00, 0x00,
    0x00, 0x00, 0x80, 0x03, 0x00, 0xea, 0x0f, 0x00, 0x0b, 0x78, 0x00, 0x40,
    0x08, 0xe5, 0x3c, 0x1e, 0x00, 0xe2, 0xf2, 0x03, 0x00, 0xda, 0x0f, 0x00,
    0x47, 0x99, 0x5c, 0x00, 0x00, 0x00, 0x00, 0x00, 0x00, 0x00, 0x80, 0x03,
    0x00, 0xea, 0x0f, 0x00, 0x08, 0x73, 0x03, 0x00, 0x40, 0x00, 0x00, 0x00,
    0x00, 0x10, 0x00, 0x00, 0x00, 0xa2, 0x0e, 0x00, 0x82, 0x78, 0x04, 0x00,
    0x00, 0x00, 0x80, 0x3f, 0x00, 0x00, 0x00, 0x00, 0x00, 0xe2, 0x0f, 0x00,
    0x45, 0x79, 0x0a, 0x00, 0x20, 0x01, 0x00, 0x00, 0x00, 0x02, 0x80, 0x03,
    0x00, 0xe2, 0x0f, 0x00, 0x02, 0x7c, 0x45, 0x00, 0x04, 0x00, 0x00, 0x00,
    0x00, 0x0f, 0x00, 0x08, 0x00, 0xc8, 0x0f, 0x00, 0x02, 0x73, 0x00, 0x45,
    0x40, 0x00, 0x00, 0x00, 0x00, 0x00, 0x02, 0x00, 0x00, 0x62, 0x0f, 0x00,
    0x23, 0x74, 0x00, 0x40, 0x00, 0x00, 0x80, 0x3f, 0x03, 0x01, 0x00, 0x00,
    0x00, 0xc8, 0x4f, 0x00, 0x23, 0x72, 0x00, 0x03, 0x00, 0x00, 0x00, 0x00,
    0x03, 0x00, 0x00, 0x00, 0x00, 0xc8, 0x0f, 0x00, 0x23, 0x78, 0x03, 0x00,
    0x00, 0x00, 0x80, 0x3f, 0xff, 0x00, 0x00, 0x00, 0x00, 0xc8, 0x0f, 0x00,
    0x23, 0x74, 0x42, 0x40, 0x00, 0x00, 0x80, 0x3f, 0x03, 0x01, 0x00, 0x00,
    0x00, 0xc8, 0x0f, 0x00, 0x23, 0x72, 0x00, 0x00, 0x42, 0x00, 0x00, 0x00,
    0x03, 0x00, 0x00, 0x00, 0x00, 0xe4, 0x0f, 0x00, 0x55, 0x73, 0x42, 0x0a,
    0x00, 0x00, 0x00, 0x00, 0x00, 0x00, 0x10, 0x00, 0x00, 0xaa, 0x0e, 0x00,
    0x47, 0x99, 0x18, 0x00, 0x00, 0x00, 0x00, 0x00, 0x00, 0x00, 0x80, 0x03,
    0x00, 0xea, 0x0f, 0x02, 0x31, 0x74, 0x03, 0xff, 0x00, 0x00, 0x80, 0x3f,
    0xff, 0x01, 0x00, 0x00, 0x00, 0xe2, 0x0f, 0x00, 0x55, 0x73, 0xff, 0x0a,
    0x00, 0x00, 0x00, 0x00, 0x00, 0x00, 0x10, 0x00, 0x00, 0xea, 0x0f, 0x00,
    0x55, 0x73, 0xff, 0x0b, 0x00, 0x00, 0x00, 0x00, 0x00, 0x00, 0x10, 0x00,
    0x00, 0xea, 0x0f, 0x00, 0x02, 0x72, 0x00, 0x00, 0x40, 0x00, 0x00, 0x00,
    0x00, 0x0f, 0x00, 0x00, 0x00, 0xe2, 0x0f, 0x00, 0x02, 0x78, 0x44, 0x00,
    0xf0, 0xb5, 0x00, 0x00, 0x00, 0x0f, 0x00, 0x00, 0x00, 0xce, 0x0f, 0x00,
    0x44, 0x79, 0x74, 0x00, 0x44, 0x00, 0x00, 0x00, 0x00, 0x00, 0xc0, 0x03,
    0x00, 0xea, 0xff, 0x01, 0x56, 0x73, 0x00, 0x0a, 0x42, 0x00, 0x00, 0x00,
    0x00, 0x00, 0x00, 0x00, 0x00, 0xea, 0x45, 0x00, 0x18, 0x79, 0x00, 0x00,
    0x00, 0x00, 0x00, 0x00, 0x00, 0x00, 0x00, 0x00, 0x00, 0xe2, 0x0f, 0x00,
    0x41, 0x79, 0x0a, 0x00, 0x00, 0x00, 0x00, 0x00, 0x00, 0x02, 0x80, 0x03,
    0x00, 0xea, 0x0f, 0x00, 0x20, 0x72, 0x49, 0x41, 0x00, 0x00, 0x00, 0x00,
    0x00, 0x00, 0x40, 0x00, 0x00, 0xe2, 0x0f, 0x00, 0x47, 0x79, 0xcc, 0x00,
    0x0c, 0x00, 0x00, 0x00, 0x00, 0x00, 0x80, 0x03, 0x00, 0xec, 0x0f, 0x00,
    0x0b, 0x72, 0x00, 0x40, 0xff, 0x00, 0x00, 0x00, 0x00, 0xe0, 0xf2, 0x03,
    0x00, 0xe2, 0x0f, 0x00, 0x02, 0x78, 0x00, 0x00, 0xca, 0xf2, 0x49, 0x71,
    0x00, 0x0f, 0x00, 0x00, 0x00, 0xca, 0x0f, 0x00, 0x08, 0x78, 0x00, 0x00,
    0xca, 0xf2, 0x49, 0x71, 0x00, 0x01, 0x80, 0x04, 0x00, 0xca, 0x0f, 0x00,
    0x20, 0x72, 0x49, 0x41, 0x00, 0x00, 0x00, 0x00, 0x00, 0x00, 0x40, 0x00,
    0x00, 0xe2, 0x0f, 0x00, 0x47, 0x79, 0xb8, 0x00, 0x0c, 0x00, 0x00, 0x00,
    0x00, 0x00, 0x80, 0x03, 0x00, 0xec, 0x0f, 0x00, 0x20, 0x72, 0x49, 0x41,
    0x40, 0x00, 0x00, 0x00, 0x00, 0x00, 0x40, 0x00, 0x00, 0xe2, 0x0f, 0x00,
    0x47, 0x79, 0xb0, 0x00, 0x0c, 0x00, 0x00, 0x00, 0x00, 0x00, 0x80, 0x03,
    0x00, 0xec, 0x0f, 0x00, 0x0c, 0x78, 0x00, 0x18, 0x06, 0x00, 0x00, 0x00,
    0x70, 0x50, 0xf2, 0x03, 0x00, 0xda, 0x0f, 0x00, 0x47, 0x99, 0x14, 0x00,
    0x00, 0x00, 0x00, 0x00, 0x00, 0x00, 0x80, 0x03, 0x00, 0xea, 0x0f, 0x00,
    0x0c, 0x78, 0x00, 0x18, 0x0a, 0x00, 0x00, 0x00, 0x70, 0x50, 0xf2, 0x03,
    0x00, 0xda, 0x0f, 0x00, 0x47, 0x19, 0xa0, 0x00, 0x0c, 0x00, 0x00, 0x00,
    0x00, 0x00, 0x80, 0x03, 0x00, 0xea, 0x0f, 0x00, 0x0b, 0x72, 0x00, 0x41,
    0x40, 0x00, 0x00, 0x00, 0x00, 0xe0, 0xf2, 0x03, 0x00, 0xca, 0x0f, 0x00,
    0x08, 0x72, 0x49, 0x41, 0x40, 0x00, 0x00, 0x00, 0x00, 0x00, 0x80, 0x04,
    0x00, 0xe2, 0x0f, 0x00, 0x47, 0x79, 0x94, 0x00, 0x0c, 0x00, 0x00, 0x00,
    0x00, 0x00, 0x80, 0x03, 0x00, 0xee, 0x0f, 0x00, 0x23, 0x72, 0x49, 0x41,
    0x40, 0x00, 0x00, 0x00, 0x48, 0x00, 0x00, 0x00, 0x00, 0xe2, 0x0f, 0x00,
    0x47, 0x79, 0x8c, 0x00, 0x0c, 0x00, 0x00, 0x00, 0x00, 0x00, 0x80, 0x03,
    0x00, 0xec, 0x0f, 0x00, 0x0c, 0x78, 0x00, 0x18, 0x0f, 0x00, 0x00, 0x00,
    0x70, 0x42, 0xf2, 0x03, 0x00, 0xda, 0x0f, 0x00, 0x47, 0x19, 0x9c, 0x00,
    0x04, 0x00, 0x00, 0x00, 0x00, 0x00, 0x80, 0x03, 0x00, 0xea, 0x0f, 0x00,
    0x0c, 0x78, 0x00, 0x18, 0x0d, 0x00, 0x00, 0x00, 0x70, 0x42, 0xf2, 0x03,
    0x00, 0xda, 0x0f, 0x00, 0x47, 0x19, 0x90, 0x00, 0x00, 0x00, 0x00, 0x00,
    0x00, 0x00, 0x80, 0x03, 0x00, 0xea, 0x0f, 0x00, 0x0c, 0x78, 0x00, 0x18,
    0x0b, 0x00, 0x00, 0x00, 0x70, 0x50, 0xf2, 0x03, 0x00, 0xda, 0x0f, 0x00,
    0x47, 0x99, 0x7c, 0x00, 0x00, 0x00, 0x00, 0x00, 0x00, 0x00, 0x80, 0x03,
    0x00, 0xea, 0x0f, 0x00, 0x0c, 0x78, 0x00, 0x18, 0x0d, 0x00, 0x00, 0x00,
    0x70, 0x50, 0xf2, 0x03, 0x00, 0xda, 0x0f, 0x00, 0x47, 0x19, 0x6c, 0x00,
    0x0c, 0x00, 0x00, 0x00, 0x00, 0x00, 0x80, 0x03, 0x00, 0xea, 0x0f, 0x00,
    0x0b, 0x78, 0x00, 0x41, 0x08, 0xe5, 0x3c, 0x1e, 0x00, 0xe2, 0xf2, 0x03,
    0x00, 0xda, 0x0f, 0x00, 0x47, 0x99, 0x5c, 0x00, 0x00, 0x00, 0x00, 0x00,
    0x00, 0x00, 0x80, 0x03, 0x00, 0xea, 0x0f, 0x00, 0x08, 0x73, 0x00, 0x00,
    0x41, 0x00, 0x00, 0x00, 0x00, 0x10, 0x00, 0x00, 0x00, 0xa2, 0x0e, 0x00,
    0x82, 0x78, 0x04, 0x00, 0x00, 0x00, 0x80, 0x3f, 0x00, 0x00, 0x00, 0x00,
    0x00, 0xe2, 0x0f, 0x00, 0x45, 0x79, 0x0a, 0x00, 0x20, 0x01, 0x00, 0x00,
    0x00, 0x02, 0x80, 0x03, 0x00, 0xe2, 0x0f, 0x00, 0x02, 0x7c, 0x42, 0x00,
    0x04, 0x00, 0x00, 0x00, 0x00, 0x0f, 0x00, 0x08, 0x00, 0xc8, 0x0f, 0x00,
    0x02, 0x73, 0x00, 0x42, 0x41, 0x00, 0x00, 0x00, 0x00, 0x00, 0x02, 0x00,
    0x00, 0x62, 0x0f, 0x00, 0x23, 0x74, 0x03, 0x41, 0x00, 0x00, 0x80, 0x3f,
    0x00, 0x01, 0x00, 0x00, 0x00, 0xc8, 0x4f, 0x00, 0x23, 0x72, 0x00, 0x00,
    0x03, 0x00, 0x00, 0x00, 0x00, 0x00, 0x00, 0x00, 0x00, 0xc8, 0x0f, 0x00,
    0x23, 0x78, 0x03, 0x00, 0x00, 0x00, 0x80, 0x3f, 0xff, 0x00, 0x00, 0x00,
    0x00, 0xc8, 0x0f, 0x00, 0x23, 0x74, 0x40, 0x41, 0x00, 0x00, 0x80, 0x3f,
    0x03, 0x01, 0x00, 0x00, 0x00, 0xc8, 0x0f, 0x00, 0x23, 0x72, 0x00, 0x00,
    0x40, 0x00, 0x00, 0x00, 0x03, 0x00, 0x00, 0x00, 0x00, 0xe4, 0x0f, 0x00,
    0x55, 0x73, 0x40, 0x0a, 0x00, 0x00, 0x00, 0x00, 0x00, 0x00, 0x10, 0x00,
    0x00, 0xaa, 0x0e, 0x00, 0x47, 0x99, 0x18, 0x00, 0x00, 0x00, 0x00, 0x00,
    0x00, 0x00, 0x80, 0x03, 0x00, 0xea, 0x0f, 0x02, 0x31, 0x74, 0x03, 0xff,
    0x00, 0x00, 0x80, 0x3f, 0xff, 0x01, 0x00, 0x00, 0x00, 0xe2, 0x0f, 0x00,
    0x55, 0x73, 0xff, 0x0a, 0x00, 0x00, 0x00, 0x00, 0x00, 0x00, 0x10, 0x00,
    0x00, 0xea, 0x0f, 0x00, 0x55, 0x73, 0xff, 0x0b, 0x00, 0x00, 0x00, 0x00,
    0x00, 0x00, 0x10, 0x00, 0x00, 0xea, 0x0f, 0x00, 0x02, 0x72, 0x00, 0x00,
    0x41, 0x00, 0x00, 0x00, 0x00, 0x0f, 0x00, 0x00, 0x00, 0xe2, 0x0f, 0x00,
    0x02, 0x78, 0x44, 0x00, 0x00, 0xb9, 0x00, 0x00, 0x00, 0x0f, 0x00, 0x00,
    0x00, 0xce, 0x0f, 0x00, 0x44, 0x79, 0xb0, 0x00, 0x40, 0x00, 0x00, 0x00,
    0x00, 0x00, 0xc0, 0x03, 0x00, 0xea, 0xff, 0x01, 0x56, 0x73, 0x00, 0x0a,
    0x40, 0x00, 0x00, 0x00, 0x00, 0x00, 0x00, 0x00, 0x00, 0xea, 0x45, 0x00,
    0x18, 0x79, 0x00, 0x00, 0x00, 0x00, 0x00, 0x00, 0x00, 0x00, 0x00, 0x00,
    0x00, 0xe2, 0x0f, 0x00, 0x41, 0x79, 0x0a, 0x00, 0x00, 0x00, 0x00, 0x00,
    0x00, 0x02, 0x80, 0x03, 0x00, 0xea, 0x0f, 0x00, 0x02, 0x72, 0x49, 0x00,
    0x00, 0x00, 0x00, 0x00, 0x00, 0x0f, 0x00, 0x00, 0x00, 0xe2, 0x0f, 0x00,
    0x47, 0x79, 0x08, 0x00, 0x0c, 0x00, 0x00, 0x00, 0x00, 0x00, 0x80, 0x03,
    0x00, 0xec, 0x0f, 0x00, 0x0b, 0x72, 0x00, 0x41, 0xff, 0x00, 0x00, 0x00,
    0x00, 0xe0, 0xf2, 0x03, 0x00, 0xe2, 0x0f, 0x00, 0x31, 0x74, 0x49, 0xff,
    0xca, 0xf2, 0x49, 0x71, 0xff, 0x01, 0x00, 0x00, 0x00, 0xca, 0x0f, 0x00,
    0x08, 0x78, 0x49, 0x49, 0xca, 0xf2, 0x49, 0x71, 0x00, 0x01, 0x80, 0x04,
    0x00, 0xe2, 0x0f, 0x00, 0x47, 0x79, 0xf8, 0x00, 0x08, 0x00, 0x00, 0x00,
    0x00, 0x00, 0x80, 0x03, 0x00, 0xec, 0x0f, 0x00, 0x0b, 0x72, 0x00, 0x41,
    0x40, 0x00, 0x00, 0x00, 0x00, 0x40, 0xf2, 0x03, 0x00, 0xca, 0x0f, 0x00,
    0x08, 0x72, 0x49, 0x41, 0x40, 0x00, 0x00, 0x00, 0x00, 0x00, 0x80, 0x00,
    0x00, 0xe2, 0x0f, 0x00, 0x47, 0x79, 0xec, 0x00, 0x08, 0x00, 0x00, 0x00,
    0x00, 0x00, 0x80, 0x03, 0x00, 0xee, 0x0f, 0x00, 0x0c, 0x78, 0x00, 0x18,
    0x0e, 0x00, 0x00, 0x00, 0x70, 0x50, 0xf2, 0x03, 0x00, 0xda, 0x0f, 0x00,
    0x47, 0x99, 0x54, 0x00, 0x00, 0x00, 0x00, 0x00, 0x00, 0x00, 0x80, 0x03,
    0x00, 0xea, 0x0f, 0x00, 0x0b, 0x72, 0x00, 0x41, 0xff, 0x00, 0x00, 0x00,
    0x00, 0x40, 0xf2, 0x03, 0x00, 0xca, 0x0f, 0x00, 0x0c, 0x78, 0x00, 0x18,
    0x0f, 0x00, 0x00, 0x00, 0x70, 0x54, 0xf2, 0x04, 0x00, 0xda, 0x0f, 0x00,
    0x47, 0x19, 0xd8, 0x00, 0x08, 0x00, 0x00, 0x00, 0x00, 0x00, 0x80, 0x03,
    0x00, 0xea, 0x0f, 0x00, 0x35, 0x78, 0x00, 0x41, 0x00, 0x00, 0x00, 0xf3,
    0x00, 0x00, 0x8e, 0x07, 0x00, 0xe2, 0x0f, 0x00, 0x08, 0x73, 0x40, 0x00,
    0x41, 0x00, 0x00, 0x00, 0x00, 0x14, 0x00, 0x00, 0x00, 0x22, 0x04, 0x00,
    0x45, 0x79, 0x0a, 0x00, 0xe0, 0x00, 0x00, 0x00, 0x00, 0x02, 0x80, 0x03,
    0x00, 0xe6, 0x0f, 0x00, 0x0c, 0x78, 0x00, 0x00, 0xff, 0xff, 0x7f, 0x72,
    0x70, 0x40, 0xf2, 0x03, 0x00, 0xda, 0x0f, 0x00, 0x47, 0x99, 0x18, 0x00,
    0x00, 0x00, 0x00, 0x00, 0x00, 0x00, 0x80, 0x03, 0x00, 0xea, 0x0f, 0x00,
    0x55, 0x73, 0xff, 0x0b, 0x00, 0x00, 0x00, 0x00, 0x00, 0x00, 0x10, 0x00,
    0x00, 0xea, 0x0f, 0x00, 0x02, 0x72, 0x00, 0x00, 0x41, 0x00, 0x00, 0x00,
    0x00, 0x0f, 0x00, 0x00, 0x00, 0xe2, 0x0f, 0x00, 0x02, 0x78, 0x50, 0x00,
    0xa0, 0xba, 0x00, 0x00, 0x00, 0x0f, 0x00, 0x00, 0x00, 0xce, 0x0f, 0x00,
    0x44, 0x79, 0xf0, 0x00, 0x3c, 0x00, 0x00, 0x00, 0x00, 0x00, 0xc0, 0x03,
    0x00, 0xea, 0xff, 0x01, 0x02, 0x72, 0x49, 0x00, 0x03, 0x00, 0x00, 0x00,
    0x00, 0x0f, 0x00, 0x00, 0x00, 0xe2, 0x0f, 0x00, 0x47, 0x79, 0x10, 0x00,
    0x00, 0x00, 0x00, 0x00, 0x00, 0x00, 0x80, 0x03, 0x00, 0xec, 0x0f, 0x00,
    0x20, 0x72, 0x00, 0x41, 0x40, 0x00, 0x00, 0x00, 0x00, 0x00, 0x41, 0x00,
    0x00, 0xe2, 0x1f, 0x00, 0x20, 0x78, 0x49, 0x40, 0x00, 0x00, 0x00, 0x3f,
    0x00, 0x00, 0x41, 0x00, 0x00, 0xc6, 0x0f, 0x00, 0x23, 0x72, 0x41, 0x00,
    0x00, 0x00, 0x00, 0x00, 0x41, 0x01, 0x00, 0x00, 0x00, 0xc8, 0x4f, 0x00,
    0x23, 0x72, 0x49, 0x41, 0x49, 0x00, 0x00, 0x00, 0x00, 0x00, 0x00, 0x00,
    0x00, 0xce, 0x0f, 0x00, 0x18, 0x79, 0x00, 0x00, 0x00, 0x00, 0x00, 0x00,
    0x00, 0x00, 0x00, 0x00, 0x00, 0xe2, 0x0f, 0x00, 0x41, 0x79, 0x0a, 0x00,
    0x00, 0x00, 0x00, 0x00, 0x00, 0x02, 0x80, 0x03, 0x00, 0xea, 0x0f, 0x00,
    0x47, 0x79, 0x90, 0x00, 0x08, 0x00, 0x00, 0x00, 0x00, 0x00, 0x80, 0x03,
    0x00, 0xea, 0x0f, 0x00, 0x0b, 0x72, 0x00, 0x41, 0xff, 0x00, 0x00, 0x00,
    0x00, 0x40, 0xf2, 0x03, 0x00, 0xe2, 0x0f, 0x00, 0x31, 0x74, 0x49, 0xff,
    0xca, 0xf2, 0x49, 0x71, 0xff, 0x01, 0x00, 0x00, 0x00, 0xd8, 0x0f, 0x00,
    0x47, 0x99, 0x84, 0x00, 0x08, 0x00, 0x00, 0x00, 0x00, 0x00, 0x80, 0x03,
    0x00, 0xea, 0x0f, 0x00, 0x35, 0x78, 0x00, 0x41, 0x00, 0x00, 0x00, 0xf3,
    0x00, 0x00, 0x8e, 0x07, 0x00, 0xe2, 0x0f, 0x00, 0x08, 0x73, 0x40, 0x00,
    0x41, 0x00, 0x00, 0x00, 0x00, 0x14, 0x00, 0x00, 0x00, 0x22, 0x04, 0x00,
    0x45, 0x79, 0x0a, 0x00, 0xd0, 0x00, 0x00, 0x00, 0x00, 0x02, 0x80, 0x03,
    0x00, 0xe6, 0x0f, 0x00, 0x0c, 0x78, 0x00, 0x00, 0xff, 0xff, 0x7f, 0x72,
    0x70, 0x40, 0xf2, 0x03, 0x00, 0xda, 0x0f, 0x00, 0x47, 0x99, 0x14, 0x00,
    0x00, 0x00, 0x00, 0x00, 0x00, 0x00, 0x80, 0x03, 0x00, 0xea, 0x0f, 0x00,
    0x55, 0x73, 0xff, 0x0b, 0x00, 0x00, 0x00, 0x00, 0x00, 0x00, 0x10, 0x00,
    0x00, 0xea, 0x0f, 0x00, 0x02, 0x72, 0x00, 0x00, 0x41, 0x00, 0x00, 0x00,
    0x00, 0x0f, 0x00, 0x00, 0x00, 0xe2, 0x0f, 0x00, 0x02, 0x78, 0x50, 0x00,
    0xf0, 0xbb, 0x00, 0x00, 0x00, 0x0f, 0x00, 0x00, 0x00, 0xce, 0x0f, 0x00,
    0x44, 0x79, 0x9c, 0x00, 0x3c, 0x00, 0x00, 0x00, 0x00, 0x00, 0xc0, 0x03,
    0x00, 0xea, 0xff, 0x01, 0x47, 0x79, 0x10, 0x00, 0x00, 0x00, 0x00, 0x00,
    0x00, 0x00, 0x80, 0x03, 0x00, 0xea, 0x0f, 0x00, 0x20, 0x72, 0x00, 0x41,
    0x40, 0x00, 0x00, 0x00, 0x00, 0x00, 0x41, 0x00, 0x00, 0xe2, 0x1f, 0x00,
    0x20, 0x78, 0x40, 0x40, 0x00, 0x00, 0x00, 0x3f, 0x00, 0x00, 0x41, 0x00,
    0x00, 0xc6, 0x0f, 0x00, 0x23, 0x72, 0x03, 0x00, 0x00, 0x00, 0x00, 0x00,
    0x41, 0x01, 0x00, 0x00, 0x00, 0xc8, 0x0f, 0x00, 0x23, 0x72, 0x03, 0x03,
    0x40, 0x00, 0x00, 0x00, 0x00, 0x00, 0x00, 0x00, 0x00, 0xce, 0x0f, 0x00,
    0x18, 0x79, 0x00, 0x00, 0x00, 0x00, 0x00, 0x00, 0x00, 0x00, 0x00, 0x00,
    0x00, 0xe2, 0x0f, 0x00, 0x41, 0x79, 0x0a, 0x00, 0x00, 0x00, 0x00, 0x00,
    0x00, 0x02, 0x80, 0x03, 0x00, 0xea, 0x0f, 0x00, 0x08, 0x73, 0x00, 0x00,
    0x03, 0x00, 0x00, 0x00, 0x00, 0x10, 0x00, 0x00, 0x00, 0xa2, 0x0e, 0x00,
    0x82, 0x78, 0x04, 0x00, 0x00, 0x00, 0x80, 0x3f, 0x00, 0x00, 0x00, 0x00,
    0x00, 0xe2, 0x0f, 0x00, 0x45, 0x79, 0x0a, 0x00, 0x20, 0x01, 0x00, 0x00,
    0x00, 0x02, 0x80, 0x03, 0x00, 0xe2, 0x0f, 0x00, 0x02, 0x7c, 0x42, 0x00,
    0x04, 0x00, 0x00, 0x00, 0x00, 0x0f, 0x00, 0x08, 0x00, 0xc8, 0x0f, 0x00,
    0x02, 0x73, 0x00, 0x42, 0x03, 0x00, 0x00, 0x00, 0x00, 0x00, 0x02, 0x00,
    0x00, 0x22, 0x0e, 0x00, 0x23, 0x74, 0x41, 0x00, 0x00, 0x00, 0x80, 0x3f,
    0x03, 0x08, 0x00, 0x00, 0x00, 0xc8, 0x4f, 0x00, 0x23, 0x72, 0x00, 0x00,
    0x41, 0x00, 0x00, 0x00, 0x00, 0x00, 0x00, 0x00, 0x00, 0xc8, 0x0f, 0x00,
    0x23, 0x78, 0x40, 0x00, 0x00, 0x00, 0x80, 0x3f, 0xff, 0x00, 0x00, 0x00,
    0x00, 0xc8, 0x0f, 0x00, 0x23, 0x74, 0x41, 0x40, 0x00, 0x00, 0x80, 0x3f,
    0x03, 0x08, 0x00, 0x00, 0x00, 0xc8, 0x0f, 0x00, 0x23, 0x72, 0x00, 0x00,
    0x41, 0x00, 0x00, 0x00, 0x40, 0x00, 0x00, 0x00, 0x00, 0xe4, 0x0f, 0x00,
    0x55, 0x73, 0x40, 0x0a, 0x00, 0x00, 0x00, 0x00, 0x00, 0x00, 0x10, 0x00,
    0x00, 0xaa, 0x0e, 0x00, 0x47, 0x99, 0x18, 0x00, 0x00, 0x00, 0x00, 0x00,
    0x00, 0x00, 0x80, 0x03, 0x00, 0xea, 0x1f, 0x00, 0x02, 0x72, 0x00, 0x00,
    0x03, 0x00, 0x00, 0x00, 0x00, 0x0f, 0x00, 0x00, 0x00, 0xe2, 0x0f, 0x00,
    0x31, 0x74, 0x03, 0xff, 0x00, 0x00, 0x80, 0x3f, 0xff, 0x01, 0x00, 0x00,
    0x00, 0xe2, 0x0f, 0x00, 0x55, 0x73, 0xff, 0x0a, 0x00, 0x00, 0x00, 0x00,
    0x00, 0x00, 0x10, 0x00, 0x00, 0xea, 0x0f, 0x00, 0x55, 0x73, 0xff, 0x0b,
    0x00, 0x00, 0x00, 0x00, 0x00, 0x00, 0x10, 0x00, 0x00, 0xea, 0x0f, 0x00,
    0x02, 0x78, 0x44, 0x00, 0x80, 0xbd, 0x00, 0x00, 0x00, 0x0f, 0x00, 0x00,
    0x00, 0xce, 0x0f, 0x00, 0x44, 0x79, 0x90, 0x00, 0x3c, 0x00, 0x00, 0x00,
    0x00, 0x00, 0xc0, 0x03, 0x00, 0xea, 0xef, 0x01, 0x56, 0x73, 0x00, 0x0a,
    0x40, 0x00, 0x00, 0x00, 0x00, 0x00, 0x00, 0x00, 0x00, 0xea, 0x41, 0x00,
    0x18, 0x79, 0x00, 0x00, 0x00, 0x00, 0x00, 0x00, 0x00, 0x00, 0x00, 0x00,
    0x00, 0xe2, 0x0f, 0x00, 0x41, 0x79, 0x0a, 0x00, 0x00, 0x00, 0x00, 0x00,
    0x00, 0x02, 0x80, 0x03, 0x00, 0xea, 0x0f, 0x00, 0x02, 0x72, 0x49, 0x00,
    0x00, 0x00, 0x00, 0x00, 0x00, 0x0f, 0x00, 0x00, 0x00, 0xe2, 0x0f, 0x00,
    0x47, 0x79, 0xe8, 0x00, 0x04, 0x00, 0x00, 0x00, 0x00, 0x00, 0x80, 0x03,
    0x00, 0xec, 0x0f, 0x00, 0x0c, 0x78, 0x00, 0x18, 0x11, 0x00, 0x00, 0x00,
    0x70, 0x42, 0xf2, 0x03, 0x00, 0xda, 0x0f, 0x00, 0x47, 0x19, 0x20, 0x00,
    0x00, 0x00, 0x00, 0x00, 0x00, 0x00, 0x80, 0x03, 0x00, 0xea, 0x0f, 0x00,
    0x0c, 0x78, 0x00, 0x18, 0x10, 0x00, 0x00, 0x00, 0x70, 0x50, 0xf2, 0x03,
    0x00, 0xda, 0x0f, 0x00, 0x47, 0x99, 0x10, 0x00, 0x00, 0x00, 0x00, 0x00,
    0x00, 0x00, 0x80, 0x03, 0x00, 0xea, 0x0f, 0x00, 0x0c, 0x78, 0x00, 0x18,
    0x11, 0x00, 0x00, 0x00, 0x70, 0x50, 0xf2, 0x03, 0x00, 0xda, 0x0f, 0x00,
    0x47, 0x19, 0xd0, 0x00, 0x04, 0x00, 0x00, 0x00, 0x00, 0x00, 0x80, 0x03,
    0x00, 0xea, 0x0f, 0x00, 0x21, 0x72, 0x49, 0x41, 0xff, 0x00, 0x00, 0x80,
    0x00, 0x01, 0x00, 0x00, 0x00, 0xe2, 0x0f, 0x00, 0x47, 0x79, 0xc8, 0x00,
    0x04, 0x00, 0x00, 0x00, 0x00, 0x00, 0x80, 0x03, 0x00, 0xec, 0x0f, 0x00,
    0x21, 0x72, 0x49, 0x41, 0xff, 0x00, 0x00, 0x80, 0x00, 0x02, 0x00, 0x00,
    0x00, 0xe2, 0x0f, 0x00, 0x47, 0x79, 0xc0, 0x00, 0x04, 0x00, 0x00, 0x00,
    0x00, 0x00, 0x80, 0x03, 0x00, 0xec, 0x0f, 0x00, 0x0c, 0x78, 0x00, 0x18,
    0x12, 0x00, 0x00, 0x00, 0x70, 0x50, 0xf2, 0x03, 0x00, 0xda, 0x0f, 0x00,
    0x47, 0x99, 0x14, 0x00, 0x00, 0x00, 0x00, 0x00, 0x00, 0x00, 0x80, 0x03,
    0x00, 0xea, 0x0f, 0x00, 0x0c, 0x78, 0x00, 0x18, 0x13, 0x00, 0x00, 0x00,
    0x70, 0x50, 0xf2, 0x03, 0x00, 0xda, 0x0f, 0x00, 0x47, 0x19, 0xb0, 0x00,
    0x04, 0x00, 0x00, 0x00, 0x00, 0x00, 0x80, 0x03, 0x00, 0xea, 0x0f, 0x00,
    0x07, 0x73, 0x00, 0x00, 0x41, 0x00, 0x00, 0x00, 0x00, 0x50, 0x20, 0x00,
    0x00, 0xa4, 0x0e, 0x00, 0x21, 0x72, 0x49, 0x41, 0x00, 0x00, 0x00, 0x80,
    0x00, 0x00, 0x00, 0x00, 0x00, 0xe2, 0x4f, 0x00, 0x47, 0x79, 0xa4, 0x00,
    0x04, 0x00, 0x00, 0x00, 0x00, 0x00, 0x80, 0x03, 0x00, 0xec, 0x0f, 0x00,
    0x07, 0x73, 0x49, 0x00, 0x41, 0x00, 0x00, 0x00, 0x00, 0x50, 0x20, 0x00,
    0x00, 0x62, 0x04, 0x00, 0x47, 0x79, 0x9c, 0x00, 0x04, 0x00, 0x00, 0x00,
    0x00, 0x00, 0x80, 0x03, 0x00, 0xea, 0x0f, 0x00, 0x0c, 0x78, 0x00, 0x18,
    0x1a, 0x00, 0x00, 0x00, 0x70, 0x42, 0xf2, 0x03, 0x00, 0xda, 0x0f, 0x00,
    0x47, 0x19, 0xf0, 0x00, 0x00, 0x00, 0x00, 0x00, 0x00, 0x00, 0x80, 0x03,
    0x00, 0xea, 0x0f, 0x00, 0x0c, 0x78, 0x00, 0x18, 0x16, 0x00, 0x00, 0x00,
    0x70, 0x42, 0xf2, 0x03, 0x00, 0xda, 0x0f, 0x00, 0x47, 0x19, 0x48, 0x00,
    0x00, 0x00, 0x00, 0x00, 0x00, 0x00, 0x80, 0x03, 0x00, 0xea, 0x0f, 0x00,
    0x0c, 0x78, 0x00, 0x18, 0x14, 0x00, 0x00, 0x00, 0x70, 0x50, 0xf2, 0x03,
    0x00, 0xda, 0x0f, 0x00, 0x47, 0x99, 0x28, 0x00, 0x00, 0x00, 0x00, 0x00,
    0x00, 0x00, 0x80, 0x03, 0x00, 0xea, 0x0f, 0x00, 0x0c, 0x78, 0x00, 0x18,
    0x15, 0x00, 0x00, 0x00, 0x70, 0x50, 0xf2, 0x03, 0x00, 0xda, 0x0f, 0x00,
    0x47, 0x99, 0x14, 0x00, 0x00, 0x00, 0x00, 0x00, 0x00, 0x00, 0x80, 0x03,
    0x00, 0xea, 0x0f, 0x00, 0x0c, 0x78, 0x00, 0x18, 0x16, 0x00, 0x00, 0x00,
    0x70, 0x50, 0xf2, 0x03, 0x00, 0xda, 0x0f, 0x00, 0x47, 0x19, 0x74, 0x00,
    0x04, 0x00, 0x00, 0x00, 0x00, 0x00, 0x80, 0x03, 0x00, 0xea, 0x0f, 0x00,
    0x20, 0x78, 0x41, 0x41, 0x83, 0xf9, 0x22, 0x3e, 0x00, 0xc0, 0x40, 0x00,
    0x00, 0xc8, 0x0f, 0x00, 0x08, 0x73, 0x49, 0x00, 0x41, 0x00, 0x00, 0x00,
    0x00, 0x00, 0x00, 0x00, 0x00, 0x62, 0x04, 0x00, 0x47, 0x79, 0x68, 0x00,
    0x04, 0x00, 0x00, 0x00, 0x00, 0x00, 0x80, 0x03, 0x00, 0xea, 0x0f, 0x00,
    0x20, 0x78, 0x41, 0x41, 0x83, 0xf9, 0x22, 0x3e, 0x00, 0xc0, 0x40, 0x00,
    0x00, 0xc8, 0x0f, 0x00, 0x08, 0x73, 0x49, 0x00, 0x41, 0x00, 0x00, 0x00,
    0x00, 0x04, 0x00, 0x00, 0x00, 0x62, 0x04, 0x00, 0x47, 0x79, 0x5c, 0x00,
    0x04, 0x00, 0x00, 0x00, 0x00, 0x00, 0x80, 0x03, 0x00, 0xea, 0x0f, 0x00,
    0x0b, 0x72, 0x00, 0x41, 0xff, 0x00, 0x00, 0x00, 0x00, 0x10, 0xf2, 0x03,
    0x00, 0xca, 0x0f, 0x00, 0x07, 0x78, 0x49, 0xff, 0xff, 0xff, 0xff, 0xff,
    0x00, 0x00, 0x80, 0x04, 0x00, 0xe2, 0x0f, 0x00, 0x0b, 0x72, 0x00, 0x41,
    0xff, 0x00, 0x00, 0x00, 0x00, 0x40, 0xf2, 0x03, 0x00, 0xc8, 0x0f, 0x00,
    0x45, 0x72, 0x49, 0x00, 0x49, 0x00, 0x00, 0x00, 0x00, 0x14, 0x20, 0x00,
    0x00, 0xca, 0x0f, 0x00, 0x08, 0x78, 0x49, 0x49, 0x00, 0x00, 0x80, 0x3f,
    0x00, 0x00, 0x80, 0x04, 0x00, 0xe2, 0x0f, 0x00, 0x47, 0x79, 0x44, 0x00,
    0x04, 0x00, 0x00, 0x00, 0x00, 0x00, 0x80, 0x03, 0x00, 0xec, 0x0f, 0x00,
    0x0c, 0x78, 0x00, 0x18, 0x18, 0x00, 0x00, 0x00, 0x70, 0x42, 0xf2, 0x03,
    0x00, 0xda, 0x0f, 0x00, 0x47, 0x19, 0x5c, 0x00, 0x00, 0x00, 0x00, 0x00,
    0x00, 0x00, 0x80, 0x03, 0x00, 0xea, 0x0f, 0x00, 0x0c, 0x78, 0x00, 0x18,
    0x17, 0x00, 0x00, 0x00, 0x70, 0x50, 0xf2, 0x03, 0x00, 0xda, 0x0f, 0x00,
    0x47, 0x99, 0x20, 0x00, 0x00, 0x00, 0x00, 0x00, 0x00, 0x00, 0x80, 0x03,
    0x00, 0xea, 0x0f, 0x00, 0x0c, 0x78, 0x00, 0x18, 0x18, 0x00, 0x00, 0x00,
    0x70, 0x50, 0xf2, 0x03, 0x00, 0xda, 0x0f, 0x00, 0x47, 0x19, 0x2c, 0x00,
    0x04, 0x00, 0x00, 0x00, 0x00, 0x00, 0x80, 0x03, 0x00, 0xea, 0x0f, 0x00,
    0x0b, 0x78, 0x00, 0x41, 0x00, 0x00, 0xfc, 0xc2, 0x00, 0xe0, 0xf2, 0x03,
    0x00, 0xe2, 0x0f, 0x04, 0x20, 0x78, 0x00, 0x41, 0x00, 0x00, 0x00, 0x3f,
    0x00, 0x00, 0x40, 0x00, 0x00, 0xca, 0x0f, 0x00, 0x08, 0x72, 0x00, 0x00,
    0x41, 0x00, 0x00, 0x00, 0x00, 0x00, 0x80, 0x04, 0x00, 0xc8, 0x0f, 0x00,
    0x08, 0x73, 0x49, 0x00, 0x00, 0x00, 0x00, 0x00, 0x00, 0x08, 0x00, 0x00,
    0x00, 0xa6, 0x0e, 0x00, 0x20, 0x92, 0x49, 0x49, 0x49, 0x00, 0x00, 0x00,
    0x00, 0x00, 0x40, 0x00, 0x00, 0xe2, 0x4f, 0x00, 0x47, 0x79, 0x14, 0x00,
    0x04, 0x00, 0x00, 0x00, 0x00, 0x00, 0x80, 0x03, 0x00, 0xec, 0x0f, 0x00,
    0x0b, 0x72, 0x00, 0x41, 0xff, 0x00, 0x00, 0x00, 0x00, 0x40, 0xf2, 0x03,
    0x00, 0xda, 0x0f, 0x00, 0x47, 0x99, 0x0c, 0x00, 0x04, 0x00, 0x00, 0x00,
    0x00, 0x00, 0x80, 0x03, 0x00, 0xea, 0x0f, 0x00, 0x0b, 0x78, 0x00, 0x41,
    0x00, 0x00, 0x80, 0x00, 0x00, 0xe2, 0xf2, 0x03, 0x00, 0xe2, 0x0f, 0x04,
    0x20, 0x78, 0x00, 0x41, 0x00, 0x00, 0x80, 0x4b, 0x00, 0x00, 0x40, 0x00,
    0x00, 0xca, 0x0f, 0x00, 0x08, 0x72, 0x00, 0x00, 0x41, 0x00, 0x00, 0x00,
    0x00, 0x00, 0x80, 0x04, 0x00, 0xc8, 0x0f, 0x00, 0x08, 0x73, 0x03, 0x00,
    0x00, 0x00, 0x00, 0x00, 0x00, 0x0c, 0x00, 0x00, 0x00, 0xa6, 0x0e, 0x00,
    0x21, 0x94, 0x03, 0x03, 0x00, 0x00, 0xc0, 0xc1, 0x00, 0x00, 0x00, 0x00,
    0x00, 0xc8, 0x4f, 0x00, 0x20, 0x72, 0x03, 0x40, 0x03, 0x00, 0x00, 0x00,
    0x00, 0x00, 0x40, 0x00, 0x00, 0xca, 0x0f, 0x00, 0x0b, 0x78, 0x00, 0x03,
    0x00, 0x00, 0xfc, 0xc2, 0x00, 0xe0, 0xf2, 0x03, 0x00, 0xda, 0x0f, 0x00,
    0x20, 0x98, 0x03, 0x03, 0x00, 0x00, 0x00, 0x3f, 0x00, 0x00, 0x40, 0x00,
    0x00, 0xc8, 0x0f, 0x00, 0x08, 0x73, 0x49, 0x00, 0x03, 0x00, 0x00, 0x00,
    0x00, 0x08, 0x00, 0x00, 0x00, 0xa4, 0x0e, 0x00, 0x20, 0x92, 0x49, 0x49,
    0x49, 0x00, 0x00, 0x00, 0x00, 0x00, 0x40, 0x00, 0x00, 0xe2, 0x4f, 0x00,
    0x47, 0x79, 0xe0, 0x00, 0x00, 0x00, 0x00, 0x00, 0x00, 0x00, 0x80, 0x03,
    0x00, 0xec, 0x0f, 0x00, 0x0c, 0x78, 0x00, 0x18, 0x19, 0x00, 0x00, 0x00,
    0x70, 0x50, 0xf2, 0x03, 0x00, 0xda, 0x0f, 0x00, 0x47, 0x99, 0x10, 0x00,
    0x00, 0x00, 0x00, 0x00, 0x00, 0x00, 0x80, 0x03, 0x00, 0xea, 0x0f, 0x00,
    0x0c, 0x78, 0x00, 0x18, 0x1a, 0x00, 0x00, 0x00, 0x70, 0x50, 0xf2, 0x03,
    0x00, 0xda, 0x0f, 0x00, 0x47, 0x19, 0xd0, 0x00, 0x00, 0x00, 0x00, 0x00,
    0x00, 0x00, 0x80, 0x03, 0x00, 0xea, 0x0f, 0x00, 0x0a, 0x72, 0x49, 0x41,
    0x40, 0x00, 0x00, 0x00, 0x00, 0x10, 0x80, 0x03, 0x00, 0xe2, 0x0f, 0x00,
    0x47, 0x79, 0xc8, 0x00, 0x00, 0x00, 0x00, 0x00, 0x00, 0x00, 0x80, 0x03,
    0x00, 0xec, 0x0f, 0x00, 0x0b, 0x72, 0x00, 0x41, 0xff, 0x00, 0x00, 0x00,
    0x00, 0x40, 0xf2, 0x03, 0x00, 0xe2, 0x0f, 0x00, 0x31, 0x74, 0x49, 0xff,
    0xca, 0xf2, 0x49, 0xf1, 0xff, 0x01, 0x00, 0x00, 0x00, 0xd8, 0x0f, 0x00,
    0x47, 0x99, 0xbc, 0x00, 0x00, 0x00, 0x00, 0x00, 0x00, 0x00, 0x80, 0x03,
    0x00, 0xea, 0x0f, 0x00, 0x0b, 0x78, 0x00, 0x41, 0x00, 0x00, 0x80, 0x00,
    0x00, 0xe2, 0xf2, 0x03, 0x00, 0xe2, 0x0f, 0x04, 0x20, 0x78, 0x00, 0x41,
    0x00, 0x00, 0x80, 0x4b, 0x00, 0x00, 0x40, 0x00, 0x00, 0xca, 0x0f, 0x00,
    0x08, 0x72, 0x00, 0x00, 0x41, 0x00, 0x00, 0x00, 0x00, 0x00, 0x80, 0x04,
    0x00, 0xc8, 0x0f, 0x00, 0x08, 0x73, 0x49, 0x00, 0x00, 0x00, 0x00, 0x00,
    0x00, 0x0c, 0x00, 0x00, 0x00, 0xa6, 0x0e, 0x00, 0x21, 0x94, 0x49, 0x49,
    0x00, 0x00, 0xc0, 0xc1, 0x00, 0x00, 0x00, 0x00, 0x00, 0xe2, 0x4f, 0x00,
    0x47, 0x79, 0xa4, 0x00, 0x00, 0x00, 0x00, 0x00, 0x00, 0x00, 0x80, 0x03,
    0x00, 0xec, 0x0f, 0x00, 0x0c, 0x78, 0x00, 0x18, 0x1e, 0x00, 0x00, 0x00,
    0x70, 0x42, 0xf2, 0x03, 0x00, 0xda, 0x0f, 0x00, 0x47, 0x19, 0x48, 0x00,
    0x00, 0x00, 0x00, 0x00, 0x00, 0x00, 0x80, 0x03, 0x00, 0xea, 0x0f, 0x00,
    0x0c, 0x78, 0x00, 0x18, 0x1c, 0x00, 0x00, 0x00, 0x70, 0x42, 0xf2, 0x03,
    0x00, 0xda, 0x0f, 0x00, 0x47, 0x19, 0x20, 0x00, 0x00, 0x00, 0x00, 0x00,
    0x00, 0x00, 0x80, 0x03, 0x00, 0xea, 0x0f, 0x00, 0x0c, 0x78, 0x00, 0x18,
    0x1b, 0x00, 0x00, 0x00, 0x70, 0x50, 0xf2, 0x03, 0x00, 0xda, 0x0f, 0x00,
    0x47, 0x99, 0x10, 0x00, 0x00, 0x00, 0x00, 0x00, 0x00, 0x00, 0x80, 0x03,
    0x00, 0xea, 0x0f, 0x00, 0x0c, 0x78, 0x00, 0x18, 0x1c, 0x00, 0x00, 0x00,
    0x70, 0x50, 0xf2, 0x03, 0x00, 0xda, 0x0f, 0x00, 0x47, 0x19, 0x84, 0x00,
    0x00, 0x00, 0x00, 0x00, 0x00, 0x00, 0x80, 0x03, 0x00, 0xea, 0x0f, 0x00,
    0x0a, 0x72, 0x49, 0x41, 0x40, 0x00, 0x00, 0x00, 0x00, 0x40, 0x80, 0x03,
    0x00, 0xe2, 0x0f, 0x00, 0x47, 0x79, 0x7c, 0x00, 0x00, 0x00, 0x00, 0x00,
    0x00, 0x00, 0x80, 0x03, 0x00, 0xec, 0x0f, 0x00, 0x0a, 0x72, 0x49, 0x41,
    0x40, 0x00, 0x00, 0x00, 0x00, 0x30, 0x80, 0x03, 0x00, 0xe2, 0x0f, 0x00,
    0x47, 0x79, 0x74, 0x00, 0x00, 0x00, 0x00, 0x00, 0x00, 0x00, 0x80, 0x03,
    0x00, 0xec, 0x0f, 0x00, 0x0c, 0x78, 0x00, 0x18, 0x1d, 0x00, 0x00, 0x00,
    0x70, 0x50, 0xf2, 0x03, 0x00, 0xda, 0x0f, 0x00, 0x47, 0x99, 0x10, 0x00,
    0x00, 0x00, 0x00, 0x00, 0x00, 0x00, 0x80, 0x03, 0x00, 0xea, 0x0f, 0x00,
    0x0c, 0x78, 0x00, 0x18, 0x1e, 0x00, 0x00, 0x00, 0x70, 0x50, 0xf2, 0x03,
    0x00, 0xda, 0x0f, 0x00, 0x47, 0x19, 0x64, 0x00, 0x00, 0x00, 0x00, 0x00,
    0x00, 0x00, 0x80, 0x03, 0x00, 0xea, 0x0f, 0x00, 0x0a, 0x72, 0x49, 0x41,
    0x40, 0x00, 0x00, 0x00, 0x00, 0x20, 0x80, 0x03, 0x00, 0xe2, 0x0f, 0x00,
    0x47, 0x79, 0x5c, 0x00, 0x00, 0x00, 0x00, 0x00, 0x00, 0x00, 0x80, 0x03,
    0x00, 0xec, 0x0f, 0x00, 0x0a, 0x72, 0x49, 0x41, 0x40, 0x00, 0x00, 0x00,
    0x00, 0x60, 0x80, 0x03, 0x00, 0xe2, 0x0f, 0x00, 0x47, 0x79, 0x54, 0x00,
    0x00, 0x00, 0x00, 0x00, 0x00, 0x00, 0x80, 0x03, 0x00, 0xec, 0x0f, 0x00,
    0x0c, 0x78, 0x00, 0x18, 0x20, 0x00, 0x00, 0x00, 0x70, 0x42, 0xf2, 0x03,
    0x00, 0xda, 0x0f, 0x00, 0x47, 0x19, 0x28, 0x00, 0x00, 0x00, 0x00, 0x00,
    0x00, 0x00, 0x80, 0x03, 0x00, 0xea, 0x0f, 0x00, 0x0c, 0x78, 0x00, 0x18,
    0x1f, 0x00, 0x00, 0x00, 0x70, 0x50, 0xf2, 0x03, 0x00, 0xda, 0x0f, 0x00,
    0x47, 0x99, 0x18, 0x00, 0x00, 0x00, 0x00, 0x00, 0x00, 0x00, 0x80, 0x03,
    0x00, 0xea, 0x0f, 0x00, 0x0c, 0x78, 0x00, 0x18, 0x20, 0x00, 0x00, 0x00,
    0x70, 0x50, 0xf2, 0x03, 0x00, 0xda, 0x0f, 0x00, 0x47, 0x19, 0x3c, 0x00,
    0x00, 0x00, 0x00, 0x00, 0x00, 0x00, 0x80, 0x03, 0x00, 0xea, 0x0f, 0x00,
    0x0b, 0x72, 0x00, 0x41, 0xff, 0x00, 0x00, 0x00, 0x00, 0xd0, 0xf2, 0x03,
    0x00, 0xe2, 0x0f, 0x00, 0x0a, 0x72, 0x40, 0x40, 0xff, 0x00, 0x00, 0x00,
    0x00, 0xd0, 0x80, 0x03, 0x00, 0xca, 0x0f, 0x00, 0x08, 0x72, 0x49, 0x40,
    0xff, 0x00, 0x00, 0x00, 0x00, 0x00, 0x80, 0x00, 0x00, 0xe2, 0x0f, 0x00,
    0x47, 0x79, 0x2c, 0x00, 0x00, 0x00, 0x00, 0x00, 0x00, 0x00, 0x80, 0x03,
    0x00, 0xec, 0x0f, 0x00, 0x0a, 0x72, 0x49, 0x41, 0x40, 0x00, 0x00, 0x00,
    0x00, 0xd0, 0x80, 0x03, 0x00, 0xe2, 0x0f, 0x00, 0x47, 0x79, 0x24, 0x00,
    0x00, 0x00, 0x00, 0x00, 0x00, 0x00, 0x80, 0x03, 0x00, 0xec, 0x0f, 0x00,
    0x0c, 0x78, 0x00, 0x18, 0x21, 0x00, 0x00, 0x00, 0x70, 0x50, 0xf2, 0x03,
    0x00, 0xda, 0x0f, 0x00, 0x47, 0x99, 0x10, 0x00, 0x00, 0x00, 0x00, 0x00,
    0x00, 0x00, 0x80, 0x03, 0x00, 0xea, 0x0f, 0x00, 0x0c, 0x78, 0x00, 0x18,
    0x22, 0x00, 0x00, 0x00, 0x70, 0x50, 0xf2, 0x03, 0x00, 0xda, 0x0f, 0x00,
    0x47, 0x19, 0x14, 0x00, 0x00, 0x00, 0x00, 0x00, 0x00, 0x00, 0x80, 0x03,
    0x00, 0xea, 0x0f, 0x00, 0x0a, 0x72, 0x49, 0x41, 0xff, 0x00, 0x00, 0x00,
    0x00, 0x20, 0x80, 0x03, 0x00, 0xe2, 0x0f, 0x00, 0x47, 0x79, 0x0c, 0x00,
    0x00, 0x00, 0x00, 0x00, 0x00, 0x00, 0x80, 0x03, 0x00, 0xec, 0x0f, 0x00,
    0x0b, 0x72, 0x00, 0x41, 0xff, 0x00, 0x00, 0x00, 0x00, 0xd0, 0xf2, 0x03,
    0x00, 0xe2, 0x0f, 0x00, 0x0a, 0x72, 0x40, 0x40, 0xff, 0x00, 0x00, 0x00,
    0x00, 0xd0, 0x80, 0x03, 0x00, 0xca, 0x0f, 0x00, 0x08, 0x78, 0x49, 0x40,
    0x00, 0x00, 0x80, 0x3f, 0x00, 0x00, 0x80, 0x04, 0x00, 0xce, 0x0f, 0x00,
    0x56, 0x73, 0x00, 0x0b, 0x1b, 0x00, 0x00, 0x00, 0x00, 0x00, 0x00, 0x00,
    0x00, 0xea, 0x11, 0x00, 0x18, 0x79, 0x00, 0x00, 0x00, 0x00, 0x00, 0x00,
    0x00, 0x00, 0x00, 0x00, 0x00, 0xe2, 0x0f, 0x00, 0x41, 0x79, 0x0b, 0x00,
    0x00, 0x00, 0x00, 0x00, 0x00, 0x02, 0x80, 0x03, 0x00, 0xea, 0x0f, 0x00,
    0x47, 0x39, 0xfc, 0x00, 0x08, 0x00, 0x00, 0x00, 0x00, 0x00, 0x80, 0x03,
    0x00, 0xea, 0x0f, 0x00, 0x0c, 0x78, 0x00, 0x18, 0x0a, 0x00, 0x00, 0x00,
    0x70, 0x42, 0xf2, 0x03, 0x00, 0xda, 0x0f, 0x00, 0x47, 0x19, 0xfc, 0x00,
    0x00, 0x00, 0x00, 0x00, 0x00, 0x00, 0x80, 0x03, 0x00, 0xea, 0x0f, 0x00,
    0x0c, 0x78, 0x00, 0x18, 0x03, 0x00, 0x00, 0x00, 0x70, 0x42, 0xf2, 0x03,
    0x00, 0xda, 0x0f, 0x00, 0x47, 0x19, 0x34, 0x00, 0x00, 0x00, 0x00, 0x00,
    0x00, 0x00, 0x80, 0x03, 0x00, 0xea, 0x0f, 0x00, 0x0c, 0x78, 0x00, 0x18,
    0x01, 0x00, 0x00, 0x00, 0x70, 0x50, 0xf2, 0x03, 0x00, 0xda, 0x0f, 0x00,
    0x47, 0x99, 0x24, 0x00, 0x00, 0x00, 0x00, 0x00, 0x00, 0x00, 0x80, 0x03,
    0x00, 0xea, 0x0f, 0x00, 0x0c, 0x78, 0x00, 0x18, 0x02, 0x00, 0x00, 0x00,
    0x70, 0x50, 0xf2, 0x03, 0x00, 0xda, 0x0f, 0x00, 0x47, 0x99, 0x14, 0x00,
    0x00, 0x00, 0x00, 0x00, 0x00, 0x00, 0x80, 0x03, 0x00, 0xea, 0x0f, 0x00,
    0x0c, 0x78, 0x00, 0x18, 0x03, 0x00, 0x00, 0x00, 0x70, 0x50, 0xf2, 0x03,
    0x00, 0xe2, 0x0f, 0x00, 0x02, 0x72, 0x47, 0x00, 0xff, 0x00, 0x00, 0x00,
    0x00, 0x0f, 0x00, 0x00, 0x00, 0xd8, 0x0f, 0x00, 0x47, 0x19, 0x8c, 0x00,
    0x10, 0x00, 0x00, 0x00, 0x00, 0x00, 0x80, 0x03, 0x00, 0xea, 0x0f, 0x00,
    0x21, 0x72, 0x47, 0x46, 0x43, 0x00, 0x00, 0x80, 0x00, 0x00, 0x00, 0x00,
    0x00, 0xe2, 0x0f, 0x00, 0x47, 0x79, 0x84, 0x00, 0x10, 0x00, 0x00, 0x00,
    0x00, 0x00, 0x80, 0x03, 0x00, 0xec, 0x0f, 0x00, 0x21, 0x72, 0x47, 0x46,
    0x43, 0x00, 0x00, 0x00, 0x00, 0x00, 0x00, 0x00, 0x00, 0xe2, 0x0f, 0x00,
    0x47, 0x79, 0x7c, 0x00, 0x10, 0x00, 0x00, 0x00, 0x00, 0x00, 0x80, 0x03,
    0x00, 0xec, 0x0f, 0x00, 0x02, 0x72, 0x47, 0x00, 0x46, 0x00, 0x00, 0x00,
    0x00, 0x0f, 0x00, 0x00, 0x00, 0xe2, 0x0f, 0x00, 0x47, 0x79, 0x74, 0x00,
    0x10, 0x00, 0x00, 0x00, 0x00, 0x00, 0x80, 0x03, 0x00, 0xec, 0x0f, 0x00,
    0x0c, 0x78, 0x00, 0x18, 0x05, 0x00, 0x00, 0x00, 0x70, 0x42, 0xf2, 0x03,
    0x00, 0xda, 0x0f, 0x00, 0x47, 0x19, 0x90, 0x00, 0x00, 0x00, 0x00, 0x00,
    0x00, 0x00, 0x80, 0x03, 0x00, 0xea, 0x0f, 0x00, 0x0c, 0x78, 0x00, 0x18,
    0x04, 0x00, 0x00, 0x00, 0x70, 0x50, 0xf2, 0x03, 0x00, 0xda, 0x0f, 0x00,
    0x47, 0x99, 0x80, 0x00, 0x00, 0x00, 0x00, 0x00, 0x00, 0x00, 0x80, 0x03,
    0x00, 0xea, 0x0f, 0x00, 0x0c, 0x78, 0x00, 0x18, 0x05, 0x00, 0x00, 0x00,
    0x70, 0x50, 0xf2, 0x03, 0x00, 0xe2, 0x0f, 0x00, 0x31, 0x74, 0x47, 0xff,
    0x00, 0x00, 0x00, 0x00, 0xff, 0x01, 0x00, 0x00, 0x00, 0xd8, 0x0f, 0x00,
    0x47, 0x19, 0x58, 0x00, 0x10, 0x00, 0x00, 0x00, 0x00, 0x00, 0x80, 0x03,
    0x00, 0xea, 0x0f, 0x00, 0x0b, 0x78, 0x00, 0x43, 0x08, 0xe5, 0x3c, 0x1e,
    0x00, 0xe2, 0xf2, 0x03, 0x00, 0xda, 0x0f, 0x00, 0x47, 0x99, 0x58, 0x00,
    0x00, 0x00, 0x00, 0x00, 0x00, 0x00, 0x80, 0x03, 0x00, 0xea, 0x0f, 0x00,
    0x08, 0x73, 0x00, 0x00, 0x43, 0x00, 0x00, 0x00, 0x00, 0x10, 0x00, 0x00,
    0x00, 0x62, 0x0f, 0x00, 0x82, 0x78, 0x04, 0x00, 0x00, 0x00, 0x80, 0x3f,
    0x00, 0x00, 0x00, 0x00, 0x00, 0xe2, 0x0f, 0x00, 0x45, 0x79, 0x0a, 0x00,
    0x10, 0x01, 0x00, 0x00, 0x00, 0x02, 0x80, 0x03, 0x00, 0xe2, 0x0f, 0x00,
    0x02, 0x7c, 0x40, 0x00, 0x04, 0x00, 0x00, 0x00, 0x00, 0x0f, 0x00, 0x08,
    0x00, 0xc8, 0x4f, 0x00, 0x02, 0x73, 0x00, 0x40, 0x43, 0x00, 0x00, 0x00,
    0x00, 0x00, 0x02, 0x00, 0x00, 0xa2, 0x0e, 0x00, 0x23, 0x74, 0x03, 0x43,
    0x00, 0x00, 0x80, 0x3f, 0x00, 0x01, 0x00, 0x00, 0x00, 0xc8, 0x0f, 0x02,
    0x23, 0x72, 0x00, 0x00, 0x03, 0x00, 0x00, 0x00, 0x00, 0x00, 0x00, 0x00,
    0x00, 0xc8, 0x0f, 0x00, 0x23, 0x78, 0x03, 0x00, 0x00, 0x00, 0x80, 0x3f,
    0xff, 0x00, 0x00, 0x00, 0x00, 0xc8, 0x0f, 0x00, 0x23, 0x74, 0x18, 0x43,
    0x00, 0x00, 0x80, 0x3f, 0x03, 0x01, 0x00, 0x00, 0x00, 0xc8, 0x0f, 0x00,
    0x23, 0x72, 0x00, 0x00, 0x18, 0x00, 0x00, 0x00, 0x03, 0x00, 0x00, 0x00,
    0x00, 0xe4, 0x0f, 0x00, 0x55, 0x73, 0x18, 0x0a, 0x00, 0x00, 0x00, 0x00,
    0x00, 0x00, 0x10, 0x00, 0x00, 0x2a, 0x0e, 0x00, 0x47, 0x99, 0x14, 0x00,
    0x00, 0x00, 0x00, 0x00, 0x00, 0x00, 0x80, 0x03, 0x00, 0xea, 0x4f, 0x00,
    0x31, 0x74, 0x03, 0xff, 0x00, 0x00, 0x80, 0x3f, 0xff, 0x01, 0x00, 0x00,
    0x00, 0xe2, 0x0f, 0x00, 0x55, 0x73, 0xff, 0x0a, 0x00, 0x00, 0x00, 0x00,
    0x00, 0x00, 0x10, 0x00, 0x00, 0xea, 0x0f, 0x00, 0x02, 0x72, 0x00, 0x00,
    0x43, 0x00, 0x00, 0x00, 0x00, 0x0f, 0x00, 0x00, 0x00, 0xe2, 0x0f, 0x00,
    0x02, 0x78, 0x44, 0x00, 0x60, 0xc8, 0x00, 0x00, 0x00, 0x0f, 0x00, 0x00,
    0x00, 0xce, 0x0f, 0x00, 0x44, 0x79, 0xd8, 0x00, 0x30, 0x00, 0x00, 0x00,
    0x00, 0x00, 0xc0, 0x03, 0x00, 0xea, 0xbf, 0x01, 0x56, 0x73, 0x00, 0x0a,
    0x18, 0x00, 0x00, 0x00, 0x00, 0x00, 0x00, 0x00, 0x00, 0xea, 0x11, 0x00,
    0x18, 0x79, 0x00, 0x00, 0x00, 0x00, 0x00, 0x00, 0x00, 0x00, 0x00, 0x00,
    0x00, 0xe2, 0x0f, 0x00, 0x41, 0x79, 0x0a, 0x00, 0x00, 0x00, 0x00, 0x00,
    0x00, 0x02, 0x80, 0x03, 0x00, 0xea, 0x0f, 0x00, 0x20, 0x72, 0x47, 0x46,
    0x00, 0x00, 0x00, 0x00, 0x00, 0x00, 0x40, 0x00, 0x00, 0xe2, 0x0f, 0x00,
    0x47, 0x79, 0xf8, 0x00, 0x0c, 0x00, 0x00, 0x00, 0x00, 0x00, 0x80, 0x03,
    0x00, 0xec, 0x0f, 0x00, 0x0b, 0x72, 0x00, 0x43, 0xff, 0x00, 0x00, 0x00,
    0x00, 0xe0, 0xf2, 0x03, 0x00, 0xe2, 0x0f, 0x00, 0x02, 0x78, 0x47, 0x00,
    0xca, 0xf2, 0x49, 0x71, 0x00, 0x0f, 0x00, 0x00, 0x00, 0xca, 0x0f, 0x00,
    0x08, 0x78, 0x47, 0x47, 0xca, 0xf2, 0x49, 0x71, 0x00, 0x01, 0x80, 0x04,
    0x00, 0xca, 0x0f, 0x00, 0x20, 0x72, 0x47, 0x46, 0x47, 0x00, 0x00, 0x00,
    0x00, 0x00, 0x40, 0x00, 0x00, 0xe2, 0x0f, 0x00, 0x47, 0x79, 0xe4, 0x00,
    0x0c, 0x00, 0x00, 0x00, 0x00, 0x00, 0x80, 0x03, 0x00, 0xec, 0x0f, 0x00,
    0x20, 0x72, 0x47, 0x46, 0x43, 0x00, 0x00, 0x00, 0x00, 0x00, 0x40, 0x00,
    0x00, 0xe2, 0x0f, 0x00, 0x47, 0x79, 0xdc, 0x00, 0x0c, 0x00, 0x00, 0x00,
    0x00, 0x00, 0x80, 0x03, 0x00, 0xec, 0x0f, 0x00, 0x0c, 0x78, 0x00, 0x18,
    0x06, 0x00, 0x00, 0x00, 0x70, 0x50, 0xf2, 0x03, 0x00, 0xda, 0x0f, 0x00,
    0x47, 0x99, 0x18, 0x00, 0x00, 0x00, 0x00, 0x00, 0x00, 0x00, 0x80, 0x03,
    0x00, 0xea, 0x0f, 0x00, 0x0c, 0x78, 0x00, 0x18, 0x0a, 0x00, 0x00, 0x00,
    0x70, 0x50, 0xf2, 0x03, 0x00, 0xe2, 0x0f, 0x00, 0x31, 0x74, 0x47, 0xff,
    0x00, 0x00, 0x00, 0x00, 0xff, 0x01, 0x00, 0x00, 0x00, 0xd8, 0x0f, 0x00,
    0x47, 0x19, 0xc8, 0x00, 0x0c, 0x00, 0x00, 0x00, 0x00, 0x00, 0x80, 0x03,
    0x00, 0xea, 0x0f, 0x00, 0x0b, 0x72, 0x00, 0x46, 0x43, 0x00, 0x00, 0x00,
    0x00, 0xe0, 0xf2, 0x03, 0x00, 0xca, 0x0f, 0x00, 0x08, 0x72, 0x47, 0x46,
    0x43, 0x00, 0x00, 0x00, 0x00, 0x00, 0x80, 0x04, 0x00, 0xe2, 0x0f, 0x00,
    0x47, 0x79, 0xbc, 0x00, 0x0c, 0x00, 0x00, 0x00, 0x00, 0x00, 0x80, 0x03,
    0x00, 0xee, 0x0f, 0x00, 0x23, 0x72, 0x47, 0x46, 0x43, 0x00, 0x00, 0x00,
    0x47, 0x00, 0x00, 0x00, 0x00, 0xe2, 0x0f, 0x00, 0x47, 0x79, 0xb4, 0x00,
    0x0c, 0x00, 0x00, 0x00, 0x00, 0x00, 0x80, 0x03, 0x00, 0xec, 0x0f, 0x00,
    0x0c, 0x78, 0x00, 0x18, 0x0f, 0x00, 0x00, 0x00, 0x70, 0x42, 0xf2, 0x03,
    0x00, 0xda, 0x0f, 0x00, 0x47, 0x19, 0x9c, 0x00, 0x04, 0x00, 0x00, 0x00,
    0x00, 0x00, 0x80, 0x03, 0x00, 0xea, 0x0f, 0x00, 0x0c, 0x78, 0x00, 0x18,
    0x0d, 0x00, 0x00, 0x00, 0x70, 0x42, 0xf2, 0x03, 0x00, 0xda, 0x0f, 0x00,
    0x47, 0x19, 0x90, 0x00, 0x00, 0x00, 0x00, 0x00, 0x00, 0x00, 0x80, 0x03,
    0x00, 0xea, 0x0f, 0x00, 0x0c, 0x78, 0x00, 0x18, 0x0b, 0x00, 0x00, 0x00,
    0x70, 0x50, 0xf2, 0x03, 0x00, 0xda, 0x0f, 0x00, 0x47, 0x99, 0x7c, 0x00,
    0x00, 0x00, 0x00, 0x00, 0x00, 0x00, 0x80, 0x03, 0x00, 0xea, 0x0f, 0x00,
    0x0c, 0x78, 0x00, 0x18, 0x0d, 0x00, 0x00, 0x00, 0x70, 0x50, 0xf2, 0x03,
    0x00, 0xe2, 0x0f, 0x00, 0x02, 0x72, 0x47, 0x00, 0xff, 0x00, 0x00, 0x00,
    0x00, 0x0f, 0x00, 0x00, 0x00, 0xd8, 0x0f, 0x00, 0x47, 0x19, 0x90, 0x00,
    0x0c, 0x00, 0x00, 0x00, 0x00, 0x00, 0x80, 0x03, 0x00, 0xea, 0x0f, 0x00,
    0x0b, 0x78, 0x00, 0x46, 0x08, 0xe5, 0x3c, 0x1e, 0x00, 0xe2, 0xf2, 0x03,
    0x00, 0xda, 0x0f, 0x00, 0x47, 0x99, 0x58, 0x00, 0x00, 0x00, 0x00, 0x00,
    0x00, 0x00, 0x80, 0x03, 0x00, 0xea, 0x0f, 0x00, 0x08, 0x73, 0x03, 0x00,
    0x46, 0x00, 0x00, 0x00, 0x00, 0x10, 0x00, 0x00, 0x00, 0x62, 0x0f, 0x00,
    0x82, 0x78, 0x04, 0x00, 0x00, 0x00, 0x80, 0x3f, 0x00, 0x00, 0x00, 0x00,
    0x00, 0xe2, 0x0f, 0x00, 0x45, 0x79, 0x0a, 0x00, 0x10, 0x01, 0x00, 0x00,
    0x00, 0x02, 0x80, 0x03, 0x00, 0xe2, 0x0f, 0x00, 0x02, 0x7c, 0x1b, 0x00,
    0x04, 0x00, 0x00, 0x00, 0x00, 0x0f, 0x00, 0x08, 0x00, 0xc8, 0x1f, 0x00,
    0x02, 0x73, 0x00, 0x1b, 0x46, 0x00, 0x00, 0x00, 0x00, 0x00, 0x02, 0x00,
    0x00, 0x22, 0x0e, 0x00, 0x23, 0x74, 0x00, 0x46, 0x00, 0x00, 0x80, 0x3f,
    0x03, 0x01, 0x00, 0x00, 0x00, 0xc8, 0x0f, 0x02, 0x23, 0x72, 0x00, 0x03,
    0x00, 0x00, 0x00, 0x00, 0x03, 0x00, 0x00, 0x00, 0x00, 0xc8, 0x0f, 0x00,
    0x23, 0x78, 0x03, 0x00, 0x00, 0x00, 0x80, 0x3f, 0xff, 0x00, 0x00, 0x00,
    0x00, 0xc8, 0x0f, 0x00, 0x23, 0x74, 0x18, 0x46, 0x00, 0x00, 0x80, 0x3f,
    0x03, 0x01, 0x00, 0x00, 0x00, 0xc8, 0x0f, 0x00, 0x23, 0x72, 0x00, 0x00,
    0x18, 0x00, 0x00, 0x00, 0x03, 0x00, 0x00, 0x00, 0x00, 0xe4, 0x0f, 0x00,
    0x55, 0x73, 0x18, 0x0a, 0x00, 0x00, 0x00, 0x00, 0x00, 0x00, 0x10, 0x00,
    0x00, 0x6a, 0x0e, 0x00, 0x47, 0x99, 0x14, 0x00, 0x00, 0x00, 0x00, 0x00,
    0x00, 0x00, 0x80, 0x03, 0x00, 0xea, 0x1f, 0x00, 0x31, 0x74, 0x03, 0xff,
    0x00, 0x00, 0x80, 0x3f, 0xff, 0x01, 0x00, 0x00, 0x00, 0xe2, 0x0f, 0x00,
    0x55, 0x73, 0xff, 0x0a, 0x00, 0x00, 0x00, 0x00, 0x00, 0x00, 0x10, 0x00,
    0x00, 0xea, 0x0f, 0x00, 0x02, 0x72, 0x00, 0x00, 0x46, 0x00, 0x00, 0x00,
    0x00, 0x0f, 0x00, 0x00, 0x00, 0xe2, 0x0f, 0x00, 0x02, 0x78, 0x44, 0x00,
    0x80, 0xcb, 0x00, 0x00, 0x00, 0x0f, 0x00, 0x00, 0x00, 0xce, 0x0f, 0x00,
    0x44, 0x79, 0x10, 0x00, 0x30, 0x00, 0x00, 0x00, 0x00, 0x00, 0xc0, 0x03,
    0x00, 0xea, 0xef, 0x01, 0x56, 0x73, 0x00, 0x0a, 0x18, 0x00, 0x00, 0x00,
    0x00, 0x00, 0x00, 0x00, 0x00, 0xea, 0x21, 0x00, 0x18, 0x79, 0x00, 0x00,
    0x00, 0x00, 0x00, 0x00, 0x00, 0x00, 0x00, 0x00, 0x00, 0xe2, 0x0f, 0x00,
    0x41, 0x79, 0x0a, 0x00, 0x00, 0x00, 0x00, 0x00, 0x00, 0x02, 0x80, 0x03,
    0x00, 0xea, 0x0f, 0x00, 0x02, 0x72, 0x47, 0x00, 0x00, 0x00, 0x00, 0x00,
    0x00, 0x0f, 0x00, 0x00, 0x00, 0xe2, 0x0f, 0x00, 0x47, 0x79, 0x30, 0x00,
    0x0c, 0x00, 0x00, 0x00, 0x00, 0x00, 0x80, 0x03, 0x00, 0xec, 0x0f, 0x00,
    0x0b, 0x72, 0x00, 0x46, 0xff, 0x00, 0x00, 0x00, 0x00, 0xe0, 0xf2, 0x03,
    0x00, 0xe2, 0x0f, 0x00, 0x31, 0x74, 0x47, 0xff, 0xca, 0xf2, 0x49, 0x71,
    0xff, 0x01, 0x00, 0x00, 0x00, 0xca, 0x0f, 0x00, 0x08, 0x78, 0x47, 0x47,
    0xca, 0xf2, 0x49, 0x71, 0x00, 0x01, 0x80, 0x04, 0x00, 0xe2, 0x0f, 0x00,
    0x47, 0x79, 0x20, 0x00, 0x0c, 0x00, 0x00, 0x00, 0x00, 0x00, 0x80, 0x03,
    0x00, 0xec, 0x0f, 0x00, 0x0b, 0x72, 0x00, 0x46, 0x43, 0x00, 0x00, 0x00,
    0x00, 0x40, 0xf2, 0x03, 0x00, 0xca, 0x0f, 0x00, 0x08, 0x72, 0x47, 0x46,
    0x43, 0x00, 0x00, 0x00, 0x00, 0x00, 0x80, 0x00, 0x00, 0xe2, 0x0f, 0x00,
    0x47, 0x79, 0x14, 0x00, 0x0c, 0x00, 0x00, 0x00, 0x00, 0x00, 0x80, 0x03,
    0x00, 0xee, 0x0f, 0x00, 0x0c, 0x78, 0x00, 0x18, 0x0e, 0x00, 0x00, 0x00,
    0x70, 0x50, 0xf2, 0x03, 0x00, 0xda, 0x0f, 0x00, 0x47, 0x99, 0x5c, 0x00,
    0x00, 0x00, 0x00, 0x00, 0x00, 0x00, 0x80, 0x03, 0x00, 0xea, 0x0f, 0x00,
    0x0c, 0x78, 0x00, 0x18, 0x0f, 0x00, 0x00, 0x00, 0x70, 0x50, 0xf2, 0x03,
    0x00, 0xe2, 0x0f, 0x00, 0x02, 0x72, 0x47, 0x00, 0xff, 0x00, 0x00, 0x00,
    0x00, 0x0f, 0x00, 0x00, 0x00, 0xd8, 0x0f, 0x00, 0x47, 0x19, 0x00, 0x00,
    0x0c, 0x00, 0x00, 0x00, 0x00, 0x00, 0x80, 0x03, 0x00, 0xea, 0x0f, 0x00,
    0x0b, 0x72, 0x00, 0x46, 0xff, 0x00, 0x00, 0x00, 0x00, 0x40, 0xf2, 0x03,
    0x00, 0xe2, 0x0f, 0x00, 0x31, 0x74, 0x47, 0xff, 0x00, 0x00, 0x00, 0x00,
    0xff, 0x01, 0x00, 0x00, 0x00, 0xd8, 0x0f, 0x00, 0x47, 0x99, 0xf4, 0x00,
    0x08, 0x00, 0x00, 0x00, 0x00, 0x00, 0x80, 0x03, 0x00, 0xea, 0x0f, 0x00,
    0x35, 0x78, 0x00, 0x46, 0x00, 0x00, 0x00, 0xf3, 0x00, 0x00, 0x8e, 0x07,
    0x00, 0xe2, 0x0f, 0x00, 0x08, 0x73, 0x03, 0x00, 0x46, 0x00, 0x00, 0x00,
    0x00, 0x14, 0x00, 0x00, 0x00, 0x62, 0x00, 0x00, 0x45, 0x79, 0x0a, 0x00,
    0xd0, 0x00, 0x00, 0x00, 0x00, 0x02, 0x80, 0x03, 0x00, 0xe6, 0x0f, 0x00,
    0x0c, 0x78, 0x00, 0x00, 0xff, 0xff, 0x7f, 0x72, 0x70, 0x40, 0xf2, 0x03,
    0x00, 0xda, 0x0f, 0x00, 0x47, 0x99, 0x14, 0x00, 0x00, 0x00, 0x00, 0x00,
    0x00, 0x00, 0x80, 0x03, 0x00, 0xea, 0x0f, 0x00, 0x02, 0x72, 0x00, 0x00,
    0x46, 0x00, 0x00, 0x00, 0x00, 0x0f, 0x00, 0x00, 0x00, 0xe2, 0x0f, 0x00,
    0x02, 0x78, 0x50, 0x00, 0x40, 0xcd, 0x00, 0x00, 0x00, 0x0f, 0x00, 0x00,
    0x00, 0xce, 0x0f, 0x00, 0x44, 0x79, 0x48, 0x00, 0x2c, 0x00, 0x00, 0x00,
    0x00, 0x00, 0xc0, 0x03, 0x00, 0xea, 0xff, 0x01, 0x02, 0x72, 0x47, 0x00,
    0x03, 0x00, 0x00, 0x00, 0x00, 0x0f, 0x00, 0x00, 0x00, 0xe2, 0x0f, 0x00,
    0x47, 0x79, 0x10, 0x00, 0x00, 0x00, 0x00, 0x00, 0x00, 0x00, 0x80, 0x03,
    0x00, 0xec, 0x0f, 0x00, 0x20, 0x72, 0x47, 0x46, 0x03, 0x00, 0x00, 0x00,
    0x00, 0x00, 0x41, 0x00, 0x00, 0xe2, 0x2f, 0x00, 0x20, 0x78, 0x00, 0x03,
    0x00, 0x00, 0x00, 0x3f, 0x00, 0x00, 0x41, 0x00, 0x00, 0xc6, 0x0f, 0x00,
    0x23, 0x72, 0x46, 0x47, 0x47, 0x00, 0x00, 0x00, 0x46, 0x01, 0x00, 0x00,
    0x00, 0xc8, 0x1f, 0x00, 0x23, 0x72, 0x47, 0x46, 0x00, 0x00, 0x00, 0x00,
    0x47, 0x00, 0x00, 0x00, 0x00, 0xce, 0x0f, 0x00, 0x18, 0x79, 0x00, 0x00,
    0x00, 0x00, 0x00, 0x00, 0x00, 0x00, 0x00, 0x00, 0x00, 0xe2, 0x0f, 0x00,
    0x41, 0x79, 0x0a, 0x00, 0x00, 0x00, 0x00, 0x00, 0x00, 0x02, 0x80, 0x03,
    0x00, 0xea, 0x0f, 0x00, 0x47, 0x79, 0xb0, 0x00, 0x08, 0x00, 0x00, 0x00,
    0x00, 0x00, 0x80, 0x03, 0x00, 0xea, 0x0f, 0x00, 0x0b, 0x72, 0x00, 0x46,
    0xff, 0x00, 0x00, 0x00, 0x00, 0x40, 0xf2, 0x03, 0x00, 0xe2, 0x0f, 0x00,
    0x31, 0x74, 0x47, 0xff, 0xca, 0xf2, 0x49, 0x71, 0xff, 0x01, 0x00, 0x00,
    0x00, 0xd8, 0x0f, 0x00, 0x47, 0x99, 0xa4, 0x00, 0x08, 0x00, 0x00, 0x00,
    0x00, 0x00, 0x80, 0x03, 0x00, 0xea, 0x0f, 0x00, 0x35, 0x78, 0x00, 0x46,
    0x00, 0x00, 0x00, 0xf3, 0x00, 0x00, 0x8e, 0x07, 0x00, 0xe2, 0x0f, 0x00,
    0x08, 0x73, 0x1b, 0x00, 0x46, 0x00, 0x00, 0x00, 0x00, 0x14, 0x00, 0x00,
    0x00, 0x62, 0x10, 0x00, 0x45, 0x79, 0x0a, 0x00, 0xc0, 0x00, 0x00, 0x00,
    0x00, 0x02, 0x80, 0x03, 0x00, 0xe6, 0x0f, 0x00, 0x0c, 0x78, 0x00, 0x00,
    0xff, 0xff, 0x7f, 0x72, 0x70, 0x40, 0xf2, 0x03, 0x00, 0xda, 0x0f, 0x00,
    0x47, 0x99, 0x10, 0x00, 0x00, 0x00, 0x00, 0x00, 0x00, 0x00, 0x80, 0x03,
    0x00, 0xea, 0x0f, 0x00, 0x02, 0x72, 0x00, 0x00, 0x46, 0x00, 0x00, 0x00,
    0x00, 0x0f, 0x00, 0x00, 0x00, 0xe2, 0x0f, 0x00, 0x02, 0x78, 0x50, 0x00,
    0x80, 0xce, 0x00, 0x00, 0x00, 0x0f, 0x00, 0x00, 0x00, 0xce, 0x0f, 0x00,
    0x44, 0x79, 0xf8, 0x00, 0x28, 0x00, 0x00, 0x00, 0x00, 0x00, 0xc0, 0x03,
    0x00, 0xea, 0xff, 0x01, 0x47, 0x79, 0x10, 0x00, 0x00, 0x00, 0x00, 0x00,
    0x00, 0x00, 0x80, 0x03, 0x00, 0xea, 0x0f, 0x00, 0x20, 0x72, 0x03, 0x46,
    0x1b, 0x00, 0x00, 0x00, 0x00, 0x00, 0x41, 0x00, 0x00, 0xe2, 0x2f, 0x00,
    0x20, 0x78, 0x00, 0x1b, 0x00, 0x00, 0x00, 0x3f, 0x00, 0x00, 0x41, 0x00,
    0x00, 0xc6, 0x0f, 0x00, 0x23, 0x72, 0x46, 0x03, 0x03, 0x00, 0x00, 0x00,
    0x46, 0x01, 0x00, 0x00, 0x00, 0xc8, 0x1f, 0x00, 0x23, 0x72, 0x03, 0x46,
    0x00, 0x00, 0x00, 0x00, 0x03, 0x00, 0x00, 0x00, 0x00, 0xce, 0x0f, 0x00,
    0x18, 0x79, 0x00, 0x00, 0x00, 0x00, 0x00, 0x00, 0x00, 0x00, 0x00, 0x00,
    0x00, 0xe2, 0x0f, 0x00, 0x41, 0x79, 0x0a, 0x00, 0x00, 0x00, 0x00, 0x00,
    0x00, 0x02, 0x80, 0x03, 0x00, 0xea, 0x0f, 0x00, 0x08, 0x73, 0x00, 0x00,
    0x03, 0x00, 0x00, 0x00, 0x00, 0x10, 0x00, 0x00, 0x00, 0x22, 0x0e, 0x00,
    0x82, 0x78, 0x04, 0x00, 0x00, 0x00, 0x80, 0x3f, 0x00, 0x00, 0x00, 0x00,
    0x00, 0xe2, 0x0f, 0x00, 0x45, 0x79, 0x0a, 0x00, 0x10, 0x01, 0x00, 0x00,
    0x00, 0x02, 0x80, 0x03, 0x00, 0xe2, 0x0f, 0x00, 0x02, 0x7c, 0x40, 0x00,
    0x04, 0x00, 0x00, 0x00, 0x00, 0x0f, 0x00, 0x08, 0x00, 0xc8, 0x4f, 0x00,
    0x02, 0x73, 0x00, 0x40, 0x03, 0x00, 0x00, 0x00, 0x00, 0x00, 0x02, 0x00,
    0x00, 0x62, 0x0e, 0x00, 0x23, 0x74, 0x1b, 0x00, 0x00, 0x00, 0x80, 0x3f,
    0x03, 0x08, 0x00, 0x00, 0x00, 0xc8, 0x1f, 0x00, 0x23, 0x72, 0x00, 0x00,
    0x1b, 0x00, 0x00, 0x00, 0x00, 0x00, 0x00, 0x00, 0x00, 0xc8, 0x0f, 0x00,
    0x23, 0x78, 0x18, 0x00, 0x00, 0x00, 0x80, 0x3f, 0xff, 0x00, 0x00, 0x00,
    0x00, 0xc8, 0x0f, 0x00, 0x23, 0x74, 0x1b, 0x18, 0x00, 0x00, 0x80, 0x3f,
    0x03, 0x08, 0x00, 0x00, 0x00, 0xc8, 0x0f, 0x00, 0x23, 0x72, 0x00, 0x00,
    0x1b, 0x00, 0x00, 0x00, 0x18, 0x00, 0x00, 0x00, 0x00, 0xe4, 0x0f, 0x00,
    0x55, 0x73, 0x18, 0x0a, 0x00, 0x00, 0x00, 0x00, 0x00, 0x00, 0x10, 0x00,
    0x00, 0x2a, 0x0e, 0x00, 0x47, 0x99, 0x14, 0x00, 0x00, 0x00, 0x00, 0x00,
    0x00, 0x00, 0x80, 0x03, 0x00, 0xea, 0x2f, 0x00, 0x02, 0x72, 0x00, 0x00,
    0x03, 0x00, 0x00, 0x00, 0x00, 0x0f, 0x00, 0x00, 0x00, 0xe2, 0x0f, 0x00,
    0x31, 0x74, 0x03, 0xff, 0x00, 0x00, 0x80, 0x3f, 0xff, 0x01, 0x00, 0x00,
    0x00, 0xe2, 0x0f, 0x00, 0x55, 0x73, 0xff, 0x0a, 0x00, 0x00, 0x00, 0x00,
    0x00, 0x00, 0x10, 0x00, 0x00, 0xea, 0x0f, 0x00, 0x02, 0x78, 0x44, 0x00,
    0x00, 0xd0, 0x00, 0x00, 0x00, 0x0f, 0x00, 0x00, 0x00, 0xce, 0x0f, 0x00,
    0x44, 0x79, 0xf0, 0x00, 0x28, 0x00, 0x00, 0x00, 0x00, 0x00, 0xc0, 0x03,
    0x00, 0xea, 0x9f, 0x01, 0x56, 0x73, 0x00, 0x0a, 0x18, 0x00, 0x00, 0x00,
    0x00, 0x00, 0x00, 0x00, 0x00, 0xea, 0x11, 0x00, 0x18, 0x79, 0x00, 0x00,
    0x00, 0x00, 0x00, 0x00, 0x00, 0x00, 0x00, 0x00, 0x00, 0xe2, 0x0f, 0x00,
    0x41, 0x79, 0x0a, 0x00, 0x00, 0x00, 0x00, 0x00, 0x00, 0x02, 0x80, 0x03,
    0x00, 0xea, 0x0f, 0x00, 0x02, 0x72, 0x47, 0x00, 0x00, 0x00, 0x00, 0x00,
    0x00, 0x0f, 0x00, 0x00, 0x00, 0xe2, 0x0f, 0x00, 0x47, 0x79, 0x10, 0x00,
    0x08, 0x00, 0x00, 0x00, 0x00, 0x00, 0x80, 0x03, 0x00, 0xec, 0x0f, 0x00,
    0x0c, 0x78, 0x00, 0x18, 0x11, 0x00, 0x00, 0x00, 0x70, 0x42, 0xf2, 0x03,
    0x00, 0xda, 0x0f, 0x00, 0x47, 0x19, 0x24, 0x00, 0x00, 0x00, 0x00, 0x00,
    0x00, 0x00, 0x80, 0x03, 0x00, 0xea, 0x0f, 0x00, 0x0c, 0x78, 0x00, 0x18,
    0x10, 0x00, 0x00, 0x00, 0x70, 0x50, 0xf2, 0x03, 0x00, 0xda, 0x0f, 0x00,
    0x47, 0x99, 0x14, 0x00, 0x00, 0x00, 0x00, 0x00, 0x00, 0x00, 0x80, 0x03,
    0x00, 0xea, 0x0f, 0x00, 0x0c, 0x78, 0x00, 0x18, 0x11, 0x00, 0x00, 0x00,
    0x70, 0x50, 0xf2, 0x03, 0x00, 0xe2, 0x0f, 0x00, 0x31, 0x74, 0x47, 0xff,
    0x00, 0x00, 0x00, 0x00, 0xff, 0x01, 0x00, 0x00, 0x00, 0xd8, 0x0f, 0x00,
    0x47, 0x19, 0xf4, 0x00, 0x04, 0x00, 0x00, 0x00, 0x00, 0x00, 0x80, 0x03,
    0x00, 0xea, 0x0f, 0x00, 0x21, 0x72, 0x47, 0x46, 0xff, 0x00, 0x00, 0x80,
    0x00, 0x01, 0x00, 0x00, 0x00, 0xe2, 0x0f, 0x00, 0x47, 0x79, 0xec, 0x00,
    0x04, 0x00, 0x00, 0x00, 0x00, 0x00, 0x80, 0x03, 0x00, 0xec, 0x0f, 0x00,
    0x21, 0x72, 0x47, 0x46, 0xff, 0x00, 0x00, 0x80, 0x00, 0x02, 0x00, 0x00,
    0x00, 0xe2, 0x0f, 0x00, 0x47, 0x79, 0xe4, 0x00, 0x04, 0x00, 0x00, 0x00,
    0x00, 0x00, 0x80, 0x03, 0x00, 0xec, 0x0f, 0x00, 0x0c, 0x78, 0x00, 0x18,
    0x12, 0x00, 0x00, 0x00, 0x70, 0x50, 0xf2, 0x03, 0x00, 0xda, 0x0f, 0x00,
    0x47, 0x99, 0x18, 0x00, 0x00, 0x00, 0x00, 0x00, 0x00, 0x00, 0x80, 0x03,
    0x00, 0xea, 0x0f, 0x00, 0x0c, 0x78, 0x00, 0x18, 0x13, 0x00, 0x00, 0x00,
    0x70, 0x50, 0xf2, 0x03, 0x00, 0xe2, 0x0f, 0x00, 0x02, 0x72, 0x47, 0x00,
    0xff, 0x00, 0x00, 0x00, 0x00, 0x0f, 0x00, 0x00, 0x00, 0xd8, 0x0f, 0x00,
    0x47, 0x19, 0xd0, 0x00, 0x04, 0x00, 0x00, 0x00, 0x00, 0x00, 0x80, 0x03,
    0x00, 0xea, 0x0f, 0x00, 0x07, 0x73, 0x47, 0x00, 0x46, 0x00, 0x00, 0x00,
    0x00, 0x50, 0x20, 0x00, 0x00, 0x64, 0x0f, 0x00, 0x21, 0x72, 0x47, 0x46,
    0x47, 0x00, 0x00, 0x80, 0x00, 0x00, 0x00, 0x00, 0x00, 0xe2, 0x0f, 0x02,
    0x47, 0x79, 0xc4, 0x00, 0x04, 0x00, 0x00, 0x00, 0x00, 0x00, 0x80, 0x03,
    0x00, 0xec, 0x0f, 0x00, 0x07, 0x73, 0x47, 0x00, 0x46, 0x00, 0x00, 0x00,
    0x00, 0x50, 0x20, 0x00, 0x00, 0x22, 0x00, 0x00, 0x47, 0x79, 0xbc, 0x00,
    0x04, 0x00, 0x00, 0x00, 0x00, 0x00, 0x80, 0x03, 0x00, 0xea, 0x0f, 0x00,
    0x0c, 0x78, 0x00, 0x18, 0x1a, 0x00, 0x00, 0x00, 0x70, 0x42, 0xf2, 0x03,
    0x00, 0xda, 0x0f, 0x00, 0x47, 0x19, 0x00, 0x00, 0x04, 0x00, 0x00, 0x00,
    0x00, 0x00, 0x80, 0x03, 0x00, 0xea, 0x0f, 0x00, 0x0c, 0x78, 0x00, 0x18,
    0x16, 0x00, 0x00, 0x00, 0x70, 0x42, 0xf2, 0x03, 0x00, 0xda, 0x0f, 0x00,
    0x47, 0x19, 0x4c, 0x00, 0x00, 0x00, 0x00, 0x00, 0x00, 0x00, 0x80, 0x03,
    0x00, 0xea, 0x0f, 0x00, 0x0c, 0x78, 0x00, 0x18, 0x14, 0x00, 0x00, 0x00,
    0x70, 0x50, 0xf2, 0x03, 0x00, 0xda, 0x0f, 0x00, 0x47, 0x99, 0x2c, 0x00,
    0x00, 0x00, 0x00, 0x00, 0x00, 0x00, 0x80, 0x03, 0x00, 0xea, 0x0f, 0x00,
    0x0c, 0x78, 0x00, 0x18, 0x15, 0x00, 0x00, 0x00, 0x70, 0x50, 0xf2, 0x03,
    0x00, 0xda, 0x0f, 0x00, 0x47, 0x99, 0x18, 0x00, 0x00, 0x00, 0x00, 0x00,
    0x00, 0x00, 0x80, 0x03, 0x00, 0xea, 0x0f, 0x00, 0x0c, 0x78, 0x00, 0x18,
    0x16, 0x00, 0x00, 0x00, 0x70, 0x50, 0xf2, 0x03, 0x00, 0xe2, 0x0f, 0x00,
    0x31, 0x74, 0x47, 0xff, 0x00, 0x00, 0x00, 0x00, 0xff, 0x01, 0x00, 0x00,
    0x00, 0xd8, 0x0f, 0x00, 0x47, 0x19, 0x90, 0x00, 0x04, 0x00, 0x00, 0x00,
    0x00, 0x00, 0x80, 0x03, 0x00, 0xea, 0x0f, 0x00, 0x20, 0x78, 0x46, 0x46,
    0x83, 0xf9, 0x22, 0x3e, 0x00, 0xc0, 0x40, 0x00, 0x00, 0xc8, 0x0f, 0x00,
    0x08, 0x73, 0x47, 0x00, 0x46, 0x00, 0x00, 0x00, 0x00, 0x00, 0x00, 0x00,
    0x00, 0x22, 0x00, 0x00, 0x47, 0x79, 0x84, 0x00, 0x04, 0x00, 0x00, 0x00,
    0x00, 0x00, 0x80, 0x03, 0x00, 0xea, 0x0f, 0x00, 0x20, 0x78, 0x46, 0x46,
    0x83, 0xf9, 0x22, 0x3e, 0x00, 0xc0, 0x40, 0x00, 0x00, 0xc8, 0x0f, 0x00,
    0x08, 0x73, 0x47, 0x00, 0x46, 0x00, 0x00, 0x00, 0x00, 0x04, 0x00, 0x00,
    0x00, 0x22, 0x00, 0x00, 0x47, 0x79, 0x78, 0x00, 0x04, 0x00, 0x00, 0x00,
    0x00, 0x00, 0x80, 0x03, 0x00, 0xea, 0x0f, 0x00, 0x0b, 0x72, 0x00, 0x46,
    0xff, 0x00, 0x00, 0x00, 0x00, 0x10, 0xf2, 0x03, 0x00, 0xca, 0x0f, 0x00,
    0x07, 0x78, 0x47, 0xff, 0xff, 0xff, 0xff, 0xff, 0x00, 0x00, 0x80, 0x04,
    0x00, 0xe2, 0x0f, 0x00, 0x0b, 0x72, 0x00, 0x46, 0xff, 0x00, 0x00, 0x00,
    0x00, 0x40, 0xf2, 0x03, 0x00, 0xc8, 0x0f, 0x00, 0x45, 0x72, 0x47, 0x00,
    0x47, 0x00, 0x00, 0x00, 0x00, 0x14, 0x20, 0x00, 0x00, 0xca, 0x0f, 0x00,
    0x08, 0x78, 0x47, 0x47, 0x00, 0x00, 0x80, 0x3f, 0x00, 0x00, 0x80, 0x04,
    0x00, 0xe2, 0x0f, 0x00, 0x47, 0x79, 0x60, 0x00, 0x04, 0x00, 0x00, 0x00,
    0x00, 0x00, 0x80, 0x03, 0x00, 0xec, 0x0f, 0x00, 0x0c, 0x78, 0x00, 0x18,
    0x18, 0x00, 0x00, 0x00, 0x70, 0x42, 0xf2, 0x03, 0x00, 0xda, 0x0f, 0x00,
    0x47, 0x19, 0x64, 0x00, 0x00, 0x00, 0x00, 0x00, 0x00, 0x00, 0x80, 0x03,
    0x00, 0xea, 0x0f, 0x00, 0x0c, 0x78, 0x00, 0x18, 0x17, 0x00, 0x00, 0x00,
    0x70, 0x50, 0xf2, 0x03, 0x00, 0xda, 0x0f, 0x00, 0x47, 0x99, 0x24, 0x00,
    0x00, 0x00, 0x00, 0x00, 0x00, 0x00, 0x80, 0x03, 0x00, 0xea, 0x0f, 0x00,
    0x0c, 0x78, 0x00, 0x18, 0x18, 0x00, 0x00, 0x00, 0x70, 0x50, 0xf2, 0x03,
    0x00, 0xe2, 0x0f, 0x00, 0x02, 0x72, 0x47, 0x00, 0xff, 0x00, 0x00, 0x00,
    0x00, 0x0f, 0x00, 0x00, 0x00, 0xd8, 0x0f, 0x00, 0x47, 0x19, 0x44, 0x00,
    0x04, 0x00, 0x00, 0x00, 0x00, 0x00, 0x80, 0x03, 0x00, 0xea, 0x0f, 0x00,
    0x0b, 0x78, 0x00, 0x46, 0x00, 0x00, 0xfc, 0xc2, 0x00, 0xe0, 0xf2, 0x03,
    0x00, 0xe2, 0x0f, 0x04, 0x20, 0x78, 0x03, 0x46, 0x00, 0x00, 0x00, 0x3f,
    0x00, 0x00, 0x40, 0x00, 0x00, 0xca, 0x0f, 0x00, 0x08, 0x72, 0x03, 0x03,
    0x46, 0x00, 0x00, 0x00, 0x00, 0x00, 0x80, 0x04, 0x00, 0xc8, 0x0f, 0x00,
    0x08, 0x73, 0x47, 0x00, 0x03, 0x00, 0x00, 0x00, 0x00, 0x08, 0x00, 0x00,
    0x00, 0x66, 0x0f, 0x00, 0x20, 0x92, 0x47, 0x47, 0x47, 0x00, 0x00, 0x00,
    0x00, 0x00, 0x40, 0x00, 0x00, 0xe2, 0x0f, 0x02, 0x47, 0x79, 0x2c, 0x00,
    0x04, 0x00, 0x00, 0x00, 0x00, 0x00, 0x80, 0x03, 0x00, 0xec, 0x0f, 0x00,
    0x0b, 0x72, 0x00, 0x46, 0xff, 0x00, 0x00, 0x00, 0x00, 0x40, 0xf2, 0x03,
    0x00, 0xe2, 0x0f, 0x00, 0x31, 0x74, 0x47, 0xff, 0x00, 0x00, 0x00, 0x00,
    0xff, 0x01, 0x00, 0x00, 0x00, 0xd8, 0x0f, 0x00, 0x47, 0x99, 0x20, 0x00,
    0x04, 0x00, 0x00, 0x00, 0x00, 0x00, 0x80, 0x03, 0x00, 0xea, 0x0f, 0x00,
    0x0b, 0x78, 0x00, 0x46, 0x00, 0x00, 0x80, 0x00, 0x00, 0xe2, 0xf2, 0x03,
    0x00, 0xe2, 0x0f, 0x04, 0x20, 0x78, 0x03, 0x46, 0x00, 0x00, 0x80, 0x4b,
    0x00, 0x00, 0x40, 0x00, 0x00, 0xca, 0x0f, 0x00, 0x08, 0x72, 0x03, 0x03,
    0x46, 0x00, 0x00, 0x00, 0x00, 0x00, 0x80, 0x04, 0x00, 0xc8, 0x0f, 0x00,
    0x08, 0x73, 0x00, 0x00, 0x03, 0x00, 0x00, 0x00, 0x00, 0x0c, 0x00, 0x00,
    0x00, 0x66, 0x0f, 0x00, 0x21, 0x94, 0x00, 0x00, 0x00, 0x00, 0xc0, 0xc1,
    0x00, 0x00, 0x00, 0x00, 0x00, 0xc8, 0x0f, 0x02, 0x20, 0x72, 0x00, 0x43,
    0x00, 0x00, 0x00, 0x00, 0x00, 0x00, 0x40, 0x00, 0x00, 0xca, 0x0f, 0x00,
    0x0b, 0x78, 0x00, 0x00, 0x00, 0x00, 0xfc, 0xc2, 0x00, 0xe0, 0xf2, 0x03,
    0x00, 0xda, 0x0f, 0x00, 0x20, 0x98, 0x00, 0x00, 0x00, 0x00, 0x00, 0x3f,
    0x00, 0x00, 0x40, 0x00, 0x00, 0xc8, 0x0f, 0x00, 0x08, 0x73, 0x47, 0x00,
    0x00, 0x00, 0x00, 0x00, 0x00, 0x08, 0x00, 0x00, 0x00, 0x64, 0x0f, 0x00,
    0x20, 0x92, 0x47, 0x47, 0x47, 0x00, 0x00, 0x00, 0x00, 0x00, 0x40, 0x00,
    0x00, 0xe2, 0x0f, 0x02, 0x47, 0x79, 0xf4, 0x00, 0x00, 0x00, 0x00, 0x00,
    0x00, 0x00, 0x80, 0x03, 0x00, 0xec, 0x0f, 0x00, 0x0c, 0x78, 0x00, 0x18,
    0x19, 0x00, 0x00, 0x00, 0x70, 0x50, 0xf2, 0x03, 0x00, 0xda, 0x0f, 0x00,
    0x47, 0x99, 0x14, 0x00, 0x00, 0x00, 0x00, 0x00, 0x00, 0x00, 0x80, 0x03,
    0x00, 0xea, 0x0f, 0x00, 0x0c, 0x78, 0x00, 0x18, 0x1a, 0x00, 0x00, 0x00,
    0x70, 0x50, 0xf2, 0x03, 0x00, 0xe2, 0x0f, 0x00, 0x02, 0x72, 0x47, 0x00,
    0xff, 0x00, 0x00, 0x00, 0x00, 0x0f, 0x00, 0x00, 0x00, 0xd8, 0x0f, 0x00,
    0x47, 0x19, 0xe0, 0x00, 0x00, 0x00, 0x00, 0x00, 0x00, 0x00, 0x80, 0x03,
    0x00, 0xea, 0x0f, 0x00, 0x0a, 0x72, 0x47, 0x46, 0x43, 0x00, 0x00, 0x00,
    0x00, 0x10, 0x80, 0x03, 0x00, 0xe2, 0x0f, 0x00, 0x47, 0x79, 0xd8, 0x00,
    0x00, 0x00, 0x00, 0x00, 0x00, 0x00, 0x80, 0x03, 0x00, 0xec, 0x0f, 0x00,
    0x0b, 0x72, 0x00, 0x46, 0xff, 0x00, 0x00, 0x00, 0x00, 0x40, 0xf2, 0x03,
    0x00, 0xe2, 0x0f, 0x00, 0x31, 0x74, 0x47, 0xff, 0xca, 0xf2, 0x49, 0xf1,
    0xff, 0x01, 0x00, 0x00, 0x00, 0xd8, 0x0f, 0x00, 0x47, 0x99, 0xcc, 0x00,
    0x00, 0x00, 0x00, 0x00, 0x00, 0x00, 0x80, 0x03, 0x00, 0xea, 0x0f, 0x00,
    0x0b, 0x78, 0x00, 0x46, 0x00, 0x00, 0x80, 0x00, 0x00, 0xe2, 0xf2, 0x03,
    0x00, 0xe2, 0x0f, 0x04, 0x20, 0x78, 0x03, 0x46, 0x00, 0x00, 0x80, 0x4b,
    0x00, 0x00, 0x40, 0x00, 0x00, 0xca, 0x0f, 0x00, 0x08, 0x72, 0x03, 0x03,
    0x46, 0x00, 0x00, 0x00, 0x00, 0x00, 0x80, 0x04, 0x00, 0xc8, 0x0f, 0x00,
    0x08, 0x73, 0x47, 0x00, 0x03, 0x00, 0x00, 0x00, 0x00, 0x0c, 0x00, 0x00,
    0x00, 0x66, 0x0f, 0x00, 0x21, 0x94, 0x47, 0x47, 0x00, 0x00, 0xc0, 0xc1,
    0x00, 0x00, 0x00, 0x00, 0x00, 0xe2, 0x0f, 0x02, 0x47, 0x79, 0xb4, 0x00,
    0x00, 0x00, 0x00, 0x00, 0x00, 0x00, 0x80, 0x03, 0x00, 0xec, 0x0f, 0x00,
    0x0c, 0x78, 0x00, 0x18, 0x1e, 0x00, 0x00, 0x00, 0x70, 0x42, 0xf2, 0x03,
    0x00, 0xda, 0x0f, 0x00, 0x47, 0x19, 0x50, 0x00, 0x00, 0x00, 0x00, 0x00,
    0x00, 0x00, 0x80, 0x03, 0x00, 0xea, 0x0f, 0x00, 0x0c, 0x78, 0x00, 0x18,
    0x1c, 0x00, 0x00, 0x00, 0x70, 0x42, 0xf2, 0x03, 0x00, 0xda, 0x0f, 0x00,
    0x47, 0x19, 0x24, 0x00, 0x00, 0x00, 0x00, 0x00, 0x00, 0x00, 0x80, 0x03,
    0x00, 0xea, 0x0f, 0x00, 0x0c, 0x78, 0x00, 0x18, 0x1b, 0x00, 0x00, 0x00,
    0x70, 0x50, 0xf2, 0x03, 0x00, 0xda, 0x0f, 0x00, 0x47, 0x99, 0x14, 0x00,
    0x00, 0x00, 0x00, 0x00, 0x00, 0x00, 0x80, 0x03, 0x00, 0xea, 0x0f, 0x00,
    0x0c, 0x78, 0x00, 0x18, 0x1c, 0x00, 0x00, 0x00, 0x70, 0x50, 0xf2, 0x03,
    0x00, 0xe2, 0x0f, 0x00, 0x02, 0x72, 0x47, 0x00, 0xff, 0x00, 0x00, 0x00,
    0x00, 0x0f, 0x00, 0x00, 0x00, 0xd8, 0x0f, 0x00, 0x47, 0x19, 0x90, 0x00,
    0x00, 0x00, 0x00, 0x00, 0x00, 0x00, 0x80, 0x03, 0x00, 0xea, 0x0f, 0x00,
    0x0a, 0x72, 0x47, 0x46, 0x43, 0x00, 0x00, 0x00, 0x00, 0x40, 0x80, 0x03,
    0x00, 0xe2, 0x0f, 0x00, 0x47, 0x79, 0x88, 0x00, 0x00, 0x00, 0x00, 0x00,
    0x00, 0x00, 0x80, 0x03, 0x00, 0xec, 0x0f, 0x00, 0x0a, 0x72, 0x47, 0x46,
    0x43, 0x00, 0x00, 0x00, 0x00, 0x30, 0x80, 0x03, 0x00, 0xe2, 0x0f, 0x00,
    0x47, 0x79, 0x80, 0x00, 0x00, 0x00, 0x00, 0x00, 0x00, 0x00, 0x80, 0x03,
    0x00, 0xec, 0x0f, 0x00, 0x0c, 0x78, 0x00, 0x18, 0x1d, 0x00, 0x00, 0x00,
    0x70, 0x50, 0xf2, 0x03, 0x00, 0xda, 0x0f, 0x00, 0x47, 0x99, 0x14, 0x00,
    0x00, 0x00, 0x00, 0x00, 0x00, 0x00, 0x80, 0x03, 0x00, 0xea, 0x0f, 0x00,
    0x0c, 0x78, 0x00, 0x18, 0x1e, 0x00, 0x00, 0x00, 0x70, 0x50, 0xf2, 0x03,
    0x00, 0xe2, 0x0f, 0x00, 0x31, 0x74, 0x47, 0xff, 0x00, 0x00, 0x00, 0x00,
    0xff, 0x01, 0x00, 0x00, 0x00, 0xd8, 0x0f, 0x00, 0x47, 0x19, 0x6c, 0x00,
    0x00, 0x00, 0x00, 0x00, 0x00, 0x00, 0x80, 0x03, 0x00, 0xea, 0x0f, 0x00,
    0x0a, 0x72, 0x47, 0x46, 0x43, 0x00, 0x00, 0x00, 0x00, 0x20, 0x80, 0x03,
    0x00, 0xe2, 0x0f, 0x00, 0x47, 0x79, 0x64, 0x00, 0x00, 0x00, 0x00, 0x00,
    0x00, 0x00, 0x80, 0x03, 0x00, 0xec, 0x0f, 0x00, 0x0a, 0x72, 0x47, 0x46,
    0x43, 0x00, 0x00, 0x00, 0x00, 0x60, 0x80, 0x03, 0x00, 0xe2, 0x0f, 0x00,
    0x47, 0x79, 0x5c, 0x00, 0x00, 0x00, 0x00, 0x00, 0x00, 0x00, 0x80, 0x03,
    0x00, 0xec, 0x0f, 0x00, 0x0c, 0x78, 0x00, 0x18, 0x20, 0x00, 0x00, 0x00,
    0x70, 0x42, 0xf2, 0x03, 0x00, 0xda, 0x0f, 0x00, 0x47, 0x19, 0x2c, 0x00,
    0x00, 0x00, 0x00, 0x00, 0x00, 0x00, 0x80, 0x03, 0x00, 0xea, 0x0f, 0x00,
    0x0c, 0x78, 0x00, 0x18, 0x1f, 0x00, 0x00, 0x00, 0x70, 0x50, 0xf2, 0x03,
    0x00, 0xda, 0x0f, 0x00, 0x47, 0x99, 0x1c, 0x00, 0x00, 0x00, 0x00, 0x00,
    0x00, 0x00, 0x80, 0x03, 0x00, 0xea, 0x0f, 0x00, 0x0c, 0x78, 0x00, 0x18,
    0x20, 0x00, 0x00, 0x00, 0x70, 0x50, 0xf2, 0x03, 0x00, 0xe2, 0x0f, 0x00,
    0x02, 0x72, 0x47, 0x00, 0xff, 0x00, 0x00, 0x00, 0x00, 0x0f, 0x00, 0x00,
    0x00, 0xd8, 0x0f, 0x00, 0x47, 0x19, 0x40, 0x00, 0x00, 0x00, 0x00, 0x00,
    0x00, 0x00, 0x80, 0x03, 0x00, 0xea, 0x0f, 0x00, 0x0b, 0x72, 0x00, 0x46,
    0xff, 0x00, 0x00, 0x00, 0x00, 0xd0, 0xf2, 0x03, 0x00, 0xe2, 0x0f, 0x00,
    0x0a, 0x72, 0x43, 0x43, 0xff, 0x00, 0x00, 0x00, 0x00, 0xd0, 0x80, 0x03,
    0x00, 0xca, 0x0f, 0x00, 0x08, 0x72, 0x47, 0x43, 0xff, 0x00, 0x00, 0x00,
    0x00, 0x00, 0x80, 0x00, 0x00, 0xe2, 0x0f, 0x00, 0x47, 0x79, 0x30, 0x00,
    0x00, 0x00, 0x00, 0x00, 0x00, 0x00, 0x80, 0x03, 0x00, 0xec, 0x0f, 0x00,
    0x0a, 0x72, 0x47, 0x46, 0x43, 0x00, 0x00, 0x00, 0x00, 0xd0, 0x80, 0x03,
    0x00, 0xe2, 0x0f, 0x00, 0x47, 0x79, 0x28, 0x00, 0x00, 0x00, 0x00, 0x00,
    0x00, 0x00, 0x80, 0x03, 0x00, 0xec, 0x0f, 0x00, 0x0c, 0x78, 0x00, 0x18,
    0x21, 0x00, 0x00, 0x00, 0x70, 0x50, 0xf2, 0x03, 0x00, 0xda, 0x0f, 0x00,
    0x47, 0x99, 0x14, 0x00, 0x00, 0x00, 0x00, 0x00, 0x00, 0x00, 0x80, 0x03,
    0x00, 0xea, 0x0f, 0x00, 0x0c, 0x78, 0x00, 0x18, 0x22, 0x00, 0x00, 0x00,
    0x70, 0x50, 0xf2, 0x03, 0x00, 0xe2, 0x0f, 0x00, 0x31, 0x74, 0x47, 0xff,
    0x00, 0x00, 0x00, 0x00, 0xff, 0x01, 0x00, 0x00, 0x00, 0xd8, 0x0f, 0x00,
    0x47, 0x19, 0x14, 0x00, 0x00, 0x00, 0x00, 0x00, 0x00, 0x00, 0x80, 0x03,
    0x00, 0xea, 0x0f, 0x00, 0x0a, 0x72, 0x47, 0x46, 0xff, 0x00, 0x00, 0x00,
    0x00, 0x20, 0x80, 0x03, 0x00, 0xe2, 0x0f, 0x00, 0x47, 0x79, 0x0c, 0x00,
    0x00, 0x00, 0x00, 0x00, 0x00, 0x00, 0x80, 0x03, 0x00, 0xec, 0x0f, 0x00,
    0x0b, 0x72, 0x00, 0x46, 0xff, 0x00, 0x00, 0x00, 0x00, 0xd0, 0xf2, 0x03,
    0x00, 0xe2, 0x0f, 0x00, 0x0a, 0x72, 0x43, 0x43, 0xff, 0x00, 0x00, 0x00,
    0x00, 0xd0, 0x80, 0x03, 0x00, 0xca, 0x0f, 0x00, 0x08, 0x78, 0x47, 0x43,
    0x00, 0x00, 0x80, 0x3f, 0x00, 0x00, 0x80, 0x04, 0x00, 0xce, 0x0f, 0x00,
    0x18, 0x79, 0x00, 0x00, 0x00, 0x00, 0x00, 0x00, 0x00, 0x00, 0x00, 0x00,
    0x00, 0xe2, 0x0f, 0x00, 0x41, 0x79, 0x00, 0x00, 0x00, 0x00, 0x00, 0x00,
    0x00, 0x02, 0x80, 0x03, 0x00, 0xea, 0x0f, 0x00, 0x47, 0x79, 0x1c, 0x00,
    0x04, 0x00, 0x00, 0x00, 0x00, 0x00, 0x80, 0x03, 0x00, 0xea, 0x0f, 0x00,
    0x0c, 0x78, 0x00, 0x55, 0xc4, 0x00, 0x00, 0x00, 0x70, 0x40, 0xf4, 0x03,
    0x00, 0xe2, 0x0f, 0x00, 0x31, 0x74, 0x4a, 0xff, 0x03, 0x00, 0x00, 0x00,
    0xff, 0x01, 0x00, 0x00, 0x00, 0xe2, 0x0f, 0x00, 0x02, 0x72, 0x46, 0x00,
    0x16, 0x00, 0x00, 0x00, 0x00, 0x0f, 0x00, 0x00, 0x00, 0xe2, 0x0f, 0x00,
    0x02, 0x72, 0x47, 0x00, 0x17, 0x00, 0x00, 0x00, 0x00, 0x0f, 0x00, 0x00,
    0x00, 0xd4, 0x0f, 0x00, 0x42, 0x29, 0x01, 0x00, 0x00, 0x00, 0x00, 0x00,
    0x00, 0x01, 0x80, 0x03, 0x00, 0xea, 0x0f, 0x00, 0x42, 0x29, 0x02, 0x00,
    0x00, 0x00, 0x00, 0x00, 0x00, 0x01, 0x80, 0x03, 0x00, 0xea, 0x0f, 0x00,
    0x47, 0x29, 0x4c, 0x00, 0x08, 0x00, 0x00, 0x00, 0x00, 0x00, 0x80, 0x03,
    0x00, 0xea, 0x0f, 0x00, 0x24, 0x72, 0x03, 0x4f, 0x57, 0x00, 0x00, 0x00,
    0xff, 0x02, 0x8e, 0x07, 0x00, 0xe2, 0x0f, 0x08, 0x19, 0x78, 0x47, 0x4e,
    0x04, 0x00, 0x00, 0x00, 0x4f, 0x02, 0x01, 0x00, 0x00, 0xe2, 0x0f, 0x04,
    0x25, 0x72, 0x48, 0x4e, 0x57, 0x00, 0x00, 0x00, 0x3e, 0x00, 0x8e, 0x07,
    0x00, 0xe2, 0x0f, 0x04, 0x19, 0x78, 0x57, 0x4e, 0x02, 0x00, 0x00, 0x00,
    0x4f, 0x02, 0x01, 0x00, 0x00, 0xc6, 0x0f, 0x00, 0x24, 0x78, 0x56, 0x4e,
    0x04, 0x00, 0x00, 0x00, 0xff, 0x00, 0x8e, 0x07, 0x00, 0xe2, 0x0f, 0x00,
    0x35, 0x72, 0x03, 0x49, 0x03, 0x00, 0x00, 0x00, 0x00, 0x00, 0x8e, 0x07,
    0x00, 0xe2, 0x0f, 0x00, 0x11, 0x72, 0x52, 0x48, 0x44, 0x00, 0x00, 0x00,
    0xff, 0x10, 0x82, 0x07, 0x00, 0xe2, 0x0f, 0x00, 0x24, 0x78, 0x46, 0x4e,
    0x10, 0x00, 0x00, 0x00, 0xff, 0x00, 0x8e, 0x07, 0x00, 0xc6, 0x0f, 0x00,
    0x11, 0x72, 0x53, 0x48, 0x45, 0x00, 0x00, 0x00, 0x03, 0x14, 0x8f, 0x00,
    0x00, 0xca, 0x0f, 0x00, 0x35, 0x72, 0x4e, 0x56, 0x52, 0x00, 0x00, 0x00,
    0x00, 0x02, 0x8e, 0x07, 0x00, 0xe4, 0x0f, 0x00, 0x35, 0x72, 0x50, 0x52,
    0x46, 0x00, 0x00, 0x00, 0x00, 0x02, 0x8e, 0x07, 0x00, 0xe4, 0x0f, 0x00,
    0x35, 0x72, 0x44, 0x56, 0x4e, 0x00, 0x00, 0x00, 0x00, 0x02, 0x8e, 0x07,
    0x00, 0xe4, 0x0f, 0x08, 0x35, 0x72, 0x48, 0x46, 0x4e, 0x00, 0x00, 0x00,
    0x00, 0x02, 0x8e, 0x07, 0x00, 0xe4, 0x0f, 0x00, 0x35, 0x72, 0x56, 0x56,
    0x44, 0x00, 0x00, 0x00, 0x00, 0x02, 0x8e, 0x07, 0x00, 0xe4, 0x0f, 0x00,
    0x81, 0x79, 0x18, 0x50, 0x06, 0x00, 0x00, 0x00, 0x00, 0x19, 0x1e, 0x0c,
    0x00, 0xa2, 0x02, 0x00, 0x35, 0x72, 0x4a, 0x46, 0x50, 0x00, 0x00, 0x00,
    0x00, 0x02, 0x8e, 0x07, 0x00, 0xc4, 0x0f, 0x02, 0x35, 0x72, 0x54, 0x46,
    0x44, 0x00, 0x00, 0x00, 0x00, 0x02, 0x8e, 0x07, 0x00, 0xe4, 0x0f, 0x04,
    0x81, 0x79, 0x03, 0x52, 0x06, 0x00, 0x00, 0x00, 0x00, 0x19, 0x1e, 0x0c,
    0x00, 0x28, 0x07, 0x00, 0x81, 0x79, 0x41, 0x4e, 0x06, 0x00, 0x00, 0x00,
    0x00, 0x19, 0x1e, 0x0c, 0x00, 0x22, 0x01, 0x00, 0x35, 0x72, 0x50, 0x46,
    0x56, 0x00, 0x00, 0x00, 0x00, 0x02, 0x8e, 0x07, 0x00, 0xc6, 0x2f, 0x00,
    0x81, 0x79, 0x5b, 0x44, 0x06, 0x00, 0x00, 0x00, 0x00, 0x19, 0x1e, 0x0c,
    0x00, 0x22, 0x03, 0x00, 0x35, 0x72, 0x52, 0x46, 0x48, 0x00, 0x00, 0x00,
    0x00, 0x02, 0x8e, 0x07, 0x00, 0xc6, 0x8f, 0x00, 0x81, 0x79, 0x42, 0x48,
    0x06, 0x00, 0x00, 0x00, 0x00, 0x19, 0x1e, 0x0c, 0x00, 0x22, 0x07, 0x00,
    0x35, 0x72, 0x4e, 0x46, 0x54, 0x00, 0x00, 0x00, 0x00, 0x02, 0x8e, 0x07,
    0x00, 0xc6, 0x1f, 0x00, 0x81, 0x79, 0x58, 0x54, 0x06, 0x00, 0x00, 0x00,
    0x00, 0x19, 0x1e, 0x0c, 0x00, 0x22, 0x0f, 0x00, 0x35, 0x72, 0x44, 0x46,
    0x50, 0x00, 0x00, 0x00, 0x00, 0x02, 0x8e, 0x07, 0x00, 0xc6, 0x2f, 0x00,
    0x81, 0x79, 0x5c, 0x50, 0x06, 0x00, 0x00, 0x00, 0x00, 0x19, 0x1e, 0x0c,
    0x00, 0x22, 0x0f, 0x00, 0x35, 0x72, 0x4c, 0x46, 0x4a, 0x00, 0x00, 0x00,
    0x00, 0x02, 0x8e, 0x07, 0x00, 0xe4, 0x0f, 0x04, 0x35, 0x72, 0x48, 0x46,
    0x4e, 0x00, 0x00, 0x00, 0x00, 0x02, 0x8e, 0x07, 0x00, 0xe4, 0x8f, 0x04,
    0x81, 0x79, 0x59, 0x4a, 0x06, 0x00, 0x00, 0x00, 0x00, 0x19, 0x1e, 0x0c,
    0x00, 0xe8, 0x00, 0x00, 0x81, 0x79, 0x5d, 0x56, 0x06, 0x00, 0x00, 0x00,
    0x00, 0x19, 0x1e, 0x0c, 0x00, 0xe8, 0x0e, 0x00, 0x81, 0x79, 0x5a, 0x52,
    0x06, 0x00, 0x00, 0x00, 0x00, 0x19, 0x1e, 0x0c, 0x00, 0xe2, 0x04, 0x00,
    0x35, 0x72, 0x4a, 0x46, 0x52, 0x00, 0x00, 0x00, 0x00, 0x02, 0x8e, 0x07,
    0x00, 0xc4, 0x1f, 0x00, 0x35, 0x72, 0x46, 0x46, 0x44, 0x00, 0x00, 0x00,
    0x00, 0x02, 0x8e, 0x07, 0x00, 0xe4, 0x0f, 0x00, 0x81, 0x79, 0x51, 0x4e,
    0x06, 0x00, 0x00, 0x00, 0x00, 0x19, 0x1e, 0x0c, 0x00, 0xe8, 0x0e, 0x00,
    0x81, 0x79, 0x45, 0x44, 0x06, 0x00, 0x00, 0x00, 0x00, 0x19, 0x1e, 0x0c,
    0x00, 0xe8, 0x0e, 0x00, 0x81, 0x79, 0x4c, 0x4c, 0x06, 0x00, 0x00, 0x00,
    0x00, 0x19, 0x1e, 0x0c, 0x00, 0xe8, 0x0e, 0x00, 0x81, 0x79, 0x54, 0x4a,
    0x06, 0x00, 0x00, 0x00, 0x00, 0x19, 0x1e, 0x0c, 0x00, 0xe8, 0x06, 0x00,
    0x81, 0x79, 0x48, 0x48, 0x06, 0x00, 0x00, 0x00, 0x00, 0x19, 0x1e, 0x0c,
    0x00, 0xe8, 0x0e, 0x00, 0x81, 0x79, 0x46, 0x46, 0x06, 0x00, 0x00, 0x00,
    0x00, 0x19, 0x1e, 0x0c, 0x00, 0xe2, 0x0e, 0x00, 0x20, 0x72, 0x53, 0x1b,
    0x18, 0x00, 0x00, 0x00, 0x00, 0x00, 0x40, 0x00, 0x00, 0xc8, 0x4f, 0x00,
    0x23, 0x72, 0x03, 0x00, 0x03, 0x00, 0x00, 0x00, 0x53, 0x00, 0x00, 0x00,
    0x00, 0xe2, 0x0f, 0x05, 0x20, 0x72, 0x42, 0x1b, 0x42, 0x00, 0x00, 0x00,
    0x00, 0x00, 0x40, 0x00, 0x00, 0xe2, 0x0f, 0x04, 0x20, 0x72, 0x58, 0x1b,
    0x58, 0x00, 0x00, 0x00, 0x00, 0x00, 0x40, 0x00, 0x00, 0xe2, 0x0f, 0x04,
    0x20, 0x72, 0x5c, 0x1b, 0x5c, 0x00, 0x00, 0x00, 0x00, 0x00, 0x40, 0x00,
    0x00, 0xe4, 0x0f, 0x00, 0x23, 0x72, 0x41, 0x00, 0x41, 0x00, 0x00, 0x00,
    0x42, 0x00, 0x00, 0x00, 0x00, 0xe2, 0x0f, 0x04, 0x23, 0x72, 0x58, 0x00,
    0x5b, 0x00, 0x00, 0x00, 0x58, 0x00, 0x00, 0x00, 0x00, 0xe2, 0x0f, 0x00,
    0x23, 0x72, 0x4a, 0x40, 0x59, 0x00, 0x00, 0x00, 0x03, 0x00, 0x00, 0x00,
    0x00, 0xe2, 0x8f, 0x00, 0x23, 0x72, 0x5c, 0x00, 0x5d, 0x00, 0x00, 0x00,
    0x5c, 0x00, 0x00, 0x00, 0x00, 0xe2, 0x0f, 0x00, 0x23, 0x72, 0x41, 0x40,
    0x5a, 0x00, 0x00, 0x00, 0x41, 0x00, 0x00, 0x00, 0x00, 0xe2, 0x0f, 0x04,
    0x23, 0x72, 0x51, 0x40, 0x51, 0x00, 0x00, 0x00, 0x58, 0x00, 0x00, 0x00,
    0x00, 0xc4, 0x0f, 0x00, 0x23, 0x72, 0x45, 0x40, 0x45, 0x00, 0x00, 0x00,
    0x5c, 0x00, 0x00, 0x00, 0x00, 0xe2, 0x0f, 0x00, 0x23, 0x72, 0x4a, 0x43,
    0x4c, 0x00, 0x00, 0x00, 0x4a, 0x00, 0x00, 0x00, 0x00, 0xe2, 0x0f, 0x04,
    0x23, 0x72, 0x4c, 0x43, 0x54, 0x00, 0x00, 0x00, 0x41, 0x00, 0x00, 0x00,
    0x00, 0xe2, 0x0f, 0x04, 0x23, 0x72, 0x49, 0x43, 0x48, 0x00, 0x00, 0x00,
    0x51, 0x00, 0x00, 0x00, 0x00, 0xe2, 0x0f, 0x04, 0x23, 0x72, 0x47, 0x43,
    0x46, 0x00, 0x00, 0x00, 0x45, 0x00, 0x00, 0x00, 0x00, 0xe2, 0x0f, 0x00,
    0x47, 0x79, 0x1c, 0x00, 0x00, 0x00, 0x00, 0x00, 0x00, 0x00, 0x80, 0x03,
    0x00, 0xec, 0x0f, 0x00, 0x20, 0x72, 0x03, 0x1b, 0x41, 0x00, 0x00, 0x00,
    0x00, 0x00, 0x40, 0x00, 0x00, 0xe2, 0x0f, 0x0a, 0x20, 0x72, 0x43, 0x4b,
    0x40, 0x00, 0x00, 0x00, 0x00, 0x00, 0x40, 0x00, 0x00, 0xe2, 0x0f, 0x04,
    0x20, 0x72, 0x18, 0x00, 0x42, 0x00, 0x00, 0x00, 0x00, 0x00, 0x40, 0x00,
    0x00, 0xe2, 0x0f, 0x00, 0x02, 0x72, 0x47, 0x00, 0xff, 0x00, 0x00, 0x00,
    0x00, 0x0f, 0x00, 0x00, 0x00, 0xe2, 0x0f, 0x00, 0x23, 0x72, 0x4a, 0x42,
    0x40, 0x00, 0x00, 0x00, 0x03, 0x08, 0x00, 0x00, 0x00, 0xe2, 0x0f, 0x00,
    0x23, 0x72, 0x4c, 0x00, 0x41, 0x00, 0x00, 0x00, 0x43, 0x08, 0x00, 0x00,
    0x00, 0xe2, 0x0f, 0x00, 0x23, 0x72, 0x49, 0x4b, 0x1b, 0x00, 0x00, 0x00,
    0x18, 0x08, 0x00, 0x00, 0x00, 0xce, 0x0f, 0x00, 0x18, 0x79, 0x00, 0x00,
    0x00, 0x00, 0x00, 0x00, 0x00, 0x00, 0x00, 0x00, 0x00, 0xe2, 0x0f, 0x00,
    0x41, 0x79, 0x01, 0x00, 0x00, 0x00, 0x00, 0x00, 0x00, 0x01, 0x80, 0x03,
    0x00, 0xea, 0x0f, 0x00, 0x12, 0x78, 0xff, 0x1a, 0x01, 0x00, 0x00, 0x00,
    0xff, 0xc0, 0x82, 0x07, 0x00, 0xda, 0x0f, 0x00, 0x82, 0x1b, 0x40, 0xff,
    0x00, 0xe6, 0x00, 0x00, 0x00, 0x0a, 0x00, 0x00, 0x00, 0xa2, 0x4e, 0x00,
    0x24, 0x18, 0x00, 0x19, 0x04, 0x00, 0x00, 0x00, 0xff, 0x00, 0x8e, 0x07,
    0x00, 0xe2, 0x0f, 0x00, 0x17, 0x78, 0x18, 0x3c, 0x00, 0x10, 0x00, 0x00,
    0x00, 0xe4, 0xff, 0x03, 0x00, 0xc8, 0x1f, 0x00, 0x12, 0x18, 0x43, 0x00,
    0xff, 0xff, 0x00, 0x00, 0xff, 0xc0, 0x8e, 0x07, 0x00, 0xca, 0x0f, 0x00,
    0x24, 0x12, 0x03, 0x19, 0x43, 0x00, 0x00, 0x00, 0xff, 0x02, 0x8e, 0x07,
    0x00, 0xe4, 0x0f, 0x08, 0x25, 0x12, 0x42, 0x18, 0x43, 0x00, 0x00, 0x00,
    0x3e, 0x00, 0x8e, 0x07, 0x00, 0xca, 0x0f, 0x00, 0x35, 0x12, 0x00, 0x43,
    0x03, 0x00, 0x00, 0x00, 0x00, 0x00, 0x8e, 0x07, 0x00, 0xe2, 0x0f, 0x00,
    0x11, 0x12, 0x40, 0x42, 0x40, 0x00, 0x00, 0x00, 0xff, 0x10, 0x84, 0x07,
    0x00, 0xc8, 0x4f, 0x00, 0x11, 0x12, 0x41, 0x42, 0x41, 0x00, 0x00, 0x00,
    0x00, 0x14, 0x0f, 0x01, 0x00, 0xca, 0x0f, 0x00, 0x86, 0x19, 0x00, 0x40,
    0x4a, 0x00, 0x00, 0x00, 0x06, 0x19, 0x10, 0x0c, 0x00, 0xe8, 0x01, 0x01,
    0x81, 0x19, 0x1a, 0x1c, 0x06, 0x41, 0x0d, 0x00, 0x00, 0x11, 0x1e, 0x0c,
    0x00, 0xa4, 0x0e, 0x00, 0x12, 0x78, 0xff, 0x1a, 0x02, 0x00, 0x00, 0x00,
    0xff, 0xc0, 0x82, 0x07, 0x00, 0xda, 0x4f, 0x00, 0x81, 0x19, 0x03, 0x1c,
    0x06, 0x42, 0x0d, 0x00, 0x00, 0x15, 0x1e, 0x0c, 0x00, 0xa2, 0x0e, 0x00,
    0x82, 0x1b, 0x42, 0xff, 0x00, 0xe6, 0x00, 0x00, 0x00, 0x0a, 0x00, 0x00,
    0x00, 0x22, 0x0f, 0x00, 0x25, 0x12, 0x4e, 0x03, 0x18, 0x00, 0x00, 0x00,
    0xff, 0x00, 0x8e, 0x07, 0x00, 0xc8, 0x4f, 0x00, 0x24, 0x12, 0x03, 0x19,
    0x03, 0x00, 0x00, 0x00, 0x4f, 0x02, 0x8e, 0x07, 0x00, 0xe2, 0x0f, 0x00,
    0x11, 0x12, 0x44, 0x4e, 0x18, 0x00, 0x00, 0x00, 0xff, 0x10, 0x84, 0x07,
    0x00, 0xc8, 0x0f, 0x00, 0x11, 0x12, 0x45, 0x4e, 0x19, 0x00, 0x00, 0x00,
    0x03, 0x14, 0x0f, 0x01, 0x00, 0xca, 0x0f, 0x00, 0x35, 0x12, 0x44, 0x3e,
    0x44, 0x00, 0x00, 0x00, 0x00, 0x02, 0x8e, 0x07, 0x00, 0xca, 0x0f, 0x00,
    0x11, 0x12, 0x42, 0x44, 0x42, 0x00, 0x00, 0x00, 0xff, 0x10, 0x84, 0x07,
    0x00, 0xc8, 0x0f, 0x01, 0x11, 0x12, 0x43, 0x44, 0x43, 0x00, 0x00, 0x00,
    0x45, 0x14, 0x0f, 0x01, 0x00, 0xca, 0x0f, 0x00, 0x86, 0x19, 0x00, 0x42,
    0x4c, 0x00, 0x00, 0x00, 0x06, 0x19, 0x10, 0x0c, 0x00, 0xe8, 0x85, 0x00,
    0x81, 0x19, 0x1a, 0x1c, 0x06, 0x41, 0x0d, 0x00, 0x00, 0x11, 0x1e, 0x0c,
    0x00, 0xe2, 0x0e, 0x00, 0x45, 0x79, 0x00, 0x00, 0x00, 0x01, 0x00, 0x00,
    0x00, 0x02, 0x80, 0x03, 0x00, 0xe2, 0x0f, 0x00, 0x12, 0x78, 0xff, 0x1a,
    0x04, 0x00, 0x00, 0x00, 0xff, 0xc0, 0x82, 0x07, 0x00, 0xda, 0x8f, 0x00,
    0x47, 0x99, 0x30, 0x00, 0x00, 0x00, 0x00, 0x00, 0x00, 0x00, 0x80, 0x03,
    0x00, 0xea, 0x0f, 0x00, 0x81, 0x79, 0x1a, 0x1c, 0x06, 0x42, 0x0d, 0x00,
    0x00, 0x15, 0x1e, 0x0c, 0x00, 0xe2, 0x0e, 0x00, 0xac, 0x77, 0x04, 0xff,
    0x00, 0x73, 0x00, 0x00, 0x00, 0x0a, 0x00, 0x08, 0x00, 0x22, 0x0f, 0x00,
    0x25, 0x78, 0x1a, 0x1a, 0x04, 0x00, 0x00, 0x00, 0xff, 0x00, 0x8e, 0x07,
    0x00, 0xc6, 0x8f, 0x00, 0x12, 0x78, 0x03, 0x1a, 0x02, 0x00, 0x00, 0x00,
    0xff, 0xfc, 0x8e, 0x07, 0x00, 0xe2, 0x0f, 0x00, 0x24, 0x72, 0x1a, 0x1b,
    0x18, 0x00, 0x00, 0x00, 0xff, 0x02, 0x8e, 0x07, 0x00, 0xc8, 0x0f, 0x00,
    0x24, 0x72, 0x41, 0x19, 0x03, 0x00, 0x00, 0x00, 0x1a, 0x02, 0x8e, 0x07,
    0x00, 0xe4, 0x1f, 0x08, 0x25, 0x72, 0x1a, 0x18, 0x03, 0x00, 0x00, 0x00,
    0x3e, 0x00, 0x8e, 0x07, 0x00, 0xca, 0x0f, 0x00, 0x35, 0x72, 0x03, 0x1b,
    0x41, 0x00, 0x00, 0x00, 0x00, 0x00, 0x8e, 0x07, 0x00, 0xe2, 0x0f, 0x00,
    0x11, 0x7c, 0x40, 0x1a, 0x04, 0x00, 0x00, 0x00, 0xff, 0x10, 0x82, 0x0f,
    0x00, 0xc8, 0x0f, 0x01, 0x11, 0x7c, 0x41, 0x1a, 0x05, 0x00, 0x00, 0x00,
    0x03, 0x14, 0x8f, 0x08, 0x00, 0xca, 0x0f, 0x00, 0x86, 0x79, 0x00, 0x40,
    0x49, 0x00, 0x00, 0x00, 0x06, 0x19, 0x10, 0x0c, 0x00, 0xe8, 0x27, 0x00,
    0x81, 0x79, 0x1a, 0x1c, 0x06, 0x41, 0x0d, 0x00, 0x00, 0x11, 0x1e, 0x0c,
    0x00, 0x64, 0x07, 0x00, 0x18, 0x79, 0x00, 0x00, 0x00, 0x00, 0x00, 0x00,
    0x00, 0x00, 0x00, 0x00, 0x00, 0xe2, 0x0f, 0x00, 0x41, 0x79, 0x00, 0x00,
    0x00, 0x00, 0x00, 0x00, 0x00, 0x02, 0x80, 0x03, 0x00, 0xea, 0x0f, 0x00,
    0x12, 0x78, 0xff, 0x1a, 0x08, 0x00, 0x00, 0x00, 0xff, 0xc0, 0x82, 0x07,
    0x00, 0xe2, 0x0f, 0x02, 0x45, 0x79, 0x00, 0x00, 0xe0, 0x00, 0x00, 0x00,
    0x00, 0x02, 0x80, 0x03, 0x00, 0xd8, 0x0f, 0x00, 0x47, 0x99, 0x2c, 0x00,
    0x00, 0x00, 0x00, 0x00, 0x00, 0x00, 0x80, 0x03, 0x00, 0xea, 0x0f, 0x00,
    0x81, 0x79, 0x1a, 0x1c, 0x06, 0x42, 0x0d, 0x00, 0x00, 0x15, 0x1e, 0x0c,
    0x00, 0x22, 0x0f, 0x00, 0xac, 0x77, 0x04, 0xff, 0x00, 0x73, 0x00, 0x00,
    0x00, 0x0a, 0x00, 0x08, 0x00, 0x62, 0x0f, 0x00, 0x25, 0x78, 0x1a, 0x1a,
    0x04, 0x00, 0x00, 0x00, 0xff, 0x00, 0x8e, 0x07, 0x00, 0xc6, 0x0f, 0x01,
    0x12, 0x78, 0x03, 0x1a, 0x03, 0x00, 0x00, 0x00, 0xff, 0xfc, 0x8e, 0x07,
    0x00, 0xe2, 0x0f, 0x00, 0x24, 0x72, 0x1a, 0x1b, 0x18, 0x00, 0x00, 0x00,
    0xff, 0x02, 0x8e, 0x07, 0x00, 0xc8, 0x0f, 0x00, 0x24, 0x72, 0x1b, 0x19,
    0x03, 0x00, 0x00, 0x00, 0x1a, 0x02, 0x8e, 0x07, 0x00, 0xe4, 0x0f, 0x08,
    0x25, 0x72, 0x18, 0x18, 0x03, 0x00, 0x00, 0x00, 0x3e, 0x00, 0x8e, 0x07,
    0x00, 0xca, 0x0f, 0x00, 0x35, 0x72, 0x03, 0x19, 0x1b, 0x00, 0x00, 0x00,
    0x00, 0x00, 0x8e, 0x07, 0x00, 0xe2, 0x0f, 0x00, 0x11, 0x7c, 0x1a, 0x18,
    0x04, 0x00, 0x00, 0x00, 0xff, 0x10, 0x82, 0x0f, 0x00, 0xc8, 0x0f, 0x02,
    0x11, 0x7c, 0x1b, 0x18, 0x05, 0x00, 0x00, 0x00, 0x03, 0x14, 0x8f, 0x08,
    0x00, 0xca, 0x0f, 0x00, 0x86, 0x79, 0x00, 0x1a, 0x47, 0x00, 0x00, 0x00,
    0x06, 0x19, 0x10, 0x0c, 0x00, 0xe8, 0x09, 0x00, 0x18, 0x79, 0x00, 0x00,
    0x00, 0x00, 0x00, 0x00, 0x00, 0x00, 0x00, 0x00, 0x00, 0xe2, 0x0f, 0x00,
    0x41, 0x79, 0x00, 0x00, 0x00, 0x00, 0x00, 0x00, 0x00, 0x02, 0x80, 0x03,
    0x00, 0xea, 0x0f, 0x00, 0x35, 0x78, 0x46, 0x16, 0x01, 0x00, 0x00, 0x00,
    0x00, 0x00, 0x8e, 0x07, 0x00, 0xce, 0x0f, 0x00, 0x0c, 0x72, 0x00, 0x17,
    0x1e, 0x00, 0x00, 0x00, 0x70, 0x50, 0xf4, 0x03, 0x00, 0xe2, 0x0f, 0x08,
    0x31, 0x74, 0x4a, 0xff, 0x04, 0x00, 0x00, 0x00, 0xff, 0x01, 0x00, 0x00,
    0x00, 0xe2, 0x1f, 0x00, 0x1c, 0x78, 0x08, 0x00, 0x00, 0x00, 0x00, 0x00,
    0x70, 0xf0, 0xf2, 0x03, 0x00, 0xe2, 0x0f, 0x00, 0x02, 0x72, 0x47, 0x00,
    0x1e, 0x00, 0x00, 0x00, 0x00, 0x0f, 0x00, 0x00, 0x00, 0xd4, 0x0f, 0x01,
    0x42, 0xa9, 0x02, 0x00, 0x00, 0x00, 0x00, 0x00, 0x00, 0x01, 0x80, 0x03,
    0x00, 0xea, 0x0f, 0x00, 0x47, 0xa9, 0x44, 0x00, 0x00, 0x00, 0x00, 0x00,
    0x00, 0x00, 0x80, 0x03, 0x00, 0xea, 0x0f, 0x00, 0x18, 0x79, 0x00, 0x00,
    0x00, 0x00, 0x00, 0x00, 0x00, 0x00, 0x00, 0x00, 0x00, 0xe2, 0x0f, 0x00,
    0x41, 0x79, 0x02, 0x00, 0x00, 0x00, 0x00, 0x00, 0x00, 0x01, 0x80, 0x03,
    0x00, 0xea, 0x0f, 0x00, 0x0c, 0x72, 0x00, 0x46, 0x15, 0x00, 0x00, 0x00,
    0x70, 0x50, 0xf4, 0x03, 0x00, 0xe2, 0x0f, 0x00, 0x1c, 0x78, 0x80, 0x00,
    0x00, 0x00, 0x00, 0x00, 0x70, 0xe1, 0xf2, 0x03, 0x00, 0xe2, 0x0f, 0x00,
    0x02, 0x72, 0x16, 0x00, 0x46, 0x00, 0x00, 0x00, 0x00, 0x0f, 0x00, 0x00,
    0x00, 0xd6, 0x0f, 0x00, 0x47, 0x29, 0xac, 0x00, 0x74, 0xff, 0xff, 0xff,
    0xff, 0xff, 0x83, 0x03, 0x00, 0xea, 0x0f, 0x00, 0x31, 0x74, 0x4a, 0xff,
    0x01, 0x00, 0x00, 0x00, 0xff, 0x01, 0x00, 0x00, 0x00, 0xe2, 0x0f, 0x00,
    0x02, 0x72, 0x47, 0x00, 0x17, 0x00, 0x00, 0x00, 0x00, 0x0f, 0x00, 0x00,
    0x00, 0xe2, 0x0f, 0x00, 0x02, 0x72, 0x46, 0x00, 0x15, 0x00, 0x00, 0x00,
    0x00, 0x0f, 0x00, 0x00, 0x00, 0xe2, 0x0f, 0x00, 0x47, 0x79, 0x1c, 0x00,
    0x00, 0x00, 0x00, 0x00, 0x00, 0x00, 0x80, 0x03, 0x00, 0xec, 0x0f, 0x00,
    0x31, 0x74, 0x4a, 0xff, 0x02, 0x00, 0x00, 0x00, 0xff, 0x01, 0x00, 0x00,
    0x00, 0xe2, 0x0f, 0x00, 0x02, 0x72, 0x46, 0x00, 0x16, 0x00, 0x00, 0x00,
    0x00, 0x0f, 0x00, 0x00, 0x00, 0xe2, 0x0f, 0x00, 0x02, 0x72, 0x47, 0x00,
    0x17, 0x00, 0x00, 0x00, 0x00, 0x0f, 0x00, 0x00, 0x00, 0xe2, 0x0f, 0x00,
    0x47, 0x79, 0x0c, 0x00, 0x00, 0x00, 0x00, 0x00, 0x00, 0x00, 0x80, 0x03,
    0x00, 0xec, 0x0f, 0x00, 0x42, 0x79, 0x01, 0x00, 0x00, 0x00, 0x00, 0x00,
    0x00, 0x01, 0x80, 0x03, 0x00, 0xea, 0x0f, 0x00, 0x42, 0x79, 0x02, 0x00,
    0x00, 0x00, 0x00, 0x00, 0x00, 0x01, 0x80, 0x03, 0x00, 0xea, 0x0f, 0x00,
    0x18, 0x79, 0x00, 0x00, 0x00, 0x00, 0x00, 0x00, 0x00, 0x00, 0x00, 0x00,
    0x00, 0xe2, 0x0f, 0x00, 0x18, 0x79, 0x00, 0x00, 0x00, 0x00, 0x00, 0x00,
    0x00, 0x00, 0x00, 0x00, 0x00, 0xe2, 0x0f, 0x00, 0x41, 0x79, 0x03, 0x00,
    0x00, 0x00, 0x00, 0x00, 0x00, 0x02, 0x80, 0x03, 0x00, 0xea, 0x0f, 0x00,
    0x0c, 0x72, 0x00, 0x46, 0x15, 0x00, 0x00, 0x00, 0x70, 0x50, 0xf4, 0x03,
    0x00, 0xca, 0x0f, 0x00, 0x07, 0x18, 0x4a, 0x4a, 0x01, 0x00, 0x00, 0x00,
    0x00, 0x00, 0x00, 0x01, 0x00, 0xd0, 0x0f, 0x00, 0x86, 0x79, 0x00, 0x3a,
    0x47, 0x04, 0x00, 0x00, 0x06, 0x19, 0x10, 0x0c, 0x00, 0xe2, 0x09, 0x00,
    0x0c, 0x78, 0x00, 0x4a, 0x02, 0x00, 0x00, 0x00, 0x70, 0x50, 0xf2, 0x03,
    0x00, 0xe2, 0x0f, 0x00, 0x35, 0x72, 0x02, 0x02, 0x47, 0x00, 0x00, 0x00,
    0x00, 0x00, 0x8e, 0x07, 0x00, 0xe4, 0x0f, 0x00, 0x86, 0x79, 0x00, 0x3a,
    0x4a, 0x00, 0x00, 0x00, 0x06, 0x19, 0x10, 0x0c, 0x00, 0xf4, 0x09, 0x00,
    0x47, 0x99, 0x4c, 0x00, 0x0c, 0x00, 0x00, 0x00, 0x00, 0x00, 0x80, 0x03,
    0x00, 0xea, 0x0f, 0x00, 0x0c, 0x78, 0x00, 0x4a, 0x01, 0x00, 0x00, 0x00,
    0x70, 0x50, 0xf2, 0x03, 0x00, 0xda, 0x0f, 0x00, 0x47, 0x19, 0x24, 0x00,
    0x0c, 0x00, 0x00, 0x00, 0x00, 0x00, 0x80, 0x03, 0x00, 0xea, 0x0f, 0x00,
    0x17, 0x78, 0x18, 0x3c, 0x00, 0x10, 0x00, 0x00, 0x00, 0xe4, 0xff, 0x03,
    0x00, 0xe4, 0x0f, 0x00, 0xac, 0x77, 0x04, 0xff, 0x00, 0x73, 0x00, 0x00,
    0x00, 0x0a, 0x00, 0x08, 0x00, 0xa2, 0x0e, 0x00, 0x81, 0x79, 0x40, 0x26,
    0x06, 0xc8, 0x4d, 0x00, 0x00, 0x19, 0x1e, 0x0c, 0x00, 0xe6, 0xae, 0x02,
    0x24, 0x78, 0x03, 0x19, 0x08, 0x03, 0x00, 0x00, 0xff, 0x02, 0x8e, 0x07,
    0x00, 0xe4, 0x1f, 0x00, 0x25, 0x78, 0x16, 0x18, 0x08, 0x03, 0x00, 0x00,
    0x3e, 0x00, 0x8e, 0x07, 0x00, 0xca, 0x0f, 0x00, 0x35, 0x72, 0x17, 0x17,
    0x03, 0x00, 0x00, 0x00, 0x00, 0x00, 0x8e, 0x07, 0x00, 0xca, 0x0f, 0x00,
    0x35, 0x72, 0x1a, 0x18, 0x16, 0x00, 0x00, 0x00, 0x00, 0x02, 0x8e, 0x07,
    0x00, 0xe4, 0x0f, 0x04, 0x24, 0x78, 0x16, 0x18, 0x04, 0x00, 0x00, 0x00,
    0xff, 0x00, 0x8e, 0x07, 0x00, 0xe2, 0x0f, 0x04, 0x19, 0x78, 0x17, 0x18,
    0x02, 0x00, 0x00, 0x00, 0x19, 0x02, 0x01, 0x00, 0x00, 0xe2, 0x0f, 0x04,
    0x35, 0x72, 0x1a, 0x18, 0x1a, 0x00, 0x00, 0x00, 0x00, 0x02, 0x8e, 0x07,
    0x00, 0xc8, 0x0f, 0x00, 0x35, 0x72, 0x1a, 0x18, 0x1a, 0x00, 0x00, 0x00,
    0x00, 0x02, 0x8e, 0x07, 0x00, 0xe4, 0x0f, 0x00, 0x24, 0x78, 0x19, 0x19,
    0xfd, 0xff, 0xff, 0xff, 0xff, 0x02, 0x8e, 0x07, 0x00, 0xe4, 0x0f, 0x00,
    0x35, 0x72, 0x1c, 0x16, 0x1a, 0x00, 0x00, 0x00, 0x00, 0x03, 0x8e, 0x07,
    0x00, 0xcc, 0x0f, 0x00, 0x25, 0x78, 0x1a, 0x18, 0xfd, 0xff, 0xff, 0xff,
    0x1c, 0x00, 0x8e, 0x07, 0x00, 0xca, 0x0f, 0x00, 0x10, 0x72, 0x19, 0x1b,
    0x18, 0x00, 0x00, 0x80, 0x19, 0xe0, 0xff, 0x07, 0x00, 0xe4, 0x0f, 0x00,
    0x11, 0x7c, 0x18, 0x1a, 0x04, 0x00, 0x00, 0x00, 0xff, 0x10, 0x82, 0x0f,
    0x00, 0xc8, 0x4f, 0x00, 0x11, 0x7c, 0x19, 0x1a, 0x05, 0x00, 0x00, 0x00,
    0x19, 0x14, 0x8f, 0x08, 0x00, 0xe4, 0x0f, 0x00, 0x11, 0x7c, 0x1e, 0x1c,
    0x04, 0x00, 0x00, 0x00, 0xff, 0x10, 0x82, 0x0f, 0x00, 0xc6, 0x0f, 0x00,
    0x35, 0x72, 0x1a, 0x16, 0x18, 0x00, 0x00, 0x00, 0x00, 0x02, 0x8e, 0x07,
    0x00, 0xe4, 0x0f, 0x00, 0x81, 0x79, 0x15, 0x18, 0x06, 0x00, 0x00, 0x00,
    0x00, 0x19, 0x1e, 0x0c, 0x00, 0x62, 0x01, 0x00, 0x11, 0x7c, 0x1f, 0x1c,
    0x05, 0x00, 0x00, 0x00, 0x1d, 0x14, 0x8f, 0x08, 0x00, 0xe2, 0x0f, 0x00,
    0x35, 0x72, 0x16, 0x16, 0x1a, 0x00, 0x00, 0x00, 0x00, 0x02, 0x8e, 0x07,
    0x00, 0xe4, 0x0f, 0x00, 0x81, 0x79, 0x03, 0x1a, 0x06, 0x00, 0x00, 0x00,
    0x00, 0x19, 0x1e, 0x0c, 0x00, 0x68, 0x01, 0x00, 0x81, 0x79, 0x1e, 0x1e,
    0x06, 0x00, 0x00, 0x00, 0x00, 0x19, 0x1e, 0x0c, 0x00, 0x68, 0x01, 0x00,
    0x81, 0x79, 0x00, 0x16, 0x06, 0x00, 0x00, 0x00, 0x00, 0x19, 0x1e, 0x0c,
    0x00, 0x62, 0x01, 0x00, 0x45, 0x79, 0x00, 0x00, 0x10, 0x03, 0x00, 0x00,
    0x00, 0x01, 0x80, 0x03, 0x00, 0xe2, 0x0f, 0x00, 0x12, 0x78, 0xff, 0x40,
    0x01, 0x00, 0x00, 0x00, 0xff, 0xc0, 0x82, 0x07, 0x00, 0xda, 0x8f, 0x00,
    0x47, 0x99, 0x94, 0x00, 0x00, 0x00, 0x00, 0x00, 0x00, 0x00, 0x80, 0x03,
    0x00, 0xea, 0x0f, 0x00, 0x81, 0x79, 0x16, 0x26, 0x06, 0xcc, 0x4d, 0x00,
    0x00, 0x19, 0x1e, 0x0c, 0x00, 0xa4, 0x1e, 0x00, 0x0c, 0x78, 0x00, 0x16,
    0x02, 0x00, 0x00, 0x00, 0x70, 0x42, 0xf2, 0x03, 0x00, 0xda, 0x4f, 0x00,
    0x47, 0x19, 0x24, 0x00, 0x00, 0x00, 0x00, 0x00, 0x00, 0x00, 0x80, 0x03,
    0x00, 0xea, 0x0f, 0x00, 0x48, 0x78, 0x16, 0x16, 0x03, 0x00, 0x00, 0x00,
    0x00, 0x00, 0xfe, 0x03, 0x00, 0xca, 0x0f, 0x00, 0x24, 0x78, 0x18, 0x16,
    0x04, 0x00, 0x00, 0x00, 0xff, 0x00, 0x8e, 0x07, 0x00, 0xc8, 0x0f, 0x00,
    0x82, 0x7b, 0x16, 0x18, 0x00, 0x0a, 0x80, 0x00, 0x00, 0x08, 0x00, 0x00,
    0x00, 0x24, 0x0e, 0x00, 0x19, 0x78, 0x17, 0xff, 0x1f, 0x00, 0x00, 0x00,
    0x16, 0x14, 0x01, 0x00, 0x00, 0xc8, 0x1f, 0x00, 0x49, 0x79, 0xac, 0x16,
    0x18, 0xff, 0xff, 0xff, 0xff, 0xff, 0x83, 0x03, 0x00, 0xea, 0x0f, 0x00,
    0x0b, 0x72, 0x00, 0x14, 0x05, 0x00, 0x00, 0x00, 0x00, 0x20, 0xf2, 0x03,
    0x00, 0xe2, 0x0f, 0x00, 0x47, 0x79, 0x5c, 0x00, 0x00, 0x00, 0x00, 0x00,
    0x00, 0x00, 0x80, 0x03, 0x00, 0xd8, 0x0f, 0x00, 0x0b, 0x72, 0x00, 0x14,
    0x05, 0x00, 0x00, 0x00, 0x00, 0x10, 0xf2, 0x03, 0x00, 0xe2, 0x0f, 0x00,
    0x47, 0x79, 0x54, 0x00, 0x00, 0x00, 0x00, 0x00, 0x00, 0x00, 0x80, 0x03,
    0x00, 0xd8, 0x0f, 0x00, 0x0c, 0x78, 0x00, 0x16, 0x04, 0x00, 0x00, 0x00,
    0x70, 0x42, 0xf2, 0x03, 0x00, 0xda, 0x0f, 0x00, 0x47, 0x19, 0x28, 0x00,
    0x00, 0x00, 0x00, 0x00, 0x00, 0x00, 0x80, 0x03, 0x00, 0xea, 0x0f, 0x00,
    0x35, 0x78, 0x16, 0x16, 0xfd, 0xff, 0xff, 0xff, 0x00, 0x00, 0x8e, 0x07,
    0x00, 0xca, 0x0f, 0x00, 0x48, 0x78, 0x16, 0x16, 0x02, 0x00, 0x00, 0x00,
    0x00, 0x00, 0xfe, 0x03, 0x00, 0xca, 0x0f, 0x00, 0x24, 0x78, 0x18, 0x16,
    0x04, 0x00, 0x00, 0x00, 0xff, 0x00, 0x8e, 0x07, 0x00, 0xc8, 0x0f, 0x00,
    0x82, 0x7b, 0x16, 0x18, 0x00, 0x0e, 0x80, 0x00, 0x00, 0x08, 0x00, 0x00,
    0x00, 0x24, 0x0e, 0x00, 0x19, 0x78, 0x17, 0xff, 0x1f, 0x00, 0x00, 0x00,
    0x16, 0x14, 0x01, 0x00, 0x00, 0xc8, 0x1f, 0x00, 0x49, 0x79, 0x7c, 0x16,
    0x18, 0xff, 0xff, 0xff, 0xff, 0xff, 0x83, 0x03, 0x00, 0xea, 0x0f, 0x00,
    0x0b, 0x72, 0x00, 0x14, 0x05, 0x00, 0x00, 0x00, 0x00, 0x40, 0xf2, 0x03,
    0x00, 0xe2, 0x0f, 0x00, 0x47, 0x79, 0x2c, 0x00, 0x00, 0x00, 0x00, 0x00,
    0x00, 0x00, 0x80, 0x03, 0x00, 0xd8, 0x0f, 0x00, 0x0b, 0x72, 0x00, 0x14,
    0x05, 0x00, 0x00, 0x00, 0x00, 0x30, 0xf2, 0x03, 0x00, 0xe2, 0x0f, 0x00,
    0x47, 0x79, 0x24, 0x00, 0x00, 0x00, 0x00, 0x00, 0x00, 0x00, 0x80, 0x03,
    0x00, 0xd8, 0x0f, 0x00, 0x35, 0x78, 0x16, 0x16, 0xfb, 0xff, 0xff, 0xff,
    0x00, 0x00, 0x8e, 0x07, 0x00, 0xca, 0x0f, 0x00, 0x48, 0x78, 0x16, 0x16,
    0x02, 0x00, 0x00, 0x00, 0x00, 0x00, 0xfe, 0x03, 0x00, 0xca, 0x0f, 0x00,
    0x24, 0x78, 0x18, 0x16, 0x04, 0x00, 0x00, 0x00, 0xff, 0x00, 0x8e, 0x07,
    0x00, 0xc8, 0x0f, 0x00, 0x82, 0x7b, 0x16, 0x18, 0x00, 0x11, 0x80, 0x00,
    0x00, 0x08, 0x00, 0x00, 0x00, 0x24, 0x0e, 0x00, 0x19, 0x78, 0x17, 0xff,
    0x1f, 0x00, 0x00, 0x00, 0x16, 0x14, 0x01, 0x00, 0x00, 0xc8, 0x1f, 0x00,
    0x49, 0x79, 0x54, 0x16, 0x18, 0xff, 0xff, 0xff, 0xff, 0xff, 0x83, 0x03,
    0x00, 0xea, 0x0f, 0x00, 0x0b, 0x72, 0x00, 0x14, 0x05, 0x00, 0x00, 0x00,
    0x00, 0x60, 0xf2, 0x03, 0x00, 0xe2, 0x0f, 0x00, 0x47, 0x79, 0x04, 0x00,
    0x00, 0x00, 0x00, 0x00, 0x00, 0x00, 0x80, 0x03, 0x00, 0xd8, 0x0f, 0x00,
    0x0b, 0x72, 0x00, 0x14, 0x05, 0x00, 0x00, 0x00, 0x00, 0xd0, 0xf2, 0x03,
    0x00, 0xda, 0x0f, 0x00, 0x0b, 0x78, 0x00, 0x15, 0x00, 0x00, 0x80, 0x7f,
    0x00, 0x52, 0xf4, 0x03, 0x00, 0xda, 0x0f, 0x02, 0x47, 0x19, 0x14, 0x00,
    0x00, 0x00, 0x00, 0x00, 0x00, 0x00, 0x00, 0x01, 0x00, 0xea, 0x0f, 0x00,
    0x42, 0x79, 0x00, 0x00, 0x00, 0x00, 0x00, 0x00, 0x00, 0x01, 0x80, 0x03,
    0x00, 0xea, 0x0f, 0x00, 0x47, 0x79, 0x40, 0x00, 0x08, 0x00, 0x00, 0x00,
    0x00, 0x00, 0x80, 0x03, 0x00, 0xea, 0x0f, 0x00, 0x0b, 0x78, 0x00, 0x15,
    0x00, 0x00, 0x80, 0x7f, 0x00, 0x52, 0xf2, 0x03, 0x00, 0xda, 0x0f, 0x02,
    0x42, 0x99, 0x00, 0x00, 0x00, 0x00, 0x00, 0x00, 0x00, 0x01, 0x80, 0x03,
    0x00, 0xea, 0x0f, 0x00, 0x47, 0x99, 0x34, 0x00, 0x08, 0x00, 0x00, 0x00,
    0x00, 0x00, 0x80, 0x03, 0x00, 0xea, 0x0f, 0x00, 0x0b, 0x78, 0x00, 0x00,
    0x00, 0x00, 0x80, 0x7f, 0x00, 0x52, 0xf2, 0x03, 0x00, 0xca, 0x0f, 0x00,
    0x0b, 0x78, 0x00, 0x03, 0x00, 0x00, 0x80, 0x7f, 0x00, 0xa6, 0xf2, 0x04,
    0x00, 0xca, 0x0f, 0x00, 0x0b, 0x78, 0x00, 0x1e, 0x00, 0x00, 0x80, 0x7f,
    0x00, 0xa6, 0xf2, 0x00, 0x00, 0xda, 0x0f, 0x00, 0x42, 0x19, 0x00, 0x00,
    0x00, 0x00, 0x00, 0x00, 0x00, 0x01, 0x80, 0x03, 0x00, 0xea, 0x0f, 0x00,
    0x47, 0x19, 0x20, 0x00, 0x08, 0x00, 0x00, 0x00, 0x00, 0x00, 0x80, 0x03,
    0x00, 0xea, 0x0f, 0x00, 0x18, 0x79, 0x00, 0x00, 0x00, 0x00, 0x00, 0x00,
    0x00, 0x00, 0x00, 0x00, 0x00, 0xe2, 0x0f, 0x00, 0x41, 0x79, 0x00, 0x00,
    0x00, 0x00, 0x00, 0x00, 0x00, 0x01, 0x80, 0x03, 0x00, 0xea, 0x0f, 0x00,
    0x12, 0x78, 0xff, 0x40, 0x04, 0x00, 0x00, 0x00, 0xff, 0xc0, 0x82, 0x07,
    0x00, 0xe2, 0x0f, 0x00, 0x45, 0x79, 0x00, 0x00, 0x70, 0x02, 0x00, 0x00,
    0x00, 0x01, 0x80, 0x03, 0x00, 0xd8, 0x0f, 0x00, 0x47, 0x99, 0x90, 0x00,
    0x00, 0x00, 0x00, 0x00, 0x00, 0x00, 0x80, 0x03, 0x00, 0xea, 0x0f, 0x00,
    0x81, 0x79, 0x16, 0x26, 0x06, 0xd0, 0x4d, 0x00, 0x00, 0x19, 0x1e, 0x0c,
    0x00, 0xa8, 0x1e, 0x00, 0x81, 0x79, 0x19, 0x26, 0x06, 0xf0, 0x4d, 0x00,
    0x00, 0x19, 0x1e, 0x0c, 0x00, 0x62, 0x01, 0x00, 0x0c, 0x78, 0x00, 0x16,
    0x02, 0x00, 0x00, 0x00, 0x70, 0x42, 0xf2, 0x03, 0x00, 0xda, 0x4f, 0x00,
    0x47, 0x19, 0x24, 0x00, 0x00, 0x00, 0x00, 0x00, 0x00, 0x00, 0x80, 0x03,
    0x00, 0xea, 0x0f, 0x00, 0x48, 0x78, 0x16, 0x16, 0x03, 0x00, 0x00, 0x00,
    0x00, 0x00, 0xfe, 0x03, 0x00, 0xca, 0x0f, 0x00, 0x24, 0x78, 0x18, 0x16,
    0x04, 0x00, 0x00, 0x00, 0xff, 0x00, 0x8e, 0x07, 0x00, 0xc8, 0x0f, 0x00,
    0x82, 0x7b, 0x16, 0x18, 0x00, 0x14, 0x80, 0x00, 0x00, 0x08, 0x00, 0x00,
    0x00, 0x64, 0x0e, 0x00, 0x19, 0x78, 0x17, 0xff, 0x1f, 0x00, 0x00, 0x00,
    0x16, 0x14, 0x01, 0x00, 0x00, 0xc8, 0x2f, 0x00, 0x49, 0x79, 0xe0, 0x16,
    0x14, 0xff, 0xff, 0xff, 0xff, 0xff, 0x83, 0x03, 0x00, 0xea, 0x0f, 0x00,
    0x0b, 0x72, 0x00, 0x1e, 0x19, 0x00, 0x00, 0x00, 0x00, 0x20, 0xf2, 0x03,
    0x00, 0xe2, 0x0f, 0x02, 0x47, 0x79, 0x5c, 0x00, 0x00, 0x00, 0x00, 0x00,
    0x00, 0x00, 0x80, 0x03, 0x00, 0xd8, 0x0f, 0x00, 0x0b, 0x72, 0x00, 0x1e,
    0x19, 0x00, 0x00, 0x00, 0x00, 0x10, 0xf2, 0x03, 0x00, 0xe2, 0x0f, 0x02,
    0x47, 0x79, 0x54, 0x00, 0x00, 0x00, 0x00, 0x00, 0x00, 0x00, 0x80, 0x03,
    0x00, 0xd8, 0x0f, 0x00, 0x0c, 0x78, 0x00, 0x16, 0x04, 0x00, 0x00, 0x00,
    0x70, 0x42, 0xf2, 0x03, 0x00, 0xda, 0x0f, 0x00, 0x47, 0x19, 0x28, 0x00,
    0x00, 0x00, 0x00, 0x00, 0x00, 0x00, 0x80, 0x03, 0x00, 0xea, 0x0f, 0x00,
    0x35, 0x78, 0x16, 0x16, 0xfd, 0xff, 0xff, 0xff, 0x00, 0x00, 0x8e, 0x07,
    0x00, 0xca, 0x0f, 0x00, 0x48, 0x78, 0x16, 0x16, 0x02, 0x00, 0x00, 0x00,
    0x00, 0x00, 0xfe, 0x03, 0x00, 0xca, 0x0f, 0x00, 0x24, 0x78, 0x18, 0x16,
    0x04, 0x00, 0x00, 0x00, 0xff, 0x00, 0x8e, 0x07, 0x00, 0xc8, 0x0f, 0x00,
    0x82, 0x7b, 0x16, 0x18, 0x00, 0x18, 0x80, 0x00, 0x00, 0x08, 0x00, 0x00,
    0x00, 0x64, 0x0e, 0x00, 0x19, 0x78, 0x17, 0xff, 0x1f, 0x00, 0x00, 0x00,
    0x16, 0x14, 0x01, 0x00, 0x00, 0xc8, 0x2f, 0x00, 0x49, 0x79, 0xb0, 0x16,
    0x14, 0xff, 0xff, 0xff, 0xff, 0xff, 0x83, 0x03, 0x00, 0xea, 0x0f, 0x00,
    0x0b, 0x72, 0x00, 0x1e, 0x19, 0x00, 0x00, 0x00, 0x00, 0x40, 0xf2, 0x03,
    0x00, 0xe2, 0x0f, 0x02, 0x47, 0x79, 0x2c, 0x00, 0x00, 0x00, 0x00, 0x00,
    0x00, 0x00, 0x80, 0x03, 0x00, 0xd8, 0x0f, 0x00, 0x0b, 0x72, 0x00, 0x1e,
    0x19, 0x00, 0x00, 0x00, 0x00, 0x30, 0xf2, 0x03, 0x00, 0xe2, 0x0f, 0x02,
    0x47, 0x79, 0x24, 0x00, 0x00, 0x00, 0x00, 0x00, 0x00, 0x00, 0x80, 0x03,
    0x00, 0xd8, 0x0f, 0x00, 0x35, 0x78, 0x16, 0x16, 0xfb, 0xff, 0xff, 0xff,
    0x00, 0x00, 0x8e, 0x07, 0x00, 0xca, 0x0f, 0x00, 0x48, 0x78, 0x16, 0x16,
    0x02, 0x00, 0x00, 0x00, 0x00, 0x00, 0xfe, 0x03, 0x00, 0xca, 0x0f, 0x00,
    0x24, 0x78, 0x18, 0x16, 0x04, 0x00, 0x00, 0x00, 0xff, 0x00, 0x8e, 0x07,
    0x00, 0xc8, 0x0f, 0x00, 0x82, 0x7b, 0x16, 0x18, 0x00, 0x1b, 0x80, 0x00,
    0x00, 0x08, 0x00, 0x00, 0x00, 0x64, 0x0e, 0x00, 0x19, 0x78, 0x17, 0xff,
    0x1f, 0x00, 0x00, 0x00, 0x16, 0x14, 0x01, 0x00, 0x00, 0xc8, 0x2f, 0x00,
    0x49, 0x79, 0x88, 0x16, 0x14, 0xff, 0xff, 0xff, 0xff, 0xff, 0x83, 0x03,
    0x00, 0xea, 0x0f, 0x00, 0x0b, 0x72, 0x00, 0x1e, 0x19, 0x00, 0x00, 0x00,
    0x00, 0x60, 0xf2, 0x03, 0x00, 0xe2, 0x0f, 0x02, 0x47, 0x79, 0x04, 0x00,
    0x00, 0x00, 0x00, 0x00, 0x00, 0x00, 0x80, 0x03, 0x00, 0xd8, 0x0f, 0x00,
    0x0b, 0x72, 0x00, 0x1e, 0x19, 0x00, 0x00, 0x00, 0x00, 0xd0, 0xf2, 0x03,
    0x00, 0xda, 0x0f, 0x02, 0x42, 0x99, 0x00, 0x00, 0x00, 0x00, 0x00, 0x00,
    0x00, 0x01, 0x80, 0x03, 0x00, 0xea, 0x0f, 0x00, 0x47, 0x99, 0x7c, 0x00,
    0x04, 0x00, 0x00, 0x00, 0x00, 0x00, 0x80, 0x03, 0x00, 0xea, 0x0f, 0x00,
    0x18, 0x79, 0x00, 0x00, 0x00, 0x00, 0x00, 0x00, 0x00, 0x00, 0x00, 0x00,
    0x00, 0xe2, 0x0f, 0x00, 0x41, 0x79, 0x00, 0x00, 0x00, 0x00, 0x00, 0x00,
    0x00, 0x01, 0x80, 0x03, 0x00, 0xea, 0x0f, 0x00, 0x12, 0x78, 0xff, 0x40,
    0x08, 0x00, 0x00, 0x00, 0xff, 0xc0, 0x82, 0x07, 0x00, 0xe2, 0x0f, 0x00,
    0x45, 0x79, 0x00, 0x00, 0x00, 0x04, 0x00, 0x00, 0x00, 0x02, 0x80, 0x03,
    0x00, 0xd8, 0x0f, 0x00, 0x47, 0x99, 0xf4, 0x00, 0x00, 0x00, 0x00, 0x00,
    0x00, 0x00, 0x80, 0x03, 0x00, 0xea, 0x0f, 0x00, 0x81, 0x79, 0x09, 0x26,
    0x06, 0xd4, 0x4d, 0x00, 0x00, 0x19, 0x1e, 0x0c, 0x00, 0xa2, 0x0e, 0x00,
    0x45, 0x79, 0x01, 0x00, 0x50, 0x01, 0x00, 0x00, 0x00, 0x02, 0x80, 0x03,
    0x00, 0xe2, 0x0f, 0x00, 0x31, 0x74, 0x18, 0xff, 0x00, 0x00, 0x00, 0x00,
    0xff, 0x01, 0x00, 0x00, 0x00, 0xe4, 0x1f, 0x00, 0x21, 0x72, 0x1e, 0xff,
    0x1e, 0x00, 0x00, 0x00, 0x00, 0x20, 0x00, 0x00, 0x00, 0xe2, 0x0f, 0x00,
    0x0c, 0x78, 0x00, 0x09, 0x02, 0x00, 0x00, 0x00, 0x70, 0x42, 0xf2, 0x03,
    0x00, 0xda, 0x4f, 0x00, 0x47, 0x19, 0x18, 0x00, 0x00, 0x00, 0x00, 0x00,
    0x00, 0x00, 0x80, 0x03, 0x00, 0xea, 0x0f, 0x00, 0x0c, 0x72, 0x00, 0x09,
    0xff, 0x00, 0x00, 0x00, 0x70, 0x50, 0xf2, 0x03, 0x00, 0xda, 0x0f, 0x00,
    0x47, 0x99, 0x34, 0x00, 0x00, 0x00, 0x00, 0x00, 0x00, 0x00, 0x80, 0x03,
    0x00, 0xea, 0x0f, 0x00, 0x0c, 0x78, 0x00, 0x09, 0x02, 0x00, 0x00, 0x00,
    0x70, 0x50, 0xf2, 0x03, 0x00, 0xe2, 0x0f, 0x00, 0x02, 0x72, 0x18, 0x00,
    0x1e, 0x00, 0x00, 0x00, 0x00, 0x0f, 0x00, 0x00, 0x00, 0xd8, 0x0f, 0x00,
    0x47, 0x99, 0x28, 0x00, 0x00, 0x00, 0x00, 0x00, 0x00, 0x00, 0x80, 0x03,
    0x00, 0xea, 0x0f, 0x00, 0x47, 0x79, 0x18, 0x00, 0x00, 0x00, 0x00, 0x00,
    0x00, 0x00, 0x80, 0x03, 0x00, 0xea, 0x0f, 0x00, 0x35, 0x78, 0x09, 0x09,
    0xfd, 0xff, 0xff, 0xff, 0x00, 0x00, 0x8e, 0x07, 0x00, 0xca, 0x0f, 0x00,
    0x48, 0x78, 0x09, 0x09, 0x03, 0x00, 0x00, 0x00, 0x00, 0x00, 0xfe, 0x03,
    0x00, 0xca, 0x0f, 0x00, 0x24, 0x78, 0x09, 0x09, 0x04, 0x00, 0x00, 0x00,
    0xff, 0x00, 0x8e, 0x07, 0x00, 0xc8, 0x0f, 0x00, 0x82, 0x7b, 0x16, 0x09,
    0x00, 0x1e, 0x80, 0x00, 0x00, 0x08, 0x00, 0x00, 0x00, 0x24, 0x0e, 0x00,
    0x19, 0x78, 0x17, 0xff, 0x1f, 0x00, 0x00, 0x00, 0x16, 0x14, 0x01, 0x00,
    0x00, 0xc8, 0x1f, 0x00, 0x49, 0x79, 0x18, 0x16, 0x14, 0xff, 0xff, 0xff,
    0xff, 0xff, 0x83, 0x03, 0x00, 0xea, 0x0f, 0x00, 0x31, 0x74, 0x18, 0xff,
    0x00, 0x00, 0x80, 0x3f, 0xff, 0x01, 0x00, 0x00, 0x00, 0xe2, 0x0f, 0x00,
    0x47, 0x79, 0x04, 0x00, 0x00, 0x00, 0x00, 0x00, 0x00, 0x00, 0x80, 0x03,
    0x00, 0xec, 0x0f, 0x00, 0x21, 0x74, 0x18, 0x1e, 0x00, 0x00, 0x80, 0x3f,
    0x00, 0x01, 0x00, 0x00, 0x00, 0xce, 0x0f, 0x00, 0x18, 0x79, 0x00, 0x00,
    0x00, 0x00, 0x00, 0x00, 0x00, 0x00, 0x00, 0x00, 0x00, 0xe2, 0x0f, 0x00,
    0x41, 0x79, 0x01, 0x00, 0x00, 0x00, 0x00, 0x00, 0x00, 0x02, 0x80, 0x03,
    0x00, 0xea, 0x0f, 0x00, 0x81, 0x79, 0x16, 0x26, 0x06, 0xd8, 0x4d, 0x00,
    0x00, 0x19, 0x1e, 0x0c, 0x00, 0xa2, 0x0e, 0x00, 0x45, 0x79, 0x01, 0x00,
    0x40, 0x01, 0x00, 0x00, 0x00, 0x02, 0x80, 0x03, 0x00, 0xe2, 0x0f, 0x00,
    0x02, 0x72, 0x09, 0x00, 0xff, 0x00, 0x00, 0x00, 0x00, 0x0f, 0x00, 0x00,
    0x00, 0xe2, 0x0f, 0x00, 0x0c, 0x78, 0x00, 0x16, 0x02, 0x00, 0x00, 0x00,
    0x70, 0x42, 0xf2, 0x03, 0x00, 0xda, 0x4f, 0x00, 0x47, 0x19, 0x18, 0x00,
    0x00, 0x00, 0x00, 0x00, 0x00, 0x00, 0x80, 0x03, 0x00, 0xea, 0x0f, 0x00,
    0x0c, 0x72, 0x00, 0x16, 0xff, 0x00, 0x00, 0x00, 0x70, 0x50, 0xf2, 0x03,
    0x00, 0xda, 0x0f, 0x00, 0x47, 0x99, 0x34, 0x00, 0x00, 0x00, 0x00, 0x00,
    0x00, 0x00, 0x80, 0x03, 0x00, 0xea, 0x0f, 0x00, 0x0c, 0x78, 0x00, 0x16,
    0x02, 0x00, 0x00, 0x00, 0x70, 0x50, 0xf2, 0x03, 0x00, 0xe2, 0x0f, 0x00,
    0x02, 0x72, 0x09, 0x00, 0x1e, 0x00, 0x00, 0x00, 0x00, 0x0f, 0x00, 0x00,
    0x00, 0xd8, 0x0f, 0x00, 0x47, 0x99, 0x28, 0x00, 0x00, 0x00, 0x00, 0x00,
    0x00, 0x00, 0x80, 0x03, 0x00, 0xea, 0x0f, 0x00, 0x47, 0x79, 0x18, 0x00,
    0x00, 0x00, 0x00, 0x00, 0x00, 0x00, 0x80, 0x03, 0x00, 0xea, 0x0f, 0x00,
    0x35, 0x78, 0x16, 0x16, 0xfd, 0xff, 0xff, 0xff, 0x00, 0x00, 0x8e, 0x07,
    0x00, 0xca, 0x0f, 0x00, 0x48, 0x78, 0x16, 0x16, 0x03, 0x00, 0x00, 0x00,
    0x00, 0x00, 0xfe, 0x03, 0x00, 0xca, 0x0f, 0x00, 0x24, 0x78, 0x19, 0x16,
    0x04, 0x00, 0x00, 0x00, 0xff, 0x00, 0x8e, 0x07, 0x00, 0xc8, 0x0f, 0x02,
    0x82, 0x7b, 0x16, 0x19, 0x00, 0x22, 0x80, 0x00, 0x00, 0x08, 0x00, 0x00,
    0x00, 0x24, 0x0e, 0x00, 0x19, 0x78, 0x17, 0xff, 0x1f, 0x00, 0x00, 0x00,
    0x16, 0x14, 0x01, 0x00, 0x00, 0xc8, 0x1f, 0x00, 0x49, 0x79, 0xc0, 0x16,
    0x10, 0xff, 0xff, 0xff, 0xff, 0xff, 0x83, 0x03, 0x00, 0xea, 0x0f, 0x00,
    0x31, 0x74, 0x09, 0xff, 0x00, 0x00, 0x80, 0x3f, 0xff, 0x01, 0x00, 0x00,
    0x00, 0xe2, 0x0f, 0x00, 0x47, 0x79, 0x04, 0x00, 0x00, 0x00, 0x00, 0x00,
    0x00, 0x00, 0x80, 0x03, 0x00, 0xec, 0x0f, 0x00, 0x21, 0x74, 0x09, 0x1e,
    0x00, 0x00, 0x80, 0x3f, 0x00, 0x01, 0x00, 0x00, 0x00, 0xce, 0x0f, 0x00,
    0x18, 0x79, 0x00, 0x00, 0x00, 0x00, 0x00, 0x00, 0x00, 0x00, 0x00, 0x00,
    0x00, 0xe2, 0x0f, 0x00, 0x41, 0x79, 0x01, 0x00, 0x00, 0x00, 0x00, 0x00,
    0x00, 0x02, 0x80, 0x03, 0x00, 0xea, 0x0f, 0x00, 0x06, 0x73, 0x19, 0x00,
    0x06, 0x00, 0x00, 0x00, 0x00, 0x10, 0x00, 0x00, 0x00, 0x22, 0x0e, 0x02,
    0x19, 0x78, 0x16, 0xff, 0x10, 0x00, 0x00, 0x00, 0x06, 0x16, 0x01, 0x00,
    0x00, 0xe2, 0x0f, 0x10, 0x20, 0x72, 0x00, 0x00, 0x18, 0x00, 0x00, 0x00,
    0x00, 0x00, 0x40, 0x00, 0x00, 0xe2, 0x0f, 0x08, 0x19, 0x78, 0x17, 0xff,
    0x08, 0x00, 0x00, 0x00, 0x06, 0x16, 0x01, 0x00, 0x00, 0xe4, 0x0f, 0x00,
    0x12, 0x78, 0x1a, 0x16, 0xff, 0x00, 0x00, 0x00, 0xff, 0xc0, 0x8e, 0x07,
    0x00, 0xe2, 0x0f, 0x00, 0x20, 0x72, 0x16, 0x15, 0x18, 0x00, 0x00, 0x00,
    0x00, 0x00, 0x40, 0x00, 0x00, 0xe2, 0x0f, 0x00, 0x12, 0x78, 0x17, 0x17,
    0xff, 0x00, 0x00, 0x00, 0xff, 0xc0, 0x8e, 0x07, 0x00, 0xe4, 0x0f, 0x00,
    0x45, 0x72, 0x15, 0x00, 0x1a, 0x00, 0x00, 0x00, 0x00, 0x10, 0x20, 0x00,
    0x00, 0xe2, 0x0f, 0x00, 0x20, 0x72, 0x1a, 0x03, 0x18, 0x00, 0x00, 0x00,
    0x00, 0x00, 0x40, 0x00, 0x00, 0xe2, 0x0f, 0x00, 0x45, 0x72, 0x17, 0x00,
    0x17, 0x00, 0x00, 0x00, 0x00, 0x10, 0x20, 0x00, 0x00, 0xc6, 0x0f, 0x00,
    0x20, 0x78, 0x15, 0x15, 0x81, 0x80, 0x80, 0x3b, 0x00, 0x00, 0x40, 0x00,
    0x00, 0xe2, 0x0f, 0x00, 0x20, 0x78, 0x19, 0x19, 0x81, 0x80, 0x80, 0x3b,
    0x00, 0x00, 0x40, 0x00, 0x00, 0xe2, 0x1f, 0x00, 0x20, 0x78, 0x17, 0x17,
    0x81, 0x80, 0x80, 0x3b, 0x00, 0x00, 0x40, 0x00, 0x00, 0xe4, 0x0f, 0x00,
    0x23, 0x72, 0x15, 0x15, 0x09, 0x00, 0x00, 0x00, 0x16, 0x00, 0x00, 0x00,
    0x00, 0xe2, 0x0f, 0x08, 0x23, 0x72, 0x00, 0x19, 0x09, 0x00, 0x00, 0x00,
    0x00, 0x00, 0x00, 0x00, 0x00, 0xe2, 0x0f, 0x08, 0x23, 0x72, 0x03, 0x17,
    0x09, 0x00, 0x00, 0x00, 0x1a, 0x00, 0x00, 0x00, 0x00, 0xce, 0x0f, 0x00,
    0x18, 0x79, 0x00, 0x00, 0x00, 0x00, 0x00, 0x00, 0x00, 0x00, 0x00, 0x00,
    0x00, 0xe2, 0x0f, 0x00, 0x41, 0x79, 0x00, 0x00, 0x00, 0x00, 0x00, 0x00,
    0x00, 0x02, 0x80, 0x03, 0x00, 0xea, 0x0f, 0x00, 0x02, 0x78, 0x06, 0x00,
    0x00, 0x00, 0x7f, 0x43, 0x00, 0x0f, 0x00, 0x00, 0x00, 0xe2, 0x0f, 0x00,
    0x21, 0x72, 0x15, 0xff, 0x15, 0x00, 0x00, 0x00, 0x00, 0x20, 0x00, 0x00,
    0x00, 0xe2, 0x0f, 0x00, 0x21, 0x72, 0x03, 0xff, 0x03, 0x00, 0x00, 0x00,
    0x00, 0x20, 0x00, 0x00, 0x00, 0xe2, 0x0f, 0x00, 0x21, 0x72, 0x00, 0xff,
    0x00, 0x00, 0x00, 0x00, 0x00, 0x20, 0x00, 0x00, 0x00, 0xe2, 0x0f, 0x00,
    0x12, 0x78, 0xff, 0x40, 0x02, 0x00, 0x00, 0x00, 0xff, 0xc0, 0x82, 0x07,
    0x00, 0xe2, 0x0f, 0x00, 0x23, 0x74, 0x15, 0x15, 0x00, 0x00, 0x00, 0x3f,
    0x06, 0x00, 0x00, 0x00, 0x00, 0xe2, 0x0f, 0x08, 0x23, 0x74, 0x03, 0x03,
    0x00, 0x00, 0x00, 0x3f, 0x06, 0x00, 0x00, 0x00, 0x00, 0xe2, 0x0f, 0x08,
    0x23, 0x74, 0x00, 0x00, 0x00, 0x00, 0x00, 0x3f, 0x06, 0x00, 0x00, 0x00,
    0x00, 0xe2, 0x0f, 0x00, 0x31, 0x74, 0x16, 0xff, 0x01, 0x00, 0x00, 0x00,
    0xff, 0x01, 0x00, 0x00, 0x00, 0xe2, 0x1f, 0x00, 0x07, 0x78, 0x07, 0x07,
    0x01, 0x00, 0x00, 0x00, 0x00, 0x00, 0x80, 0x04, 0x00, 0xe2, 0x0f, 0x00,
    0x08, 0x72, 0x05, 0x05, 0x14, 0x00, 0x00, 0x00, 0x00, 0x00, 0x80, 0x04,
    0x00, 0xe2, 0x0f, 0x00, 0x05, 0x73, 0x15, 0x00, 0x15, 0x00, 0x00, 0x00,
    0x00, 0xf0, 0x20, 0x00, 0x00, 0x22, 0x0e, 0x00, 0x05, 0x73, 0x03, 0x00,
    0x03, 0x00, 0x00, 0x00, 0x00, 0xf0, 0x20, 0x00, 0x00, 0x62, 0x0e, 0x00,
    0x24, 0x78, 0x06, 0x15, 0x00, 0x00, 0x01, 0x00, 0xff, 0x00, 0x8e, 0x07,
    0x00, 0xe2, 0x1f, 0x00, 0x05, 0x73, 0x00, 0x00, 0x00, 0x00, 0x00, 0x00,
    0x00, 0xf0, 0x20, 0x00, 0x00, 0x22, 0x0e, 0x00, 0x24, 0x78, 0x09, 0x03,
    0x00, 0x01, 0x00, 0x00, 0xff, 0x00, 0x8e, 0x07, 0x00, 0xca, 0x2f, 0x00,
    0x12, 0x72, 0x06, 0x00, 0x09, 0x00, 0x00, 0x00, 0x06, 0xfe, 0x8e, 0x07,
    0x00, 0xe4, 0x1f, 0x00, 0x16, 0x78, 0x09, 0x16, 0x10, 0x76, 0x00, 0x00,
    0x09, 0x00, 0x00, 0x00, 0x00, 0xe2, 0x0f, 0x00, 0x47, 0x79, 0x20, 0x00,
    0x00, 0x00, 0x00, 0x00, 0x00, 0x00, 0x80, 0x03, 0x00, 0xec, 0x0f, 0x00,
    0x1c, 0x78, 0x08, 0x00, 0x00, 0x00, 0x00, 0x00, 0x70, 0xf0, 0xf0, 0x03,
    0x00, 0xe2, 0x0f, 0x00, 0x47, 0x79, 0x18, 0x00, 0x00, 0x00, 0x00, 0x00,
    0x00, 0x00, 0x80, 0x03, 0x00, 0xd8, 0x0f, 0x00, 0x42, 0x79, 0x00, 0x00,
    0x00, 0x00, 0x00, 0x00, 0x00, 0x01, 0x80, 0x03, 0x00, 0xea, 0x0f, 0x00,
    0x47, 0x79, 0x10, 0x00, 0x00, 0x00, 0x00, 0x00, 0x00, 0x00, 0x80, 0x03,
    0x00, 0xea, 0x0f, 0x00, 0x42, 0x79, 0x00, 0x00, 0x00, 0x00, 0x00, 0x00,
    0x00, 0x01, 0x80, 0x03, 0x00, 0xea, 0x0f, 0x00, 0x47, 0x79, 0x08, 0x00,
    0x00, 0x00, 0x00, 0x00, 0x00, 0x00, 0x80, 0x03, 0x00, 0xea, 0x0f, 0x00,
    0x42, 0x79, 0x00, 0x00, 0x00, 0x00, 0x00, 0x00, 0x00, 0x01, 0x80, 0x03,
    0x00, 0xea, 0x0f, 0x00, 0x18, 0x79, 0x00, 0x00, 0x00, 0x00, 0x00, 0x00,
    0x00, 0x00, 0x00, 0x00, 0x00, 0xe2, 0x0f, 0x00, 0x18, 0x79, 0x00, 0x00,
    0x00, 0x00, 0x00, 0x00, 0x00, 0x00, 0x00, 0x00, 0x00, 0xe2, 0x0f, 0x00,
    0x41, 0x79, 0x04, 0x00, 0x00, 0x00, 0x00, 0x00, 0x00, 0x02, 0x80, 0x03,
    0x00, 0xea, 0x0f, 0x00, 0x42, 0x09, 0x05, 0x00, 0x00, 0x00, 0x00, 0x00,
    0x00, 0x01, 0x80, 0x03, 0x00, 0xea, 0x0f, 0x00, 0x42, 0x09, 0x06, 0x00,
    0x00, 0x00, 0x00, 0x00, 0x00, 0x01, 0x80, 0x03, 0x00, 0xea, 0x0f, 0x00,
    0x42, 0x09, 0x07, 0x00, 0x00, 0x00, 0x00, 0x00, 0x00, 0x01, 0x80, 0x03,
    0x00, 0xea, 0x0f, 0x00, 0x42, 0x09, 0x08, 0x00, 0x00, 0x00, 0x00, 0x00,
    0x00, 0x01, 0x80, 0x03, 0x00, 0xea, 0x0f, 0x00, 0x47, 0x09, 0x80, 0x00,
    0x00, 0x00, 0x00, 0x00, 0x00, 0x00, 0x80, 0x03, 0x00, 0xea, 0x0f, 0x00,
    0x18, 0x79, 0x00, 0x00, 0x00, 0x00, 0x00, 0x00, 0x00, 0x00, 0x00, 0x00,
    0x00, 0xe2, 0x0f, 0x00, 0x41, 0x79, 0x05, 0x00, 0x00, 0x00, 0x00, 0x00,
    0x00, 0x01, 0x80, 0x03, 0x00, 0xea, 0x0f, 0x00, 0x0c, 0x72, 0x00, 0x10,
    0x11, 0x00, 0x00, 0x00, 0x70, 0x50, 0xf0, 0x03, 0x00, 0xe2, 0x0f, 0x04,
    0x35, 0x78, 0x10, 0x10, 0x01, 0x00, 0x00, 0x00, 0x00, 0x00, 0x8e, 0x07,
    0x00, 0xd8, 0x0f, 0x00, 0x47, 0x09, 0x6c, 0x00, 0x48, 0xff, 0xff, 0xff,
    0xff, 0xff, 0x83, 0x03, 0x00, 0xea, 0x0f, 0x00, 0x18, 0x79, 0x00, 0x00,
    0x00, 0x00, 0x00, 0x00, 0x00, 0x00, 0x00, 0x00, 0x00, 0xe2, 0x0f, 0x00,
    0x41, 0x79, 0x06, 0x00, 0x00, 0x00, 0x00, 0x00, 0x00, 0x01, 0x80, 0x03,
    0x00, 0xea, 0x0f, 0x00, 0x82, 0x7b, 0x0a, 0xff, 0x00, 0xea, 0x00, 0x00,
    0x00, 0x0a, 0x00, 0x00, 0x00, 0x24, 0x0e, 0x00, 0x81, 0x79, 0x13, 0x0a,
    0x06, 0x20, 0x00, 0x00, 0x00, 0x19, 0x1e, 0x0c, 0x00, 0x64, 0x11, 0x00,
    0x18, 0x79, 0x00, 0x00, 0x00, 0x00, 0x00, 0x00, 0x00, 0x00, 0x00, 0x00,
    0x00, 0xe2, 0x0f, 0x00, 0x41, 0x79, 0x07, 0x00, 0x00, 0x00, 0x00, 0x00,
    0x00, 0x01, 0x80, 0x03, 0x00, 0xea, 0x0f, 0x00, 0x35, 0x78, 0x08, 0x08,
    0x01, 0x00, 0x00, 0x00, 0x00, 0x00, 0x8e, 0x07, 0x00, 0xca, 0x0f, 0x00,
    0x0c, 0x72, 0x00, 0x08, 0x13, 0x00, 0x00, 0x00, 0x70, 0x60, 0xf0, 0x03,
    0x00, 0xda, 0x0f, 0x02, 0x47, 0x89, 0x8c, 0x00, 0x30, 0xff, 0xff, 0xff,
    0xff, 0xff, 0x83, 0x03, 0x00, 0xea, 0x0f, 0x00, 0x18, 0x79, 0x00, 0x00,
    0x00, 0x00, 0x00, 0x00, 0x00, 0x00, 0x00, 0x00, 0x00, 0xe2, 0x0f, 0x00,
    0x41, 0x79, 0x08, 0x00, 0x00, 0x00, 0x00, 0x00, 0x00, 0x01, 0x80, 0x03,
    0x00, 0xea, 0x0f, 0x00, 0x12, 0x78, 0xff, 0x09, 0xff, 0x00, 0x00, 0x00,
    0xff, 0xc0, 0x80, 0x07, 0x00, 0xe4, 0x0f, 0x00, 0x12, 0x78, 0xff, 0x07,
    0xff, 0x00, 0x00, 0x00, 0xff, 0xc0, 0x82, 0x07, 0x00, 0xe4, 0x0f, 0x00,
    0x1c, 0x78, 0x80, 0x00, 0x00, 0x00, 0x00, 0x00, 0x70, 0xe1, 0x70, 0x00,
    0x00, 0xe4, 0x0f, 0x00, 0x1c, 0x78, 0x80, 0x00, 0x00, 0x00, 0x00, 0x00,
    0x70, 0xe1, 0xf2, 0x00, 0x00, 0xda, 0x0f, 0x00, 0x17, 0x78, 0x08, 0x3c,
    0x00, 0x10, 0x00, 0x00, 0x00, 0xe4, 0xff, 0x03, 0x00, 0xe4, 0x0f, 0x00,
    0x86, 0x89, 0x00, 0x2c, 0x06, 0x00, 0x00, 0x00, 0x06, 0x19, 0x10, 0x0c,
    0x00, 0xe8, 0x01, 0x02, 0x35, 0x72, 0x30, 0x08, 0x30, 0x00, 0x00, 0x00,
    0x00, 0x02, 0x8e, 0x07, 0x00, 0xe4, 0x0f, 0x00, 0x86, 0x99, 0x00, 0x2a,
    0x05, 0x00, 0x00, 0x00, 0x06, 0x19, 0x10, 0x0c, 0x00, 0xe8, 0x01, 0x00,
    0x0c, 0x72, 0x00, 0x30, 0x3c, 0x00, 0x00, 0x00, 0x70, 0x60, 0xf1, 0x03,
    0x00, 0xdc, 0x0f, 0x00, 0x47, 0x89, 0x5c, 0x00, 0x2c, 0xff, 0xff, 0xff,
    0xff, 0xff, 0x83, 0x03, 0x00, 0xea, 0x0f, 0x00, 0x02, 0x78, 0x03, 0x00,
    0x01, 0x00, 0x00, 0x00, 0x00, 0x0f, 0x00, 0x00, 0x00, 0xe2, 0x0f, 0x00,
    0x86, 0x79, 0x00, 0x3a, 0x02, 0x04, 0x00, 0x00, 0x06, 0x19, 0x10, 0x0c,
    0x00, 0xe8, 0x0f, 0x00, 0x86, 0x79, 0x00, 0x3a, 0x03, 0x00, 0x00, 0x00,
    0x06, 0x19, 0x10, 0x0c, 0x00, 0xe2, 0x0f, 0x00, 0x4d, 0x79, 0x00, 0x00,
    0x00, 0x00, 0x00, 0x00, 0x00, 0x00, 0x80, 0x03, 0x00, 0xea, 0x0f, 0x00,
    0x31, 0x74, 0x03, 0xff, 0x05, 0x00, 0x00, 0x00, 0xff, 0x01, 0x00, 0x00,
    0x00, 0xca, 0x0f, 0x00, 0x86, 0x79, 0x00, 0x3a, 0x03, 0x00, 0x00, 0x00,
    0x06, 0x19, 0x10, 0x0c, 0x00, 0xe4, 0x01, 0x00, 0x18, 0x79, 0x00, 0x00,
    0x00, 0x00, 0x00, 0x00, 0x00, 0x00, 0x00, 0x00, 0x00, 0xe2, 0x0f, 0x00,
    0x41, 0x79, 0x09, 0x00, 0x00, 0x00, 0x00, 0x00, 0x00, 0x02, 0x80, 0x03,
    0x00, 0xea, 0x0f, 0x00, 0x81, 0x79, 0x00, 0x3a, 0x06, 0x00, 0x00, 0x00,
    0x00, 0x19, 0x1e, 0x0c, 0x00, 0xa8, 0x0e, 0x02, 0x86, 0x79, 0x00, 0x3a,
    0x02, 0x04, 0x00, 0x00, 0x06, 0x19, 0x10, 0x0c, 0x00, 0xe2, 0x0f, 0x00,
    0x35, 0x78, 0x00, 0x00, 0xff, 0xff, 0xff, 0xff, 0x00, 0x00, 0x8e, 0x07,
    0x00, 0xca, 0x4f, 0x00, 0x0c, 0x78, 0x00, 0x00, 0x01, 0x00, 0x00, 0x00,
    0x70, 0x40, 0xf0, 0x03, 0x00, 0xda, 0x0f, 0x00, 0x02, 0x88, 0x03, 0x00,
    0x03, 0x00, 0x00, 0x00, 0x00, 0x0f, 0x00, 0x00, 0x00, 0xca, 0x1f, 0x00,
    0x86, 0x89, 0x00, 0x3a, 0x03, 0x00, 0x00, 0x00, 0x06, 0x19, 0x10, 0x0c,
    0x00, 0xe2, 0x0f, 0x00, 0x4d, 0x79, 0x00, 0x00, 0x00, 0x00, 0x00, 0x00,
    0x00, 0x00, 0x80, 0x03, 0x00, 0xea, 0x0f, 0x00, 0x31, 0x74, 0x05, 0xff,
    0x00, 0x00, 0x00, 0x00, 0xff, 0x01, 0x00, 0x00, 0x00, 0xc8, 0x0f, 0x00,
    0x12, 0x73, 0x00, 0x00, 0x04, 0x00, 0x00, 0x00, 0x00, 0x90, 0x30, 0x00,
    0x00, 0x24, 0x0e, 0x00, 0x08, 0x73, 0x00, 0x00, 0x00, 0x00, 0x00, 0x00,
    0x00, 0x10, 0x00, 0x00, 0x00, 0x24, 0x1e, 0x00, 0x35, 0x78, 0x06, 0x00,
    0xfe, 0xff, 0xff, 0x1f, 0x00, 0x00, 0x8e, 0x07, 0x00, 0xde, 0x1f, 0x00,
    0x18, 0x79, 0x00, 0x00, 0x00, 0x00, 0x00, 0x00, 0x00, 0x00, 0x00, 0x00,
    0x00, 0xde, 0x0f, 0x00, 0x18, 0x79, 0x00, 0x00, 0x00, 0x00, 0x00, 0x00,
    0x00, 0x00, 0x00, 0x00, 0x00, 0xde, 0x0f, 0x00, 0x18, 0x79, 0x00, 0x00,
    0x00, 0x00, 0x00, 0x00, 0x00, 0x00, 0x00, 0x00, 0x00, 0xde, 0x0f, 0x00,
    0x11, 0x73, 0x06, 0x00, 0x06, 0x00, 0x00, 0x00, 0x00, 0xd8, 0x20, 0x00,
    0x00, 0x24, 0x0e, 0x00, 0x25, 0x72, 0x08, 0x06, 0x04, 0x00, 0x00, 0x00,
    0xff, 0x00, 0x8e, 0x07, 0x00, 0xc8, 0x1f, 0x00, 0x24, 0x72, 0x09, 0x07,
    0x04, 0x00, 0x00, 0x00, 0x09, 0x02, 0x8e, 0x07, 0x00, 0xe2, 0x0f, 0x00,
    0x35, 0x72, 0x03, 0xff, 0x08, 0x00, 0x00, 0x80, 0x00, 0x00, 0x80, 0x07,
    0x00, 0xca, 0x0f, 0x00, 0x35, 0x72, 0x0b, 0xff, 0x09, 0x00, 0x00, 0x80,
    0x00, 0x04, 0x0e, 0x00, 0x00, 0xe2, 0x0f, 0x00, 0x27, 0x72, 0x08, 0x06,
    0x03, 0x00, 0x00, 0x00, 0xff, 0x00, 0x8e, 0x07, 0x00, 0xe2, 0x0f, 0x00,
    0x02, 0x72, 0x09, 0x00, 0x06, 0x00, 0x00, 0x00, 0x00, 0x0f, 0x00, 0x00,
    0x00, 0xc6, 0x0f, 0x00, 0x24, 0x72, 0x0f, 0x07, 0x0b, 0x00, 0x00, 0x00,
    0xff, 0x02, 0x8e, 0x07, 0x00, 0xe4, 0x0f, 0x08, 0x25, 0x72, 0x08, 0x06,
    0x0b, 0x00, 0x00, 0x00, 0x08, 0x00, 0x80, 0x07, 0x00, 0xc8, 0x0f, 0x00,
    0x27, 0x72, 0x0b, 0x07, 0x0b, 0x00, 0x00, 0x00, 0xff, 0x00, 0x8e, 0x07,
    0x00, 0xc8, 0x0f, 0x00, 0x27, 0x72, 0x08, 0x07, 0x03, 0x00, 0x00, 0x00,
    0x08, 0x00, 0x82, 0x07, 0x00, 0xe2, 0x0f, 0x00, 0x35, 0x72, 0x00, 0x0b,
    0x07, 0x00, 0x00, 0x00, 0x00, 0x04, 0x0e, 0x00, 0x00, 0xc8, 0x0f, 0x00,
    0x35, 0x72, 0x09, 0x0f, 0x08, 0x00, 0x00, 0x00, 0x00, 0x00, 0x84, 0x07,
    0x00, 0xca, 0x0f, 0x00, 0x10, 0x72, 0x03, 0xff, 0xff, 0x00, 0x00, 0x00,
    0x00, 0x24, 0x7e, 0x01, 0x00, 0xe2, 0x0f, 0x00, 0x25, 0x72, 0x06, 0x09,
    0x04, 0x00, 0x00, 0x00, 0xff, 0x00, 0x8e, 0x07, 0x00, 0xc6, 0x0f, 0x00,
    0x35, 0x72, 0x0b, 0xff, 0x06, 0x00, 0x00, 0x80, 0x00, 0x00, 0x80, 0x07,
    0x00, 0xe2, 0x0f, 0x00, 0x24, 0x72, 0x06, 0x03, 0x04, 0x00, 0x00, 0x00,
    0x07, 0x02, 0x8e, 0x07, 0x00, 0xe4, 0x0f, 0x00, 0x31, 0x74, 0x07, 0xff,
    0x00, 0x00, 0x00, 0x00, 0xff, 0x01, 0x00, 0x00, 0x00, 0xe4, 0x0f, 0x00,
    0x27, 0x72, 0x08, 0x09, 0x0b, 0x00, 0x00, 0x00, 0xff, 0x00, 0x8e, 0x07,
    0x00, 0xe2, 0x0f, 0x00, 0x35, 0x72, 0x06, 0xff, 0x06, 0x00, 0x00, 0x80,
    0x00, 0x04, 0x0e, 0x00, 0x00, 0xca, 0x0f, 0x00, 0x25, 0x72, 0x08, 0x09,
    0x06, 0x00, 0x00, 0x00, 0x08, 0x00, 0x80, 0x07, 0x00, 0xc8, 0x0f, 0x00,
    0x24, 0x72, 0x00, 0x03, 0x06, 0x00, 0x00, 0x00, 0xff, 0x02, 0x8e, 0x07,
    0x00, 0xe4, 0x0f, 0x04, 0x27, 0x72, 0x09, 0x03, 0x0b, 0x00, 0x00, 0x00,
    0x08, 0x00, 0x82, 0x07, 0x00, 0xc8, 0x0f, 0x00, 0x27, 0x72, 0x06, 0x03,
    0x06, 0x00, 0x00, 0x00, 0xff, 0x00, 0x8e, 0x07, 0x00, 0xe2, 0x0f, 0x00,
    0x35, 0x72, 0x09, 0x00, 0x09, 0x00, 0x00, 0x00, 0x00, 0x00, 0x84, 0x07,
    0x00, 0xc8, 0x0f, 0x00, 0x35, 0x72, 0x03, 0x06, 0x03, 0x00, 0x00, 0x00,
    0x00, 0x04, 0x0e, 0x00, 0x00, 0xe2, 0x0f, 0x00, 0x27, 0x72, 0x06, 0x09,
    0x0a, 0x00, 0x00, 0x00, 0xff, 0x00, 0x8e, 0x07, 0x00, 0xc8, 0x0f, 0x00,
    0x10, 0x72, 0x03, 0xff, 0xff, 0x00, 0x00, 0x00, 0x03, 0x24, 0x7e, 0x01,
    0x00, 0xe2, 0x0f, 0x00, 0x25, 0x72, 0x06, 0x09, 0x0c, 0x00, 0x00, 0x00,
    0x06, 0x00, 0x8e, 0x07, 0x00, 0xc8, 0x0f, 0x00, 0x27, 0x72, 0x00, 0x03,
    0x0c, 0x00, 0x00, 0x00, 0xff, 0x00, 0x8e, 0x07, 0x00, 0xc8, 0x0f, 0x00,
    0x27, 0x72, 0x06, 0x03, 0x0a, 0x00, 0x00, 0x00, 0x06, 0x00, 0x80, 0x07,
    0x00, 0xe2, 0x0f, 0x00, 0x02, 0x72, 0x07, 0x00, 0x0c, 0x00, 0x00, 0x00,
    0x00, 0x0f, 0x00, 0x00, 0x00, 0xc6, 0x0f, 0x00, 0x24, 0x72, 0x03, 0x03,
    0x0c, 0x00, 0x00, 0x00, 0xff, 0x02, 0x8e, 0x07, 0x00, 0xe2, 0x0f, 0x00,
    0x35, 0x72, 0x00, 0x00, 0xff, 0x00, 0x00, 0x00, 0x00, 0x04, 0x0e, 0x00,
    0x00, 0xc8, 0x0f, 0x00, 0x35, 0x72, 0x03, 0x03, 0x06, 0x00, 0x00, 0x00,
    0x00, 0x00, 0x80, 0x07, 0x00, 0xe2, 0x0f, 0x00, 0x02, 0x72, 0x06, 0x00,
    0x0a, 0x00, 0x00, 0x00, 0x00, 0x0f, 0x00, 0x00, 0x00, 0xc8, 0x0f, 0x00,
    0x35, 0x72, 0x0b, 0xff, 0x00, 0x00, 0x00, 0x00, 0x00, 0x04, 0x0e, 0x00,
    0x00, 0xe2, 0x0f, 0x00, 0x25, 0x72, 0x08, 0x03, 0x04, 0x00, 0x00, 0x00,
    0xff, 0x00, 0x8e, 0x07, 0x00, 0xc8, 0x0f, 0x00, 0x24, 0x72, 0x09, 0x0b,
    0x04, 0x00, 0x00, 0x00, 0x09, 0x02, 0x8e, 0x07, 0x00, 0xca, 0x0f, 0x00,
    0x35, 0x72, 0x06, 0x06, 0x08, 0x00, 0x00, 0x80, 0x00, 0x02, 0x8e, 0x07,
    0x00, 0xcc, 0x0f, 0x00, 0x0c, 0x72, 0x00, 0x06, 0x04, 0x00, 0x00, 0x00,
    0x70, 0x60, 0xf1, 0x03, 0x00, 0xdc, 0x0f, 0x00, 0x35, 0x02, 0x06, 0x04,
    0x06, 0x00, 0x00, 0x00, 0x00, 0x03, 0x8e, 0x07, 0x00, 0xcc, 0x0f, 0x00,
    0x0c, 0x72, 0x00, 0x06, 0x04, 0x00, 0x00, 0x00, 0x70, 0x60, 0xf3, 0x03,
    0x00, 0xe4, 0x0f, 0x00, 0x02, 0x72, 0x06, 0x00, 0x03, 0x00, 0x00, 0x00,
    0x00, 0x0f, 0x00, 0x00, 0x00, 0xe2, 0x0f, 0x00, 0x02, 0x72, 0x07, 0x00,
    0x0b, 0x00, 0x00, 0x00, 0x00, 0x0f, 0x00, 0x00, 0x00, 0xca, 0x0f, 0x00,
    0x35, 0x08, 0x06, 0x06, 0x01, 0x00, 0x00, 0x00, 0x00, 0x02, 0x8e, 0x07,
    0x00, 0xe4, 0x0f, 0x00, 0x0c, 0x72, 0x00, 0x04, 0xff, 0x00, 0x00, 0x00,
    0x70, 0x52, 0xf1, 0x03, 0x00, 0xc8, 0x0f, 0x00, 0x35, 0x18, 0x06, 0x06,
    0x01, 0x00, 0x00, 0x00, 0x00, 0x02, 0x8e, 0x07, 0x00, 0xc8, 0x0f, 0x00,
    0x07, 0x74, 0x06, 0x06, 0xff, 0xff, 0xff, 0xff, 0x01, 0x00, 0x00, 0x00,
    0x00, 0xe4, 0x0f, 0x00, 0x31, 0x74, 0x07, 0xff, 0x00, 0x00, 0x00, 0x00,
    0xff, 0x01, 0x00, 0x00, 0x00, 0xc8, 0x0f, 0x00, 0x02, 0x72, 0x00, 0x00,
    0x06, 0x00, 0x00, 0x00, 0x00, 0x0f, 0x00, 0x00, 0x00, 0xe2, 0x0f, 0x00,
    0x02, 0x72, 0x06, 0x00, 0x0d, 0x00, 0x00, 0x00, 0x00, 0x0f, 0x00, 0x00,
    0x00, 0xc8, 0x0f, 0x00, 0x50, 0x79, 0x48, 0x06, 0x08, 0xff, 0xff, 0xff,
    0xff, 0xff, 0xc3, 0x03, 0x00, 0xea, 0x0f, 0x00, 0x24, 0x78, 0x00, 0x10,
    0x02, 0x00, 0x00, 0x00, 0xff, 0x00, 0x8e, 0x07, 0x00, 0xe2, 0x0f, 0x00,
    0x45, 0x79, 0x01, 0x00, 0x20, 0x03, 0x00, 0x00, 0x00, 0x02, 0x80, 0x03,
    0x00, 0xe8, 0x0f, 0x00, 0x19, 0x78, 0x11, 0xff, 0x18, 0x00, 0x00, 0x00,
    0x00, 0x16, 0x01, 0x00, 0x00, 0xe2, 0x0f, 0x00, 0x02, 0x72, 0x00, 0x00,
    0x10, 0x00, 0x00, 0x00, 0x00, 0x0f, 0x00, 0x00, 0x00, 0xc8, 0x0f, 0x00,
    0x0c, 0x72, 0x00, 0x11, 0xff, 0x00, 0x00, 0x00, 0x70, 0x50, 0xf0, 0x03,
    0x00, 0xda, 0x0f, 0x00, 0x47, 0x09, 0x28, 0x00, 0x00, 0x00, 0x00, 0x00,
    0x00, 0x00, 0x80, 0x03, 0x00, 0xea, 0x0f, 0x00, 0x24, 0x78, 0x03, 0x00,
    0x02, 0x00, 0x00, 0x00, 0xff, 0x00, 0x8e, 0x07, 0x00, 0xca, 0x0f, 0x00,
    0x0c, 0x72, 0x00, 0x03, 0xff, 0x00, 0x00, 0x00, 0x70, 0x52, 0xf0, 0x03,
    0x00, 0xda, 0x0f, 0x00, 0x23, 0x08, 0x0d, 0x00, 0x00, 0x00, 0x80, 0x5f,
    0xff, 0x00, 0x00, 0x00, 0x00, 0xe2, 0x0f, 0x00, 0x08, 0x83, 0x0c, 0x00,
    0x00, 0x00, 0x00, 0x00, 0x00, 0x10, 0x00, 0x00, 0x00, 0xe6, 0x0f, 0x00,
    0x08, 0x03, 0x0e, 0x00, 0x0d, 0x00, 0x00, 0x00, 0x00, 0x10, 0x00, 0x00,
    0x00, 0x24, 0x0e, 0x00, 0x23, 0x04, 0x03, 0x0d, 0x00, 0x00, 0x80, 0xbf,
    0x0e, 0x00, 0x00, 0x00, 0x00, 0xc8, 0x1f, 0x00, 0x21, 0x02, 0x03, 0x03,
    0xff, 0x00, 0x00, 0x80, 0x00, 0x01, 0x01, 0x00, 0x00, 0xc8, 0x0f, 0x00,
    0x23, 0x02, 0x03, 0x0e, 0x03, 0x00, 0x00, 0x00, 0x0e, 0x00, 0x00, 0x00,
    0x00, 0xc8, 0x0f, 0x00, 0x23, 0x08, 0x0c, 0x03, 0x00, 0x00, 0x80, 0x5f,
    0xff, 0x00, 0x00, 0x00, 0x00, 0xe2, 0x0f, 0x00, 0x47, 0x79, 0x88, 0x00,
    0x00, 0x00, 0x00, 0x00, 0x00, 0x00, 0x80, 0x03, 0x00, 0xec, 0x0f, 0x00,
    0x35, 0x78, 0x10, 0x11, 0x03, 0xff, 0xff, 0xff, 0x00, 0x00, 0x8e, 0x07,
    0x00, 0xca, 0x0f, 0x00, 0x0c, 0x78, 0x00, 0x10, 0x01, 0x00, 0x00, 0x00,
    0x70, 0x40, 0xf0, 0x03, 0x00, 0xda, 0x0f, 0x00, 0x47, 0x09, 0x78, 0x00,
    0x00, 0x00, 0x00, 0x00, 0x00, 0x00, 0x80, 0x03, 0x00, 0xea, 0x0f, 0x00,
    0x12, 0x78, 0x03, 0x00, 0xff, 0xff, 0x7f, 0x00, 0xff, 0xc0, 0x8e, 0x07,
    0x00, 0xc8, 0x0f, 0x00, 0x12, 0x78, 0x03, 0x03, 0x00, 0x00, 0x80, 0x3f,
    0xff, 0xfc, 0x8e, 0x07, 0x00, 0xc8, 0x0f, 0x00, 0x08, 0x73, 0x0c, 0x00,
    0x03, 0x00, 0x00, 0x00, 0x00, 0x10, 0x00, 0x00, 0x00, 0x24, 0x0e, 0x00,
    0x23, 0x74, 0x0d, 0x03, 0x00, 0x00, 0x80, 0xbf, 0x0c, 0x00, 0x00, 0x00,
    0x00, 0xc8, 0x1f, 0x00, 0x21, 0x72, 0x0d, 0x0d, 0xff, 0x00, 0x00, 0x80,
    0x00, 0x01, 0x01, 0x00, 0x00, 0xc8, 0x0f, 0x00, 0x23, 0x72, 0x0e, 0x0c,
    0x0d, 0x00, 0x00, 0x00, 0x0c, 0x40, 0x00, 0x00, 0x00, 0xe2, 0x0f, 0x1c,
    0x23, 0x72, 0x0d, 0x0c, 0x0d, 0x00, 0x00, 0x00, 0x0c, 0x80, 0x00, 0x00,
    0x00, 0xe2, 0x0f, 0x00, 0x31, 0x74, 0x0c, 0xff, 0x03, 0x00, 0x00, 0x00,
    0xff, 0x01, 0x00, 0x00, 0x00, 0xc8, 0x0f, 0x00, 0x0b, 0x72, 0x00, 0x0e,
    0x0d, 0x00, 0x00, 0x00, 0x00, 0xd0, 0xf1, 0x03, 0x00, 0xe2, 0x0f, 0x04,
    0x12, 0x78, 0x0e, 0x0e, 0xff, 0xff, 0x7f, 0x00, 0xff, 0xc0, 0x8e, 0x07,
    0x00, 0xe4, 0x0f, 0x00, 0x19, 0x72, 0x0d, 0x0c, 0x10, 0x00, 0x00, 0x00,
    0xff, 0x06, 0x00, 0x00, 0x00, 0xe4, 0x0f, 0x00, 0x12, 0x78, 0x0e, 0x0e,
    0x00, 0x00, 0x80, 0x00, 0xff, 0xfc, 0x8e, 0x07, 0x00, 0xe2, 0x0f, 0x00,
    0x07, 0x78, 0x0c, 0xff, 0xff, 0xff, 0xff, 0xff, 0x00, 0x00, 0x00, 0x04,
    0x00, 0xc6, 0x0f, 0x00, 0x12, 0x72, 0x0d, 0x0d, 0x0e, 0x00, 0x00, 0x00,
    0xff, 0xc0, 0x8e, 0x07, 0x00, 0xe4, 0x0f, 0x00, 0x35, 0x72, 0x03, 0x0c,
    0xff, 0x00, 0x00, 0x00, 0x00, 0x01, 0x8e, 0x07, 0x00, 0xe4, 0x0f, 0x00,
    0x19, 0x72, 0x0d, 0xff, 0x10, 0x00, 0x00, 0x00, 0x0d, 0x16, 0x01, 0x00,
    0x00, 0xc6, 0x0f, 0x00, 0x12, 0x72, 0xff, 0x03, 0x10, 0x00, 0x00, 0x00,
    0x0e, 0xf8, 0x82, 0x07, 0x00, 0xe4, 0x0f, 0x00, 0x12, 0x78, 0xff, 0x0d,
    0x01, 0x00, 0x00, 0x00, 0xff, 0xc0, 0x80, 0x07, 0x00, 0xe4, 0x0f, 0x04,
    0x12, 0x78, 0xff, 0x0d, 0x02, 0x00, 0x00, 0x00, 0xff, 0xc0, 0x84, 0x07,
    0x00, 0xc8, 0x0f, 0x00, 0x1c, 0x78, 0x00, 0x00, 0x00, 0x00, 0x00, 0x00,
    0x20, 0x3c, 0x70, 0x00, 0x00, 0xe4, 0x0f, 0x00, 0x12, 0x78, 0xff, 0x00,
    0xff, 0xff, 0x7f, 0x00, 0xff, 0xc0, 0x82, 0x07, 0x00, 0xc6, 0x0f, 0x00,
    0x07, 0x78, 0x03, 0xff, 0x01, 0x00, 0x00, 0x00, 0x00, 0x00, 0x00, 0x04,
    0x00, 0xca, 0x0f, 0x00, 0x35, 0x72, 0x03, 0x03, 0xff, 0x00, 0x00, 0x00,
    0x00, 0x01, 0x8e, 0x07, 0x00, 0xca, 0x0f, 0x00, 0x0c, 0x72, 0x00, 0x03,
    0xff, 0x00, 0x00, 0x00, 0x70, 0x62, 0xf0, 0x03, 0x00, 0xe2, 0x0f, 0x00,
    0x35, 0x78, 0x03, 0x11, 0x04, 0xff, 0xff, 0xff, 0x00, 0x00, 0x8e, 0x07,
    0x00, 0xca, 0x0f, 0x00, 0x19, 0x72, 0x03, 0xff, 0x03, 0x00, 0x00, 0x00,
    0x0e, 0x16, 0x01, 0x00, 0x00, 0xce, 0x0f, 0x00, 0x35, 0x88, 0x03, 0x03,
    0x01, 0x00, 0x00, 0x00, 0x00, 0x00, 0x8e, 0x07, 0x00, 0xca, 0x0f, 0x00,
    0x24, 0x98, 0x03, 0x03, 0x02, 0x00, 0x00, 0x00, 0xff, 0x00, 0x8e, 0x07,
    0x00, 0xca, 0x0f, 0x00, 0x12, 0x78, 0x0c, 0x03, 0x00, 0x00, 0x00, 0x80,
    0x00, 0xf8, 0x8e, 0x07, 0x00, 0xe2, 0x0f, 0x00, 0x47, 0x79, 0x04, 0x00,
    0x00, 0x00, 0x00, 0x00, 0x00, 0x00, 0x80, 0x03, 0x00, 0xec, 0x0f, 0x00,
    0x08, 0x73, 0x0c, 0x00, 0x00, 0x00, 0x00, 0x00, 0x00, 0x10, 0x00, 0x00,
    0x00, 0x64, 0x00, 0x00, 0x18, 0x79, 0x00, 0x00, 0x00, 0x00, 0x00, 0x00,
    0x00, 0x00, 0x00, 0x00, 0x00, 0xe2, 0x0f, 0x00, 0x41, 0x79, 0x01, 0x00,
    0x00, 0x00, 0x00, 0x00, 0x00, 0x02, 0x80, 0x03, 0x00, 0xea, 0x0f, 0x00,
    0x02, 0x72, 0x00, 0x00, 0x0c, 0x00, 0x00, 0x00, 0x00, 0x0f, 0x00, 0x00,
    0x00, 0xe2, 0x3f, 0x00, 0x02, 0x72, 0x0c, 0x00, 0x0f, 0x00, 0x00, 0x00,
    0x00, 0x0f, 0x00, 0x00, 0x00, 0xe2, 0x0f, 0x00, 0x31, 0x74, 0x0d, 0xff,
    0x00, 0x00, 0x00, 0x00, 0xff, 0x01, 0x00, 0x00, 0x00, 0xc8, 0x0f, 0x00,
    0x50, 0x79, 0x68, 0x0c, 0x04, 0xff, 0xff, 0xff, 0xff, 0xff, 0xc3, 0x03,
    0x00, 0xea, 0x0f, 0x00, 0x12, 0x78, 0xff, 0x00, 0xff, 0xff, 0xff, 0x7f,
    0xff, 0xc0, 0x82, 0x07, 0x00, 0xda, 0x0f, 0x00, 0x02, 0x92, 0x03, 0x00,
    0x00, 0x00, 0x00, 0x00, 0x00, 0x0f, 0x00, 0x00, 0x00, 0xe2, 0x0f, 0x00,
    0x47, 0x99, 0x40, 0x00, 0x00, 0x00, 0x00, 0x00, 0x00, 0x00, 0x80, 0x03,
    0x00, 0xec, 0x0f, 0x00, 0x0b, 0x72, 0x00, 0x00, 0xff, 0x00, 0x00, 0x00,
    0x00, 0xe0, 0xf3, 0x03, 0x00, 0xda, 0x0f, 0x00, 0x02, 0x98, 0x03, 0x00,
    0xff, 0xff, 0xff, 0x7f, 0x00, 0x0f, 0x00, 0x00, 0x00, 0xe2, 0x0f, 0x00,
    0x47, 0x99, 0x34, 0x00, 0x00, 0x00, 0x00, 0x00, 0x00, 0x00, 0x80, 0x03,
    0x00, 0xec, 0x0f, 0x00, 0x0b, 0x78, 0x00, 0x00, 0x00, 0x00, 0x80, 0x7f,
    0x00, 0xc2, 0xf3, 0x03, 0x00, 0xda, 0x0f, 0x00, 0x21, 0x14, 0x03, 0x00,
    0x00, 0x00, 0x80, 0x3f, 0x00, 0x00, 0x01, 0x00, 0x00, 0xe2, 0x0f, 0x00,
    0x47, 0x19, 0x28, 0x00, 0x00, 0x00, 0x00, 0x00, 0x00, 0x00, 0x80, 0x03,
    0x00, 0xec, 0x0f, 0x00, 0x0b, 0x78, 0x00, 0x00, 0x00, 0x00, 0x80, 0x7f,
    0x00, 0xd2, 0xf3, 0x03, 0x00, 0xda, 0x0f, 0x00, 0x23, 0x18, 0x44, 0x00,
    0x00, 0x00, 0x80, 0x5f, 0xff, 0x00, 0x00, 0x00, 0x00, 0xc8, 0x0f, 0x00,
    0x08, 0x13, 0x03, 0x00, 0x44, 0x00, 0x00, 0x00, 0x00, 0x14, 0x00, 0x00,
    0x00, 0x24, 0x0e, 0x00, 0x20, 0x12, 0x45, 0x44, 0x03, 0x00, 0x00, 0x00,
    0x00, 0x00, 0x41, 0x00, 0x00, 0xe2, 0x1f, 0x00, 0x20, 0x18, 0x4f, 0x03,
    0x00, 0x00, 0x00, 0x3f, 0x00, 0x00, 0x41, 0x00, 0x00, 0xe2, 0x0f, 0x00,
    0x02, 0x92, 0x03, 0x00, 0x00, 0x00, 0x00, 0x00, 0x00, 0x0f, 0x00, 0x00,
    0x00, 0xe4, 0x0f, 0x00, 0x21, 0x12, 0x4d, 0x45, 0xff, 0x00, 0x00, 0x80,
    0x00, 0x01, 0x01, 0x00, 0x00, 0xc8, 0x0f, 0x00, 0x23, 0x12, 0x4e, 0x45,
    0x4d, 0x00, 0x00, 0x00, 0x44, 0x00, 0x00, 0x00, 0x00, 0xc8, 0x0f, 0x00,
    0x23, 0x12, 0x4e, 0x4e, 0x4f, 0x00, 0x00, 0x00, 0x45, 0x00, 0x00, 0x00,
    0x00, 0xc8, 0x0f, 0x00, 0x20, 0x18, 0x03, 0x4e, 0x00, 0x00, 0x80, 0x2f,
    0x00, 0x00, 0x41, 0x00, 0x00, 0xce, 0x0f, 0x00, 0x02, 0x72, 0x44, 0x00,
    0x50, 0x00, 0x00, 0x00, 0x00, 0x0f, 0x00, 0x00, 0x00, 0xe2, 0x0f, 0x00,
    0x31, 0x74, 0x45, 0xff, 0x00, 0x00, 0x00, 0x00, 0xff, 0x01, 0x00, 0x00,
    0x00, 0xc8, 0x0f, 0x00, 0x50, 0x79, 0x10, 0x44, 0x04, 0xff, 0xff, 0xff,
    0xff, 0xff, 0xc3, 0x03, 0x00, 0xea, 0x0f, 0x00, 0x19, 0x78, 0x45, 0xff,
    0x17, 0x00, 0x00, 0x00, 0x00, 0x16, 0x01, 0x00, 0x00, 0xe2, 0x0f, 0x00,
    0x45, 0x79, 0x0a, 0x00, 0x40, 0x06, 0x00, 0x00, 0x00, 0x02, 0x80, 0x03,
    0x00, 0xe2, 0x0f, 0x00, 0x19, 0x78, 0x4e, 0xff, 0x17, 0x00, 0x00, 0x00,
    0x03, 0x16, 0x01, 0x00, 0x00, 0xe4, 0x0f, 0x00, 0x12, 0x78, 0x45, 0x45,
    0xff, 0x00, 0x00, 0x00, 0xff, 0xc0, 0x8e, 0x07, 0x00, 0xe4, 0x0f, 0x00,
    0x12, 0x78, 0x4e, 0x4e, 0xff, 0x00, 0x00, 0x00, 0xff, 0xc0, 0x8e, 0x07,
    0x00, 0xc6, 0x0f, 0x00, 0x35, 0x78, 0x4f, 0x45, 0xff, 0xff, 0xff, 0xff,
    0x00, 0x00, 0x8e, 0x07, 0x00, 0xe4, 0x0f, 0x00, 0x35, 0x78, 0x50, 0x4e,
    0xff, 0xff, 0xff, 0xff, 0x00, 0x00, 0x8e, 0x07, 0x00, 0xc6, 0x0f, 0x00,
    0x0c, 0x78, 0x00, 0x4f, 0xfd, 0x00, 0x00, 0x00, 0x70, 0x40, 0xf2, 0x03,
    0x00, 0xca, 0x0f, 0x00, 0x0c, 0x78, 0x00, 0x50, 0xfd, 0x00, 0x00, 0x00,
    0x70, 0x44, 0xf2, 0x00, 0x00, 0xda, 0x0f, 0x00, 0x02, 0x92, 0x4d, 0x00,
    0xff, 0x00, 0x00, 0x00, 0x00, 0x0f, 0x00, 0x00, 0x00, 0xe2, 0x0f, 0x00,
    0x47, 0x99, 0x5c, 0x00, 0x00, 0x00, 0x00, 0x00, 0x00, 0x00, 0x80, 0x03,
    0x00, 0xec, 0x0f, 0x00, 0x0b, 0x78, 0x00, 0x03, 0x00, 0x00, 0x80, 0x7f,
    0x00, 0xc2, 0xf3, 0x03, 0x00, 0xe2, 0x0f, 0x00, 0x0b, 0x78, 0x00, 0x00,
    0x00, 0x00, 0x80, 0x7f, 0x00, 0xc2, 0xf5, 0x03, 0x00, 0xca, 0x0f, 0x00,
    0x1c, 0x78, 0x8f, 0x00, 0x00, 0x00, 0x00, 0x00, 0x70, 0x5f, 0xf2, 0x00,
    0x00, 0xda, 0x0f, 0x00, 0x47, 0x19, 0x50, 0x00, 0x04, 0x00, 0x00, 0x00,
    0x00, 0x00, 0x80, 0x03, 0x00, 0xea, 0x0f, 0x00, 0x12, 0x78, 0xff, 0x00,
    0xff, 0xff, 0xff, 0x7f, 0x03, 0xc8, 0x82, 0x07, 0x00, 0xda, 0x0f, 0x00,
    0x47, 0x99, 0x40, 0x00, 0x04, 0x00, 0x00, 0x00, 0x00, 0x00, 0x80, 0x03,
    0x00, 0xea, 0x0f, 0x00, 0x0b, 0x78, 0x00, 0x03, 0x00, 0x00, 0x80, 0x7f,
    0x00, 0xd2, 0xf9, 0x03, 0x00, 0xe2, 0x0f, 0x04, 0x0b, 0x78, 0x00, 0x00,
    0x00, 0x00, 0x80, 0x7f, 0x00, 0xd2, 0xf5, 0x03, 0x00, 0xe2, 0x0f, 0x00,
    0x0b, 0x78, 0x00, 0x03, 0x00, 0x00, 0x80, 0x7f, 0x00, 0xd2, 0xf3, 0x03,
    0x00, 0xd8, 0x0f, 0x00, 0x47, 0xa9, 0x30, 0x00, 0x04, 0x00, 0x00, 0x00,
    0x00, 0x00, 0x00, 0x06, 0x00, 0xea, 0x0f, 0x00, 0x12, 0x78, 0xff, 0x03,
    0xff, 0xff, 0xff, 0x7f, 0xff, 0xc0, 0x88, 0x07, 0x00, 0xc8, 0x0f, 0x00,
    0x1c, 0x78, 0xf2, 0x00, 0x00, 0x00, 0x00, 0x00, 0x77, 0x85, 0x74, 0x01,
    0x00, 0xda, 0x0f, 0x00, 0x47, 0x29, 0x1c, 0x00, 0x04, 0x00, 0x00, 0x00,
    0x00, 0x00, 0x80, 0x03, 0x00, 0xea, 0x0f, 0x00, 0x12, 0x78, 0xff, 0x00,
    0xff, 0xff, 0xff, 0x7f, 0xff, 0xc0, 0x84, 0x07, 0x00, 0xc8, 0x0f, 0x00,
    0x1c, 0x78, 0xf2, 0x00, 0x00, 0x00, 0x00, 0x00, 0x77, 0x45, 0xf2, 0x00,
    0x00, 0xda, 0x0f, 0x00, 0x47, 0x19, 0x04, 0x00, 0x04, 0x00, 0x00, 0x00,
    0x00, 0x00, 0x80, 0x03, 0x00, 0xea, 0x0f, 0x00, 0x0c, 0x72, 0x00, 0x50,
    0xff, 0x00, 0x00, 0x00, 0x70, 0x62, 0xf2, 0x03, 0x00, 0xe2, 0x0f, 0x00,
    0x0c, 0x72, 0x00, 0x4f, 0xff, 0x00, 0x00, 0x00, 0x70, 0x62, 0xf4, 0x03,
    0x00, 0xd8, 0x0f, 0x00, 0x02, 0x12, 0x4d, 0x00, 0xff, 0x00, 0x00, 0x00,
    0x00, 0x0f, 0x00, 0x00, 0x00, 0xe2, 0x0f, 0x00, 0x02, 0x98, 0x4d, 0x00,
    0xc0, 0xff, 0xff, 0xff, 0x00, 0x0f, 0x00, 0x00, 0x00, 0xe2, 0x0f, 0x00,
    0x23, 0x98, 0x03, 0x03, 0x00, 0x00, 0x80, 0x5f, 0xff, 0x00, 0x00, 0x00,
    0x00, 0xe2, 0x0f, 0x00, 0x23, 0xa8, 0x00, 0x00, 0x00, 0x00, 0x80, 0x5f,
    0xff, 0x00, 0x00, 0x00, 0x00, 0xc6, 0x0f, 0x00, 0x35, 0xa8, 0x4d, 0x4d,
    0x40, 0x00, 0x00, 0x00, 0x00, 0x00, 0x8e, 0x07, 0x00, 0xce, 0x0f, 0x00,
    0x11, 0x78, 0x4f, 0x45, 0x00, 0x00, 0x80, 0xc0, 0xff, 0xb8, 0x8e, 0x07,
    0x00, 0xe2, 0x0f, 0x00, 0x45, 0x79, 0x0b, 0x00, 0x70, 0x03, 0x00, 0x00,
    0x00, 0x02, 0x80, 0x03, 0x00, 0xe2, 0x0f, 0x00, 0x35, 0x78, 0x4e, 0x4e,
    0x81, 0xff, 0xff, 0xff, 0x00, 0x00, 0x8e, 0x07, 0x00, 0xc6, 0x0f, 0x00,
    0x35, 0x72, 0x52, 0x4f, 0x00, 0x00, 0x00, 0x00, 0x00, 0x01, 0x8e, 0x07,
    0x00, 0xe4, 0x0f, 0x00, 0x24, 0x78, 0x00, 0x4e, 0x00, 0x00, 0x80, 0xff,
    0x03, 0x02, 0x8e, 0x07, 0x00, 0xe2, 0x0f, 0x04, 0x10, 0x78, 0x4e, 0x4e,
    0x7f, 0x00, 0x00, 0x00, 0x45, 0xe8, 0xff, 0x07, 0x00, 0xe2, 0x0f, 0x00,
    0x08, 0x73, 0x50, 0x00, 0x52, 0x00, 0x00, 0x00, 0x00, 0x10, 0x00, 0x00,
    0x00, 0x22, 0x0e, 0x00, 0x21, 0x72, 0x4f, 0x52, 0xff, 0x00, 0x00, 0x80,
    0x00, 0x01, 0x01, 0x00, 0x00, 0xc6, 0x0f, 0x00, 0x35, 0x72, 0x4d, 0x4e,
    0x4d, 0x00, 0x00, 0x00, 0x00, 0x00, 0x8e, 0x07, 0x00, 0xe2, 0x0f, 0x00,
    0x23, 0x74, 0x51, 0x50, 0x00, 0x00, 0x80, 0x3f, 0x4f, 0x00, 0x00, 0x00,
    0x00, 0xc8, 0x1f, 0x00, 0x23, 0x72, 0x51, 0x50, 0x51, 0x00, 0x00, 0x00,
    0x50, 0x00, 0x00, 0x00, 0x00, 0xc8, 0x0f, 0x00, 0x23, 0x72, 0x50, 0x00,
    0x51, 0x00, 0x00, 0x00, 0xff, 0x00, 0x00, 0x00, 0x00, 0xc8, 0x0f, 0x00,
    0x23, 0x72, 0x03, 0x4f, 0x50, 0x00, 0x00, 0x00, 0x00, 0x00, 0x00, 0x00,
    0x00, 0xc8, 0x0f, 0x00, 0x23, 0x72, 0x50, 0x51, 0x03, 0x00, 0x00, 0x00,
    0x50, 0x00, 0x00, 0x00, 0x00, 0xc8, 0x0f, 0x00, 0x23, 0x72, 0x4f, 0x4f,
    0x50, 0x00, 0x00, 0x00, 0x00, 0x00, 0x00, 0x00, 0x00, 0xc8, 0x0f, 0x00,
    0x23, 0x72, 0x00, 0x51, 0x4f, 0x00, 0x00, 0x00, 0x50, 0x00, 0x00, 0x00,
    0x00, 0xca, 0x0f, 0x00, 0x19, 0x78, 0x03, 0xff, 0x17, 0x00, 0x00, 0x00,
    0x00, 0x16, 0x01, 0x00, 0x00, 0xc8, 0x0f, 0x00, 0x12, 0x78, 0x4e, 0x03,
    0xff, 0x00, 0x00, 0x00, 0xff, 0xc0, 0x8e, 0x07, 0x00, 0xca, 0x0f, 0x00,
    0x35, 0x72, 0x03, 0x4e, 0x4d, 0x00, 0x00, 0x00, 0x00, 0x00, 0x8e, 0x07,
    0x00, 0xca, 0x0f, 0x00, 0x35, 0x78, 0x45, 0x03, 0xff, 0xff, 0xff, 0xff,
    0x00, 0x00, 0x8e, 0x07, 0x00, 0xca, 0x0f, 0x00, 0x0c, 0x78, 0x00, 0x45,
    0xfe, 0x00, 0x00, 0x00, 0x70, 0x60, 0xf2, 0x03, 0x00, 0xda, 0x0f, 0x00,
    0x47, 0x99, 0x80, 0x00, 0x00, 0x00, 0x00, 0x00, 0x00, 0x00, 0x80, 0x03,
    0x00, 0xea, 0x0f, 0x00, 0x0c, 0x78, 0x00, 0x03, 0xfe, 0x00, 0x00, 0x00,
    0x70, 0x42, 0xf2, 0x03, 0x00, 0xda, 0x0f, 0x00, 0x47, 0x19, 0x6c, 0x00,
    0x00, 0x00, 0x00, 0x00, 0x00, 0x00, 0x80, 0x03, 0x00, 0xea, 0x0f, 0x00,
    0x0c, 0x78, 0x00, 0x03, 0x01, 0x00, 0x00, 0x00, 0x70, 0x62, 0xf2, 0x03,
    0x00, 0xda, 0x0f, 0x00, 0x47, 0x19, 0x74, 0x00, 0x00, 0x00, 0x00, 0x00,
    0x00, 0x00, 0x80, 0x03, 0x00, 0xea, 0x0f, 0x00, 0x0c, 0x78, 0x00, 0x03,
    0xe8, 0xff, 0xff, 0xff, 0x70, 0x62, 0xf2, 0x03, 0x00, 0xe2, 0x0f, 0x00,
    0x12, 0x78, 0x00, 0x00, 0x00, 0x00, 0x00, 0x80, 0xff, 0xc0, 0x8e, 0x07,
    0x00, 0xd8, 0x0f, 0x00, 0x47, 0x99, 0x68, 0x00, 0x00, 0x00, 0x00, 0x00,
    0x00, 0x00, 0x80, 0x03, 0x00, 0xea, 0x0f, 0x00, 0x23, 0x72, 0x4e, 0x51,
    0x4f, 0x00, 0x00, 0x00, 0x50, 0xc0, 0x00, 0x00, 0x00, 0xe2, 0x0f, 0x18,
    0x35, 0x78, 0x45, 0x03, 0x20, 0x00, 0x00, 0x00, 0x00, 0x00, 0x8e, 0x07,
    0x00, 0xe2, 0x0f, 0x00, 0x23, 0x72, 0x4d, 0x51, 0x4f, 0x00, 0x00, 0x00,
    0x50, 0x80, 0x00, 0x00, 0x00, 0xe2, 0x0f, 0x1c, 0x23, 0x72, 0x50, 0x51,
    0x4f, 0x00, 0x00, 0x00, 0x50, 0x40, 0x00, 0x00, 0x00, 0xe2, 0x0f, 0x00,
    0x0c, 0x72, 0x00, 0x03, 0xff, 0x00, 0x00, 0x00, 0x70, 0x52, 0xf4, 0x03,
    0x00, 0xe2, 0x0f, 0x04, 0x12, 0x78, 0x4e, 0x4e, 0xff, 0xff, 0x7f, 0x00,
    0xff, 0xc0, 0x8e, 0x07, 0x00, 0xe2, 0x0f, 0x00, 0x0c, 0x72, 0x00, 0x03,
    0xff, 0x00, 0x00, 0x00, 0x70, 0x52, 0xf8, 0x03, 0x00, 0xe2, 0x0f, 0x04,
    0x35, 0x72, 0x03, 0x03, 0xff, 0x00, 0x00, 0x00, 0x00, 0x01, 0x8e, 0x07,
    0x00, 0xe4, 0x0f, 0x00, 0x12, 0x78, 0x4e, 0x4e, 0x00, 0x00, 0x80, 0x00,
    0xff, 0xfc, 0x8e, 0x07, 0x00, 0xe2, 0x0f, 0x00, 0x0b, 0x72, 0x00, 0x4d,
    0x50, 0x00, 0x00, 0x00, 0x00, 0xd0, 0xf3, 0x03, 0x00, 0xc6, 0x0f, 0x00,
    0x19, 0x72, 0x45, 0x4e, 0x45, 0x00, 0x00, 0x00, 0xff, 0x06, 0x00, 0x00,
    0x00, 0xe2, 0x0f, 0x00, 0x07, 0x72, 0x03, 0x03, 0xff, 0x00, 0x00, 0x00,
    0x00, 0x00, 0x00, 0x02, 0x00, 0xc8, 0x0f, 0x00, 0x0c, 0x72, 0x00, 0x45,
    0xff, 0x00, 0x00, 0x00, 0x70, 0x52, 0x74, 0x01, 0x00, 0xe2, 0x0f, 0x00,
    0x19, 0x72, 0x4e, 0xff, 0x03, 0x00, 0x00, 0x00, 0x4e, 0x16, 0x01, 0x00,
    0x00, 0xc8, 0x0f, 0x00, 0x1c, 0x78, 0x8f, 0x00, 0x00, 0x00, 0x00, 0x00,
    0x70, 0x5f, 0xf2, 0x00, 0x00, 0xe4, 0x0f, 0x00, 0x19, 0x78, 0x03, 0xff,
    0x01, 0x00, 0x00, 0x00, 0x4e, 0x16, 0x01, 0x00, 0x00, 0xc6, 0x0f, 0x00,
    0x07, 0x78, 0x50, 0xff, 0x01, 0x00, 0x00, 0x00, 0x00, 0x00, 0x80, 0x04,
    0x00, 0xca, 0x0f, 0x00, 0x12, 0x78, 0x45, 0x50, 0x01, 0x00, 0x00, 0x00,
    0x03, 0xf8, 0x8e, 0x07, 0x00, 0xc8, 0x0f, 0x00, 0x12, 0x72, 0x4e, 0x45,
    0x4e, 0x00, 0x00, 0x00, 0xff, 0xc0, 0x8e, 0x07, 0x00, 0xca, 0x0f, 0x00,
    0x35, 0x72, 0x03, 0x03, 0x4e, 0x00, 0x00, 0x00, 0x00, 0x00, 0x8e, 0x07,
    0x00, 0xca, 0x0f, 0x00, 0x12, 0x72, 0x00, 0x03, 0x00, 0x00, 0x00, 0x00,
    0xff, 0xfc, 0x8e, 0x07, 0x00, 0xe2, 0x0f, 0x00, 0x47, 0x79, 0x10, 0x00,
    0x00, 0x00, 0x00, 0x00, 0x00, 0x00, 0x80, 0x03, 0x00, 0xec, 0x0f, 0x00,
    0x12, 0x78, 0x00, 0x00, 0x00, 0x00, 0x00, 0x80, 0xff, 0xc0, 0x8e, 0x07,
    0x00, 0xc8, 0x0f, 0x00, 0x12, 0x78, 0x00, 0x00, 0x00, 0x00, 0x80, 0x7f,
    0xff, 0xfc, 0x8e, 0x07, 0x00, 0xe2, 0x0f, 0x00, 0x47, 0x79, 0x04, 0x00,
    0x00, 0x00, 0x00, 0x00, 0x00, 0x00, 0x80, 0x03, 0x00, 0xec, 0x0f, 0x00,
    0x24, 0x78, 0x00, 0x4d, 0x00, 0x00, 0x80, 0x00, 0x00, 0x02, 0x8e, 0x07,
    0x00, 0xce, 0x0f, 0x00, 0x18, 0x79, 0x00, 0x00, 0x00, 0x00, 0x00, 0x00,
    0x00, 0x00, 0x00, 0x00, 0x00, 0xe2, 0x0f, 0x00, 0x41, 0x79, 0x0b, 0x00,
    0x00, 0x00, 0x00, 0x00, 0x00, 0x02, 0x80, 0x03, 0x00, 0xea, 0x0f, 0x00,
    0x47, 0x79, 0x20, 0x00, 0x00, 0x00, 0x00, 0x00, 0x00, 0x00, 0x80, 0x03,
    0x00, 0xea, 0x0f, 0x00, 0x12, 0x78, 0x00, 0x00, 0x00, 0x00, 0x00, 0x80,
    0x03, 0x48, 0x8e, 0x07, 0x00, 0xc8, 0x0f, 0x00, 0x12, 0x78, 0x00, 0x00,
    0x00, 0x00, 0x80, 0x7f, 0xff, 0xfc, 0x8e, 0x07, 0x00, 0xe2, 0x0f, 0x00,
    0x47, 0x79, 0x14, 0x00, 0x00, 0x00, 0x00, 0x00, 0x00, 0x00, 0x80, 0x03,
    0x00, 0xec, 0x0f, 0x00, 0x12, 0x78, 0x00, 0x00, 0x00, 0x00, 0x00, 0x80,
    0x03, 0x48, 0x8e, 0x07, 0x00, 0xe2, 0x0f, 0x00, 0x47, 0x79, 0x0c, 0x00,
    0x00, 0x00, 0x00, 0x00, 0x00, 0x00, 0x80, 0x03, 0x00, 0xec, 0x0f, 0x00,
    0x08, 0x79, 0x00, 0x00, 0x00, 0x00, 0xc0, 0xff, 0x00, 0x14, 0x00, 0x00,
    0x00, 0x22, 0x0e, 0x00, 0x47, 0x79, 0x04, 0x00, 0x00, 0x00, 0x00, 0x00,
    0x00, 0x00, 0x80, 0x03, 0x00, 0xea, 0x0f, 0x00, 0x21, 0x72, 0x00, 0x03,
    0x00, 0x00, 0x00, 0x00, 0x00, 0x00, 0x01, 0x00, 0x00, 0xce, 0x0f, 0x00,
    0x18, 0x79, 0x00, 0x00, 0x00, 0x00, 0x00, 0x00, 0x00, 0x00, 0x00, 0x00,
    0x00, 0xe2, 0x0f, 0x00, 0x41, 0x79, 0x0a, 0x00, 0x00, 0x00, 0x00, 0x00,
    0x00, 0x02, 0x80, 0x03, 0x00, 0xea, 0x0f, 0x00, 0x31, 0x74, 0x45, 0xff,
    0x00, 0x00, 0x00, 0x00, 0xff, 0x01, 0x00, 0x00, 0x00, 0xc8, 0x0f, 0x00,
    0x50, 0x79, 0x70, 0x44, 0xfc, 0xfe, 0xff, 0xff, 0xff, 0xff, 0xc3, 0x03,
    0x00, 0xea, 0x1f, 0x00, 0x47, 0x79, 0xfc, 0x00, 0xfc, 0xff, 0xff, 0xff,
    0xff, 0xff, 0x83, 0x03, 0x00, 0xc0, 0x0f, 0x00, 0x18, 0x79, 0x00, 0x00,
    0x00, 0x00, 0x00, 0x00, 0x00, 0x00, 0x00, 0x00, 0x00, 0xc0, 0x0f, 0x00,
    0x18, 0x79, 0x00, 0x00, 0x00, 0x00, 0x00, 0x00, 0x00, 0x00, 0x00, 0x00,
    0x00, 0xc0, 0x0f, 0x00, 0x18, 0x79, 0x00, 0x00, 0x00, 0x00, 0x00, 0x00,
    0x00, 0x00, 0x00, 0x00, 0x00, 0xc0, 0x0f, 0x00, 0x18, 0x79, 0x00, 0x00,
    0x00, 0x00, 0x00, 0x00, 0x00, 0x00, 0x00, 0x00, 0x00, 0xc0, 0x0f, 0x00,
    0x18, 0x79, 0x00, 0x00, 0x00, 0x00, 0x00, 0x00, 0x00, 0x00, 0x00, 0x00,
    0x00, 0xc0, 0x0f, 0x00, 0x18, 0x79, 0x00, 0x00, 0x00, 0x00, 0x00, 0x00,
    0x00, 0x00, 0x00, 0x00, 0x00, 0xc0, 0x0f, 0x00, 0x18, 0x79, 0x00, 0x00,
    0x00, 0x00, 0x00, 0x00, 0x00, 0x00, 0x00, 0x00, 0x00, 0xc0, 0x0f, 0x00,
    0x18, 0x79, 0x00, 0x00, 0x00, 0x00, 0x00, 0x00, 0x00, 0x00, 0x00, 0x00,
    0x00, 0xc0, 0x0f, 0x00, 0x18, 0x79, 0x00, 0x00, 0x00, 0x00, 0x00, 0x00,
    0x00, 0x00, 0x00, 0x00, 0x00, 0xc0, 0x0f, 0x00, 0x18, 0x79, 0x00, 0x00,
    0x00, 0x00, 0x00, 0x00, 0x00, 0x00, 0x00, 0x00, 0x00, 0xc0, 0x0f, 0x00,
    0x18, 0x79, 0x00, 0x00, 0x00, 0x00, 0x00, 0x00, 0x00, 0x00, 0x00, 0x00,
    0x00, 0xc0, 0x0f, 0x00,
};

static const unsigned char shader_raster_sass_const2[152] = {
    0xc0, 0xef, 0x00, 0x00, 0x10, 0x40, 0x00, 0x00, 0xf0, 0x3f, 0x00, 0x00,
    0xa0, 0x41, 0x00, 0x00, 0xd0, 0x40, 0x00, 0x00, 0xb0, 0x40, 0x00, 0x00,
    0xa0, 0x41, 0x00, 0x00, 0x70, 0x41, 0x00, 0x00, 0x50, 0x41, 0x00, 0x00,
    0xa0, 0x41, 0x00, 0x00, 0xe0, 0xef, 0x00, 0x00, 0x70, 0xe5, 0x00, 0x00,
    0x50, 0xe5, 0x00, 0x00, 0x20, 0xe7, 0x00, 0x00, 0x30, 0xe6, 0x00, 0x00,
    0x10, 0xe6, 0x00, 0x00, 0x20, 0xe7, 0x00, 0x00, 0xd0, 0xe6, 0x00, 0x00,
    0xb0, 0xe6, 0x00, 0x00, 0x20, 0xe7, 0x00, 0x00, 0x00, 0xf0, 0x00, 0x00,
    0xa0, 0xe8, 0x00, 0x00, 0x80, 0xe8, 0x00, 0x00, 0x30, 0xea, 0x00, 0x00,
    0x60, 0xe9, 0x00, 0x00, 0x40, 0xe9, 0x00, 0x00, 0x30, 0xea, 0x00, 0x00,
    0x00, 0xea, 0x00, 0x00, 0xe0, 0xe9, 0x00, 0x00, 0x30, 0xea, 0x00, 0x00,
    0xc0, 0xeb, 0x00, 0x00, 0xa0, 0xeb, 0x00, 0x00, 0xd0, 0xeb, 0x00, 0x00,
    0xa0, 0xeb, 0x00, 0x00, 0x20, 0xed, 0x00, 0x00, 0x00, 0xed, 0x00, 0x00,
    0x30, 0xed, 0x00, 0x00, 0x00, 0xed, 0x00, 0x00,
};

#endif
